01110|01001
01117|01001
01118|01001
01120|01001
01128|01001
01129|01001
01130|01001
01138|01001
01139|01001
01160|01001
01165|01001
01169|01001
01170|01001
01171|01001
01191|01001
01192|01001
01196|01001
01200|01001
01206|01001
01207|01001
01208|01001
01211|01001
01212|01001
01213|01001
01216|01001
01220|01001
01230|01001
01240|01001
01250|01001
01260|01001
01300|01001
01306|01001
01307|01001
01308|01001
01309|01001
01320|01001
01321|01001
01322|01001
01330|01001
01340|01001
01400|01001
01408|01001
01409|01001
01420|01001
01423|01001
01426|01001
01427|01001
01428|01001
01430|01001
01439|01001
01440|01001
01449|01001
01450|01001
01468|01001
01470|01001
01474|01001
01476|01001
01477|01001
01478|01001
01479|01001
01510|01001
01520|01001
02013|02001
02100|02001
02110|02001
02120|02001
02124|02400
02125|02400
02126|02400
02127|02001
02128|02001
02129|02400
02130|02400
02136|02400
02137|02400
02138|02001
02139|02400
02141|02400
02142|02400
02143|02400
02150|02001
02151|02001
02152|02640
02153|02640
02154|02001
02156|02001
02160|02600
02161|02600
02162|02001
02200|02001
02210|02001
02211|02001
02212|02640
02213|02640
02214|02640
02215|02001
02220|02001
02230|02001
02236|02001
02240|02001
02246|02001
02247|02001
02248|02001
02249|02001
02250|02001
02251|02001
02253|02001
02260|02001
02270|02001
02300|02600
02310|02600
02311|02600
02312|02600
02313|02001
02314|02001
02315|02400
02316|02600
02320|02001
02326|02001
02327|02001
02329|02001
02330|02600
02331|02600
02332|02600
02340|02600
02350|02600
02360|02600
02410|02400
02430|02400
02434|02400
02435|02400
02436|02400
02437|02400
02439|02400
02440|02400
02448|02400
02449|02400
02450|02400
02459|02400
02460|02400
02461|02400
02462|02400
02470|02400
02480|02400
02482|02400
02484|02400
02485|02400
02486|02400
02487|02400
02488|02400
02489|02400
02500|02400
02510|02001
02513|02400
02514|02400
02520|02001
02529|02001
02530|02400
02534|02400
02535|02400
02536|02400
02537|02400
02538|02400
02539|02400
02610|02600
02611|02600
02612|02600
02614|02600
02620|02600
02630|02600
02636|02001
02637|02001
02638|02001
02639|02001
02649|02400
02650|02640
02651|02640
02652|02400
02653|02400
02660|02640
02690|02640
02691|02640
02692|02640
02693|02640
02694|02640
02695|02001
02696|02001
02999|02400
03100|03440
03108|03800
03109|03440
03111|03560
03140|03181
03150|03160
03158|03160
03159|03160
03169|03160
03170|03160
03176|03160
03177|03160
03178|03160
03179|03160
03187|03181
03193|03181
03310|03189
03316|03189
03340|03330
03348|03160
03349|03330
03350|03160
03360|03160
03369|03160
03370|03189
03380|03189
03390|03160
03409|03400
03410|03400
03420|03440
03430|03440
03450|03800
03460|03400
03469|03400
03509|03570
03510|03590
03516|03580
03517|03580
03518|03590
03520|03580
03530|03580
03569|03560
03578|03570
03579|03570
03630|03600
03638|03600
03640|03600
03649|03600
03650|03600
03657|03600
03658|03600
03659|03600
03668|03680
03669|03680
03670|03660
03679|03660
03688|03680
03689|03330
03698|03690
03720|03710
03723|03700
03724|03730
03725|03730
03726|03730
03727|03710
03728|03700
03729|03710
03740|03700
03750|03700
03759|03700
03760|03700
03769|03700
03770|03700
03778|03700
03779|03700
03780|03700
03786|03700
03787|03700
03788|03800
03789|03700
03790|03700
03791|03700
03792|03710
03793|03580
03794|03700
03795|03700
03810|03800
03811|03800
03812|03800
03813|03800
03814|03800
03815|03800
03816|03800
03820|03800
03827|03800
03828|03800
03829|03800
03830|03800
03837|03800
03838|03800
03839|03800
03840|03800
03841|03800
03850|03800
03860|03800
03870|03800
04140|04620
04149|04620
04200|04100
04210|04100
04211|04100
04212|04100
04213|04100
04230|04001
04240|04001
04248|04100
04250|04001
04259|04001
04260|04001
04270|04100
04271|04620
04274|04100
04275|04100
04276|04100
04277|04100
04278|04100
04279|04100
04280|04620
04288|04620
04289|04100
04400|04720
04409|04721
04410|04001
04420|04720
04430|04721
04431|04721
04440|04721
04450|04721
04458|04721
04459|04721
04460|04721
04470|04721
04479|04770
04480|04770
04500|04721
04510|04721
04520|04721
04530|04721
04531|04721
04532|04721
04533|04721
04540|04721
04549|04001
04550|04001
04558|04721
04559|04001
04560|04001
04567|04720
04568|04721
04569|04721
04610|04620
04616|04620
04617|04620
04618|04620
04619|04620
04628|04620
04629|04620
04630|04620
04638|04620
04639|04620
04640|04620
04647|04620
04648|04620
04649|04620
04650|04600
04660|04600
04661|04600
04692|04600
04713|04700
04728|04721
04729|04720
04745|04721
04746|04721
04750|04721
04760|04770
04768|04770
04769|04770
04800|04600
04810|04600
04811|04600
04812|04600
04813|04600
04814|04600
04815|04600
04820|04600
04825|04600
04826|04600
04827|04600
04828|04600
04829|04600
04830|04600
04838|04600
04839|04600
04850|04600
04857|04600
04858|04600
04859|04600
04860|04600
04867|04600
04868|04600
04869|04600
04870|04600
04877|04600
04878|04600
04879|04600
04880|04600
04887|04600
04888|04600
04889|04100
04890|04600
04897|04600
04898|04100
04899|04600
05100|05001
05110|05001
05111|05001
05113|05001
05114|05001
05115|05001
05120|05001
05122|05001
05123|05001
05130|05001
05131|05001
05132|05001
05133|05001
05134|05001
05140|05001
05141|05001
05143|05001
05145|05001
05146|05001
05147|05001
05148|05001
05149|05001
05150|05001
05151|05001
05152|05001
05153|05001
05154|05001
05162|05001
05163|05001
05164|05001
05165|05001
05166|05001
05190|05001
05191|05001
05192|05001
05193|05001
05196|05001
05197|05001
05198|05001
05200|05001
05210|05001
05211|05001
05212|05001
05213|05001
05214|05001
05215|05001
05216|05001
05217|05001
05220|05001
05229|05001
05230|05001
05239|05001
05240|05001
05250|05001
05260|05001
05267|05001
05268|05001
05270|05001
05274|05001
05278|05001
05279|05001
05280|05001
05289|05001
05290|05001
05291|05001
05292|05001
05294|05001
05296|05001
05298|05001
05299|05001
05300|05001
05301|05001
05309|05001
05310|05001
05320|05001
05350|05001
05357|05001
05358|05001
05369|05001
05370|05001
05380|05001
05400|05001
05410|05001
05412|05001
05413|05001
05414|05001
05415|05001
05416|05001
05417|05001
05418|05001
05420|05001
05427|05001
05428|05001
05429|05001
05430|05001
05440|05001
05450|05001
05460|05001
05461|05001
05470|05001
05480|05001
05489|05001
05490|05001
05491|05001
05492|05001
05500|05001
05510|05001
05514|05001
05515|05001
05516|05001
05520|05001
05530|05001
05540|05001
05560|05001
05571|05001
05580|05001
05591|05001
05592|05001
05593|05001
05600|05001
05610|05001
05619|05001
05620|05001
05621|05001
05630|05001
05631|05001
05633|05001
05634|05001
05635|05001
05690|05001
05691|05001
05692|05001
05693|05001
05694|05001
05695|05001
05696|05001
05697|05001
06100|06001
06105|06001
06106|06001
06107|06001
06108|06001
06109|06001
06110|06001
06120|06001
06129|06001
06130|06001
06131|06001
06132|06001
06133|06001
06134|06001
06140|06001
06150|06200
06160|06001
06170|06001
06171|06001
06172|06200
06173|06200
06174|06200
06175|06200
06176|06200
06177|06200
06178|06200
06184|06001
06185|06001
06186|06001
06187|06200
06190|06800
06191|06800
06192|06001
06196|06200
06197|06200
06207|06200
06208|06200
06209|06200
06210|06200
06220|06200
06225|06200
06226|06200
06227|06200
06228|06200
06229|06200
06230|06200
06240|06200
06249|06200
06250|06200
06260|06200
06270|06200
06280|06200
06290|06200
06291|06200
06292|06200
06293|06200
06300|06200
06310|06200
06320|06200
06329|06200
06330|06200
06340|06200
06350|06200
06360|06200
06370|06200
06378|06200
06380|06200
06389|06200
06390|06200
06391|06200
06392|06200
06393|06200
06394|06200
06410|06400
06411|06400
06413|06400
06420|06700
06427|06700
06428|06700
06429|06700
06430|06400
06439|06700
06440|06700
06441|06400
06442|06400
06443|06400
06444|06200
06445|06200
06446|06400
06450|06400
06458|06400
06459|06700
06460|06700
06468|06700
06469|06700
06470|06400
06473|06200
06474|06400
06475|06200
06476|06200
06477|06200
06478|06400
06479|06400
06480|06800
06486|06800
06487|06800
06488|06800
06489|06800
06490|06800
06498|06200
06499|06800
06500|06001
06510|06001
06518|06001
06519|06001
06600|06700
06610|06700
06611|06700
06612|06700
06613|06700
06614|06700
06615|06700
06620|06700
06630|06700
06640|06700
06650|06700
06655|06700
06656|06700
06657|06700
06658|06700
06659|06700
06660|06700
06670|06700
06678|06700
06679|06700
06680|06700
06689|06700
06690|06700
06692|06700
06713|06700
06714|06400
06715|06700
06716|06700
06717|06700
06730|06700
06731|06700
06740|06700
06750|06700
06760|06700
06770|06700
06810|06800
06820|06800
06830|06200
06840|06200
06850|06800
06860|06800
06870|06800
06880|06800
06890|06800
06891|06800
06892|06800
06893|06800
06894|06800
06900|06200
06906|06200
06907|06200
06908|06200
06909|06200
06910|06700
06919|06700
06920|06200
06927|06200
06928|06200
06929|06200
06930|06200
06939|06200
06940|06200
06950|06200
06960|06200
06970|06200
06980|06200
07100|07141
07101|07141
07108|07141
07109|07141
07110|07141
07140|07300
07142|07141
07143|07300
07144|07300
07150|07160
07157|07160
07159|07160
07170|07141
07179|07141
07190|07001
07191|07160
07192|07160
07193|07141
07194|07160
07195|07160
07200|07500
07208|07500
07209|07500
07210|07609
07220|07609
07230|07609
07240|07500
07250|07500
07260|07609
07310|07300
07311|07300
07312|07300
07313|07300
07314|07300
07315|07300
07316|07300
07320|07141
07330|07141
07340|07141
07349|07141
07350|07300
07360|07300
07369|07300
07420|07300
07430|07300
07440|07300
07450|07400
07458|07400
07459|07400
07460|07400
07469|07400
07470|07400
07510|07300
07511|07300
07518|07300
07519|07300
07520|07500
07529|07500
07530|07500
07540|07500
07550|07500
07559|07500
07560|07500
07570|07500
07579|07500
07580|07500
07589|07500
07590|07500
07629|07609
07630|07609
07638|07609
07639|07609
07640|07609
07650|07500
07659|07500
07660|07500
07669|07500
07670|07500
07690|07500
07691|07500
07710|07700
07711|07700
07713|07700
07720|07700
07730|07700
07740|07700
07748|07700
07749|07760
07750|07760
07810|07813
07811|07813
07812|07813
07815|07813
07860|07800
07870|07800
07871|07800
07872|07800
08105|08110
08106|08100
08107|08100
08120|08110
08140|08211
08146|08211
08148|08500
08150|08100
08160|08100
08170|08100
08178|08500
08180|08500
08181|08211
08182|08211
08183|08211
08184|08100
08185|08401
08186|08401
08187|08520
08188|08320
08189|08211
08212|08211
08213|08130
08214|08210
08230|08211
08231|08640
08232|08640
08233|08640
08250|08240
08251|08240
08253|08240
08254|08240
08255|08700
08256|08240
08259|08240
08260|08240
08261|08240
08262|08240
08263|08240
08269|08240
08270|08240
08271|08240
08272|08240
08273|08500
08274|08500
08275|08240
08278|08211
08279|08240
08280|08700
08281|08700
08282|08700
08283|08700
08289|08700
08293|08292
08294|08292
08295|08240
08296|08292
08297|08240
08298|08240
08299|08640
08310|08301
08317|08340
08318|08301
08319|08301
08328|08320
08329|08320
08338|08330
08339|08330
08348|08340
08349|08340
08350|08301
08358|08370
08359|08370
08360|08370
08380|08397
08389|08397
08390|08320
08391|08320
08392|08301
08393|08301
08394|08301
08395|08370
08396|08370
08398|08397
08410|08401
08415|08520
08416|08520
08420|08520
08430|08401
08440|08520
08445|08520
08450|08520
08455|08301
08458|08520
08459|08520
08460|08520
08461|08520
08469|08520
08470|08370
08471|08301
08472|08370
08474|08370
08476|08370
08479|08520
08480|08520
08490|08397
08495|08397
08503|08500
08504|08500
08505|08500
08506|08500
08507|08500
08508|08560
08509|08560
08510|08560
08511|08560
08512|08560
08513|08500
08514|08560
08515|08560
08516|08500
08517|08500
08518|08500
08519|08560
08522|08500
08529|08500
08530|08520
08540|08500
08550|08500
08551|08500
08552|08500
08553|08500
08554|08500
08559|08500
08569|08560
08570|08560
08571|08560
08572|08560
08573|08560
08580|08560
08584|08560
08585|08560
08586|08560
08587|08560
08588|08560
08589|08560
08590|08520
08591|08520
08592|08520
08593|08520
08600|08560
08604|08560
08605|08240
08606|08560
08607|08560
08610|08240
08611|08560
08612|08240
08613|08560
08614|08240
08617|08240
08618|08560
08619|08560
08629|08620
08630|08640
08635|08760
08650|08240
08660|08240
08670|08240
08672|08240
08673|08240
08680|08500
08690|08970
08691|08292
08692|08240
08693|08240
08694|08560
08695|08560
08696|08560
08697|08560
08698|08560
08699|08560
08710|08700
08711|08700
08712|08700
08717|08700
08718|08292
08719|08700
08729|08800
08730|08720
08731|08720
08732|08720
08733|08720
08734|08720
08735|08720
08736|08720
08737|08720
08738|08720
08739|08720
08753|08740
08754|08750
08755|08740
08756|08620
08757|08740
08758|08620
08759|08620
08769|08760
08770|08720
08773|08700
08775|08720
08776|08720
08777|08720
08779|08700
08780|08740
08781|08292
08782|08292
08783|08292
08784|08292
08785|08700
08786|08700
08787|08700
08788|08700
08789|08700
08790|08760
08791|08760
08792|08720
08793|08720
08794|08720
08795|08720
08796|08720
08797|08720
08798|08720
08799|08720
08811|08810
08818|08810
08849|08850
08859|08850
08880|08800
09100|09001
09107|09001
09108|09001
09109|09001
09110|09001
09117|09001
09118|09001
09119|09001
09120|09001
09121|09001
09123|09001
09124|09001
09125|09001
09126|09001
09127|09001
09128|09001
09129|09001
09130|09001
09131|09001
09133|09001
09135|09001
09136|09001
09140|09001
09141|09001
09142|09001
09143|09001
09144|09001
09145|09001
09146|09001
09150|09001
09159|09001
09191|09001
09192|09001
09193|09001
09194|09001
09195|09001
09197|09001
09198|09001
09199|09001
09210|09200
09211|09200
09212|09200
09213|09200
09214|09200
09215|09200
09216|09200
09217|09200
09220|09001
09226|09001
09227|09001
09228|09001
09230|09001
09239|09001
09240|09200
09244|09200
09245|09200
09246|09001
09247|09001
09248|09200
09249|09200
09250|09200
09251|09200
09252|09200
09257|09001
09258|09001
09259|09200
09260|09001
09267|09200
09268|09001
09269|09001
09270|09200
09271|09200
09272|09200
09280|09200
09290|09001
09292|09001
09293|09200
09294|09200
09300|09400
09310|09400
09311|09400
09312|09400
09313|09400
09314|09400
09315|09400
09316|09400
09317|09400
09318|09400
09319|09400
09320|09001
09338|09001
09339|09001
09340|09400
09341|09001
09342|09001
09343|09001
09344|09400
09345|09001
09346|09001
09347|09001
09348|09400
09349|09400
09350|09400
09351|09001
09352|09001
09353|09400
09354|09400
09370|09400
09390|09001
09391|09400
09410|09400
09430|09400
09440|09400
09441|09400
09442|09400
09443|09400
09450|09400
09451|09400
09453|09400
09454|09400
09460|09400
09461|09400
09462|09400
09463|09400
09471|09400
09490|09400
09491|09400
09493|09400
09500|09200
09510|09200
09511|09200
09512|09200
09513|09200
09514|09200
09515|09200
09530|09200
09540|09200
09549|09200
09550|09200
09551|09001
09553|09200
09554|09200
09555|09200
09556|09200
09557|09001
09558|09001
09559|09200
09560|09200
09566|09200
09567|09200
09568|09200
09569|09200
09570|09001
09571|09001
09572|09001
09573|09001
09574|09001
09580|09200
09585|09200
09586|09200
09587|09200
09588|09200
09589|09200
09591|09001
09592|09001
09593|09200
09594|09200
09600|09001
09610|09400
09611|09400
09612|09400
09613|09001
09614|09001
09615|09001
09616|09400
09617|09400
09618|09400
09619|09400
09620|09001
09640|09001
09641|09001
09642|09001
09645|09001
09646|09001
09647|09001
09649|09001
09650|09001
09651|09001
09652|09001
09653|09001
09654|09001
09660|09400
09670|09400
09679|09001
09680|09400
09690|09400
09691|09400
09692|09400
09693|09400
09932|09001
10100|10000
10109|10000
10110|10000
10120|10000
10129|10000
10130|10000
10131|10000
10132|10000
10133|10000
10134|10000
10135|10000
10136|10000
10137|10600
10140|10600
10160|10000
10161|10000
10162|10000
10163|10000
10170|10000
10180|10000
10181|10000
10182|10000
10183|10000
10184|10000
10185|10000
10186|10000
10187|10000
10188|10000
10189|10000
10190|10000
10191|10000
10192|10000
10193|10000
10194|10000
10198|10000
10200|10000
10210|10000
10220|10000
10230|10000
10240|10000
10250|10000
10251|10600
10252|10600
10260|10000
10261|10000
10262|10000
10263|10000
10269|10000
10270|10000
10271|10000
10272|10000
10280|10000
10290|10000
10291|10000
10292|10000
10300|10600
10310|10600
10317|10600
10318|10600
10319|10600
10320|10600
10328|10600
10329|10600
10330|10600
10331|10600
10332|10600
10333|10600
10334|10600
10335|10600
10340|10600
10341|10600
10350|10600
10359|10600
10360|10600
10370|10600
10371|10600
10372|10600
10373|10600
10374|10600
10380|10600
10390|10600
10391|10600
10392|10600
10393|10600
10394|10600
10400|10600
10410|10600
10411|10600
10412|10600
10413|10600
10414|10600
10420|10600
10430|10600
10440|10600
10450|10600
10459|10600
10460|10600
10470|10600
10480|10600
10490|10600
10491|10600
10492|10600
10493|10600
10500|10000
10509|10000
10510|10000
10511|10000
10512|10000
10513|10000
10514|10000
10515|10000
10516|10000
10519|10000
10520|10600
10521|10600
10528|10600
10529|10600
10530|10600
10540|10600
10550|10000
10560|10000
10570|10000
10580|10000
10590|10600
10591|10600
10592|10600
10610|10600
10611|10600
10612|10600
10613|10600
10614|10600
10615|10600
10616|10600
10617|10600
10620|10600
10623|10600
10624|10600
10625|10600
10626|10600
10627|10600
10628|10600
10629|10600
10630|10600
10638|10600
10639|10600
10640|10600
10649|10600
10650|10600
10660|10600
10661|10600
10662|10600
10663|10600
10664|10600
10665|10600
10666|10600
10667|10600
10670|10600
10671|10600
10672|10600
10680|10600
10690|10600
10691|10600
10692|10600
10693|10600
10694|10600
10695|10600
10696|10600
10697|10600
10700|10600
10710|10600
10711|10600
10720|10600
10728|10600
10729|10600
10730|10600
10739|10600
10740|10600
10748|10600
10749|10600
10750|10600
10759|10600
10800|10600
10810|10600
10811|10600
10812|10600
10813|10600
10814|10600
10815|10600
10816|10600
10817|10600
10818|10600
10820|10600
10828|10600
10829|10600
10830|10600
10839|10600
10840|10600
10848|10600
10849|10600
10850|10600
10857|10600
10858|10600
10859|10600
10860|10600
10864|10600
10865|10600
10866|10600
10867|10600
10868|10600
10869|10600
10870|10000
10879|10000
10880|10600
10881|10600
10882|10600
10883|10600
10890|10600
10891|10600
10892|10600
10893|10600
10895|10600
10896|10600
10900|10000
10910|10000
10930|10000
10940|10000
10950|10000
10960|10000
10970|10000
10980|10000
10990|10000
10991|10000
11150|11159
11158|11159
11170|11130
11178|11620
11179|11130
11180|11370
11190|11159
11320|11310
11330|11310
11339|11310
11340|11310
11350|11370
11380|11370
11391|11370
11392|11370
11560|11540
11580|11620
11600|11620
11610|11620
11611|11620
11612|11620
11639|11620
11640|11620
11648|11620
11649|11620
11650|11620
11659|11620
11660|11620
11670|11620
11679|11620
11680|11620
11687|11620
11688|11620
11689|11620
11690|11620
11691|11620
11692|11620
11693|11620
12110|12200
12118|12001
12119|12200
12120|12200
12121|12200
12122|12200
12123|12200
12124|12200
12125|12200
12126|12200
12127|12200
12130|12001
12131|12001
12132|12560
12133|12560
12134|12200
12135|12200
12140|12580
12150|12200
12159|12580
12160|12560
12161|12560
12162|12560
12163|12560
12164|12560
12165|12580
12166|12560
12170|12580
12179|12580
12180|12560
12181|12560
12182|12560
12183|12560
12184|12560
12185|12560
12186|12580
12190|12001
12191|12560
12192|12001
12193|12560
12194|12560
12210|12200
12221|12200
12222|12200
12223|12200
12224|12200
12225|12200
12230|12200
12231|12200
12232|12200
12300|12580
12310|12580
12311|12580
12312|12580
12313|12580
12314|12580
12315|12580
12316|12580
12317|12500
12318|12580
12319|12580
12320|12500
12330|12500
12340|12580
12350|12580
12360|12580
12370|12580
12400|12600
12410|12600
12412|12600
12413|12600
12414|12600
12415|12200
12420|12200
12428|12200
12429|12200
12430|12600
12431|12600
12440|12200
12447|12200
12448|12200
12449|12200
12450|12600
12460|12200
12469|12600
12470|12600
12480|12600
12489|12600
12490|12600
12499|12600
12510|12500
12511|12500
12512|12500
12513|12580
12520|12600
12526|12600
12527|12600
12528|12600
12529|12600
12539|12540
12549|12540
12570|12580
12578|12580
12579|12580
12589|12580
12590|12600
12591|12600
12592|12600
12593|12600
12594|12560
12595|12560
12596|12560
12597|12580
12598|12580
12599|12500
12609|12600
13100|13001
13107|13001
13108|13001
13109|13001
13110|13001
13114|13001
13115|13001
13116|13001
13117|13001
13118|13001
13120|13001
13129|13001
13130|13500
13140|13001
13150|13001
13160|13001
13170|13001
13179|13001
13180|13500
13189|13500
13190|13001
13191|13001
13192|13500
13193|13001
13194|13001
13195|13001
13196|13001
13200|13300
13210|13600
13220|13600
13230|13300
13240|13300
13247|13300
13248|13629
13249|13629
13250|13001
13260|13300
13270|13001
13279|13001
13320|13300
13326|13300
13327|13300
13328|13300
13329|13300
13330|13300
13331|13629
13332|13629
13333|13300
13340|13300
13341|13300
13342|13300
13343|13300
13344|13300
13345|13300
13350|13300
13360|13300
13370|13500
13379|13500
13380|13500
13390|13629
13391|13300
13400|13500
13410|13001
13411|13001
13412|13500
13413|13500
13414|13001
13415|13500
13420|13001
13427|13001
13428|13001
13429|13001
13430|13001
13431|13001
13432|13001
13433|13001
13440|13500
13449|13500
13450|13500
13459|13500
13460|13500
13470|13500
13473|13500
13480|13500
13490|13500
13580|13500
13590|13500
13591|13500
13592|13500
13593|13500
13594|13500
13595|13500
13596|13500
13598|13500
13610|13600
13619|13629
13620|13629
13630|13629
13640|13600
13650|13600
13660|13600
13670|13600
13679|13600
13680|13001
13710|13629
13730|13300
13738|13300
13739|13300
13740|13300
13750|13300
13760|13300
13768|13300
13770|13300
13779|13500
14100|14550
14110|14700
14111|14550
14112|14700
14113|14700
14115|14700
14120|14700
14129|14700
14130|14001
14140|14550
14150|14550
14191|14550
14200|14001
14206|14001
14207|14001
14208|14001
14209|14001
14210|14001
14220|14001
14230|14001
14240|14001
14249|14700
14250|14001
14260|14001
14270|14001
14280|14001
14290|14700
14297|14700
14298|14700
14299|14700
14300|14001
14310|14001
14320|14001
14400|14001
14410|14001
14412|14001
14413|14001
14420|14001
14430|14001
14439|14001
14440|14001
14445|14001
14446|14001
14447|14001
14448|14001
14450|14001
14460|14001
14470|14001
14480|14001
14490|14001
14491|14001
14510|14511
14520|14550
14530|14550
14540|14550
14546|14550
14547|14550
14548|14550
14549|14550
14600|14001
14620|14001
14630|14001
14640|14001
14650|14001
14659|14001
14660|14001
14670|14800
14709|14700
14720|14001
14729|14001
14730|14700
14739|14700
14740|14700
14810|14800
14811|14511
14812|14800
14813|14800
14830|14550
14840|14550
14850|14800
14857|14550
14858|14550
14859|14800
14860|14800
14870|14800
14880|14800
14910|14511
14913|14511
14914|14511
14915|14511
14920|14550
14930|14550
14940|14511
14950|14511
14960|14511
14970|14511
14978|14511
14979|14511
15110|15100
15111|15100
15112|15100
15113|15100
15114|15100
15115|15100
15116|15100
15117|15100
15118|15100
15119|15100
15121|15100
15122|15100
15123|15100
15124|15100
15125|15100
15126|15100
15127|15100
15128|15100
15129|15100
15130|15959
15137|15959
15138|15220
15145|15140
15146|15140
15147|15100
15148|15100
15149|15100
15150|15100
15151|15220
15152|15220
15153|15959
15154|15959
15155|15959
15160|15171
15165|15181
15166|15181
15167|15181
15168|15171
15169|15171
15175|15139
15182|15139
15183|15139
15184|15139
15185|15140
15186|15140
15187|15140
15188|15140
15200|15220
15210|15220
15211|15220
15212|15220
15213|15220
15214|15220
15215|15220
15216|15220
15218|15220
15230|15220
15236|15220
15237|15220
15238|15220
15239|15220
15240|15959
15250|15959
15256|15220
15258|15220
15259|15959
15270|15220
15280|15220
15281|15220
15282|15220
15285|15220
15286|15220
15287|15220
15288|15220
15290|15959
15291|15959
15292|15959
15293|15959
15295|15959
15296|15959
15297|15220
15298|15220
15299|15220
15300|15181
15310|15181
15313|15181
15314|15181
15315|15401
15316|15181
15317|15181
15318|15181
15319|15181
15320|15540
15324|15540
15325|15540
15326|15540
15327|15540
15328|15540
15329|15540
15330|15540
15332|15540
15337|15540
15338|15540
15339|15540
15340|15540
15347|15540
15349|15540
15350|15540
15357|15540
15358|15540
15359|15540
15360|15540
15365|15540
15366|15540
15367|15540
15368|15540
15369|15540
15379|15181
15380|15181
15386|15181
15387|15181
15388|15181
15389|15181
15390|15181
15391|15181
15500|15401
15509|15401
15510|15540
15520|15401
15528|15401
15530|15540
15542|15540
15543|15540
15550|15540
15551|15540
15552|15540
15553|15540
15554|15540
15555|15540
15560|15540
15561|15540
15562|15540
15563|15540
15564|15540
15565|15540
15566|15540
15567|15540
15568|15540
15569|15540
15576|15540
15577|15540
15579|15540
15580|15540
15582|15540
15598|15540
15600|15401
15607|15401
15608|15171
15609|15401
15611|15401
15612|15401
15613|15401
15614|15401
15615|15171
15616|15171
15617|15401
15619|15401
15620|15401
15621|15401
15622|15401
15623|15401
15624|15401
15625|15401
15626|15401
15627|15401
15630|15171
15635|15171
15637|15171
15638|15171
15639|15171
15640|15181
15656|15100
15680|15139
15683|15100
15684|15100
15685|15139
15686|15139
15687|15701
15688|15701
15689|15139
15800|15701
15805|15701
15806|15181
15807|15181
15808|15701
15809|15701
15810|15701
15813|15181
15814|15181
15815|15181
15816|15181
15817|15181
15818|15181
15819|15701
15821|15701
15822|15701
15823|15701
15824|15701
15825|15701
15826|15701
15828|15701
15830|15220
15837|15220
15838|15220
15839|15220
15840|15220
15841|15220
15845|15220
15846|15220
15847|15220
15848|15220
15850|15100
15851|15100
15855|15100
15856|15100
15857|15100
15858|15100
15859|15100
15860|15220
15861|15220
15862|15220
15863|15220
15865|15220
15866|15701
15871|15220
15872|15220
15873|15220
15874|15220
15880|15701
15881|15701
15882|15701
15883|15701
15885|15701
15886|15701
15887|15701
15888|15701
15894|15701
15900|15220
15910|15220
15911|15220
15912|15220
15913|15220
15914|15220
15915|15220
15916|15220
15917|15220
15920|15959
15928|15959
15930|15959
15937|15959
15938|15959
15939|15959
15940|15959
15948|15959
15949|15959
15970|15959
15978|15959
15979|15959
15980|15220
15981|15220
15982|15220
15983|15959
15984|15959
15985|15959
15990|15959
15991|15959
15992|15959
15994|15959
15995|15959
15996|15959
15998|15959
15999|15959
16100|16001
16111|16001
16113|16001
16114|16001
16118|16001
16120|16001
16122|16001
16123|16001
16140|16001
16141|16001
16142|16001
16143|16001
16144|16001
16145|16001
16146|16001
16150|16001
16152|16001
16160|16001
16161|16001
16162|16001
16190|16001
16192|16001
16193|16001
16194|16001
16195|16001
16196|16001
16200|16001
16210|16001
16211|16001
16212|16001
16214|16001
16215|16001
16216|16001
16220|16001
16230|16001
16234|16001
16235|16001
16236|16001
16237|16001
16238|16001
16239|16001
16240|16001
16250|16001
16251|16001
16260|16001
16269|16001
16270|16001
16280|16001
16290|16001
16300|16001
16311|16001
16312|16001
16313|16001
16315|16001
16316|16001
16317|16001
16318|16001
16320|16001
16321|16001
16330|16001
16336|16001
16337|16001
16338|16001
16339|16001
16340|16001
16350|16001
16360|16001
16361|16001
16370|16001
16371|16001
16372|16001
16373|16001
16390|16001
16393|16001
16400|16001
16410|16001
16411|16001
16412|16001
16413|16001
16414|16001
16415|16001
16417|16001
16420|16001
16421|16001
16422|16001
16423|16001
16430|16001
16431|16001
16432|16001
16433|16001
16434|16001
16435|16001
16440|16001
16441|16001
16442|16001
16444|16001
16452|16001
16460|16001
16461|16001
16463|16001
16464|16001
16465|16001
16470|16001
16500|16001
16510|16001
16512|16001
16520|16001
16521|16001
16522|16001
16531|16001
16532|16001
16535|16001
16537|16001
16540|16001
16541|16001
16542|16001
16550|16001
16555|16001
16600|16001
16610|16001
16611|16001
16612|16001
16620|16001
16621|16001
16622|16001
16623|16001
16630|16001
16638|16001
16639|16001
16640|16001
16646|16001
16647|16001
16648|16001
16649|16001
16650|16001
16660|16001
16670|16001
16700|16001
16707|16001
16708|16001
16709|16001
16710|16001
16720|16001
16730|16001
16738|16001
16739|16001
16740|16001
16760|16001
16770|16001
16771|16001
16779|16001
16780|16001
16781|16001
16800|16001
16810|16001
16812|16001
16813|16001
16840|16001
16841|16001
16842|16001
16843|16001
16850|16001
16851|16001
16852|16001
16853|16001
16854|16001
16855|16001
16856|16001
16857|16001
16860|16001
16870|16001
16878|16001
16879|16001
16890|16001
16891|16001
16892|16001
16893|16001
17100|17124
17110|17124
17111|17124
17113|17124
17114|17124
17116|17001
17117|17001
17118|17001
17120|17001
17121|17001
17123|17124
17130|17480
17131|17001
17132|17001
17133|17124
17134|17124
17136|17480
17137|17480
17140|17124
17141|17124
17142|17001
17143|17001
17144|17001
17150|17190
17151|17190
17152|17190
17153|17190
17154|17820
17160|17190
17161|17190
17162|17190
17164|17190
17165|17190
17166|17800
17170|17190
17171|17800
17172|17800
17173|17800
17174|17800
17176|17800
17177|17800
17178|17800
17179|17800
17180|17190
17181|17190
17182|17190
17183|17190
17184|17190
17185|17190
17199|17820
17213|17124
17214|17124
17230|17124
17240|17220
17241|17001
17242|17001
17243|17001
17244|17001
17245|17220
17246|17220
17248|17220
17249|17220
17250|17220
17251|17220
17252|17220
17253|17124
17255|17124
17256|17124
17257|17124
17258|17124
17320|17310
17400|17300
17401|17190
17402|17190
17403|17190
17404|17300
17405|17190
17406|17190
17410|17190
17411|17310
17412|17300
17421|17300
17430|17190
17441|17190
17450|17300
17451|17300
17452|17300
17454|17190
17455|17310
17456|17310
17457|17190
17458|17190
17459|17190
17460|17001
17462|17001
17463|17001
17464|17001
17465|17820
17466|17484
17467|17484
17468|17820
17469|17484
17470|17480
17472|17480
17473|17484
17474|17484
17475|17484
17476|17484
17481|17001
17482|17001
17483|17820
17485|17484
17486|17480
17487|17480
17488|17480
17489|17480
17490|17480
17491|17484
17492|17484
17493|17480
17494|17480
17495|17480
17496|17480
17497|17480
17500|17800
17512|17800
17513|17800
17515|17800
17520|17800
17527|17800
17528|17800
17529|17800
17530|17800
17531|17800
17532|17800
17534|17800
17535|17800
17536|17800
17537|17800
17538|17800
17539|17800
17700|17484
17706|17484
17707|17484
17708|17484
17709|17484
17720|17484
17721|17484
17722|17484
17723|17484
17730|17484
17731|17484
17732|17484
17733|17484
17734|17484
17740|17484
17741|17484
17742|17484
17743|17484
17744|17484
17745|17484
17746|17484
17747|17484
17750|17484
17751|17484
17752|17484
17753|17484
17754|17484
17755|17484
17760|17484
17761|17484
17762|17484
17763|17484
17770|17484
17771|17484
17772|17484
17773|17484
17780|17484
17781|17484
17811|17800
17813|17800
17830|17820
17831|17820
17832|17820
17833|17820
17834|17820
17840|17001
17843|17820
17844|17820
17846|17820
17850|17820
17851|17820
17852|17820
17853|17800
17854|17800
17855|17800
17856|17800
17857|17800
17858|17800
17860|17800
17861|17800
17862|17800
17864|17800
17867|17800
17868|17800
17869|17800
18101|18110
18102|18110
18120|18110
18125|18110
18126|18690
18127|18690
18128|18300
18129|18110
18130|18110
18131|18110
18132|18110
18150|18140
18151|18100
18152|18140
18160|18140
18170|18001
18179|18001
18180|18001
18181|18001
18183|18001
18184|18001
18190|18140
18191|18140
18192|18001
18193|18140
18194|18100
18195|18110
18196|18140
18197|18200
18198|18140
18199|18140
18210|18200
18211|18200
18212|18200
18213|18001
18214|18001
18220|18230
18240|18230
18247|18230
18248|18230
18249|18230
18250|18230
18260|18230
18270|18300
18280|18300
18290|18230
18291|18230
18293|18230
18295|18300
18310|18300
18320|18230
18327|18230
18328|18230
18329|18110
18330|18110
18339|18110
18340|18230
18350|18230
18360|18300
18369|18300
18370|18300
18380|18230
18381|18230
18400|18600
18410|18600
18411|18140
18412|18140
18413|18140
18414|18600
18415|18140
18416|18600
18417|18140
18418|18600
18420|18600
18430|18600
18438|18600
18439|18600
18440|18600
18448|18600
18449|18600
18450|18140
18451|18140
18452|18600
18460|18140
18470|18140
18480|18600
18490|18600
18491|18600
18492|18600
18494|18800
18500|18800
18510|18800
18511|18800
18512|18800
18513|18800
18514|18800
18515|18800
18516|18001
18517|18001
18518|18140
18519|18001
18520|18800
18530|18800
18538|18800
18539|18800
18540|18001
18550|18230
18560|18230
18561|18230
18562|18200
18563|18001
18564|18230
18565|18230
18566|18230
18567|18230
18568|18200
18569|18230
18570|18230
18610|18600
18611|18690
18612|18690
18614|18600
18615|18690
18616|18600
18620|18110
18630|18110
18640|18110
18650|18140
18656|18140
18657|18140
18658|18140
18659|18140
18660|18600
18670|18600
18680|18600
18698|18690
18699|18690
18700|18600
18708|18600
18710|18600
18711|18600
18713|18600
18720|18600
18740|18600
18750|18600
18760|18600
18770|18600
18810|18800
18811|18800
18812|18800
18813|18800
18814|18800
18815|18800
18816|18800
18817|18800
18818|18800
18820|18800
18830|18800
18840|18800
18850|18800
18858|18800
18859|18800
18860|18800
18870|18800
18880|18800
18890|18800
18891|18800
19100|19200
19110|19200
19111|19200
19112|19200
19113|19200
19114|19200
19115|19200
19116|19200
19117|19200
19118|19200
19119|19200
19120|19001
19125|19001
19126|19001
19127|19001
19128|19001
19129|19001
19130|19001
19132|19001
19133|19001
19134|19001
19135|19001
19139|19001
19140|19001
19141|19200
19142|19001
19143|19001
19144|19001
19145|19200
19151|19001
19152|19001
19153|19001
19160|19200
19161|19200
19162|19200
19170|19001
19171|19001
19174|19200
19180|19001
19184|19001
19185|19001
19186|19001
19187|19001
19188|19001
19190|19001
19191|19200
19192|19001
19196|19001
19197|19001
19198|19001
19208|19200
19209|19200
19210|19001
19219|19001
19220|19001
19222|19001
19223|19001
19224|19001
19225|19001
19226|19001
19227|19001
19229|19001
19230|19001
19237|19001
19238|19001
19239|19001
19240|19001
19242|19001
19243|19001
19244|19001
19245|19001
19246|19001
19247|19001
19248|19001
19250|19001
19260|19001
19261|19001
19262|19001
19263|19001
19264|19001
19265|19001
19266|19001
19267|19001
19268|19001
19269|19001
19270|19001
19274|19001
19275|19001
19276|19001
19277|19001
19278|19001
19280|19001
19281|19001
19283|19001
19285|19001
19286|19001
19287|19001
19290|19001
19292|19001
19294|19001
19295|19001
19300|19001
19310|19001
19311|19001
19312|19001
19313|19001
19314|19001
19315|19001
19320|19001
19323|19001
19324|19001
19325|19001
19326|19001
19327|19001
19328|19001
19332|19001
19333|19001
19334|19001
19336|19001
19337|19001
19338|19001
19339|19001
19340|19001
19341|19001
19342|19001
19343|19001
19344|19001
19345|19001
19346|19001
19350|19001
19351|19001
19352|19001
19353|19001
19354|19001
19355|19001
19357|19001
19360|19001
19361|19001
19362|19001
19363|19001
19390|19001
19391|19001
19392|19001
19400|19001
19411|19001
19412|19001
19413|19001
19420|19001
19429|19001
19431|19001
19432|19001
19441|19001
19442|19001
19443|19001
19444|19001
19445|19001
19450|19001
19458|19001
19459|19001
19460|19001
19461|19001
19462|19001
19463|19001
19490|19001
19491|19001
19492|19001
19493|19001
19495|19001
20110|20100
20115|20100
20130|20120
20140|20120
20150|20400
20159|20400
20160|20001
20170|20001
20180|20100
20200|20400
20210|20400
20211|20400
20212|20400
20213|20400
20214|20400
20215|20500
20216|20400
20217|20500
20218|20400
20220|20500
20230|20500
20240|20400
20247|20400
20248|20400
20249|20400
20250|20400
20259|20400
20260|20400
20267|20400
20268|20400
20269|20400
20270|20400
20271|20400
20280|20301
20490|20400
20491|20400
20492|20120
20493|20400
20494|20400
20495|20400
20496|20400
20530|20500
20540|20500
20550|20500
20560|20500
20567|20500
20568|20500
20569|20500
20570|20500
20577|20500
20578|20500
20580|20500
20590|20600
20690|20600
20700|20500
20709|20400
20720|20600
20730|20800
20737|20400
20739|20400
20740|20800
20749|20800
20750|20800
20808|20800
20809|20800
20810|20800
20820|20800
20829|20800
20830|20600
20850|20600
20860|20600
20870|20600
21100|21110
21200|21730
21207|21730
21208|21730
21209|21730
21210|21730
21220|21730
21230|21450
21239|21450
21240|21450
21250|21450
21260|21730
21270|21730
21280|21730
21290|21130
21291|21730
21292|21730
21300|21110
21309|21110
21310|21110
21319|21110
21320|21450
21330|21450
21340|21730
21342|21130
21350|21130
21359|21130
21360|21130
21380|21730
21386|21110
21387|21730
21388|21730
21390|21450
21500|21110
21510|21450
21520|21450
21530|21450
21540|21450
21550|21450
21559|21450
21560|21450
21570|21450
21580|21450
21590|21400
21591|21400
21592|21450
21593|21400
21594|21400
21595|21400
21600|21130
21609|21130
21610|21130
21620|21001
21630|21130
21639|21130
21640|21730
21647|21730
21649|21130
21650|21730
21660|21730
21668|21730
21669|21730
21670|21730
21700|21730
21710|21730
21720|21730
21740|21730
21810|21001
21819|21001
21820|21130
21830|21130
21840|21130
21850|21730
21860|21730
21870|21730
21880|21730
21890|21730
21891|21730
22069|22001
22100|22001
22110|22001
22111|22001
22112|22001
22113|22001
22120|22001
22121|22001
22122|22001
22123|22001
22124|22001
22125|22001
22126|22001
22131|22001
22132|22001
22133|22001
22134|22001
22135|22001
22140|22001
22141|22001
22142|22001
22143|22001
22144|22001
22145|22001
22146|22001
22147|22001
22148|22001
22149|22001
22150|22001
22160|22001
22161|22001
22162|22001
22190|22001
22191|22001
22192|22001
22193|22001
22194|22001
22200|22001
22210|22001
22212|22001
22213|22001
22214|22001
22215|22001
22216|22001
22220|22001
22221|22001
22222|22001
22223|22001
22230|22001
22231|22001
22232|22001
22233|22001
22234|22001
22240|22001
22250|22001
22251|22001
22252|22001
22253|22001
22254|22001
22255|22001
22260|22001
22268|22001
22269|22001
22270|22001
22280|22001
22281|22001
22282|22001
22283|22001
22300|22001
22310|22001
22311|22001
22312|22001
22313|22001
22314|22001
22315|22001
22320|22001
22330|22001
22336|22001
22337|22001
22338|22001
22339|22001
22340|22001
22347|22001
22348|22001
22349|22001
22350|22001
22351|22001
22360|22001
22361|22001
22362|22001
22363|22001
22364|22001
22365|22001
22366|22001
22367|22001
22369|22001
22370|22001
22371|22001
22372|22001
22373|22001
22374|22001
22375|22001
22376|22001
22377|22001
22378|22001
22390|22001
22391|22001
22392|22001
22393|22001
22394|22001
22395|22001
22400|22001
22410|22001
22411|22001
22412|22001
22413|22001
22414|22001
22415|22001
22416|22001
22417|22001
22420|22001
22421|22001
22422|22001
22423|22001
22424|22001
22430|22001
22435|22001
22436|22001
22437|22001
22438|22001
22439|22001
22440|22001
22449|22001
22450|22001
22451|22001
22452|22001
22460|22001
22461|22001
22462|22001
22463|22001
22464|22001
22465|22001
22466|22001
22467|22001
22468|22001
22469|22001
22470|22001
22471|22001
22472|22001
22473|22001
22474|22001
22480|22001
22481|22001
22482|22001
22483|22001
22484|22001
22485|22001
22486|22001
22487|22001
22500|22001
22510|22001
22511|22001
22512|22001
22513|22001
22514|22001
22520|22001
22528|22001
22529|22001
22530|22001
22531|22001
22532|22001
22533|22001
22534|22001
22535|22001
22536|22001
22540|22001
22549|22001
22550|22001
22558|22001
22559|22001
22560|22001
22569|22001
22570|22001
22571|22001
22572|22001
22580|22001
22583|22001
22584|22001
22585|22001
22586|22001
22587|22001
22588|22001
22589|22001
22590|22001
22591|22001
22592|22001
22600|22001
22609|22001
22610|22001
22611|22001
22612|22001
22613|22001
22620|22001
22621|22001
22622|22001
22623|22001
22624|22001
22625|22001
22630|22001
22636|22001
22637|22001
22638|22001
22639|22001
22640|22001
22650|22001
22660|22001
22661|22001
22662|22001
22663|22001
22664|22001
22665|22001
22666|22001
22700|22001
22710|22001
22711|22001
22712|22001
22713|22001
22714|22001
22715|22001
22720|22001
22728|22001
22729|22001
22730|22001
22731|22001
22732|22001
22740|22001
22750|22001
22751|22001
22752|22001
22753|22001
22760|22001
22761|22001
22770|22001
22771|22001
22772|22001
22773|22001
22790|22001
22791|22001
22792|22001
22800|22001
22807|22001
22808|22001
22809|22001
22810|22001
22811|22001
22820|22001
22821|22001
22822|22001
22830|22001
22860|22001
22870|22001
22880|22001
22888|22001
22889|22001
23100|23001
23110|23001
23120|23001
23130|23001
23140|23680
23150|23680
23159|23680
23160|23600
23170|23001
23180|23001
23190|23001
23191|23001
23192|23001
23193|23001
23200|23490
23210|23490
23211|23490
23212|23490
23213|23490
23214|23490
23215|23490
23220|23490
23230|23314
23239|23314
23240|23314
23250|23314
23260|23314
23264|23314
23265|23314
23266|23314
23267|23314
23268|23314
23269|23314
23270|23314
23280|23314
23289|23314
23290|23314
23291|23314
23292|23314
23293|23314
23294|23314
23295|23314
23296|23314
23297|23314
23298|23314
23300|23314
23310|23314
23311|23314
23312|23314
23315|23314
23320|23314
23330|23314
23338|23314
23339|23314
23340|23314
23350|23314
23359|23314
23360|23314
23369|23314
23370|23314
23379|23314
23380|23314
23390|23314
23391|23314
23392|23314
23393|23314
23410|23314
23411|23314
23412|23314
23420|23314
23430|23314
23440|23314
23450|23490
23460|23314
23468|23314
23469|23314
23470|23314
23476|23314
23477|23314
23478|23314
23479|23314
23480|23314
23485|23314
23486|23314
23487|23314
23488|23314
23489|23314
23499|23490
23500|23314
23510|23490
23519|23490
23520|23490
23526|23001
23528|23490
23529|23314
23530|23001
23537|23314
23538|23001
23539|23314
23540|23001
23550|23314
23560|23001
23568|23314
23569|23001
23590|23314
23591|23314
23610|23600
23611|23600
23612|23600
23616|23600
23620|23001
23628|23490
23630|23001
23638|23001
23640|23001
23650|23600
23657|23600
23658|23600
23659|23600
23660|23600
23669|23600
23670|23680
23685|23600
23690|23680
23693|23680
23710|23490
23711|23490
23712|23490
23713|23490
23730|23740
23746|23740
23750|23740
23760|23740
23770|23740
23780|23740
23790|23600
24100|24400
24110|24400
24111|24400
24112|24400
24113|24400
24114|24400
24120|24010
24121|24010
24122|24010
24123|24010
24124|24010
24125|24010
24126|24010
24127|24010
24130|24010
24131|24010
24132|24010
24133|24010
24134|24010
24135|24010
24136|24010
24137|24010
24138|24400
24139|24400
24140|24400
24141|24010
24142|24010
24143|24010
24144|24010
24145|24010
24146|24010
24148|24010
24149|24010
24150|24001
24151|24001
24152|24001
24153|24001
24154|24001
24155|24001
24156|24001
24160|24001
24161|24001
24162|24001
24163|24001
24164|24001
24165|24001
24166|24001
24170|24001
24171|24001
24172|24001
24174|24001
24175|24001
24192|24001
24193|24001
24195|24001
24196|24010
24197|24001
24198|24010
24199|24001
24200|24001
24205|24001
24206|24001
24207|24001
24208|24001
24209|24001
24210|24001
24217|24001
24218|24001
24219|24001
24220|24001
24221|24001
24222|24001
24223|24001
24224|24001
24225|24001
24226|24001
24227|24001
24228|24001
24230|24001
24231|24001
24232|24001
24233|24001
24234|24001
24235|24001
24236|24001
24237|24001
24238|24001
24239|24001
24240|24001
24248|24010
24249|24001
24250|24001
24251|24001
24252|24001
24253|24001
24257|24001
24270|24010
24271|24010
24272|24010
24273|24010
24274|24010
24275|24010
24276|24010
24277|24010
24280|24010
24281|24010
24283|24010
24284|24010
24285|24010
24286|24010
24287|24010
24288|24010
24290|24001
24291|24001
24292|24001
24293|24001
24294|24001
24300|24400
24310|24400
24311|24400
24312|24400
24313|24400
24314|24400
24315|24400
24316|24400
24317|24400
24318|24400
24319|24400
24320|24001
24323|24001
24324|24001
24325|24001
24326|24001
24327|24001
24328|24001
24329|24001
24330|24001
24339|24001
24340|24001
24341|24001
24342|24001
24343|24001
24344|24001
24345|24001
24346|24001
24347|24001
24350|24010
24356|24010
24357|24010
24358|24010
24359|24010
24360|24400
24367|24400
24368|24400
24369|24400
24370|24400
24374|24400
24375|24400
24376|24400
24377|24400
24378|24400
24379|24400
24380|24400
24384|24400
24385|24400
24386|24400
24387|24400
24388|24400
24389|24400
24390|24400
24391|24001
24392|24010
24393|24010
24394|24010
24395|24010
24396|24010
24397|24010
24398|24400
24410|24400
24412|24400
24413|24400
24420|24400
24428|24400
24429|24400
24430|24400
24433|24400
24434|24400
24435|24400
24436|24400
24437|24400
24438|24400
24439|24400
24440|24400
24441|24400
24442|24400
24443|24400
24444|24400
24445|24400
24446|24400
24447|24400
24450|24400
24457|24400
24458|24400
24459|24400
24460|24400
24469|24400
24470|24400
24478|24400
24479|24400
24480|24400
24488|24400
24489|24400
24492|24400
24493|24400
24494|24400
24495|24400
24496|24400
24497|24400
24498|24400
24500|24400
24510|24400
24511|24400
24512|24400
24513|24400
24514|24400
24515|24400
24516|24400
24517|24400
24520|24400
24521|24400
24522|24400
24523|24400
24524|24400
24525|24400
24526|24400
24530|24400
24540|24400
24544|24400
24545|24400
24546|24400
24547|24400
24548|24400
24549|24400
24550|24400
24560|24400
24565|24400
24566|24400
24567|24400
24568|24400
24569|24400
24600|24010
24607|24010
24608|24010
24609|24010
24610|24010
24620|24010
24630|24010
24640|24010
24648|24010
24649|24010
24650|24010
24660|24010
24670|24010
24680|24010
24687|24010
24688|24010
24689|24010
24690|24010
24699|24010
24700|24010
24710|24010
24711|24010
24712|24010
24713|24010
24714|24400
24715|24400
24716|24400
24717|24400
24718|24010
24719|24010
24720|24400
24721|24400
24722|24400
24723|24400
24724|24400
24730|24400
24731|24400
24732|24400
24733|24400
24734|24400
24735|24400
24736|24400
24738|24400
24740|24400
24741|24400
24742|24400
24743|24400
24744|24400
24745|24400
24746|24400
24750|24010
24760|24010
24761|24001
24762|24001
24763|24010
24764|24010
24765|24010
24766|24010
24767|24001
24768|24010
24769|24001
24790|24001
24791|24001
24792|24001
24793|24010
24794|24010
24795|24010
24796|24001
24797|24001
24800|24001
24810|24001
24811|24001
24812|24001
24813|24001
24814|24001
24815|24001
24816|24001
24820|24010
24830|24010
24836|24010
24837|24010
24838|24010
24839|24010
24840|24001
24843|24010
24844|24010
24845|24010
24846|24010
24847|24010
24848|24001
24849|24010
24850|24001
24852|24001
24853|24001
24854|24001
24855|24010
24856|24001
24857|24010
24858|24001
24859|24001
24860|24001
24869|24001
24870|24001
24877|24001
24878|24001
24879|24001
24880|24001
24882|24001
24883|24001
24884|24001
24885|24001
24886|24001
24887|24001
24888|24001
24889|24001
24890|24010
24891|24010
24892|24001
24893|24001
24900|24001
24911|24001
24912|24001
24913|24001
24914|24001
24915|24001
24916|24001
24917|24001
24918|24001
24920|24001
24930|24001
24940|24001
24950|24001
24960|24001
24970|24001
24980|24001
24989|24001
24990|24001
24991|24001
24994|24001
24995|24001
24996|24001
25100|25001
25110|25001
25112|25001
25114|25001
25120|25001
25122|25001
25123|25001
25124|25001
25125|25001
25126|25001
25130|25001
25131|25001
25132|25001
25133|25001
25134|25001
25135|25001
25136|25001
25137|25001
25138|25001
25139|25001
25140|25001
25141|25001
25142|25001
25143|25001
25144|25001
25150|25001
25151|25001
25152|25001
25153|25001
25154|25001
25155|25001
25160|25001
25161|25001
25162|25001
25163|25001
25164|25001
25165|25001
25170|25001
25171|25001
25172|25001
25173|25001
25174|25001
25175|25001
25176|25001
25177|25001
25178|25001
25179|25001
25180|25001
25181|25001
25182|25001
25183|25001
25184|25001
25185|25001
25186|25001
25187|25001
25200|25001
25210|25001
25211|25001
25212|25001
25213|25001
25214|25001
25215|25001
25216|25001
25217|25001
25218|25001
25220|25001
25221|25001
25222|25001
25230|25001
25240|25001
25241|25001
25242|25001
25243|25001
25244|25001
25245|25001
25250|25001
25260|25001
25261|25001
25262|25001
25263|25001
25264|25001
25265|25001
25266|25001
25267|25001
25268|25001
25269|25001
25270|25001
25271|25001
25280|25001
25281|25001
25282|25001
25283|25001
25284|25001
25285|25001
25286|25001
25287|25001
25288|25001
25289|25001
25290|25001
25300|25001
25310|25001
25315|25001
25316|25001
25317|25001
25318|25001
25320|25001
25330|25001
25331|25001
25332|25001
25334|25001
25335|25001
25336|25001
25337|25001
25340|25001
25341|25001
25343|25001
25344|25001
25350|25001
25351|25001
25352|25001
25353|25001
25354|25001
25360|25001
25400|25001
25410|25001
25411|25001
25412|25001
25413|25001
25420|25001
25430|25001
25440|25001
25450|25001
25457|25001
25460|25001
25471|25001
25480|25001
25500|25001
25510|25001
25511|25001
25512|25001
25513|25001
25514|25001
25515|25001
25516|25001
25517|25001
25518|25001
25520|25001
25526|25001
25527|25001
25528|25001
25529|25001
25530|25001
25537|25001
25538|25001
25539|25001
25540|25001
25548|25001
25549|25001
25550|25001
25551|25001
25552|25001
25553|25001
25554|25001
25555|25001
25556|25001
25560|25001
25566|25001
25567|25001
25568|25001
25569|25001
25570|25001
25571|25001
25572|25001
25573|25001
25574|25001
25575|25001
25576|25001
25577|25001
25580|25001
25586|25001
25587|25001
25588|25001
25589|25001
25590|25001
25591|25001
25592|25001
25593|25001
25594|25001
25595|25001
25596|25001
25597|25001
25598|25001
25599|25001
25600|25001
25610|25001
25611|25001
25612|25001
25613|25001
25614|25001
25615|25001
25616|25001
25617|25001
25620|25001
25630|25001
25631|25001
25632|25001
25633|25001
25634|25001
25635|25001
25636|25001
25637|25001
25638|25001
25639|25001
25640|25001
25650|25001
25651|25001
25652|25001
25653|25001
25654|25001
25655|25001
25656|25001
25657|25001
25658|25001
25660|25001
25670|25001
25680|25001
25690|25001
25691|25001
25692|25001
25693|25001
25700|25001
25710|25001
25711|25001
25712|25001
25713|25001
25714|25001
25715|25001
25716|25001
25717|25001
25718|25001
25719|25001
25720|25001
25721|25001
25722|25001
25723|25001
25724|25001
25725|25001
25726|25001
25727|25001
25730|25001
25735|25001
25736|25001
25737|25001
25738|25001
25739|25001
25740|25001
25746|25001
25747|25001
25748|25001
25749|25001
25750|25001
25751|25001
25752|25001
25753|25001
25788|25001
25790|25001
25791|25001
25792|25001
25793|25001
25794|25001
25795|25001
25796|25001
25797|25001
25798|25001
25799|25001
26100|26001
26110|26001
26111|26001
26120|26001
26121|26001
26122|26001
26123|26001
26124|26001
26125|26001
26126|26001
26130|26001
26131|26001
26132|26001
26133|26001
26134|26001
26135|26001
26140|26001
26141|26001
26142|26001
26143|26001
26144|26500
26145|26500
26146|26500
26147|26500
26148|26500
26151|26001
26160|26001
26190|26001
26191|26001
26200|26001
26210|26001
26211|26001
26212|26001
26213|26001
26214|26001
26215|26001
26216|26001
26220|26001
26221|26001
26222|26001
26223|26001
26224|26001
26230|26001
26240|26001
26241|26001
26250|26001
26256|26001
26257|26001
26258|26001
26259|26001
26260|26001
26261|26001
26270|26001
26280|26001
26288|26001
26289|26001
26290|26001
26291|26001
26292|26001
26300|26001
26310|26001
26311|26001
26312|26001
26313|26001
26314|26001
26315|26001
26320|26001
26321|26001
26322|26001
26323|26001
26324|26001
26325|26001
26326|26001
26327|26001
26328|26001
26329|26001
26330|26001
26338|26001
26339|26001
26340|26001
26350|26001
26359|26001
26360|26001
26370|26001
26371|26001
26372|26001
26373|26001
26374|26001
26375|26001
26376|26001
26509|26500
26510|26500
26511|26500
26512|26500
26513|26500
26520|26500
26525|26500
26526|26500
26527|26500
26528|26500
26529|26500
26530|26500
26531|26500
26532|26500
26533|26500
26540|26500
26550|26500
26559|26500
26560|26500
26570|26500
26580|26500
26584|26500
26585|26500
26586|26001
26587|26500
26588|26500
26589|26500
27100|27001
27110|27001
27111|27001
27112|27001
27113|27001
27114|27001
27115|27001
27116|27001
27117|27001
27118|27001
27120|27001
27122|27001
27123|27001
27124|27001
27125|27001
27126|27001
27127|27001
27128|27001
27129|27001
27130|27001
27131|27001
27132|27001
27133|27001
27134|27001
27135|27001
27136|27001
27142|27001
27143|27001
27144|27001
27145|27001
27150|27001
27151|27001
27152|27001
27153|27001
27154|27001
27155|27001
27156|27001
27157|27001
27162|27001
27163|27001
27164|27001
27165|27001
27166|27001
27168|27001
27170|27001
27177|27001
27178|27001
27181|27001
27183|27001
27184|27001
27185|27001
27186|27001
27187|27001
27188|27001
27200|27001
27203|27001
27204|27001
27205|27001
27206|27001
27207|27001
27208|27001
27209|27001
27210|27001
27211|27001
27212|27001
27213|27001
27214|27001
27215|27001
27216|27001
27217|27001
27220|27001
27226|27001
27227|27001
27228|27001
27229|27001
27234|27001
27235|27001
27240|27001
27241|27001
27243|27001
27244|27001
27245|27001
27246|27001
27247|27001
27248|27001
27250|27001
27256|27001
27257|27001
27258|27001
27259|27001
27260|27001
27266|27001
27267|27001
27268|27001
27269|27001
27270|27001
27271|27001
27272|27001
27273|27001
27274|27001
27275|27001
27276|27001
27277|27001
27278|27001
27279|27001
27280|27001
27283|27001
27286|27001
27287|27001
27289|27001
27299|27001
27300|27001
27305|27001
27306|27001
27307|27001
27308|27001
27309|27001
27310|27001
27317|27001
27318|27001
27320|27001
27324|27001
27325|27001
27328|27001
27329|27001
27330|27001
27331|27001
27332|27001
27333|27001
27334|27001
27335|27001
27336|27001
27338|27001
27339|27001
27340|27001
27341|27001
27342|27001
27343|27001
27344|27001
27345|27001
27346|27001
27347|27001
27348|27001
27349|27001
27350|27001
27359|27001
27360|27001
27362|27001
27363|27001
27364|27001
27366|27001
27367|27001
27368|27001
27369|27001
27370|27001
27371|27001
27372|27001
27373|27001
27374|27001
27375|27001
27376|27001
27377|27001
27378|27001
27379|27001
27380|27001
27388|27001
27389|27001
27390|27001
27391|27001
27392|27001
27400|27001
27410|27001
27411|27001
27412|27001
27413|27001
27414|27001
27415|27001
27416|27001
27417|27001
27418|27001
27419|27001
27420|27001
27421|27001
27422|27001
27423|27001
27424|27001
27425|27001
27430|27001
27437|27001
27438|27001
27439|27001
27440|27001
27450|27001
27460|27001
27466|27001
27468|27001
27469|27001
27470|27001
27500|27001
27510|27001
27511|27001
27512|27001
27513|27001
27514|27001
27515|27001
27516|27001
27517|27001
27518|27001
27519|27001
27520|27001
27527|27001
27528|27001
27529|27001
27530|27001
27531|27001
27532|27001
27533|27001
27540|27001
27543|27001
27544|27001
27545|27001
27546|27001
27547|27001
27548|27001
27549|27001
27550|27001
27554|27001
27555|27001
27556|27001
27557|27001
27558|27001
27559|27001
27560|27001
27568|27001
27569|27001
27570|27001
27576|27001
27577|27001
27578|27001
27579|27001
27590|27001
27591|27001
27592|27001
27593|27001
27594|27001
27595|27001
27596|27001
27600|27001
27610|27001
27611|27001
27612|27001
27613|27001
27614|27001
27615|27001
27616|27001
27617|27001
27618|27001
27619|27001
27620|27001
27623|27001
27624|27001
27625|27001
27626|27001
27627|27001
27628|27001
27630|27001
27631|27001
27632|27001
27633|27001
27634|27001
27635|27001
27636|27001
27637|27001
27638|27001
27639|27001
27640|27001
27646|27001
27647|27001
27648|27001
27649|27001
27650|27001
27651|27001
27652|27001
27653|27001
27654|27001
27655|27001
27656|27001
27657|27001
27658|27001
27659|27001
27660|27001
27661|27001
27662|27001
27663|27001
27664|27001
27665|27001
27666|27001
27667|27001
27668|27001
27670|27001
27671|27001
27672|27001
27673|27001
27675|27001
27676|27001
27677|27001
27678|27001
27679|27001
27680|27001
27685|27001
27686|27001
27687|27001
27688|27001
27689|27001
27690|27001
27691|27001
27692|27001
27693|27001
27694|27001
27695|27001
27696|27001
27697|27001
27698|27001
27699|27001
27700|27001
27710|27001
27711|27001
27712|27001
27713|27001
27714|27001
27715|27001
27720|27001
27721|27001
27722|27001
27723|27001
27724|27001
27725|27001
27726|27001
27727|27001
27728|27001
27729|27001
27730|27001
27737|27001
27738|27001
27740|27001
27742|27001
27743|27001
27744|27001
27745|27001
27747|27001
27748|27001
27749|27001
27750|27001
27751|27001
27752|27001
27760|27001
27765|27001
27766|27001
27767|27001
27768|27001
27770|27001
27773|27001
27774|27001
27775|27001
27776|27001
27777|27001
27778|27001
27779|27001
27780|27001
27785|27001
27786|27001
27787|27001
27788|27001
27789|27001
27790|27001
27791|27001
27792|27001
27793|27001
27794|27001
27796|27001
27797|27001
27798|27001
27800|27001
27810|27001
27811|27001
27812|27001
27813|27001
27814|27001
27815|27001
27816|27001
27817|27001
27818|27001
27820|27001
27821|27001
27822|27001
27823|27001
27824|27001
27825|27001
27826|27001
27830|27001
27832|27001
27833|27001
27834|27001
27835|27001
27836|27001
27837|27001
27840|27001
27841|27001
27842|27001
27843|27001
27845|27001
27849|27001
27850|27001
27860|27001
27861|27001
27863|27001
27864|27001
27865|27001
27866|27001
27867|27001
27868|27001
27869|27001
27870|27001
27876|27001
27877|27001
27878|27001
27879|27001
27880|27001
27888|27001
27889|27001
27890|27001
27891|27001
27892|27001
27893|27001
28130|28110
28140|28110
28150|28110
28160|28110
28170|28110
28180|28110
28189|28110
28190|28110
28191|28770
28192|28110
28193|28110
28194|28110
28195|28770
28196|28770
28200|28400
28210|28691
28211|28260
28212|28691
28213|28691
28214|28691
28219|28260
28229|28691
28240|28250
28248|28250
28270|28260
28280|28260
28292|28260
28293|28260
28294|28691
28295|28691
28296|28400
28297|28400
28359|28350
28360|28350
28370|28350
28380|28350
28390|28500
28391|28500
28410|28400
28411|28400
28412|28400
28413|28400
28430|28400
28440|28400
28450|28400
28460|28400
28470|28400
28480|28400
28490|28400
28491|28400
28492|28400
28510|28500
28511|28500
28512|28500
28514|28801
28515|28801
28530|28500
28540|28500
28550|28500
28560|28500
28570|28500
28580|28801
28590|28500
28594|28500
28595|28500
28596|28500
28597|28500
28598|28500
28607|28600
28609|28600
28610|28600
28620|28600
28630|28600
28640|28600
28648|28600
28649|28600
28650|28600
28680|28600
28690|28691
28693|28691
28694|28600
28695|28600
28696|28600
28710|28110
28720|28770
28721|28770
28722|28110
28723|28770
28729|28770
28730|28770
28737|28770
28739|28770
28740|28400
28742|28770
28743|28770
28749|28770
28750|28770
28751|28770
28752|28770
28753|28770
28754|28770
28755|28770
28756|28770
28791|28770
28792|28770
28794|28770
28810|28801
28811|28801
28812|28801
28813|28850
28814|28860
28815|28110
28816|28801
28817|28801
28818|28801
28863|28110
28864|28860
28880|28801
28890|28840
28891|28521
28950|28939
28971|28970
28976|28939
28977|28981
28978|28970
28979|28970
28990|28981
28991|28981
29108|29100
29109|29100
29110|29100
29150|29570
29160|29001
29170|29001
29180|29001
29194|29700
29195|29720
29210|29200
29220|29200
29230|29200
29240|29200
29300|29200
29310|29200
29311|29200
29312|29200
29313|29200
29314|29200
29315|29200
29320|29200
29327|29200
29328|29200
29329|29200
29330|29394
29340|29394
29350|29394
29360|29394
29370|29394
29380|29394
29391|29394
29392|29394
29395|29394
29410|29100
29420|29100
29430|29394
29440|29394
29450|29680
29451|29394
29452|29394
29460|29394
29461|29394
29462|29680
29470|29394
29471|29394
29480|29680
29490|29680
29491|29680
29492|29680
29493|29394
29494|29394
29500|29570
29510|29570
29520|29200
29530|29200
29531|29200
29532|29200
29533|29200
29550|29570
29551|29100
29552|29570
29560|29570
29566|29100
29567|29100
29569|29570
29593|29570
29610|29601
29611|29601
29612|29601
29679|29601
29690|29680
29691|29680
29692|29680
29710|29700
29711|29700
29712|29700
29713|29700
29714|29770
29715|29700
29716|29700
29718|29720
29719|29700
29750|29700
29752|29770
29753|29700
29754|29770
29755|29770
29788|29780
29789|29780
29791|29720
30130|30001
30140|30500
30148|30500
30149|30500
30170|30840
30176|30840
30177|30840
30178|30840
30180|30850
30189|30850
30190|30565
30191|30600
30192|30600
30193|30840
30194|30840
30320|30591
30332|30591
30333|30591
30334|30591
30335|30591
30338|30591
30413|30195
30414|30195
30420|30530
30430|30195
30439|30195
30440|30195
30441|30195
30442|30195
30540|30530
30550|30530
30559|30530
30560|30565
30561|30565
30562|30600
30563|30600
30564|30600
30610|30530
30611|30600
30612|30600
30613|30600
30620|30500
30626|30500
30628|30500
30629|30500
30640|30500
30648|30500
30649|30500
30859|30850
30890|30800
30891|30800
30892|30840
31010|31001
31013|31001
31100|31001
31109|31001
31110|31486
31119|31486
31130|31001
31131|31001
31132|31001
31133|31001
31140|31001
31150|31001
31151|31001
31152|31001
31153|31001
31154|31001
31160|31001
31170|31001
31171|31001
31172|31001
31173|31001
31174|31001
31175|31001
31176|31001
31177|31001
31178|31001
31179|31001
31180|31001
31190|31001
31191|31001
31192|31486
31193|31001
31194|31600
31195|31001
31200|31001
31208|31001
31210|31001
31219|31001
31220|31001
31227|31001
31228|31001
31229|31001
31230|31001
31239|31001
31240|31001
31241|31001
31242|31001
31243|31001
31250|31001
31251|31001
31252|31001
31253|31001
31260|31001
31261|31500
31262|31001
31263|31001
31264|31001
31270|31001
31271|31001
31272|31001
31280|31001
31281|31001
31282|31001
31283|31001
31284|31001
31290|31001
31291|31001
31292|31001
31293|31001
31300|31001
31310|31500
31311|31500
31312|31486
31313|31500
31314|31500
31315|31500
31320|31500
31330|31500
31340|31500
31350|31500
31360|31500
31370|31500
31380|31500
31382|31500
31383|31500
31390|31001
31391|31500
31392|31500
31393|31486
31394|31001
31395|31001
31396|31486
31397|31001
31398|31001
31400|31486
31409|31486
31410|31486
31411|31486
31412|31486
31413|31486
31414|31486
31415|31486
31416|31486
31417|31486
31418|31486
31420|31486
31421|31486
31422|31486
31430|31486
31438|31486
31439|31486
31440|31486
31448|31486
31449|31486
31450|31486
31451|31486
31452|31486
31453|31486
31454|31486
31460|31486
31470|31486
31471|31486
31472|31486
31473|31486
31480|31486
31481|31486
31482|31486
31483|31486
31484|31486
31485|31486
31487|31486
31490|31486
31491|31486
31492|31486
31493|31486
31494|31486
31495|31486
31496|31486
31510|31500
31511|31500
31512|31500
31513|31500
31514|31500
31515|31500
31520|31500
31521|31500
31522|31500
31523|31500
31530|31500
31540|31500
31550|31500
31560|31500
31570|31500
31579|31500
31580|31500
31587|31001
31588|31001
31589|31500
31590|31500
31591|31500
31592|31500
31593|31500
31610|31600
31620|31600
31630|31600
31638|31600
31639|31600
31640|31486
31650|31486
31660|31486
31670|31486
31671|31486
31680|31486
31689|31486
31690|31486
31691|31486
31692|31486
31693|31486
31694|31486
31695|31486
31696|31486
31697|31486
31698|31600
31699|31600
31700|31600
31710|31600
31711|31600
31712|31600
31713|31600
31714|31600
31715|31600
31720|31600
31730|31600
31740|31600
31744|31600
31745|31600
31746|31600
31747|31600
31748|31600
31749|31600
31750|31600
31751|31600
31752|31600
31753|31600
31754|31600
31760|31600
31770|31600
31780|31600
31789|31600
31790|31600
31791|31600
31792|31600
31793|31600
31794|31600
31795|31600
31796|31600
31797|31600
31798|31600
31799|31600
31800|31001
31809|31001
31810|31001
31820|31001
31829|31001
31830|31001
31839|31001
31840|31001
31849|31001
31850|31001
31860|31001
31866|31001
31867|31600
31868|31001
31869|31001
31870|31001
31876|31001
31877|31001
31878|31001
31879|31001
31880|31001
31890|31001
31891|31001
31892|31001
32100|32001
32101|32001
32102|32001
32111|32001
32112|32001
32120|32001
32130|32001
32135|32001
32136|32001
32137|32001
32138|32001
32139|32001
32140|32001
32141|32001
32150|32001
32151|32001
32152|32001
32153|32001
32160|32001
32161|32001
32164|32001
32170|32001
32172|32001
32200|32001
32211|32001
32212|32001
32213|32001
32226|32001
32227|32001
32228|32001
32229|32001
32235|32001
32236|32001
32300|32001
32310|32001
32311|32001
32312|32001
32314|32001
32315|32001
32317|32001
32318|32001
32320|32001
32329|32001
32330|32001
32334|32001
32336|32001
32337|32001
32338|32001
32340|32001
32348|32001
32350|32001
32356|32001
32357|32001
32358|32001
32360|32001
32365|32001
32366|32001
32368|32001
32369|32001
32370|32001
32371|32001
32372|32001
32373|32001
32375|32001
32385|32001
32400|32001
32410|32001
32411|32001
32412|32001
32413|32001
32415|32001
32416|32001
32417|32001
32418|32001
32419|32001
32420|32001
32425|32001
32426|32001
32428|32001
32429|32001
32430|32001
32431|32001
32432|32001
32433|32001
32440|32001
32448|32001
32449|32001
32450|32001
32452|32001
32453|32001
32454|32001
32455|32001
32456|32001
32457|32001
32459|32001
32500|32001
32510|32001
32512|32001
32514|32001
32515|32001
32516|32001
32520|32001
32521|32001
32522|32001
32523|32001
32525|32001
32526|32001
32530|32001
32534|32001
32536|32001
32537|32001
32539|32001
32540|32001
32545|32001
32546|32001
32547|32001
32548|32001
32549|32001
32550|32001
32554|32001
32555|32001
32556|32001
32557|32001
32558|32001
32560|32001
32562|32001
32563|32001
32570|32001
32573|32001
32574|32001
32575|32001
32577|32001
32600|32001
32610|32001
32611|32001
32612|32001
32613|32001
32615|32001
32616|32001
32617|32001
32618|32001
32619|32001
32620|32001
32621|32001
32622|32001
32624|32001
32625|32001
32626|32001
32627|32001
32630|32001
32631|32001
32632|32001
32633|32001
32634|32001
32635|32001
32636|32001
32637|32001
32640|32001
32641|32001
32643|32001
32644|32001
32645|32001
32646|32001
32648|32001
32650|32001
32651|32001
32652|32001
32654|32001
32655|32001
32660|32001
32664|32001
32665|32001
32666|32001
32667|32001
32668|32001
32669|32001
32670|32001
32678|32001
32679|32001
32680|32001
32688|32001
32689|32001
32690|32001
32691|32001
32692|32001
32693|32001
32695|32001
32696|32001
32697|32001
32698|32001
32699|32001
32700|32001
32701|32001
32702|32001
32703|32001
32704|32001
32705|32001
32706|32001
32707|32001
32708|32001
32710|32001
32711|32001
32720|32001
32730|32001
32740|32001
32747|32001
32748|32001
32749|32001
32750|32001
32751|32001
32760|32001
32764|32001
32765|32001
32766|32001
32767|32001
32768|32001
32769|32001
32770|32001
32779|32001
32780|32001
32781|32001
32782|32001
32784|32001
32785|32001
32786|32001
32787|32001
32788|32001
32789|32001
32790|32001
32792|32001
32793|32001
32794|32001
32800|32001
32810|32001
32811|32001
32812|32001
32813|32001
32814|32001
32815|32001
32816|32001
32817|32001
32820|32001
32821|32001
32823|32001
32824|32001
32825|32001
32826|32001
32828|32001
32830|32001
32838|32001
32839|32001
32840|32001
32846|32001
32847|32001
32848|32001
32849|32001
32850|32001
32858|32001
32859|32001
32860|32001
32868|32001
32869|32001
32870|32001
32879|32001
32880|32001
32890|32001
32892|32001
32895|32001
32896|32001
32897|32001
32898|32001
32899|32001
32900|32001
32901|32001
32910|32001
32911|32001
32920|32001
32930|32001
32940|32001
32950|32001
32980|32001
33111|33001
33112|33001
33114|33001
33115|33001
33116|33600
33117|33600
33118|33600
33120|33405
33125|33405
33126|33405
33127|33405
33128|33405
33129|33405
33130|33405
33138|33405
33139|33405
33150|33405
33154|33405
33155|33405
33156|33405
33157|33405
33158|33405
33159|33405
33160|33600
33161|33001
33162|33001
33163|33001
33171|33001
33172|33001
33173|33001
33179|33405
33180|33186
33190|33001
33192|33001
33300|33201
33310|33186
33311|33201
33312|33201
33313|33201
33314|33201
33315|33201
33316|33201
33317|33201
33318|33201
33320|33201
33324|33201
33325|33201
33326|33201
33327|33201
33328|33201
33329|33201
33330|33201
33340|33201
33341|33201
33342|33201
33343|33186
33344|33186
33345|33186
33346|33186
33347|33186
33404|33401
33411|33401
33412|33401
33414|33401
33416|33401
33418|33401
33422|33001
33423|33001
33424|33001
33425|33001
33426|33001
33427|33001
33428|33001
33430|33201
33438|33201
33439|33201
33440|33401
33448|33401
33449|33401
33458|33405
33468|33401
33469|33201
33470|33401
33491|33201
33492|33201
33500|33186
33507|33186
33509|33186
33518|33186
33520|33186
33527|33186
33528|33186
33529|33186
33530|33186
33534|33186
33535|33186
33536|33186
33537|33186
33538|33186
33539|33186
33540|33186
33546|33186
33547|33186
33548|33186
33549|33186
33550|33186
33554|33186
33555|33186
33556|33186
33557|33900
33558|33186
33559|33186
33560|33186
33567|33186
33568|33186
33569|33186
33570|33186
33576|33186
33577|33186
33578|33186
33579|33186
33581|33186
33582|33186
33583|33186
33584|33186
33585|33186
33586|33186
33587|33186
33589|33186
33590|33186
33591|33186
33592|33186
33593|33186
33594|33186
33595|33186
33596|33186
33598|33186
33620|33600
33628|33600
33629|33600
33630|33600
33637|33600
33638|33600
33639|33600
33670|33600
33675|33600
33676|33600
33677|33600
33678|33600
33679|33600
33680|33600
33681|33600
33684|33600
33685|33600
33686|33600
33687|33600
33688|33600
33690|33001
33693|33600
33694|33600
33695|33600
33696|33001
33700|33405
33707|33405
33708|33405
33709|33405
33710|33405
33716|33405
33717|33405
33718|33405
33719|33405
33720|33405
33725|33405
33726|33405
33727|33405
33728|33405
33729|33405
33730|33405
33731|33405
33733|33405
33734|33405
33735|33405
33740|33405
33746|33405
33747|33405
33749|33405
33750|33405
33756|33405
33757|33405
33758|33405
33759|33405
33760|33405
33768|33405
33769|33405
33770|33405
33774|33405
33775|33405
33776|33405
33777|33405
33778|33405
33779|33405
33780|33405
33782|33405
33783|33405
33784|33405
33785|33405
33787|33405
33788|33405
33789|33405
33790|33405
33791|33405
33792|33405
33793|33405
33794|33405
33795|33405
33796|33405
33798|33405
33800|33001
33810|33001
33811|33001
33812|33001
33813|33001
33814|33001
33815|33001
33816|33001
33817|33001
33818|33001
33819|33001
33820|33001
33825|33001
33826|33001
33827|33001
33828|33405
33829|33405
33830|33001
33836|33001
33839|33001
33840|33001
33841|33001
33842|33001
33843|33001
33844|33001
33845|33001
33846|33001
33850|33405
33857|33405
33858|33405
33859|33405
33860|33405
33865|33405
33866|33405
33867|33405
33868|33405
33869|33405
33870|33405
33873|33405
33874|33405
33875|33405
33876|33405
33877|33405
33878|33405
33879|33405
33880|33405
33885|33405
33887|33405
33888|33405
33889|33405
33890|33405
33891|33405
33940|33900
33945|33900
33946|33900
33947|33900
33948|33900
33950|33900
33957|33900
33958|33900
33959|33900
33960|33900
33970|33900
33979|33900
33980|33900
33986|33900
33987|33900
33989|33900
33990|33900
33991|33900
33992|33900
33993|33900
33994|33900
33995|33900
33996|33900
33997|33900
34100|34001
34110|34001
34111|34001
34112|34001
34113|34001
34114|34001
34115|34001
34116|34001
34117|34001
34118|34001
34120|34001
34126|34001
34127|34001
34128|34001
34129|34001
34131|34001
34132|34001
34133|34001
34159|34001
34160|34001
34170|34001
34190|34001
34191|34001
34192|34001
34200|34001
34208|34001
34209|34001
34210|34001
34218|34001
34219|34001
34220|34001
34230|34001
34239|34001
34240|34001
34246|34001
34247|34001
34248|34001
34249|34001
34250|34001
34257|34001
34259|34001
34261|34001
34300|34001
34304|34001
34305|34001
34306|34001
34307|34001
34309|34001
34310|34001
34320|34001
34337|34001
34338|34001
34340|34001
34347|34001
34349|34001
34350|34001
34400|34001
34405|34001
34406|34001
34407|34001
34408|34001
34409|34001
34410|34001
34411|34001
34419|34001
34420|34001
34429|34001
34430|34001
34439|34001
34440|34001
34447|34001
34449|34001
34450|34001
34460|34001
34465|34001
34466|34001
34467|34001
34468|34001
34469|34001
34470|34001
34473|34001
34475|34001
34477|34001
34478|34001
34479|34001
34480|34001
34483|34001
34484|34001
34485|34001
34486|34001
34487|34001
34488|34001
34490|34001
34491|34001
34492|34001
34800|34001
34810|34001
34811|34001
34813|34001
34815|34001
34820|34001
34828|34001
34829|34001
34830|34001
34839|34001
34840|34001
34844|34001
34846|34001
34847|34001
34848|34001
34849|34001
34850|34001
34858|34001
34859|34001
34869|34001
34870|34001
34878|34001
34879|34001
34880|34001
34882|34001
34886|34001
34887|34001
34888|34001
34889|34001
35216|35000
35217|35000
35300|35200
35307|35200
35308|35200
35309|35200
35310|35200
35320|35000
35328|35000
35329|35000
35330|35400
35333|35400
35338|35400
35339|35400
35340|35400
35349|35400
35350|35188
35360|35120
35368|35120
35370|35510
35420|35400
35421|35400
35422|35400
35423|35400
35430|35400
35431|35400
35432|35400
35435|35400
35450|35188
35457|35188
35458|35188
35470|35120
35478|35120
35479|35120
35480|35188
35489|35188
35509|35500
35520|35507
35541|35507
35542|35507
35543|35507
35550|35500
35559|35500
35560|35507
35565|35507
35570|35510
35579|35120
35580|35510
35610|35600
35620|35625
35629|35625
35630|35600
35637|35600
35638|35600
35639|35600
36110|36001
36116|36001
36118|36001
36119|36001
36120|36001
36121|36001
36139|36001
36140|36320
36141|36320
36142|36320
36163|36900
36190|36600
36191|36600
36192|36600
36193|36600
36194|36600
36300|36201
36307|36201
36308|36201
36309|36400
36316|36400
36340|36201
36350|36201
36360|36201
36370|36201
36378|36400
36379|36201
36380|36400
36388|36400
36389|36400
36391|36201
36393|36201
36415|36400
36416|36400
36417|36400
36419|36400
36420|36860
36428|36860
36429|36860
36430|36860
36435|36860
36436|36860
36437|36860
36438|36860
36440|36860
36446|36860
36447|36860
36448|36860
36449|36860
36450|36860
36455|36860
36456|36860
36457|36860
36458|36860
36459|36860
36460|36400
36470|36400
36471|36400
36472|36400
36474|36400
36490|36860
36491|36860
36492|36860
36493|36860
36494|36860
36511|36500
36516|36500
36518|36500
36520|36500
36524|36500
36525|36500
36526|36500
36527|36500
36528|36500
36529|36500
36530|36500
36537|36500
36538|36500
36539|36500
36540|36500
36543|36500
36544|36500
36545|36500
36546|36500
36547|36500
36548|36500
36550|36584
36555|36584
36556|36584
36557|36584
36558|36001
36559|36584
36560|36584
36567|36584
36569|36584
36570|36500
36579|36500
36580|36500
36581|36500
36582|36500
36583|36500
36585|36500
36586|36500
36587|36500
36589|36500
36590|36500
36597|36500
36598|36500
36599|36500
36612|36600
36614|36600
36615|36600
36616|36600
36620|36600
36626|36600
36627|36600
36628|36600
36629|36600
36630|36600
36633|36600
36634|36600
36635|36600
36636|36600
36637|36600
36638|36900
36639|36600
36640|36584
36645|36600
36646|36600
36647|36600
36650|36600
36652|36600
36653|36600
36654|36600
36655|36600
36656|36600
36657|36600
36658|36600
36659|36600
36660|36600
36668|36600
36669|36600
36670|36584
36675|36584
36677|36584
36678|36584
36679|36584
36690|36320
36691|36320
36692|36600
36700|36400
36710|36400
36711|36400
36712|36400
36713|36400
36714|36400
36715|36400
36720|36400
36721|36400
36729|36400
36730|36400
36739|36400
36740|36400
36746|36400
36747|36400
36748|36400
36749|36400
36750|36400
36760|36400
36770|36400
36779|36400
36780|36400
36788|36400
36789|36400
36790|36400
36791|36400
36792|36400
36794|36400
36820|36001
36826|36001
36827|36001
36828|36001
36829|36001
36830|36001
36835|36001
36836|36001
36837|36001
36838|36001
36839|36001
36840|36320
36841|36320
36842|36320
36843|36320
36844|36320
36845|36320
36846|36320
36847|36320
36848|36320
36849|36320
36851|36320
36852|36320
36853|36001
36854|36001
36855|36001
36856|36001
36857|36001
36858|36001
36859|36001
36870|36860
36872|36860
36873|36860
36874|36860
36875|36860
36876|36860
36877|36860
36878|36860
36879|36860
36880|36860
36883|36860
36884|36860
36885|36860
36886|36860
36887|36860
36888|36860
36889|36860
36890|36860
36930|36940
36937|36940
36938|36940
36939|36940
36950|36320
36954|36320
36955|36320
36957|36320
36958|36320
36959|36320
36960|36900
36966|36900
36967|36900
36968|36900
36969|36900
36970|36900
36979|36900
36980|36600
36988|36600
36989|36600
36990|36900
36991|36600
36992|36900
36993|36900
36995|36900
37100|37001
37110|37001
37111|37001
37114|37001
37115|37001
37116|37001
37117|37001
37120|37001
37129|37001
37130|37001
37140|37001
37147|37001
37148|37001
37149|37001
37150|37001
37159|37001
37160|37001
37170|37001
37171|37001
37172|37001
37173|37001
37174|37001
37175|37001
37176|37001
37181|37001
37183|37001
37184|37001
37185|37001
37186|37001
37187|37001
37188|37001
37189|37001
37190|37001
37191|37001
37192|37001
37193|37001
37200|37001
37208|37001
37209|37001
37210|37001
37214|37001
37216|37001
37217|37001
37219|37001
37220|37001
37230|37001
37240|37001
37246|37001
37247|37001
37248|37001
37250|37001
37251|37001
37253|37001
37254|37001
37255|37001
37256|37001
37257|37001
37258|37001
37259|37001
37260|37001
37267|37001
37270|37001
37271|37001
37273|37001
37281|37001
37290|37001
37291|37001
37292|37001
37300|37001
37310|37001
37311|37001
37312|37001
37313|37001
37314|37001
37315|37001
37316|37001
37317|37001
37318|37001
37319|37001
37320|37001
37329|37001
37330|37001
37336|37001
37337|37001
37338|37001
37339|37001
37340|37001
37350|37001
37400|37001
37405|37001
37406|37001
37408|37001
37409|37001
37410|37001
37418|37001
37419|37001
37420|37001
37426|37001
37427|37001
37428|37001
37429|37001
37430|37001
37439|37001
37440|37001
37446|37001
37447|37001
37448|37001
37449|37001
37450|37001
37451|37001
37452|37001
37453|37001
37454|37001
37455|37001
37456|37001
37460|37001
37465|37001
37466|37001
37468|37001
37470|37001
37478|37001
37479|37001
37480|37001
37481|37001
37488|37001
37490|37001
37492|37001
37493|37001
37494|37001
37495|37001
37496|37001
37497|37001
37500|37001
37510|37001
37515|37001
37516|37001
37520|37001
37521|37001
37522|37001
37523|37001
37524|37001
37530|37001
37531|37001
37532|37001
37540|37001
37541|37001
37542|37001
37550|37001
37551|37001
37552|37001
37553|37001
37554|37001
37555|37001
37589|37001
37590|37001
37591|37001
37592|37001
37593|37001
37594|37001
37595|37001
37596|37001
37600|37001
37606|37001
37607|37001
37609|37001
37610|37001
37617|37001
37618|37001
37619|37001
37621|37001
37624|37001
37630|37001
37638|37001
37639|37001
37640|37001
37650|37001
37656|37001
37657|37001
37658|37001
37659|37001
37660|37001
37670|37001
37671|37001
37680|37001
37682|37001
37683|37001
37684|37001
37690|37001
37700|37001
37710|37001
37711|37001
37712|37001
37713|37001
37714|37001
37716|37001
37717|37001
37718|37001
37720|37001
37724|37001
37727|37001
37730|37001
37740|37001
37748|37001
37749|37001
37750|37001
37751|37001
37752|37001
37753|37001
37754|37001
37755|37001
37756|37001
37759|37001
37760|37001
37762|37001
37763|37001
37764|37001
37765|37001
37766|37001
37767|37001
37768|37001
37770|37001
37773|37001
37774|37001
37775|37001
37776|37001
37777|37001
37778|37001
37779|37001
37780|37001
37781|37001
37785|37001
37786|37001
37787|37001
37788|37001
37789|37001
37790|37001
37791|37001
37792|37001
37793|37001
37794|37001
37795|37001
37796|37001
37797|37001
37798|37001
37799|37001
37800|37001
37810|37001
37820|37001
37830|37001
37840|37001
37850|37001
37860|37001
37861|37001
37863|37001
37864|37001
37865|37001
37870|37001
37871|37001
37873|37001
37874|37001
37881|37001
37882|37001
37890|37001
37891|37001
37892|37001
37893|37001
37894|37001
37900|37001
38109|38340
38190|38340
38280|38108
38290|38340
38292|38108
38359|38340
38360|38340
38370|38340
38379|38340
38380|38340
38389|38340
38390|38400
38398|38400
38399|38400
38420|38410
38428|38410
38429|38410
38435|38430
38440|38430
38441|38430
38449|38430
38450|38430
38458|38430
38459|38430
38460|38430
38470|38430
38479|38430
38480|38430
38489|38430
38550|38509
38570|38500
38579|38500
38580|38594
38588|38594
38589|38594
38592|38594
38593|38594
38613|38620
38614|38620
38615|38620
38683|38680
38684|38680
38690|38680
38700|38760
38710|38760
38711|38760
38712|38760
38713|38760
38714|38760
38715|38760
38720|38760
38726|38760
38727|38760
38728|38760
38729|38760
38730|38760
38736|38760
38738|38760
38739|38760
38740|38760
38749|38760
38750|38760
38758|38760
38759|38760
38770|38760
38779|38760
38780|38760
38787|38760
38788|38760
38789|38760
38800|38680
38801|38680
38810|38680
38811|38680
38812|38680
38813|38680
38820|38680
38829|38680
38830|38680
38840|38680
38849|38680
38850|38680
38852|38680
38869|38680
38870|38680
38879|38680
38890|38680
38891|38680
38892|38680
38900|38760
38910|38760
38911|38760
38912|38760
38913|38760
38914|38760
38915|38760
38916|38760
38917|38760
39100|39600
39108|39600
39110|39600
39130|39001
39140|39001
39150|39001
39160|39001
39170|39001
39180|39001
39191|39001
39192|39001
39193|39001
39195|39001
39197|39700
39200|39300
39210|39300
39212|39300
39213|39300
39220|39300
39229|39300
39230|39300
39232|39300
39250|39300
39292|39300
39294|39300
39310|39120
39311|39300
39312|39300
39313|39300
39314|39300
39318|39120
39320|39300
39329|39300
39330|39300
39340|39300
39350|39300
39360|39300
39400|39300
39407|39300
39408|39300
39409|39300
39410|39300
39417|39300
39418|39300
39419|39300
39420|39300
39430|39300
39438|39300
39450|39300
39451|39300
39460|39300
39490|39300
39491|39300
39500|39300
39507|39300
39509|39300
39510|39300
39511|39300
39513|39300
39517|39300
39518|39300
39520|39300
39525|39300
39526|39300
39527|39300
39528|39300
39530|39300
39538|39300
39539|39300
39540|39300
39547|39300
39548|39300
39549|39300
39550|39300
39551|39300
39553|39300
39554|39300
39555|39300
39556|39300
39557|39300
39558|39300
39559|39300
39560|39300
39569|39300
39570|39300
39571|39300
39572|39300
39573|39300
39574|39300
39575|39300
39577|39300
39580|39300
39582|39300
39583|39300
39584|39300
39586|39300
39587|39300
39588|39300
39590|39300
39591|39300
39592|39300
39593|39300
39594|39300
39610|39600
39611|39600
39613|39600
39618|39001
39619|39600
39620|39120
39626|39120
39627|39600
39630|39120
39638|39120
39639|39120
39640|39120
39649|39120
39650|39120
39660|39120
39670|39120
39679|39120
39680|39300
39682|39120
39683|39120
39685|39120
39686|39120
39687|39120
39688|39120
39689|39120
39690|39600
39691|39120
39692|39600
39694|39120
39696|39120
39697|39300
39698|39120
39699|39300
39710|39600
39715|39600
39716|39600
39718|39600
39719|39001
39720|39600
39722|39600
39723|39600
39724|39600
39727|39600
39728|39120
39730|39001
39738|39001
39740|39700
39749|39700
39750|39700
39760|39700
39761|39700
39762|39700
39764|39700
39766|39700
39770|39700
39776|39700
39777|39700
39778|39700
39788|39700
39790|39700
39791|39700
39792|39001
39793|39001
39794|39001
39795|39700
39800|39700
39805|39600
39806|39600
39808|39600
39809|39700
39812|39700
39813|39600
39815|39700
39820|39700
39840|39700
39849|39700
39850|39700
39860|39700
39880|39700
40100|40001
40109|40001
40120|40001
40121|40001
40122|40001
40123|40001
40130|40001
40133|40001
40134|40001
40135|40001
40136|40001
40140|40001
40141|40001
40142|40001
40144|40001
40145|40001
40146|40001
40150|40001
40151|40001
40152|40001
40160|40001
40161|40001
40162|40001
40163|40001
40164|40001
40165|40001
40170|40001
40171|40001
40172|40001
40173|40001
40174|40001
40175|40001
40176|40001
40180|40001
40181|40001
40182|40001
40183|40001
40184|40001
40185|40001
40190|40001
40191|40001
40192|40001
40193|40001
40194|40001
40196|40001
40197|40001
40200|40001
40210|40001
40211|40001
40212|40001
40213|40001
40214|40001
40215|40001
40216|40001
40217|40001
40218|40001
40219|40001
40220|40001
40230|40001
40231|40001
40232|40001
40233|40001
40234|40001
40235|40001
40236|40001
40237|40001
40238|40001
40239|40001
40240|40001
40241|40001
40242|40001
40250|40001
40260|40001
40270|40001
40280|40001
40290|40001
40291|40001
40292|40001
40293|40001
40294|40001
40295|40001
40296|40001
40297|40001
40298|40001
40300|40001
40310|40001
40311|40001
40312|40001
40313|40001
40314|40001
40315|40001
40317|40001
40318|40001
40320|40001
40330|40001
40331|40001
40332|40001
40340|40001
40350|40001
40351|40001
40352|40001
40353|40001
40354|40001
40355|40001
40356|40001
40357|40001
40358|40001
40359|40001
40360|40001
40370|40001
40380|40001
40389|40001
40390|40001
40391|40001
40392|40001
40393|40001
40394|40001
40395|40001
40396|40001
40397|40001
40400|40001
40408|40001
40410|40001
40419|40001
40420|40001
40421|40001
40422|40001
40423|40001
40424|40001
40430|40001
40440|40001
40441|40001
40442|40001
40443|40001
40444|40001
40445|40001
40446|40001
40447|40001
40449|40001
40450|40001
40460|40001
40461|40001
40462|40001
40463|40001
40464|40001
40465|40001
40466|40001
40467|40001
40468|40001
40469|40001
40470|40001
40480|40001
40490|40001
40491|40001
40492|40001
40493|40001
40494|40001
40495|40001
40496|40001
40500|40001
40510|40001
40512|40001
40513|40001
40514|40001
40515|40001
40516|40001
40517|40001
40518|40001
40520|40001
40529|40001
40530|40001
40531|40001
40532|40001
40533|40001
40540|40001
40541|40001
40542|40001
40550|40001
40551|40001
40552|40001
40553|40001
40554|40001
40555|40001
40556|40001
40560|40001
40567|40001
40568|40001
40569|40001
40590|40001
40591|40001
40592|40001
40593|40001
40594|40001
41110|41930
41111|41927
41120|41920
41130|41100
41140|41100
41150|41100
41200|41300
41209|41300
41210|41300
41218|41300
41219|41300
41220|41300
41230|41300
41240|41300
41250|41300
41310|41300
41318|41300
41319|41300
41320|41300
41330|41339
41340|41339
41350|41339
41359|41339
41360|41300
41370|41300
41380|41339
41388|41339
41389|41339
41390|41300
41420|41400
41429|41339
41430|41400
41439|41400
41440|41339
41449|41339
41450|41339
41460|41400
41470|41400
41479|41400
41520|41510
41540|41530
41550|41400
41560|41400
41564|41400
41565|41400
41566|41400
41567|41400
41568|41400
41569|41400
41570|41400
41580|41400
41590|41400
41599|41400
41600|41530
41610|41530
41620|41530
41630|41400
41640|41530
41650|41530
41657|41530
41658|41530
41659|41530
41660|41530
41661|41530
41670|41530
41730|41740
41749|41740
41750|41710
41760|41710
41770|41530
41780|41530
41800|41930
41804|41930
41805|41930
41806|41930
41807|41930
41808|41930
41809|41930
41810|41930
41820|41930
41830|41930
41840|41930
41849|41100
41850|41927
41860|41900
41870|41930
41880|41300
41888|41900
41889|41900
41890|41900
41897|41930
41898|41900
41899|41900
41907|41900
41908|41900
41909|41900
41928|41927
41950|41940
41960|41930
41970|41900
41980|41900
41989|41900
42100|42001
42107|42001
42108|42001
42110|42001
42112|42001
42113|42001
42120|42001
42126|42001
42127|42001
42128|42001
42130|42001
42132|42001
42134|42001
42138|42001
42140|42001
42141|42001
42142|42001
42145|42001
42146|42001
42148|42001
42149|42001
42150|42001
42153|42001
42156|42001
42157|42001
42158|42001
42159|42001
42161|42001
42162|42001
42164|42001
42165|42001
42166|42001
42167|42001
42169|42001
42172|42001
42173|42001
42174|42001
42180|42001
42181|42001
42189|42001
42190|42001
42191|42001
42192|42001
42193|42001
42200|42001
42210|42001
42211|42001
42212|42001
42213|42001
42214|42001
42216|42001
42218|42001
42220|42001
42222|42001
42223|42001
42225|42001
42230|42001
42240|42001
42248|42001
42250|42001
42257|42001
42258|42001
42259|42001
42260|42001
42269|42001
42290|42001
42291|42001
42294|42001
42300|42001
42310|42001
42311|42001
42313|42001
42315|42001
42317|42001
42318|42001
42320|42001
42328|42001
42329|42001
42330|42001
42340|42001
42341|42001
42342|42001
42344|42001
42345|42001
42351|42001
42360|42001
42365|42001
42366|42001
42367|42001
42368|42001
42391|42001
43110|43480
43120|43001
43140|43001
43141|43491
43142|43491
43143|43491
43144|43491
43150|43001
43151|43001
43152|43001
43153|43491
43154|43491
43155|43001
43300|43850
43310|43850
43311|43850
43312|43850
43320|43850
43330|43201
43340|43850
43350|43201
43360|43201
43361|43201
43362|43201
43363|43201
43364|43491
43365|43201
43370|43850
43371|43201
43372|43201
43373|43850
43374|43850
43375|43850
43376|43201
43379|43201
43380|43201
43381|43201
43382|43201
43390|43201
43391|43850
43392|43201
43393|43201
43400|43491
43410|43491
43411|43491
43412|43491
43413|43491
43414|43491
43415|43491
43420|43491
43421|43491
43422|43491
43423|43491
43424|43491
43425|43491
43426|43491
43427|43491
43428|43491
43429|43491
43430|43491
43439|43491
43440|43491
43448|43491
43449|43491
43450|43491
43459|43491
43460|43491
43470|43201
43479|43201
43490|43491
43511|43500
43512|43500
43513|43500
43514|43500
43515|43549
43516|43549
43519|43500
43520|43500
43528|43500
43529|43500
43530|43549
43540|43549
43550|43549
43558|43549
43559|43549
43560|43500
43569|43549
43570|43549
43580|43549
43591|43500
43592|43500
43593|43500
43594|43500
43595|43500
43596|43500
43597|43500
43710|43700
43711|43700
43712|43700
43713|43700
43714|43700
43715|43491
43716|43700
43717|43700
43718|43700
43719|43820
43720|43820
43730|43850
43736|43850
43737|43850
43738|43850
43739|43850
43740|43500
43746|43850
43747|43500
43748|43500
43749|43850
43750|43500
43760|43491
43761|43700
43762|43001
43763|43001
43764|43001
43765|43491
43770|43850
43771|43850
43772|43201
43773|43850
43774|43850
43775|43850
43776|43850
43777|43850
43780|43500
43781|43500
43782|43500
43783|43500
43784|43500
43785|43500
43786|43500
43787|43500
43790|43500
43791|43500
43792|43850
43810|43491
43811|43491
43812|43491
43813|43491
43814|43491
43815|43491
43816|43491
43817|43491
43830|43001
43839|43700
43860|43500
43877|43549
43878|43549
43879|43549
43881|43820
43883|43700
43884|43700
43885|43491
43886|43491
43887|43491
43890|43850
43891|43850
43892|43850
43893|43001
43894|43549
43895|43549
43896|43549
44100|44001
44110|44001
44111|44001
44112|44001
44113|44001
44114|44001
44115|44001
44120|44001
44121|44001
44122|44001
44123|44001
44124|44001
44125|44001
44126|44001
44130|44001
44131|44001
44132|44001
44133|44001
44134|44001
44140|44001
44141|44001
44142|44001
44143|44001
44144|44001
44145|44001
44146|44001
44147|44001
44150|44001
44155|44001
44156|44001
44157|44001
44158|44001
44159|44001
44160|44001
44161|44001
44163|44001
44164|44001
44165|44001
44166|44001
44167|44001
44168|44001
44169|44001
44191|44001
44193|44001
44194|44001
44200|44001
44210|44001
44211|44001
44212|44001
44213|44001
44220|44001
44221|44001
44222|44001
44223|44001
44230|44001
44231|44001
44232|44001
44233|44001
44300|44001
44310|44001
44311|44001
44313|44001
44314|44001
44315|44001
44320|44001
44330|44001
44340|44001
44350|44001
44357|44001
44358|44001
44359|44001
44360|44001
44366|44001
44367|44001
44368|44001
44369|44001
44370|44001
44380|44001
44381|44001
44382|44001
44390|44001
44391|44001
44392|44001
44393|44001
44394|44001
44395|44001
44400|44001
44409|44001
44410|44001
44411|44001
44412|44001
44413|44001
44414|44001
44415|44001
44420|44001
44421|44001
44422|44001
44423|44001
44424|44001
44430|44001
44431|44001
44432|44001
44433|44001
44440|44001
44441|44001
44450|44001
44459|44001
44460|44001
44477|44001
44478|44001
44479|44001
44480|44001
44490|44001
44491|44001
44492|44001
44493|44001
44494|44001
44495|44001
44496|44001
44497|44001
44500|44001
44509|44001
44510|44001
44520|44001
44530|44001
44540|44001
44547|44001
44548|44001
44549|44001
44550|44001
44555|44001
44556|44001
44557|44001
44558|44001
44559|44001
44560|44001
44561|44001
44562|44001
44563|44001
44564|44001
44565|44001
44566|44001
44570|44001
44579|44001
44580|44001
44586|44001
44587|44001
44588|44001
44589|44001
44590|44001
44591|44001
44592|44001
44593|44001
44594|44001
44595|44001
44596|44001
44597|44001
44600|44001
44610|44001
44620|44001
44621|44001
44622|44001
44623|44001
44624|44001
44630|44001
44640|44001
44641|44001
44642|44001
44643|44001
44650|44001
44651|44001
44652|44001
44653|44001
44660|44001
44661|44001
44700|44001
44706|44001
44707|44001
44708|44001
44709|44001
44710|44001
44711|44001
44712|44001
44720|44001
44721|44001
44730|44001
44740|44001
44741|44001
44742|44001
44750|44001
44760|44001
44769|44001
44770|44001
44779|44001
44780|44001
44790|44001
44791|44001
44792|44001
44793|44001
45100|45001
45109|45001
45110|45001
45111|45001
45112|45001
45113|45001
45114|45001
45120|45001
45121|45001
45122|45001
45123|45001
45124|45001
45125|45001
45126|45001
45127|45001
45128|45001
45130|45600
45138|45600
45139|45600
45140|45600
45150|45600
45159|45600
45160|45001
45161|45001
45162|45001
45163|45001
45164|45001
45165|45001
45170|45600
45179|45600
45180|45200
45181|45001
45182|45200
45183|45200
45190|45001
45191|45001
45210|45200
45211|45200
45212|45200
45213|45200
45214|45200
45215|45200
45216|45200
45217|45200
45220|45200
45221|45223
45222|45223
45230|45200
45240|45200
45250|45223
45260|45001
45270|45001
45280|45001
45290|45200
45291|45200
45292|45001
45300|45223
45310|45223
45311|45223
45312|45223
45313|45223
45314|45223
45340|45223
45350|45223
45360|45223
45370|45223
45400|45001
45410|45001
45420|45001
45430|45001
45440|45001
45450|45001
45460|45001
45470|45001
45479|45001
45480|45001
45500|45001
45510|45001
45511|45001
45512|45001
45513|45200
45514|45001
45515|45001
45516|45001
45517|45001
45518|45001
45519|45001
45520|45200
45521|45001
45522|45001
45523|45001
45524|45001
45525|45001
45526|45001
45529|45200
45530|45600
45531|45001
45532|45600
45533|45600
45534|45600
45540|45600
45541|45600
45542|45600
45543|45600
45544|45600
45560|45600
45567|45600
45568|45600
45569|45600
45570|45600
45571|45600
45572|45600
45573|45600
45574|45600
45575|45600
45576|45600
45577|45600
45578|45600
45580|45600
45588|45600
45589|45600
45590|45001
45591|45001
45592|45001
45593|45001
45594|45001
45610|45600
45611|45600
45612|45600
45620|45600
45621|45600
45622|45600
45630|45600
45631|45600
45632|45600
45633|45600
45634|45600
45635|45600
45636|45600
45637|45600
45638|45600
45640|45600
45641|45600
45642|45600
45643|45600
45644|45600
45645|45600
45646|45600
45650|45600
45651|45600
45652|45600
45653|45600
45654|45600
45660|45600
45661|45600
45662|45600
45663|45600
45664|45600
45670|45600
45671|45600
45672|45600
45673|45600
45674|45600
45675|45600
45676|45600
45677|45600
45678|45600
45680|45600
45681|45600
45682|45600
45683|45600
45684|45600
45685|45600
45686|45600
45687|45600
45690|45600
45691|45600
45692|45600
45693|45600
45695|45600
45700|45001
45710|45001
45720|45001
45730|45001
45740|45223
45749|45001
45750|45223
45760|45223
45770|45223
45780|45001
45789|45001
45790|45223
45800|45223
45810|45223
45820|45223
45830|45223
45840|45223
45850|45223
45860|45223
45870|45223
45880|45223
45890|45223
45900|45200
45908|45600
45909|45200
45910|45600
45917|45600
45918|45600
45919|45600
45920|45200
45930|45200
45940|45200
45950|45200
45960|45200
46016|46120
46110|46113
46111|46113
46114|46113
46115|46113
46118|46117
46119|46117
46130|46530
46131|46120
46132|46120
46133|46120
46134|46113
46135|46113
46136|46113
46137|46530
46138|46530
46139|46530
46140|46160
46141|46160
46142|46160
46143|46160
46144|46160
46145|46340
46146|46340
46147|46160
46148|46500
46149|46500
46162|46160
46163|46160
46164|46160
46165|46160
46166|46160
46167|46160
46168|46160
46169|46185
46170|46160
46171|46160
46172|46160
46173|46340
46174|46160
46175|46160
46176|46160
46177|46340
46178|46160
46179|46160
46180|46185
46181|46185
46183|46185
46184|46117
46191|46185
46192|46220
46193|46900
46194|46220
46195|46220
46196|46220
46197|46220
46198|46220
46199|46340
46210|46200
46230|46680
46240|46680
46250|46268
46260|46740
46266|46800
46267|46740
46269|46268
46270|46740
46290|46220
46291|46268
46292|46268
46293|46800
46294|46800
46295|46800
46300|46340
46310|46340
46311|46340
46312|46340
46313|46340
46314|46340
46315|46340
46317|46340
46320|46340
46321|46340
46330|46340
46350|46160
46360|46190
46367|46340
46368|46190
46369|46190
46370|46190
46380|46190
46388|46190
46389|46900
46392|46340
46393|46160
46417|46410
46418|46410
46430|46460
46439|46460
46440|46460
46450|46220
46469|46470
46501|46500
46510|46500
46511|46500
46512|46500
46514|46500
46515|46500
46529|46500
46540|46530
46550|46120
46560|46120
46590|46500
46591|46500
46592|46500
46593|46500
46594|46500
46595|46500
46610|46268
46611|46268
46612|46400
46613|46400
46614|46400
46620|46870
46621|46340
46622|46800
46623|46340
46624|46340
46625|46340
46630|46870
46635|46870
46640|46870
46650|46800
46659|46800
46660|46740
46666|46740
46667|46800
46668|46800
46669|46740
46670|46740
46687|46680
46688|46680
46689|46680
46690|46800
46691|46870
46692|46800
46703|46701
46710|46701
46711|46701
46712|46780
46713|46701
46714|46701
46715|46701
46716|46701
46717|46780
46720|46701
46721|46701
46722|46701
46723|46701
46724|46701
46725|46701
46726|46701
46727|46701
46729|46701
46750|46740
46758|46701
46760|46400
46770|46701
46790|46701
46791|46701
46810|46870
46811|46870
46812|46870
46813|46800
46814|46800
46815|46800
46816|46800
46817|46800
46818|46800
46819|46800
46820|46800
46821|46800
46822|46800
46823|46800
46824|46800
46825|46800
46830|46800
46837|46800
46838|46701
46839|46800
46840|46800
46841|46800
46842|46701
46843|46800
46844|46800
46850|46800
46860|46870
46868|46800
46869|46870
46880|46870
46890|46870
46891|46870
46892|46800
46893|46800
46894|46800
47100|47195
47110|47195
47111|47195
47112|47400
47113|47195
47114|47400
47115|47195
47116|47400
47120|47195
47129|47195
47130|47195
47131|47195
47132|47195
47133|47195
47134|47195
47150|47140
47151|47140
47155|47001
47160|47140
47161|47140
47162|47140
47164|47140
47165|47140
47166|47140
47170|47001
47171|47001
47172|47001
47173|47001
47174|47001
47175|47001
47176|47001
47177|47001
47180|47001
47181|47001
47182|47001
47183|47001
47184|47001
47185|47001
47186|47001
47190|47195
47191|47195
47192|47195
47193|47140
47194|47001
47196|47140
47200|47001
47209|47001
47210|47400
47219|47400
47220|47400
47230|47400
47231|47140
47232|47400
47237|47400
47238|47400
47239|47140
47240|47140
47250|47140
47260|47001
47270|47001
47280|47001
47281|47001
47282|47001
47283|47001
47290|47001
47300|47140
47310|47140
47311|47140
47312|47140
47313|47140
47314|47140
47315|47001
47316|47001
47317|47001
47318|47140
47319|47140
47320|47140
47328|47140
47329|47001
47330|47140
47331|47140
47340|47140
47350|47140
47359|47001
47360|47140
47410|47400
47418|47400
47419|47400
47420|47140
47430|47140
47440|47140
47450|47400
47451|47400
47452|47400
47453|47400
47454|47400
47460|47400
47461|47400
47462|47400
47463|47400
47464|47400
47465|47400
47470|47400
47480|47400
47490|47400
47491|47400
47493|47400
47494|47400
47500|47400
47509|47400
47510|47400
47511|47400
47512|47400
47513|47400
47520|47400
47529|47400
47530|47400
47600|47001
47606|47001
47607|47195
47608|47001
47609|47001
47610|47195
47620|47195
47630|47195
47639|47001
47640|47195
47641|47195
47650|47001
47664|47195
47670|47195
47671|47195
47672|47195
47673|47195
47674|47195
47675|47195
47676|47195
47680|47195
47686|47001
47687|47001
47688|47001
47689|47001
47690|47195
47691|47195
47692|47195
47800|47195
47810|47195
47811|47195
47812|47195
47813|47195
47814|47195
47815|47001
47816|47195
47820|47195
47830|47195
47831|47195
47832|47195
47840|47195
47850|47195
47851|47195
47860|47195
47862|47195
47870|47195
47880|47195
47882|47195
47883|47195
48100|48950
48110|48950
48111|48950
48112|48950
48113|48960
48114|48960
48115|48960
48116|48960
48120|48950
48130|48950
48140|48960
48141|48200
48142|48960
48143|48200
48144|48200
48145|48200
48150|48950
48160|48950
48170|48970
48180|48950
48190|48980
48191|48920
48192|48001
48194|48001
48195|48960
48196|48960
48210|48200
48212|48200
48213|48200
48215|48200
48220|48200
48230|48200
48240|48200
48249|48200
48250|48200
48260|48200
48269|48200
48270|48200
48276|48200
48277|48200
48278|48200
48280|48200
48287|48200
48288|48200
48289|48200
48291|48200
48300|48960
48309|48960
48310|48960
48311|48960
48312|48200
48313|48200
48314|48960
48315|48200
48320|48200
48330|48960
48340|48200
48350|48960
48360|48950
48370|48950
48380|48200
48381|48200
48382|48200
48383|48200
48390|48960
48391|48200
48392|48200
48393|48960
48394|48960
48395|48960
48410|48970
48419|48970
48450|48970
48460|48970
48480|48970
48490|48970
48498|48970
48499|48960
48500|48980
48508|48980
48510|48920
48520|48920
48530|48920
48550|48980
48600|48930
48610|48940
48620|48930
48630|48930
48640|48940
48650|48930
48700|48200
48710|48200
48800|48920
48810|48001
48820|48901
48830|48901
48840|48901
48850|48920
48860|48920
48869|48920
48870|48980
48879|48980
48880|48980
48890|48980
48891|48980
48895|48980
49100|49001
49110|49001
49120|49001
49121|49001
49122|49001
49123|49001
49124|49001
49125|49001
49126|49001
49127|49001
49128|49001
49129|49001
49130|49001
49131|49001
49132|49001
49133|49001
49134|49001
49135|49001
49136|49001
49137|49001
49140|49001
49141|49001
49142|49001
49143|49001
49144|49001
49145|49001
49146|49001
49147|49001
49148|49001
49149|49001
49150|49001
49151|49001
49152|49001
49153|49001
49154|49001
49155|49001
49156|49001
49157|49001
49158|49001
49159|49001
49160|49001
49161|49001
49162|49001
49163|49001
49164|49001
49165|49001
49166|49001
49167|49001
49170|49001
49171|49001
49172|49001
49173|49001
49174|49001
49176|49001
49177|49001
49178|49001
49180|49001
49181|49001
49182|49001
49183|49001
49190|49001
49191|49001
49192|49001
49200|49001
49210|49001
49211|49001
49212|49001
49213|49001
49214|49001
49215|49001
49216|49001
49220|49001
49230|49001
49231|49001
49232|49001
49240|49001
49250|49001
49251|49001
49252|49001
49253|49001
49254|49001
49255|49001
49260|49001
49270|49001
49271|49001
49272|49001
49280|49001
49281|49001
49300|49001
49310|49001
49317|49001
49318|49001
49319|49001
49320|49001
49321|49001
49322|49001
49323|49001
49324|49001
49325|49001
49326|49001
49327|49001
49329|49001
49330|49001
49331|49001
49332|49001
49333|49001
49334|49001
49335|49001
49336|49001
49337|49001
49340|49001
49341|49001
49342|49001
49343|49001
49344|49001
49345|49001
49346|49001
49347|49001
49348|49001
49349|49001
49350|49001
49352|49001
49357|49001
49358|49001
49359|49001
49360|49001
49361|49001
49362|49001
49390|49001
49391|49001
49392|49001
49393|49001
49394|49001
49395|49001
49396|49001
49400|49001
49410|49001
49419|49001
49420|49001
49430|49001
49440|49001
49450|49001
49500|49001
49510|49001
49511|49001
49512|49001
49513|49001
49514|49001
49515|49001
49516|49001
49517|49001
49518|49001
49519|49001
49520|49001
49521|49001
49522|49001
49523|49001
49524|49001
49525|49001
49530|49001
49539|49001
49540|49001
49541|49001
49542|49001
49543|49001
49550|49001
49559|49001
49560|49001
49561|49001
49562|49001
49563|49001
49570|49001
49571|49001
49572|49001
49573|49001
49574|49001
49580|49001
49582|49001
49583|49001
49590|49001
49591|49001
49592|49001
49593|49001
49594|49001
49600|49001
49610|49001
49618|49001
49619|49001
49620|49001
49621|49001
49622|49001
49623|49001
49624|49001
49625|49001
49626|49001
49627|49001
49628|49001
49629|49001
49630|49001
49637|49001
49638|49001
49639|49001
49640|49001
49650|49001
49660|49001
49670|49001
49680|49001
49690|49001
49691|49001
49692|49001
49693|49001
49694|49001
49695|49001
49696|49001
49697|49001
49698|49001
49699|49001
49700|49001
49706|49001
49707|49001
49708|49001
49709|49001
49710|49001
49714|49001
49715|49001
49716|49001
49717|49001
49718|49001
49719|49001
49720|49001
49721|49001
49722|49001
49730|49001
49731|49001
49740|49001
49741|49001
49742|49001
49743|49001
49750|49001
49751|49001
49760|49001
49770|49001
49780|49001
49781|49001
49782|49001
49783|49001
49800|49001
49810|49001
49820|49001
49830|49001
49831|49001
49832|49001
49833|49001
49834|49001
49835|49001
49836|49001
49840|49001
49850|49001
49860|49001
49870|49001
49871|49001
49880|49001
49881|49001
49882|49001
50100|50300
50108|50300
50109|50300
50130|50001
50131|50001
50132|50001
50133|50001
50134|50001
50135|50001
50136|50001
50137|50001
50138|50001
50140|50001
50141|50001
50142|50001
50143|50001
50144|50001
50150|50300
50151|50300
50152|50001
50153|50001
50154|50001
50155|50001
50156|50001
50160|50001
50161|50001
50162|50001
50163|50001
50164|50001
50170|50001
50171|50001
50172|50001
50173|50001
50174|50001
50175|50001
50177|50001
50178|50001
50180|50001
50195|50001
50196|50001
50200|50300
50210|50300
50211|50300
50212|50300
50213|50300
50214|50300
50215|50300
50216|50300
50217|50300
50219|50300
50220|50300
50221|50300
50227|50300
50228|50300
50229|50300
50230|50300
50236|50300
50237|50300
50238|50300
50239|50300
50240|50300
50246|50300
50247|50300
50248|50300
50249|50300
50250|50300
50257|50300
50258|50300
50259|50300
50260|50300
50266|50300
50267|50300
50268|50300
50269|50300
50270|50300
50280|50300
50290|50300
50291|50300
50292|50300
50293|50300
50294|50300
50295|50300
50296|50001
50297|50001
50298|50001
50299|50300
50310|50300
50311|50300
50312|50300
50313|50300
50314|50300
50315|50300
50316|50300
50320|50300
50322|50300
50323|50300
50324|50300
50325|50300
50326|50300
50330|50300
50331|50300
50332|50300
50333|50300
50334|50300
50340|50300
50341|50300
50342|50300
50343|50300
50344|50300
50345|50300
50346|50300
50347|50300
50348|50300
50360|50300
50366|50300
50367|50300
50368|50300
50369|50300
50370|50300
50371|50300
50372|50300
50373|50300
50374|50300
50375|50300
50376|50300
50390|50300
50391|50300
50400|50300
50408|50300
50409|50300
50410|50001
50420|50001
50430|50001
50440|50001
50441|50001
50450|50001
50460|50001
50461|50001
50470|50300
50480|50300
50481|50300
50482|50300
50490|50300
50491|50300
50500|50300
50510|50300
50511|50300
50512|50300
50513|50300
50514|50300
50520|50001
50529|50300
50530|50001
50540|50300
50546|50300
50547|50300
50548|50300
50549|50300
50550|50001
50560|50001
50561|50001
50562|50001
50570|50300
50580|50300
50581|50300
50582|50300
50583|50300
50584|50300
50590|50300
50591|50300
50596|50001
50600|50001
50610|50001
50611|50001
50612|50001
50614|50001
50615|50001
50616|50001
50617|50001
50619|50001
50629|50001
50630|50001
50637|50001
50638|50001
50639|50001
50640|50001
50641|50001
50650|50001
50660|50001
50668|50001
50669|50001
50670|50001
50678|50001
50679|50001
50680|50001
50682|50001
50683|50001
50684|50001
50685|50001
50686|50001
50687|50001
50688|50001
50689|50001
50690|50001
50691|50001
50692|50001
50693|50001
50694|50001
50695|50001
50696|50001
50700|50001
50709|50001
50710|50001
50730|50001
50740|50001
50741|50001
50750|50001
50760|50001
50770|50001
50780|50001
50781|50001
50782|50001
50783|50001
50784|50001
50786|50001
50790|50001
50792|50001
50793|50001
50794|50001
50795|50001
50800|50001
50810|50001
50830|50001
50840|50001
