01001|01059
010014|010590
01002|01059
010029|010590
01003|01059
010035|010590
01004|01059
010040|010590
01006|01059
010066|010590
01008|01059
010088|010590
01009|01059
010091|010590
01010|01059
010105|010590
01011|01059
010112|010590
01013|01059
010133|010590
01014|01059
010148|010590
01016|01059
010164|010590
01017|01059
010170|010590
01018|01059
010186|010590
01019|01059
010199|010590
01020|01059
010203|010590
01021|01059
010210|010590
01022|01059
010225|010590
01023|01059
010231|010590
01027|01059
010278|010590
01028|01059
010284|010590
01030|01059
010301|010590
01031|01059
010318|010590
01032|01059
010323|010590
01033|01059
010339|010590
01034|01059
010344|010590
01036|01059
010360|010590
01037|01059
010376|010590
01039|01059
010395|010590
01041|01059
010416|010590
01042|01059
010421|010590
01043|01059
010437|010590
01044|01059
010442|010590
01046|01059
010468|010590
01047|01059
010474|010590
01049|01059
010493|010590
01051|01059
010513|010590
01052|01059
010528|010590
01053|01059
010534|010590
01054|01059
010549|010590
01055|01059
010552|010590
01056|01059
010565|010590
01057|01059
010571|010590
01058|01059
010587|010590
01060|01059
010604|010590
01061|01059
010611|010590
01062|01059
010626|010590
01063|01059
010632|010590
01901|01059
019015|010590
01902|01059
019020|010590
02001|02003
020019|020030
02002|02009
020024|020096
02004|02037
020045|020371
02005|02003
020058|020030
02006|02037
020061|020371
02007|02003
020077|020030
02008|02081
020083|020812
02010|02009
020100|020096
02011|02037
020117|020371
02012|02003
020122|020030
02013|02009
020138|020096
02014|02081
020143|020812
02015|02003
020156|020030
02016|02081
020169|020812
02017|02037
020175|020371
02018|02009
020181|020096
02019|02081
020194|020812
02020|02009
020208|020096
02021|02003
020215|020030
02022|02003
020220|020030
02023|02009
020236|020096
02024|02003
020241|020030
02025|02009
020254|020096
02026|02003
020267|020030
02027|02009
020273|020096
02028|02037
020289|020371
02029|02003
020292|020030
02030|02037
020306|020371
02031|02037
020313|020371
02032|02003
020328|020030
02033|02009
020334|020096
02034|02003
020349|020030
02035|02003
020352|020030
02036|02003
020365|020030
02038|02003
020387|020030
02039|02009
020390|020096
02040|02003
020404|020030
02041|02003
020411|020030
02042|02037
020426|020371
02043|02081
020432|020812
02044|02037
020447|020371
02045|02003
020450|020030
02046|02003
020463|020030
02047|02003
020479|020030
02048|02081
020485|020812
02049|02037
020498|020371
02050|02003
020501|020030
02051|02009
020518|020096
02052|02003
020523|020030
02053|02081
020539|020812
02054|02003
020544|020030
02055|02037
020557|020371
02056|02037
020560|020371
02057|02081
020576|020812
02058|02037
020582|020371
02059|02003
020595|020030
02060|02003
020609|020030
02061|02009
020616|020096
02062|02081
020621|020812
02063|02037
020637|020371
02064|02003
020642|020030
02065|02003
020655|020030
02066|02003
020668|020030
02067|02037
020674|020371
02068|02081
020680|020812
02069|02081
020693|020812
02070|02081
020707|020812
02071|02003
020714|020030
02072|02037
020729|020371
02073|02003
020735|020030
02074|02037
020740|020371
02075|02003
020753|020030
02076|02037
020766|020371
02077|02009
020772|020096
02078|02003
020788|020030
02079|02003
020791|020030
02080|02081
020805|020812
02082|02009
020827|020096
02083|02003
020833|020030
02084|02037
020848|020371
02085|02081
020851|020812
02086|02037
020864|020371
02901|02003
029010|020030
03001|03063
030015|030633
03002|03122
030020|031225
03003|03009
030036|030092
03004|03050
030041|030507
03005|03059
030054|030591
03006|03063
030067|030633
03007|03009
030073|030092
03008|03009
030089|030092
03010|03009
030106|030092
03012|03015
030128|030152
03013|03019
030134|030190
03016|03009
030165|030092
03017|03009
030171|030092
03020|03009
030204|030092
03021|03009
030211|030092
03022|03009
030226|030092
03023|03140
030232|031409
03024|03015
030247|030152
03025|03099
030250|030993
03026|03063
030263|030633
03027|03011
030279|030113
03028|03009
030285|030092
03029|03063
030298|030633
03030|03063
030302|030633
03032|03009
030324|030092
03033|03011
030330|030113
03034|03015
030345|030152
03035|03009
030358|030092
03036|03009
030361|030092
03037|03011
030377|030113
03038|03009
030383|030092
03039|03009
030396|030092
03040|03063
030400|030633
03041|03047
030417|030475
03042|03082
030422|030823
03043|03140
030438|031409
03044|03099
030443|030993
03045|03018
030456|030187
03046|03050
030469|030507
03048|03018
030481|030187
03049|03015
030494|030152
03051|03140
030514|031409
03052|03140
030529|031409
03053|03079
030535|030797
03054|03011
030540|030113
03055|03015
030553|030152
03056|03009
030566|030092
03057|03139
030572|031395
03058|03015
030588|030152
03060|03009
030605|030092
03061|03015
030612|030152
03062|03015
030627|030152
03064|03015
030648|030152
03067|03009
030670|030092
03068|03011
030686|030113
03069|03139
030699|031395
03070|03015
030703|030152
03071|03063
030710|030633
03072|03009
030725|030092
03073|03009
030731|030092
03074|03015
030746|030152
03075|03011
030759|030113
03076|03133
030762|031339
03077|03019
030778|030190
03078|03059
030784|030591
03080|03099
030801|030993
03081|03047
030818|030475
03083|03079
030839|030797
03084|03009
030844|030092
03085|03047
030857|030475
03086|03009
030860|030092
03088|03093
030882|030937
03089|03066
030895|030664
03091|03063
030916|030633
03092|03009
030921|030092
03094|03011
030942|030113
03095|03063
030955|030633
03096|03079
030968|030797
03097|03063
030974|030633
03098|03139
030980|031395
03100|03047
031007|030475
03101|03063
031014|030633
03102|03063
031029|030633
03103|03009
031035|030092
03105|03066
031053|030664
03106|03009
031066|030092
03107|03011
031072|030113
03109|03015
031091|030152
03110|03063
031105|030633
03111|03099
031112|030993
03112|03139
031127|031395
03113|03015
031133|030152
03114|03019
031148|030190
03115|03063
031151|030633
03116|03066
031164|030664
03117|03063
031170|030633
03118|03015
031186|030152
03120|03133
031203|031339
03123|03066
031231|030664
03124|03139
031246|031395
03125|03047
031259|030475
03127|03018
031278|030187
03128|03082
031284|030823
03129|03079
031297|030797
03130|03011
031301|030113
03131|03063
031318|030633
03132|03009
031323|030092
03134|03009
031344|030092
03135|03063
031357|030633
03136|03063
031360|030633
03137|03063
031376|030633
03138|03063
031382|030633
03901|03063
039016|030633
03903|03133
039037|031339
03904|03059
039042|030591
04001|04102
040010|041024
04002|04102
040025|041024
04004|04053
040046|040530
04005|04102
040059|041024
04006|04053
040062|040530
04007|04003
040078|040031
04008|04066
040084|040669
04009|04066
040097|040669
04010|04079
040101|040792
04011|04079
040118|040792
04012|04102
040123|041024
04014|04102
040144|041024
04015|04079
040157|040792
04016|04100
040160|041002
04017|04053
040176|040530
04018|04053
040182|040530
04019|04066
040195|040669
04020|04003
040209|040031
04021|04053
040216|040530
04022|04100
040221|041002
04023|04102
040237|041024
04024|04013
040242|040139
04026|04053
040268|040530
04027|04066
040274|040669
04028|04102
040280|041024
04029|04003
040293|040031
04030|04102
040307|041024
04031|04053
040314|040530
04032|04100
040329|041002
04033|04066
040335|040669
04034|04053
040340|040530
04035|04100
040353|041002
04036|04053
040366|040530
04037|04053
040372|040530
04038|04102
040388|041024
04041|04079
040412|040792
04043|04102
040433|041024
04044|04053
040448|040530
04045|04102
040451|041024
04046|04102
040464|041024
04047|04013
040470|040139
04048|04100
040486|041002
04049|04100
040499|041002
04050|04013
040502|040139
04051|04102
040519|041024
04052|04013
040524|040139
04054|04102
040545|041024
04055|04102
040558|041024
04056|04053
040561|040530
04057|04102
040577|041024
04058|04053
040583|040530
04059|04100
040596|041002
04060|04066
040600|040669
04061|04053
040617|040530
04062|04053
040622|040530
04063|04053
040638|040530
04064|04100
040643|041002
04065|04102
040656|041024
04067|04102
040675|041024
04068|04066
040681|040669
04069|04053
040694|040530
04070|04053
040708|040530
04071|04102
040715|041024
04072|04053
040720|040530
04073|04003
040736|040031
04074|04013
040741|040139
04075|04100
040754|041002
04076|04053
040767|040530
04077|04102
040773|041024
04078|04013
040789|040139
04080|04102
040806|041024
04081|04079
040813|040792
04082|04066
040828|040669
04083|04053
040834|040530
04084|04053
040849|040530
04085|04053
040852|040530
04086|04066
040865|040669
04087|04053
040871|040530
04088|04066
040887|040669
04089|04053
040890|040530
04090|04066
040904|040669
04091|04102
040911|041024
04092|04053
040926|040530
04093|04100
040932|041002
04094|04066
040947|040669
04095|04066
040950|040669
04096|04053
040963|040530
04097|04066
040979|040669
04098|04053
040985|040530
04099|04053
040998|040530
04101|04013
041019|040139
04103|04053
041030|040530
04901|04102
049011|041024
04903|04102
049032|041024
04904|04902
049047|049026
05001|05019
050013|050198
05002|05019
050028|050198
05005|05019
050052|050198
05007|05019
050071|050198
05008|05019
050087|050198
05010|05019
050104|050198
05012|05019
050126|050198
05013|05019
050132|050198
05014|05019
050147|050198
05015|05019
050150|050198
05016|05019
050163|050198
05017|05019
050179|050198
05018|05019
050185|050198
05021|05019
050219|050198
05022|05019
050224|050198
05023|05019
050230|050198
05024|05019
050245|050198
05025|05019
050258|050198
05026|05019
050261|050198
05027|05019
050277|050198
05029|05019
050296|050198
05030|05019
050300|050198
05033|05019
050338|050198
05034|05019
050343|050198
05035|05019
050356|050198
05036|05019
050369|050198
05037|05019
050375|050198
05038|05019
050381|050198
05039|05019
050394|050198
05040|05019
050408|050198
05041|05019
050415|050198
05042|05019
050420|050198
05043|05019
050436|050198
05044|05019
050441|050198
05045|05019
050454|050198
05046|05019
050467|050198
05047|05019
050473|050198
05048|05019
050489|050198
05049|05019
050492|050198
05051|05019
050512|050198
05052|05019
050527|050198
05053|05019
050533|050198
05054|05019
050548|050198
05055|05019
050551|050198
05056|05019
050564|050198
05057|05019
050570|050198
05058|05019
050586|050198
05059|05019
050599|050198
05060|05019
050603|050198
05061|05019
050610|050198
05062|05019
050625|050198
05063|05019
050631|050198
05064|05019
050646|050198
05065|05019
050659|050198
05066|05019
050662|050198
05067|05019
050678|050198
05069|05019
050697|050198
05070|05019
050701|050198
05072|05019
050723|050198
05073|05019
050739|050198
05074|05019
050744|050198
05075|05019
050757|050198
05076|05019
050760|050198
05077|05019
050776|050198
05078|05019
050782|050198
05079|05019
050795|050198
05080|05019
050809|050198
05081|05019
050816|050198
05082|05019
050821|050198
05083|05019
050837|050198
05084|05019
050842|050198
05085|05019
050855|050198
05086|05019
050868|050198
05087|05019
050874|050198
05088|05019
050880|050198
05089|05019
050893|050198
05090|05019
050907|050198
05092|05019
050929|050198
05093|05019
050935|050198
05094|05019
050940|050198
05095|05019
050953|050198
05096|05019
050966|050198
05097|05019
050972|050198
05099|05019
050991|050198
05100|05019
051005|050198
05101|05019
051012|050198
05102|05019
051027|050198
05103|05019
051033|050198
05104|05019
051048|050198
05105|05019
051051|050198
05106|05019
051064|050198
05107|05019
051070|050198
05108|05019
051086|050198
05109|05019
051099|050198
05110|05019
051103|050198
05112|05019
051125|050198
05113|05019
051131|050198
05114|05019
051146|050198
05115|05019
051159|050198
05116|05019
051162|050198
05117|05019
051178|050198
05118|05019
051184|050198
05119|05019
051197|050198
05120|05019
051201|050198
05121|05019
051218|050198
05122|05019
051223|050198
05123|05019
051239|050198
05124|05019
051244|050198
05125|05019
051257|050198
05126|05019
051260|050198
05127|05019
051276|050198
05128|05019
051282|050198
05129|05019
051295|050198
05130|05019
051309|050198
05131|05019
051316|050198
05132|05019
051321|050198
05133|05019
051337|050198
05134|05019
051342|050198
05135|05019
051355|050198
05136|05019
051368|050198
05138|05019
051380|050198
05139|05019
051393|050198
05140|05019
051407|050198
05141|05019
051414|050198
05142|05019
051429|050198
05143|05019
051435|050198
05144|05019
051440|050198
05145|05019
051453|050198
05147|05019
051472|050198
05148|05019
051488|050198
05149|05019
051491|050198
05151|05019
051511|050198
05152|05019
051526|050198
05153|05019
051532|050198
05154|05019
051547|050198
05155|05019
051550|050198
05156|05019
051563|050198
05157|05019
051579|050198
05158|05019
051585|050198
05159|05019
051598|050198
05160|05019
051602|050198
05161|05019
051619|050198
05162|05019
051624|050198
05163|05019
051630|050198
05164|05019
051645|050198
05165|05019
051658|050198
05166|05019
051661|050198
05167|05019
051677|050198
05168|05019
051683|050198
05169|05019
051696|050198
05170|05019
051700|050198
05171|05019
051717|050198
05172|05019
051722|050198
05173|05019
051738|050198
05174|05019
051743|050198
05175|05019
051756|050198
05176|05019
051769|050198
05177|05019
051775|050198
05178|05019
051781|050198
05179|05019
051794|050198
05180|05019
051808|050198
05181|05019
051815|050198
05182|05019
051820|050198
05183|05019
051836|050198
05184|05019
051841|050198
05185|05019
051854|050198
05186|05019
051867|050198
05187|05019
051873|050198
05188|05019
051889|050198
05189|05019
051892|050198
05190|05019
051906|050198
05191|05019
051913|050198
05192|05019
051928|050198
05193|05019
051934|050198
05194|05019
051949|050198
05195|05019
051952|050198
05196|05019
051965|050198
05197|05019
051971|050198
05198|05019
051987|050198
05199|05019
051990|050198
05200|05019
052004|050198
05201|05019
052011|050198
05204|05019
052047|050198
05205|05019
052050|050198
05206|05019
052063|050198
05207|05019
052079|050198
05208|05019
052085|050198
05209|05019
052098|050198
05210|05019
052102|050198
05211|05019
052119|050198
05212|05019
052124|050198
05213|05019
052130|050198
05214|05019
052145|050198
05215|05019
052158|050198
05216|05019
052161|050198
05217|05019
052177|050198
05218|05019
052183|050198
05219|05019
052196|050198
05220|05019
052200|050198
05221|05019
052217|050198
05222|05019
052222|050198
05224|05019
052243|050198
05225|05019
052256|050198
05226|05019
052269|050198
05227|05019
052275|050198
05228|05019
052281|050198
05229|05019
052294|050198
05230|05019
052308|050198
05231|05019
052315|050198
05232|05019
052320|050198
05233|05019
052336|050198
05234|05019
052341|050198
05235|05019
052354|050198
05236|05019
052367|050198
05237|05019
052373|050198
05238|05019
052389|050198
05239|05019
052392|050198
05240|05019
052406|050198
05241|05019
052413|050198
05242|05019
052428|050198
05243|05019
052434|050198
05244|05019
052449|050198
05245|05019
052452|050198
05246|05019
052465|050198
05247|05019
052471|050198
05249|05019
052490|050198
05251|05019
052510|050198
05252|05019
052525|050198
05253|05019
052531|050198
05254|05019
052546|050198
05256|05019
052562|050198
05257|05019
052578|050198
05258|05019
052584|050198
05259|05019
052597|050198
05260|05019
052601|050198
05261|05019
052618|050198
05262|05019
052623|050198
05263|05019
052639|050198
05264|05019
052644|050198
05265|05019
052657|050198
05266|05019
052660|050198
05267|05019
052676|050198
05901|05019
059014|050198
05902|05019
059029|050198
05903|05019
059035|050198
05904|05019
059040|050198
05905|05019
059053|050198
06001|06153
060016|061535
06002|06011
060021|060114
06003|06011
060037|060114
06004|06011
060042|060114
06005|06015
060055|060153
06006|06015
060068|060153
06007|06015
060074|060153
06008|06011
060080|060114
06009|06083
060093|060830
06010|06015
060107|060153
06012|06083
060129|060830
06013|06011
060135|060114
06014|06011
060140|060114
06016|06015
060166|060153
06017|06153
060172|061535
06018|06153
060188|061535
06019|06011
060191|060114
06020|06011
060205|060114
06021|06011
060212|060114
06022|06011
060227|060114
06023|06153
060233|061535
06024|06011
060248|060114
06025|06083
060251|060830
06026|06011
060264|060114
06027|06011
060270|060114
06028|06153
060286|061535
06029|06044
060299|060444
06030|06153
060303|061535
06031|06083
060310|060830
06032|06083
060325|060830
06033|06153
060331|061535
06034|06011
060346|060114
06035|06153
060359|061535
06036|06153
060362|061535
06037|06015
060378|060153
06038|06083
060384|060830
06039|06153
060397|061535
06040|06011
060401|060114
06041|06044
060418|060444
06042|06015
060423|060153
06043|06083
060439|060830
06045|06011
060457|060114
06046|06083
060460|060830
06047|06153
060476|061535
06048|06153
060482|061535
06049|06011
060495|060114
06050|06011
060508|060114
06051|06153
060515|061535
06052|06011
060520|060114
06053|06011
060536|060114
06054|06011
060541|060114
06055|06011
060554|060114
06056|06153
060567|061535
06057|06153
060573|061535
06058|06083
060589|060830
06059|06153
060592|061535
06060|06044
060606|060444
06061|06044
060613|060444
06062|06153
060628|061535
06063|06153
060634|061535
06064|06044
060649|060444
06065|06011
060652|060114
06066|06015
060665|060153
06067|06011
060671|060114
06068|06011
060687|060114
06069|06011
060690|060114
06070|06011
060704|060114
06071|06011
060711|060114
06072|06011
060726|060114
06073|06011
060732|060114
06074|06011
060747|060114
06075|06153
060750|061535
06076|06011
060763|060114
06077|06011
060779|060114
06078|06153
060785|061535
06079|06044
060798|060444
06080|06044
060802|060444
06081|06011
060819|060114
06082|06044
060824|060444
06084|06083
060845|060830
06085|06011
060858|060114
06086|06011
060861|060114
06087|06153
060877|061535
06088|06083
060883|060830
06089|06011
060896|060114
06090|06083
060900|060830
06091|06153
060917|061535
06092|06011
060922|060114
06093|06015
060938|060153
06094|06011
060943|060114
06095|06015
060956|060153
06096|06153
060969|061535
06097|06153
060975|061535
06098|06011
060981|060114
06099|06011
060994|060114
06100|06153
061008|061535
06101|06153
061015|061535
06102|06153
061020|061535
06103|06083
061036|060830
06104|06011
061041|060114
06105|06011
061054|060114
06106|06011
061067|060114
06107|06083
061073|060830
06108|06011
061089|060114
06109|06044
061092|060444
06110|06011
061106|060114
06111|06153
061113|061535
06112|06044
061128|060444
06113|06011
061134|060114
06114|06153
061149|061535
06115|06083
061152|060830
06116|06011
061165|060114
06117|06011
061171|060114
06118|06153
061187|061535
06119|06083
061190|060830
06120|06044
061204|060444
06121|06011
061211|060114
06122|06011
061226|060114
06123|06015
061232|060153
06124|06011
061247|060114
06125|06153
061250|061535
06126|06011
061263|060114
06127|06153
061279|061535
06128|06015
061285|060153
06129|06015
061298|060153
06130|06153
061302|061535
06131|06011
061319|060114
06132|06083
061324|060830
06133|06011
061330|060114
06134|06011
061345|060114
06135|06083
061358|060830
06136|06011
061361|060114
06137|06153
061377|061535
06138|06044
061383|060444
06139|06011
061396|060114
06140|06015
061400|060153
06141|06011
061417|060114
06142|06011
061422|060114
06143|06015
061438|060153
06144|06011
061443|060114
06145|06083
061456|060830
06146|06044
061469|060444
06147|06011
061475|060114
06148|06011
061481|060114
06149|06011
061494|060114
06150|06011
061507|060114
06151|06011
061514|060114
06152|06011
061529|060114
06154|06015
061540|060153
06155|06015
061553|060153
06156|06153
061566|061535
06157|06153
061572|061535
06158|06011
061588|060114
06159|06015
061591|060153
06160|06044
061605|060444
06161|06153
061612|061535
06162|06011
061627|060114
06901|06015
069017|060153
06902|06015
069022|060153
06903|06015
069038|060153
07001|07036
070012|070368
07002|07032
070027|070321
07004|07031
070048|070316
07005|07011
070051|070110
07006|07033
070064|070337
07007|07011
070070|070110
07008|07027
070086|070276
07009|07027
070099|070276
07010|07036
070103|070368
07012|07027
070125|070276
07013|07031
070131|070316
07014|07033
070146|070337
07016|07036
070162|070368
07017|07027
070178|070276
07018|07036
070184|070368
07019|07027
070197|070276
07020|07040
070201|070407
07021|07011
070218|070110
07022|07033
070223|070337
07023|07015
070239|070159
07024|07026
070244|070260
07025|07036
070257|070368
07028|07027
070282|070276
07029|07027
070295|070276
07030|07027
070309|070276
07034|07027
070342|070276
07035|07027
070355|070276
07037|07032
070374|070321
07038|07031
070380|070316
07039|07027
070393|070276
07041|07033
070414|070337
07042|07003
070429|070033
07043|07031
070435|070316
07044|07027
070440|070276
07045|07011
070453|070110
07047|07027
070472|070276
07049|07033
070491|070337
07050|07054
070504|070547
07051|07033
070511|070337
07052|07032
070526|070321
07053|07036
070532|070368
07055|07003
070550|070033
07056|07036
070563|070368
07057|07033
070579|070337
07058|07027
070585|070276
07059|07031
070598|070316
07060|07027
070602|070276
07061|07036
070619|070368
07062|07033
070624|070337
07063|07036
070630|070368
07064|07032
070645|070321
07065|07033
070658|070337
07901|07033
079013|070337
07902|07015
079028|070159
08001|08147
080018|081477
08002|08102
080023|081022
08003|08118
080039|081189
08004|08112
080044|081120
08005|08086
080057|080863
08006|08121
080060|081213
08007|08035
080076|080351
08008|08102
080082|081022
08009|08121
080095|081213
08010|08113
080109|081136
08011|08113
080116|081136
08012|08113
080121|081136
08013|08305
080137|083054
08014|08086
080142|080863
08016|08112
080168|081120
08017|08298
080174|082981
08018|08113
080180|081136
08020|08089
080207|080898
08021|08102
080214|081022
08022|08112
080229|081120
08023|08086
080235|080863
08024|08112
080240|081120
08025|08076
080253|080765
08026|08298
080266|082981
08027|08305
080272|083054
08028|08076
080288|080765
08029|08219
080291|082191
08030|08219
080305|082191
08031|08102
080312|081022
08032|08121
080327|081213
08033|08051
080333|080517
08034|08113
080348|081136
08036|08102
080364|081022
08037|08298
080370|082981
08038|08113
080386|081136
08039|08035
080399|080351
08040|08035
080403|080351
08041|08086
080410|080863
08042|08086
080425|080863
08043|08231
080431|082310
08044|08102
080446|081022
08045|08113
080459|081136
08046|08086
080462|080863
08047|08113
080478|081136
08048|08102
080484|081022
08049|08113
080497|081136
08050|08112
080500|081120
08052|08112
080522|081120
08053|08076
080538|080765
08054|08196
080543|081960
08055|08051
080556|080517
08057|08112
080575|081120
08058|08307
080581|083073
08059|08102
080594|081022
08060|08102
080608|081022
08061|08113
080615|081136
08062|08113
080620|081136
08063|08102
080636|081022
08064|08051
080641|080517
08065|08305
080654|083054
08066|08114
080667|081141
08067|08298
080673|082981
08068|08263
080689|082634
08069|08076
080692|080765
08070|08298
080706|082981
08071|08102
080713|081022
08072|08196
080728|081960
08074|08307
080749|083073
08075|08121
080752|081213
08078|08113
080787|081136
08079|08298
080790|082981
08080|08112
080804|081120
08081|08086
080811|080863
08082|08163
080826|081635
08083|08298
080832|082981
08084|08113
080847|081136
08085|08305
080850|083054
08087|08051
080879|080517
08088|08086
080885|080863
08090|08113
080902|081136
08091|08114
080919|081141
08092|08298
080924|082981
08093|08112
080930|081120
08094|08305
080945|083054
08095|08051
080958|080517
08097|08035
080977|080351
08098|08113
080983|081136
08099|08112
080996|081120
08100|08298
081000|082981
08103|08102
081038|081022
08104|08102
081043|081022
08105|08125
081056|081252
08106|08086
081069|080863
08107|08096
081075|080961
08108|08096
081081|080961
08109|08112
081094|081120
08110|08163
081108|081635
08111|08298
081115|082981
08115|08124
081154|081249
08116|08112
081167|081120
08117|08112
081173|081120
08119|08076
081192|080765
08120|08051
081206|080517
08122|08102
081228|081022
08126|08118
081265|081189
08127|08076
081271|080765
08128|08113
081287|081136
08129|08298
081290|082981
08130|08113
081304|081136
08131|08112
081311|081120
08132|08113
081326|081136
08133|08102
081332|081022
08134|08086
081347|080863
08135|08124
081350|081249
08136|08124
081363|081249
08137|08086
081379|080863
08138|08298
081385|082981
08139|08051
081398|080517
08140|08113
081402|081136
08141|08113
081419|081136
08142|08112
081424|081120
08143|08102
081430|081022
08144|08112
081445|081120
08145|08305
081458|083054
08146|08305
081461|083054
08148|08231
081483|082310
08149|08298
081496|082981
08150|08112
081509|081120
08151|08298
081516|082981
08152|08102
081521|081022
08153|08219
081537|082191
08154|08305
081542|083054
08155|08163
081555|081635
08156|08124
081568|081249
08157|08196
081574|081960
08158|08123
081580|081234
08159|08124
081593|081249
08160|08112
081607|081120
08161|08076
081614|080765
08162|08076
081629|080765
08164|08305
081640|083054
08165|08102
081653|081022
08166|08112
081666|081120
08167|08260
081672|082606
08168|08305
081688|083054
08170|08102
081705|081022
08171|08298
081712|082981
08174|08305
081748|083054
08175|08113
081751|081136
08176|08102
081764|081022
08177|08112
081770|081120
08178|08113
081786|081136
08179|08147
081799|081477
08181|08096
081810|080961
08182|08113
081825|081136
08183|08112
081831|081120
08185|08102
081859|081022
08188|08298
081884|082981
08189|08102
081897|081022
08190|08112
081901|081120
08191|08113
081918|081136
08192|08113
081923|081136
08193|08035
081939|080351
08195|08112
081957|081120
08197|08121
081976|081213
08198|08086
081982|080863
08199|08298
081995|082981
08201|08112
082016|081120
08202|08035
082021|080351
08203|08035
082037|080351
08204|08089
082042|080898
08206|08305
082068|083054
08207|08086
082074|080863
08208|08114
082080|081141
08209|08125
082093|081252
08210|08051
082107|080517
08212|08298
082129|082981
08213|08113
082135|081136
08214|08172
082140|081727
08215|08112
082153|081120
08216|08112
082166|081120
08218|08113
082188|081136
08220|08298
082205|082981
08222|08114
082227|081141
08223|08051
082233|080517
08224|08086
082248|080863
08225|08112
082251|081120
08226|08102
082264|081022
08227|08305
082270|083054
08228|08102
082286|081022
08229|08113
082299|081136
08230|08172
082303|081727
08232|08305
082325|083054
08233|08112
082331|081120
08234|08086
082346|080863
08235|08035
082359|080351
08236|08305
082362|083054
08237|08112
082378|081120
08239|08051
082397|080517
08240|08305
082401|083054
08241|08298
082418|082981
08242|08113
082423|081136
08243|08112
082439|081120
08244|08217
082444|082172
08246|08298
082460|082981
08247|08298
082476|082981
08248|08086
082482|080863
08249|08305
082495|083054
08250|08102
082508|081022
08251|08305
082515|083054
08253|08112
082536|081120
08254|08112
082541|081120
08255|08298
082554|082981
08256|08124
082567|081249
08257|08102
082573|081022
08258|08298
082589|082981
08259|08086
082592|080863
08261|08163
082613|081635
08262|08113
082628|081136
08264|08121
082649|081213
08265|08112
082652|081120
08267|08051
082671|080517
08268|08112
082687|081120
08269|08298
082690|082981
08271|08112
082711|081120
08272|08112
082726|081120
08273|08305
082732|083054
08274|08113
082747|081136
08275|08112
082750|081120
08276|08086
082763|080863
08277|08113
082779|081136
08278|08298
082785|082981
08280|08112
082802|081120
08281|08118
082819|081189
08282|08118
082824|081189
08283|08298
082830|082981
08284|08163
082845|081635
08285|08112
082858|081120
08286|08102
082861|081022
08287|08305
082877|083054
08288|08305
082883|083054
08289|08263
082896|082634
08290|08147
082900|081477
08291|08147
082917|081477
08292|08102
082922|081022
08293|08112
082938|081120
08294|08121
082943|081213
08295|08263
082956|082634
08296|08118
082969|081189
08297|08102
082975|081022
08299|08112
082994|081120
08300|08147
083008|081477
08302|08102
083020|081022
08303|08112
083036|081120
08304|08305
083041|083054
08306|08121
083067|081213
08308|08113
083089|081136
08901|08112
089019|081120
08902|08096
089024|080961
08903|08112
089030|081120
08904|08252
089045|082520
08905|08263
089058|082634
09001|09059
090011|090597
09003|09018
090032|090183
09006|09219
090063|092194
09007|09219
090079|092194
09009|09059
090098|090597
09010|09059
090102|090597
09011|09059
090119|090597
09012|09059
090124|090597
09013|09219
090130|092194
09014|09059
090145|090597
09016|09219
090161|092194
09017|09018
090177|090183
09019|09018
090196|090183
09020|09018
090200|090183
09021|09018
090217|090183
09022|09018
090222|090183
09023|09059
090238|090597
09024|09059
090243|090597
09025|09059
090256|090597
09026|09059
090269|090597
09027|09059
090275|090597
09029|09059
090294|090597
09030|09059
090308|090597
09032|09018
090320|090183
09033|09018
090336|090183
09034|09059
090341|090597
09035|09018
090354|090183
09036|09219
090367|092194
09037|09059
090373|090597
09038|09059
090389|090597
09039|09059
090392|090597
09041|09059
090413|090597
09043|09219
090434|092194
09044|09059
090449|090597
09045|09059
090452|090597
09046|09219
090465|092194
09047|09059
090471|090597
09048|09219
090487|092194
09050|09219
090503|092194
09051|09018
090510|090183
09052|09219
090525|092194
09054|09219
090546|092194
09055|09018
090559|090183
09056|09219
090562|092194
09057|09219
090578|092194
09058|09059
090584|090597
09060|09219
090601|092194
09061|09018
090618|090183
09062|09018
090623|090183
09063|09059
090639|090597
09064|09018
090644|090183
09065|09018
090657|090183
09066|09059
090660|090597
09067|09018
090676|090183
09068|09219
090682|092194
09070|09018
090709|090183
09071|09059
090716|090597
09072|09059
090721|090597
09073|09059
090737|090597
09074|09059
090742|090597
09075|09059
090755|090597
09076|09219
090768|092194
09077|09219
090774|092194
09078|09059
090780|090597
09079|09059
090793|090597
09082|09219
090829|092194
09083|09059
090835|090597
09084|09018
090840|090183
09085|09018
090853|090183
09086|09059
090866|090597
09088|09059
090888|090597
09090|09059
090905|090597
09091|09059
090912|090597
09093|09059
090933|090597
09094|09018
090948|090183
09095|09059
090951|090597
09098|09219
090986|092194
09100|09059
091003|090597
09101|09059
091010|090597
09102|09219
091025|092194
09103|09018
091031|090183
09104|09018
091046|090183
09105|09018
091059|090183
09108|09059
091084|090597
09109|09219
091097|092194
09110|09059
091101|090597
09112|09018
091123|090183
09113|09059
091139|090597
09114|09059
091144|090597
09115|09219
091157|092194
09117|09018
091176|090183
09119|09059
091195|090597
09120|09219
091209|092194
09122|09018
091221|090183
09123|09059
091237|090597
09124|09219
091242|092194
09125|09059
091255|090597
09127|09018
091274|090183
09128|09059
091280|090597
09129|09219
091293|092194
09130|09219
091307|092194
09131|09018
091314|090183
09132|09219
091329|092194
09133|09059
091335|090597
09134|09219
091340|092194
09135|09219
091353|092194
09136|09018
091366|090183
09137|09018
091372|090183
09138|09018
091388|090183
09139|09018
091391|090183
09140|09018
091405|090183
09141|09018
091412|090183
09143|09059
091433|090597
09144|09018
091448|090183
09148|09059
091486|090597
09149|09219
091499|092194
09151|09018
091519|090183
09152|09018
091524|090183
09154|09018
091545|090183
09155|09018
091558|090183
09159|09059
091596|090597
09160|09018
091600|090183
09162|09059
091622|090597
09163|09018
091638|090183
09164|09018
091643|090183
09166|09059
091669|090597
09167|09059
091675|090597
09168|09018
091681|090183
09169|09059
091694|090597
09170|09018
091708|090183
09172|09059
091720|090597
09173|09059
091736|090597
09174|09018
091741|090183
09175|09059
091754|090597
09176|09059
091767|090597
09177|09059
091773|090597
09178|09219
091789|092194
09179|09018
091792|090183
09180|09059
091806|090597
09181|09059
091813|090597
09182|09059
091828|090597
09183|09059
091834|090597
09184|09059
091849|090597
09189|09219
091890|092194
09190|09219
091904|092194
09191|09059
091911|090597
09192|09219
091926|092194
09194|09018
091947|090183
09195|09059
091950|090597
09196|09059
091963|090597
09197|09059
091979|090597
09198|09059
091985|090597
09199|09018
091998|090183
09200|09059
092002|090597
09201|09018
092019|090183
09202|09059
092024|090597
09206|09059
092061|090597
09208|09059
092083|090597
09209|09219
092096|092194
09211|09059
092117|090597
09213|09219
092138|092194
09214|09219
092143|092194
09215|09219
092156|092194
09216|09059
092169|090597
09217|09219
092175|092194
09218|09018
092181|090183
09220|09219
092208|092194
09221|09059
092215|090597
09223|09059
092236|090597
09224|09059
092241|090597
09225|09018
092254|090183
09226|09059
092267|090597
09227|09059
092273|090597
09228|09018
092289|090183
09229|09018
092292|090183
09230|09219
092306|092194
09231|09018
092313|090183
09232|09059
092328|090597
09235|09018
092352|090183
09236|09059
092365|090597
09238|09219
092387|092194
09239|09018
092390|090183
09241|09059
092411|090597
09242|09059
092426|090597
09243|09059
092432|090597
09244|09059
092447|090597
09246|09018
092463|090183
09247|09059
092479|090597
09248|09059
092485|090597
09249|09059
092498|090597
09250|09059
092501|090597
09251|09219
092518|092194
09253|09018
092539|090183
09255|09219
092557|092194
09256|09018
092560|090183
09257|09059
092576|090597
09258|09059
092582|090597
09259|09059
092595|090597
09261|09018
092616|090183
09262|09059
092621|090597
09265|09059
092655|090597
09266|09059
092668|090597
09267|09018
092674|090183
09268|09018
092680|090183
09269|09059
092693|090597
09270|09018
092707|090183
09272|09059
092729|090597
09273|09059
092735|090597
09274|09059
092740|090597
09275|09059
092753|090597
09276|09219
092766|092194
09277|09059
092772|090597
09279|09018
092791|090183
09280|09219
092805|092194
09281|09018
092812|090183
09283|09219
092833|092194
09287|09059
092870|090597
09288|09059
092886|090597
09289|09018
092899|090183
09292|09059
092925|090597
09294|09018
092946|090183
09295|09018
092959|090183
09297|09059
092978|090597
09298|09219
092984|092194
09301|09059
093018|090597
09302|09018
093023|090183
09303|09059
093039|090597
09304|09059
093044|090597
09306|09059
093060|090597
09307|09219
093076|092194
09308|09219
093082|092194
09309|09018
093095|090183
09310|09059
093109|090597
09311|09059
093116|090597
09312|09018
093121|090183
09314|09059
093142|090597
09315|09059
093155|090597
09316|09059
093168|090597
09317|09059
093174|090597
09318|09059
093180|090597
09321|09018
093214|090183
09323|09059
093235|090597
09325|09018
093253|090183
09326|09059
093266|090597
09327|09059
093272|090597
09328|09059
093288|090597
09329|09219
093291|092194
09330|09059
093305|090597
09332|09059
093327|090597
09334|09059
093348|090597
09335|09059
093351|090597
09337|09018
093370|090183
09338|09059
093386|090597
09339|09018
093399|090183
09340|09059
093403|090597
09343|09059
093431|090597
09345|09018
093459|090183
09346|09059
093462|090597
09347|09219
093478|092194
09348|09059
093484|090597
09350|09059
093500|090597
09351|09059
093517|090597
09352|09018
093522|090183
09353|09219
093538|092194
09354|09059
093543|090597
09355|09018
093556|090183
09356|09018
093569|090183
09358|09018
093581|090183
09360|09219
093608|092194
09361|09059
093615|090597
09362|09059
093620|090597
09363|09059
093636|090597
09365|09018
093654|090183
09366|09018
093667|090183
09368|09059
093689|090597
09369|09018
093692|090183
09372|09059
093728|090597
09373|09059
093734|090597
09374|09059
093749|090597
09375|09059
093752|090597
09377|09059
093771|090597
09378|09018
093787|090183
09380|09018
093804|090183
09381|09059
093811|090597
09382|09059
093826|090597
09384|09059
093847|090597
09386|09059
093863|090597
09387|09018
093879|090183
09388|09059
093885|090597
09389|09059
093898|090597
09390|09018
093902|090183
09391|09018
093919|090183
09392|09219
093924|092194
09394|09219
093945|092194
09395|09059
093958|090597
09396|09018
093961|090183
09398|09059
093983|090597
09400|09018
094000|090183
09403|09018
094038|090183
09405|09018
094056|090183
09406|09059
094069|090597
09407|09059
094075|090597
09408|09219
094081|092194
09409|09059
094094|090597
09410|09219
094108|092194
09411|09059
094115|090597
09412|09219
094120|092194
09413|09059
094136|090597
09414|09059
094141|090597
09415|09059
094154|090597
09416|09059
094167|090597
09417|09059
094173|090597
09418|09059
094189|090597
09419|09219
094192|092194
09421|09018
094213|090183
09422|09219
094228|092194
09423|09219
094234|092194
09424|09219
094249|092194
09425|09018
094252|090183
09427|09059
094271|090597
09428|09018
094287|090183
09429|09059
094290|090597
09430|09059
094304|090597
09431|09059
094311|090597
09432|09018
094326|090183
09433|09059
094332|090597
09434|09059
094347|090597
09437|09059
094379|090597
09438|09018
094385|090183
09439|09059
094398|090597
09440|09018
094402|090183
09441|09059
094419|090597
09442|09059
094424|090597
09443|09059
094430|090597
09444|09059
094445|090597
09445|09059
094458|090597
09446|09059
094461|090597
09447|09059
094477|090597
09448|09059
094483|090597
09449|09059
094496|090597
09450|09018
094509|090183
09451|09018
094516|090183
09454|09219
094542|092194
09455|09059
094555|090597
09456|09059
094568|090597
09458|09059
094580|090597
09460|09059
094607|090597
09463|09059
094635|090597
09464|09018
094640|090183
09466|09059
094666|090597
09467|09059
094672|090597
09471|09059
094712|090597
09472|09059
094727|090597
09473|09059
094733|090597
09476|09059
094764|090597
09478|09059
094786|090597
09480|09059
094803|090597
09482|09059
094825|090597
09483|09018
094831|090183
09485|09219
094859|092194
09901|09059
099012|090597
09902|09059
099027|090597
09903|09219
099033|092194
09904|09059
099048|090597
09905|09059
099051|090597
09906|09059
099064|090597
09907|09059
099070|090597
09908|09219
099086|092194
10001|10148
100015|101480
10002|10037
100020|100377
10003|10148
100036|101480
10004|10037
100041|100377
10005|10148
100054|101480
10006|10148
100067|101480
10007|10037
100073|100377
10008|10037
100089|100377
10009|10037
100092|100377
10010|10037
100106|100377
10011|10148
100113|101480
10012|10037
100128|100377
10013|10037
100134|100377
10014|10148
100149|101480
10015|10148
100152|101480
10016|10148
100165|101480
10017|10148
100171|101480
10018|10037
100187|100377
10019|10148
100190|101480
10020|10037
100204|100377
10021|10037
100211|100377
10022|10148
100226|101480
10023|10037
100232|100377
10024|10148
100247|101480
10025|10148
100250|101480
10026|10148
100263|101480
10027|10037
100279|100377
10028|10148
100285|101480
10029|10037
100298|100377
10030|10148
100302|101480
10031|10037
100319|100377
10032|10037
100324|100377
10033|10148
100330|101480
10034|10148
100345|101480
10035|10148
100358|101480
10036|10148
100361|101480
10038|10148
100383|101480
10039|10148
100396|101480
10040|10148
100400|101480
10041|10148
100417|101480
10042|10148
100422|101480
10043|10037
100438|100377
10044|10037
100443|100377
10045|10148
100456|101480
10046|10037
100469|100377
10047|10148
100475|101480
10048|10148
100481|101480
10049|10037
100494|100377
10050|10148
100507|101480
10051|10148
100514|101480
10052|10037
100529|100377
10053|10148
100535|101480
10054|10148
100540|101480
10055|10148
100553|101480
10056|10148
100566|101480
10057|10148
100572|101480
10058|10148
100588|101480
10059|10148
100591|101480
10060|10148
100605|101480
10061|10037
100612|100377
10062|10037
100627|100377
10063|10148
100633|101480
10064|10148
100648|101480
10065|10148
100651|101480
10066|10037
100664|100377
10067|10148
100670|101480
10068|10148
100686|101480
10069|10037
100699|100377
10070|10148
100703|101480
10071|10148
100710|101480
10072|10148
100725|101480
10073|10037
100731|100377
10075|10148
100759|101480
10076|10148
100762|101480
10077|10037
100778|100377
10078|10148
100784|101480
10079|10148
100797|101480
10080|10148
100801|101480
10081|10148
100818|101480
10082|10037
100823|100377
10083|10148
100839|101480
10084|10148
100844|101480
10085|10148
100857|101480
10086|10148
100860|101480
10087|10148
100876|101480
10088|10148
100882|101480
10089|10148
100895|101480
10090|10148
100909|101480
10091|10148
100916|101480
10092|10037
100921|100377
10093|10148
100937|101480
10094|10037
100942|100377
10095|10037
100955|100377
10096|10148
100968|101480
10097|10148
100974|101480
10098|10037
100980|100377
10099|10148
100993|101480
10100|10148
101007|101480
10101|10148
101014|101480
10102|10037
101029|100377
10103|10148
101035|101480
10104|10148
101040|101480
10105|10148
101053|101480
10106|10148
101066|101480
10107|10148
101072|101480
10108|10148
101088|101480
10109|10037
101091|100377
10110|10148
101105|101480
10111|10148
101112|101480
10112|10037
101127|100377
10113|10037
101133|100377
10114|10148
101148|101480
10115|10037
101151|100377
10116|10148
101164|101480
10117|10148
101170|101480
10118|10037
101186|100377
10119|10037
101199|100377
10120|10148
101203|101480
10121|10037
101210|100377
10122|10148
101225|101480
10123|10148
101231|101480
10124|10148
101246|101480
10125|10037
101259|100377
10126|10037
101262|100377
10127|10148
101278|101480
10128|10148
101284|101480
10129|10148
101297|101480
10130|10148
101301|101480
10131|10148
101318|101480
10132|10148
101323|101480
10133|10037
101339|100377
10134|10148
101344|101480
10135|10148
101357|101480
10136|10148
101360|101480
10137|10148
101376|101480
10138|10148
101382|101480
10139|10148
101395|101480
10140|10148
101409|101480
10141|10148
101416|101480
10142|10148
101421|101480
10143|10148
101437|101480
10144|10148
101442|101480
10145|10037
101455|100377
10146|10148
101468|101480
10147|10148
101474|101480
10149|10037
101493|100377
10150|10148
101506|101480
10151|10148
101513|101480
10152|10148
101528|101480
10153|10037
101534|100377
10154|10148
101549|101480
10155|10148
101552|101480
10156|10148
101565|101480
10157|10148
101571|101480
10158|10037
101587|100377
10159|10148
101590|101480
10160|10148
101604|101480
10161|10037
101611|100377
10162|10037
101626|100377
10163|10037
101632|100377
10164|10148
101647|101480
10165|10037
101650|100377
10166|10037
101663|100377
10167|10148
101679|101480
10168|10037
101685|100377
10169|10037
101698|100377
10170|10037
101702|100377
10171|10148
101719|101480
10172|10148
101724|101480
10173|10148
101730|101480
10174|10148
101745|101480
10175|10148
101758|101480
10176|10148
101761|101480
10177|10037
101777|100377
10178|10037
101783|100377
10179|10148
101796|101480
10180|10148
101800|101480
10181|10148
101817|101480
10182|10148
101822|101480
10183|10148
101838|101480
10184|10148
101843|101480
10185|10148
101856|101480
10186|10148
101869|101480
10187|10148
101875|101480
10188|10037
101881|100377
10189|10148
101894|101480
10190|10148
101908|101480
10191|10148
101915|101480
10192|10037
101920|100377
10193|10037
101936|100377
10194|10037
101941|100377
10195|10037
101954|100377
10196|10148
101967|101480
10197|10148
101973|101480
10198|10037
101989|100377
10199|10148
101992|101480
10200|10148
102006|101480
10201|10037
102013|100377
10202|10148
102028|101480
10203|10037
102034|100377
10204|10148
102049|101480
10205|10148
102052|101480
10206|10148
102065|101480
10207|10148
102071|101480
10208|10037
102087|100377
10209|10037
102090|100377
10210|10148
102104|101480
10211|10148
102111|101480
10212|10148
102126|101480
10213|10148
102132|101480
10214|10148
102147|101480
10215|10148
102150|101480
10216|10148
102163|101480
10217|10037
102179|100377
10218|10148
102185|101480
10219|10037
102198|100377
10901|10148
109016|101480
10902|10148
109021|101480
10903|10148
109037|101480
10904|10148
109042|101480
10905|10148
109055|101480
11001|11008
110012|110086
11002|11006
110027|110064
11003|11006
110033|110064
11005|11006
110051|110064
11009|11006
110099|110064
11010|11006
110103|110064
11011|11006
110110|110064
11013|11008
110131|110086
11017|11006
110178|110064
11018|11006
110184|110064
11019|11006
110197|110064
11021|11033
110218|110337
11023|11015
110239|110159
11024|11006
110244|110064
11025|11006
110257|110064
11026|11006
110260|110064
11029|11006
110295|110064
11034|11006
110342|110064
11035|11008
110355|110086
11036|11006
110368|110064
11037|11032
110374|110321
11038|11006
110380|110064
11039|11007
110393|110070
11040|11006
110407|110064
11041|11006
110414|110064
11042|11006
110429|110064
11901|11007
119013|110070
11902|11006
119028|110064
11903|11033
119034|110337
12001|12028
120017|120287
12002|12126
120022|121264
12003|12027
120038|120271
12004|12027
120043|120271
12005|12084
120056|120846
12006|12084
120069|120846
12007|12126
120075|121264
12008|12126
120081|121264
12010|12126
120108|121264
12011|12126
120115|121264
12012|12126
120120|121264
12013|12084
120136|120846
12014|12027
120141|120271
12015|12084
120154|120846
12016|12126
120167|121264
12017|12084
120173|120846
12018|12126
120189|121264
12020|12084
120206|120846
12021|12135
120213|121359
12022|12126
120228|121264
12024|12084
120249|120846
12025|12084
120252|120846
12026|12028
120265|120287
12029|12028
120290|120287
12031|12040
120311|120402
12033|12028
120332|120287
12034|12027
120347|120271
12036|12027
120363|120271
12037|12027
120379|120271
12038|12027
120385|120271
12039|12126
120398|121264
12041|12084
120419|120846
12042|12027
120424|120271
12043|12084
120430|120846
12044|12027
120445|120271
12045|12027
120458|120271
12046|12084
120461|120846
12048|12084
120483|120846
12049|12084
120496|120846
12050|12028
120509|120287
12051|12028
120516|120287
12052|12027
120521|120271
12053|12126
120537|121264
12055|12084
120555|120846
12056|12126
120568|121264
12057|12126
120574|121264
12058|12084
120580|120846
12059|12084
120593|120846
12060|12084
120607|120846
12061|12027
120614|120271
12063|12084
120635|120846
12064|12084
120640|120846
12065|12084
120653|120846
12067|12126
120672|121264
12068|12138
120688|121384
12069|12084
120691|120846
12070|12027
120705|120271
12071|12126
120712|121264
12072|12084
120727|120846
12073|12084
120733|120846
12074|12126
120748|121264
12075|12027
120751|120271
12076|12084
120764|120846
12077|12126
120770|121264
12078|12084
120786|120846
12079|12084
120799|120846
12080|12027
120803|120271
12081|12126
120810|121264
12082|12126
120825|121264
12083|12027
120831|120271
12085|12028
120859|120287
12087|12027
120878|120271
12088|12084
120884|120846
12089|12027
120897|120271
12090|12084
120901|120846
12091|12027
120918|120271
12092|12084
120923|120846
12093|12138
120939|121384
12094|12028
120944|120287
12095|12084
120957|120846
12096|12138
120960|121384
12097|12126
120976|121264
12098|12027
120982|120271
12099|12138
120995|121384
12100|12027
121009|120271
12101|12138
121016|121384
12102|12027
121021|120271
12103|12028
121037|120287
12104|12126
121042|121264
12105|12028
121055|120287
12106|12126
121068|121264
12107|12126
121074|121264
12108|12084
121080|120846
12109|12084
121093|120846
12110|12126
121107|121264
12111|12027
121114|120271
12112|12027
121129|120271
12113|12084
121135|120846
12114|12126
121140|121264
12115|12084
121153|120846
12116|12084
121166|120846
12117|12028
121172|120287
12118|12084
121188|120846
12119|12028
121191|120287
12120|12028
121205|120287
12121|12138
121212|121384
12122|12040
121227|120402
12123|12084
121233|120846
12124|12028
121248|120287
12125|12126
121251|121264
12127|12027
121270|120271
12128|12040
121286|120402
12129|12084
121299|120846
12130|12084
121303|120846
12131|12084
121310|120846
12132|12028
121325|120287
12133|12084
121331|120846
12134|12028
121346|120287
12136|12126
121362|121264
12137|12027
121378|120271
12139|12084
121397|120846
12140|12084
121401|120846
12141|12027
121418|120271
12142|12084
121423|120846
12901|12135
129018|121359
12902|12040
129023|120402
13001|13071
130013|130718
13002|13034
130028|130343
13003|13071
130034|130718
13004|13087
130049|130874
13006|13034
130065|130343
13007|13034
130071|130343
13008|13087
130087|130874
13009|13071
130090|130718
13010|13082
130104|130821
13011|13071
130111|130718
13012|13071
130126|130718
13013|13034
130132|130343
13014|13087
130147|130874
13015|13071
130150|130718
13016|13087
130163|130874
13017|13034
130179|130343
13018|13005
130185|130052
13019|13082
130198|130821
13020|13071
130202|130718
13021|13034
130219|130343
13022|13034
130224|130343
13023|13087
130230|130874
13024|13071
130245|130718
13025|13071
130258|130718
13026|13071
130261|130718
13027|13071
130277|130718
13028|13005
130283|130052
13029|13034
130296|130343
13030|13034
130300|130343
13031|13034
130317|130343
13032|13087
130322|130874
13033|13087
130338|130874
13035|13034
130356|130343
13036|13034
130369|130343
13037|13087
130375|130874
13038|13071
130381|130718
13039|13034
130394|130343
13040|13034
130408|130343
13041|13034
130415|130343
13042|13071
130420|130718
13043|13087
130436|130874
13044|13034
130441|130343
13045|13087
130454|130874
13046|13071
130467|130718
13047|13005
130473|130052
13048|13071
130489|130718
13049|13034
130492|130343
13050|13005
130505|130052
13051|13034
130512|130343
13052|13034
130527|130343
13053|13087
130533|130874
13054|13087
130548|130874
13055|13071
130551|130718
13056|13034
130564|130343
13057|13087
130570|130874
13058|13087
130586|130874
13059|13034
130599|130343
13060|13034
130603|130343
13061|13082
130610|130821
13062|13034
130625|130343
13063|13034
130631|130343
13064|13034
130646|130343
13065|13034
130659|130343
13066|13034
130662|130343
13067|13034
130678|130343
13068|13034
130684|130343
13069|13087
130697|130874
13070|13005
130701|130052
13072|13034
130723|130343
13073|13034
130739|130343
13074|13087
130744|130874
13075|13071
130757|130718
13076|13087
130760|130874
13077|13087
130776|130874
13078|13082
130782|130821
13079|13087
130795|130874
13080|13071
130809|130718
13081|13087
130816|130874
13083|13034
130837|130343
13084|13087
130842|130874
13085|13087
130855|130874
13086|13034
130868|130343
13088|13034
130880|130343
13089|13082
130893|130821
13090|13087
130907|130874
13091|13071
130914|130718
13092|13087
130929|130874
13093|13087
130935|130874
13094|13071
130940|130718
13095|13034
130953|130343
13096|13005
130966|130052
13097|13005
130972|130052
13098|13087
130988|130874
13901|13034
139014|130343
13902|13082
139029|130821
13903|13082
139035|130821
13904|13005
139040|130052
14001|14021
140018|140214
14002|14042
140023|140425
14003|14021
140039|140214
14004|14055
140044|140556
14005|14021
140057|140214
14006|14021
140060|140214
14007|14055
140076|140556
14008|14021
140082|140214
14009|14021
140095|140214
14010|14038
140109|140386
14011|14021
140116|140214
14012|14021
140121|140214
14013|14038
140137|140386
14014|14021
140142|140214
14015|14055
140155|140556
14016|14021
140168|140214
14017|14042
140174|140425
14018|14021
140180|140214
14019|14042
140193|140425
14020|14021
140207|140214
14022|14055
140229|140556
14023|14021
140235|140214
14024|14038
140240|140386
14025|14042
140253|140425
14026|14021
140266|140214
14027|14042
140272|140425
14028|14021
140288|140214
14029|14049
140291|140497
14030|14049
140305|140497
14031|14055
140312|140556
14032|14021
140327|140214
14033|14021
140333|140214
14034|14021
140348|140214
14035|14021
140351|140214
14036|14049
140364|140497
14037|14038
140370|140386
14039|14055
140399|140556
14040|14042
140403|140425
14041|14042
140410|140425
14043|14021
140431|140214
14044|14042
140446|140425
14045|14038
140459|140386
14046|14042
140462|140425
14047|14021
140478|140214
14048|14038
140484|140386
14050|14021
140500|140214
14051|14021
140517|140214
14052|14021
140522|140214
14053|14049
140538|140497
14054|14021
140543|140214
14057|14042
140575|140425
14058|14038
140581|140386
14059|14042
140594|140425
14060|14042
140608|140425
14061|14021
140615|140214
14062|14021
140620|140214
14063|14055
140636|140556
14064|14021
140641|140214
14065|14042
140654|140425
14066|14021
140667|140214
14067|14021
140673|140214
14068|14021
140689|140214
14069|14021
140692|140214
14070|14021
140706|140214
14071|14021
140713|140214
14072|14021
140728|140214
14073|14021
140734|140214
14074|14021
140749|140214
14075|14055
140752|140556
14901|14049
149019|140497
14902|14042
149024|140425
15001|15017
150011|150177
15003|15017
150032|150177
15004|15036
150047|150367
15006|15078
150063|150780
15007|15002
150079|150026
15008|15017
150085|150177
15009|15017
150098|150177
15010|15017
150102|150177
15011|15073
150119|150737
15012|15078
150124|150780
15013|15002
150130|150026
15014|15019
150145|150196
15015|15036
150158|150367
15016|15019
150161|150196
15018|15036
150183|150367
15020|15073
150200|150737
15021|15031
150217|150315
15022|15054
150222|150546
15023|15002
150238|150026
15024|15005
150243|150050
15025|15054
150256|150546
15027|15017
150275|150177
15028|15073
150281|150737
15029|15019
150294|150196
15032|15017
150320|150177
15033|15002
150336|150026
15034|15002
150341|150026
15035|15036
150354|150367
15037|15073
150373|150737
15038|15031
150389|150315
15039|15017
150392|150177
15040|15019
150406|150196
15041|15005
150413|150050
15042|15002
150428|150026
15043|15019
150434|150196
15044|15054
150449|150546
15045|15002
150452|150026
15046|15078
150465|150780
15047|15031
150471|150315
15048|15058
150487|150584
15049|15054
150490|150546
15050|15036
150503|150367
15051|15036
150510|150367
15052|15019
150525|150196
15053|15073
150531|150737
15055|15054
150559|150546
15056|15002
150562|150026
15057|15002
150578|150026
15059|15031
150597|150315
15060|15078
150601|150780
15061|15054
150618|150546
15062|15002
150623|150026
15064|15017
150644|150177
15065|15002
150657|150026
15066|15078
150660|150780
15067|15073
150676|150737
15068|15019
150682|150196
15069|15036
150695|150367
15070|15054
150709|150546
15071|15073
150716|150737
15072|15073
150721|150737
15074|15002
150742|150026
15075|15058
150755|150584
15076|15054
150768|150546
15077|15002
150774|150026
15079|15078
150793|150780
15080|15017
150807|150177
15081|15054
150814|150546
15082|15078
150829|150780
15083|15017
150835|150177
15084|15019
150840|150196
15085|15078
150853|150780
15086|15078
150866|150780
15087|15054
150872|150546
15088|15002
150888|150026
15089|15078
150891|150780
15090|15017
150905|150177
15091|15058
150912|150584
15092|15019
150927|150196
15093|15019
150933|150196
15901|15054
159012|150546
15902|15017
159027|150177
16001|16078
160014|160783
16002|16078
160029|160783
16003|16078
160035|160783
16004|16078
160040|160783
16005|16078
160053|160783
16006|16078
160066|160783
16007|16078
160072|160783
16008|16078
160088|160783
16009|16078
160091|160783
16010|16078
160105|160783
16011|16078
160112|160783
16012|16078
160127|160783
16013|16078
160133|160783
16014|16078
160148|160783
16015|16078
160151|160783
16016|16078
160164|160783
16017|16078
160170|160783
16018|16078
160186|160783
16019|16078
160199|160783
16020|16078
160203|160783
16022|16078
160225|160783
16023|16078
160231|160783
16024|16078
160246|160783
16025|16078
160259|160783
16026|16078
160262|160783
16027|16078
160278|160783
16029|16078
160297|160783
16030|16078
160301|160783
16031|16078
160318|160783
16032|16078
160323|160783
16033|16078
160339|160783
16034|16078
160344|160783
16035|16078
160357|160783
16036|16078
160360|160783
16038|16078
160382|160783
16039|16078
160395|160783
16040|16078
160409|160783
16041|16078
160416|160783
16042|16078
160421|160783
16043|16078
160437|160783
16044|16078
160442|160783
16045|16078
160455|160783
16046|16078
160468|160783
16047|16078
160474|160783
16048|16078
160480|160783
16049|16078
160493|160783
16050|16078
160506|160783
16051|16078
160513|160783
16052|16078
160528|160783
16053|16078
160534|160783
16055|16078
160552|160783
16056|16078
160565|160783
16057|16078
160571|160783
16058|16078
160587|160783
16060|16078
160604|160783
16061|16078
160611|160783
16062|16078
160626|160783
16063|16078
160632|160783
16064|16078
160647|160783
16065|16078
160650|160783
16066|16078
160663|160783
16067|16078
160679|160783
16068|16078
160685|160783
16070|16078
160702|160783
16071|16078
160719|160783
16072|16078
160724|160783
16073|16078
160730|160783
16074|16078
160745|160783
16079|16078
160796|160783
16081|16078
160817|160783
16082|16078
160822|160783
16083|16078
160838|160783
16084|16078
160843|160783
16085|16078
160856|160783
16086|16078
160869|160783
16087|16078
160875|160783
16088|16078
160881|160783
16089|16078
160894|160783
16091|16078
160915|160783
16092|16078
160920|160783
16093|16078
160936|160783
16094|16078
160941|160783
16095|16078
160954|160783
16096|16078
160967|160783
16097|16078
160973|160783
16098|16078
160989|160783
16099|16078
160992|160783
16100|16078
161006|160783
16101|16078
161013|160783
16102|16078
161028|160783
16103|16078
161034|160783
16104|16078
161049|160783
16106|16078
161065|160783
16107|16078
161071|160783
16108|16078
161087|160783
16109|16078
161090|160783
16110|16078
161104|160783
16111|16078
161111|160783
16112|16078
161126|160783
16113|16078
161132|160783
16115|16078
161150|160783
16116|16078
161163|160783
16117|16078
161179|160783
16118|16078
161185|160783
16119|16078
161198|160783
16121|16078
161219|160783
16122|16078
161224|160783
16123|16078
161230|160783
16124|16078
161245|160783
16125|16078
161258|160783
16126|16078
161261|160783
16128|16078
161283|160783
16129|16078
161296|160783
16130|16078
161300|160783
16131|16078
161317|160783
16132|16078
161322|160783
16133|16078
161338|160783
16134|16078
161343|160783
16135|16078
161356|160783
16137|16078
161375|160783
16139|16078
161394|160783
16140|16078
161408|160783
16141|16078
161415|160783
16142|16078
161420|160783
16143|16078
161436|160783
16145|16078
161454|160783
16146|16078
161467|160783
16147|16078
161473|160783
16148|16078
161489|160783
16149|16078
161492|160783
16150|16078
161505|160783
16151|16078
161512|160783
16152|16078
161527|160783
16153|16078
161533|160783
16154|16078
161548|160783
16155|16078
161551|160783
16156|16078
161564|160783
16157|16078
161570|160783
16158|16078
161586|160783
16159|16078
161599|160783
16160|16078
161603|160783
16161|16078
161610|160783
16162|16078
161625|160783
16163|16078
161631|160783
16165|16078
161659|160783
16166|16078
161662|160783
16167|16078
161678|160783
16169|16078
161697|160783
16170|16078
161701|160783
16171|16078
161718|160783
16172|16078
161723|160783
16173|16078
161739|160783
16174|16078
161744|160783
16175|16078
161757|160783
16176|16078
161760|160783
16177|16078
161776|160783
16181|16078
161816|160783
16185|16078
161855|160783
16186|16078
161868|160783
16187|16078
161874|160783
16188|16078
161880|160783
16189|16078
161893|160783
16190|16078
161907|160783
16191|16078
161914|160783
16192|16078
161929|160783
16193|16078
161935|160783
16194|16078
161940|160783
16195|16078
161953|160783
16196|16078
161966|160783
16197|16078
161972|160783
16198|16078
161988|160783
16199|16078
161991|160783
16202|16078
162027|160783
16203|16078
162033|160783
16204|16078
162048|160783
16205|16078
162051|160783
16206|16078
162064|160783
16209|16078
162099|160783
16211|16078
162110|160783
16212|16078
162125|160783
16213|16078
162131|160783
16215|16078
162159|160783
16216|16078
162162|160783
16217|16078
162178|160783
16218|16078
162184|160783
16219|16078
162197|160783
16224|16078
162244|160783
16225|16078
162257|160783
16227|16078
162276|160783
16228|16078
162282|160783
16231|16078
162316|160783
16234|16078
162342|160783
16236|16078
162368|160783
16237|16078
162374|160783
16238|16078
162380|160783
16239|16078
162393|160783
16240|16078
162407|160783
16242|16078
162429|160783
16243|16078
162435|160783
16244|16078
162440|160783
16245|16078
162453|160783
16246|16078
162466|160783
16247|16078
162472|160783
16248|16078
162488|160783
16249|16078
162491|160783
16250|16078
162504|160783
16251|16078
162511|160783
16253|16078
162532|160783
16254|16078
162547|160783
16255|16078
162550|160783
16258|16078
162585|160783
16259|16078
162598|160783
16263|16078
162630|160783
16264|16078
162645|160783
16265|16078
162658|160783
16266|16078
162661|160783
16269|16078
162696|160783
16270|16078
162700|160783
16271|16078
162717|160783
16272|16078
162722|160783
16273|16078
162738|160783
16274|16078
162743|160783
16275|16078
162756|160783
16276|16078
162769|160783
16277|16078
162775|160783
16278|16078
162781|160783
16279|16078
162794|160783
16280|16078
162808|160783
16901|16078
169015|160783
16902|16078
169020|160783
16903|16078
169036|160783
16904|16078
169041|160783
16905|16078
169054|160783
16906|16078
169067|160783
16908|16078
169089|160783
16909|16078
169092|160783
16910|16078
169106|160783
17001|17066
170010|170669
17002|17155
170025|171557
17003|17066
170031|170669
17004|17152
170046|171523
17005|17066
170059|170669
17006|17114
170062|171143
17007|17155
170078|171557
17008|17155
170084|171557
17009|17155
170097|171557
17010|17114
170101|171143
17011|17152
170118|171523
17012|17066
170123|170669
17013|17117
170139|171175
17014|17066
170144|170669
17016|17015
170160|170157
17018|17117
170182|171175
17019|17015
170195|170157
17020|17155
170209|171557
17021|17015
170216|170157
17022|17117
170221|171175
17024|17114
170242|171143
17025|17079
170255|170792
17026|17066
170268|170669
17027|17023
170274|170237
17028|17155
170280|171557
17029|17066
170293|170669
17030|17066
170307|170669
17031|17066
170314|170669
17032|17152
170329|171523
17033|17095
170335|170950
17034|17160
170340|171609
17035|17015
170353|170157
17036|17114
170366|171143
17037|17114
170372|171143
17038|17155
170388|171557
17039|17114
170391|171143
17040|17015
170405|170157
17041|17066
170412|170669
17042|17066
170427|170669
17043|17114
170433|171143
17044|17079
170448|170792
17046|17114
170464|171143
17047|17152
170470|171523
17048|17160
170486|171609
17049|17079
170499|170792
17050|17079
170502|170792
17051|17066
170519|170669
17052|17066
170524|170669
17054|17152
170545|171523
17055|17079
170558|170792
17056|17015
170561|170157
17057|17079
170577|170792
17058|17015
170583|170157
17060|17066
170600|170669
17061|17114
170617|171143
17062|17152
170622|171523
17063|17155
170638|171557
17064|17066
170643|170669
17065|17015
170656|170157
17067|17079
170675|170792
17068|17079
170681|170792
17069|17114
170694|171143
17070|17117
170708|171175
17071|17015
170715|170157
17073|17155
170736|171557
17074|17066
170741|170669
17075|17066
170754|170669
17076|17066
170767|170669
17077|17066
170773|170669
17078|17114
170789|171143
17080|17114
170806|171143
17081|17117
170813|171175
17082|17114
170828|171143
17083|17023
170834|170237
17084|17114
170849|171143
17085|17079
170852|170792
17086|17066
170865|170669
17087|17079
170871|170792
17088|17066
170887|170669
17089|17160
170890|171609
17090|17079
170904|170792
17091|17114
170911|171143
17092|17152
170926|171523
17093|17066
170932|170669
17094|17114
170947|171143
17096|17114
170963|171143
17097|17079
170979|170792
17098|17015
170985|170157
17099|17114
170998|171143
17100|17066
171002|170669
17101|17023
171019|170237
17102|17066
171024|170669
17103|17023
171030|170237
17105|17015
171058|170157
17106|17066
171061|170669
17107|17114
171077|171143
17109|17114
171096|171143
17110|17117
171100|171175
17111|17066
171117|170669
17112|17114
171122|171143
17115|17066
171156|170669
17116|17155
171169|171557
17118|17117
171181|171175
17119|17066
171194|170669
17120|17152
171208|171523
17121|17117
171215|171175
17123|17015
171236|170157
17124|17117
171241|171175
17125|17114
171254|171143
17126|17117
171267|171175
17128|17152
171289|171523
17129|17066
171292|170669
17130|17079
171306|170792
17132|17066
171328|170669
17133|17114
171334|171143
17134|17114
171349|171143
17135|17066
171352|170669
17136|17066
171365|170669
17137|17015
171371|170157
17138|17152
171387|171523
17139|17114
171390|171143
17140|17152
171404|171523
17141|17114
171411|171143
17142|17079
171426|170792
17143|17066
171432|170669
17144|17117
171447|171175
17145|17114
171450|171143
17146|17023
171463|170237
17147|17114
171479|171143
17148|17023
171485|170237
17149|17114
171498|171143
17150|17155
171501|171557
17151|17066
171518|170669
17153|17079
171539|170792
17154|17114
171544|171143
17157|17155
171576|171557
17158|17066
171582|170669
17159|17023
171595|170237
17161|17114
171616|171143
17162|17015
171621|170157
17163|17155
171637|171557
17164|17155
171642|171557
17165|17114
171655|171143
17166|17079
171668|170792
17167|17114
171674|171143
17168|17079
171680|170792
17169|17079
171693|170792
17170|17114
171707|171143
17171|17066
171714|170669
17172|17155
171729|171557
17173|17079
171735|170792
17174|17015
171740|170157
17175|17066
171753|170669
17176|17066
171766|170669
17177|17114
171772|171143
17178|17152
171788|171523
17180|17155
171805|171557
17181|17160
171812|171609
17182|17066
171827|170669
17183|17015
171833|170157
17184|17114
171848|171143
17185|17114
171851|171143
17186|17079
171864|170792
17187|17015
171870|170157
17188|17152
171886|171523
17189|17155
171899|171557
17190|17015
171903|170157
17191|17117
171910|171175
17192|17114
171925|171143
17193|17155
171931|171557
17194|17114
171946|171143
17195|17117
171959|171175
17196|17066
171962|170669
17197|17117
171978|171175
17198|17066
171984|170669
17199|17117
171997|171175
17200|17114
172001|171143
17201|17114
172018|171143
17202|17095
172023|170950
17203|17079
172039|170792
17204|17117
172044|171175
17205|17117
172057|171175
17206|17114
172060|171143
17207|17114
172076|171143
17208|17114
172082|171143
17209|17117
172095|171175
17210|17066
172109|170669
17211|17079
172116|170792
17212|17114
172121|171143
17213|17095
172137|170950
17214|17066
172142|170669
17215|17155
172155|171557
17216|17015
172168|170157
17217|17152
172174|171523
17218|17015
172180|170157
17220|17155
172207|171557
17221|17066
172214|170669
17222|17066
172229|170669
17223|17152
172235|171523
17224|17114
172240|171143
17225|17066
172253|170669
17226|17066
172266|170669
17227|17066
172272|170669
17228|17066
172288|170669
17230|17066
172305|170669
17232|17066
172327|170669
17233|17155
172333|171557
17234|17066
172348|170669
17901|17079
179011|170792
17902|17117
179026|171175
17903|17155
179032|171557
18001|18905
180016|189056
18002|18023
180021|180233
18003|18022
180037|180227
18004|18140
180042|181400
18005|18023
180055|180233
18006|18140
180068|181400
18007|18017
180074|180172
18010|18023
180107|180233
18011|18087
180114|180877
18012|18122
180129|181226
18013|18905
180135|189056
18014|18905
180140|189056
18015|18023
180153|180233
18016|18140
180166|181400
18018|18023
180188|180233
18020|18017
180205|180172
18024|18087
180248|180877
18025|18087
180251|180877
18027|18023
180270|180233
18028|18022
180286|180227
18029|18023
180299|180233
18030|18193
180303|181937
18032|18193
180325|181937
18033|18140
180331|181400
18034|18905
180346|189056
18035|18140
180359|181400
18036|18193
180362|181937
18037|18022
180378|180227
18038|18022
180384|180227
18039|18023
180397|180233
18040|18193
180401|181937
18042|18193
180423|181937
18043|18140
180439|181400
18044|18140
180444|181400
18045|18023
180457|180233
18046|18023
180460|180233
18047|18193
180476|181937
18048|18905
180482|189056
18049|18087
180495|180877
18050|18127
180508|181279
18051|18022
180515|180227
18053|18023
180536|180233
18054|18087
180541|180877
18056|18023
180567|180233
18057|18905
180573|189056
18059|18905
180592|189056
18061|18905
180613|189056
18062|18021
180628|180212
18063|18087
180634|180877
18064|18023
180649|180233
18065|18022
180652|180227
18066|18022
180665|180227
18067|18087
180671|180877
18068|18193
180687|181937
18069|18023
180690|180233
18070|18087
180704|180877
18071|18193
180711|181937
18072|18905
180726|189056
18074|18023
180747|180233
18076|18023
180763|180233
18077|18905
180779|189056
18078|18023
180785|180233
18079|18022
180798|180227
18082|18023
180824|180233
18083|18087
180830|180877
18084|18193
180845|181937
18085|18023
180858|180233
18086|18023
180861|180233
18088|18022
180883|180227
18089|18023
180896|180233
18093|18140
180938|181400
18094|18193
180943|181937
18095|18127
180956|181279
18096|18087
180969|180877
18097|18023
180975|180233
18098|18023
180981|180233
18099|18087
180994|180877
18100|18122
181008|181226
18101|18193
181015|181937
18102|18022
181020|180227
18103|18017
181036|180172
18105|18022
181054|180227
18106|18017
181067|180172
18107|18017
181073|180172
18108|18193
181089|181937
18109|18017
181092|180172
18111|18087
181113|180877
18112|18140
181128|181400
18114|18023
181149|180233
18115|18022
181152|180227
18116|18140
181165|181400
18117|18193
181171|181937
18119|18193
181190|181937
18120|18017
181204|180172
18121|18140
181211|181400
18123|18087
181232|180877
18124|18140
181247|181400
18126|18905
181263|189056
18128|18087
181285|180877
18132|18022
181324|180227
18133|18017
181330|180172
18134|18193
181345|181937
18135|18122
181358|181226
18136|18022
181361|180227
18137|18022
181377|180227
18138|18122
181383|181226
18141|18140
181417|181400
18143|18193
181438|181937
18144|18087
181443|180877
18145|18021
181456|180212
18146|18023
181469|180233
18147|18140
181475|181400
18148|18017
181481|180172
18149|18905
181494|189056
18150|18905
181507|189056
18151|18193
181514|181937
18152|18023
181529|180233
18153|18127
181535|181279
18154|18087
181540|180877
18157|18193
181572|181937
18158|18022
181588|180227
18159|18127
181591|181279
18161|18087
181612|180877
18162|18140
181627|181400
18163|18193
181633|181937
18164|18023
181648|180233
18165|18127
181651|181279
18167|18087
181670|180877
18168|18087
181686|180877
18170|18140
181703|181400
18171|18122
181710|181226
18173|18140
181731|181400
18174|18122
181746|181226
18175|18022
181759|180227
18176|18193
181762|181937
18177|18140
181778|181400
18178|18087
181784|180877
18179|18140
181797|181400
18180|18193
181801|181937
18181|18140
181818|181400
18182|18140
181823|181400
18183|18193
181839|181937
18184|18140
181844|181400
18185|18905
181857|189056
18187|18023
181876|180233
18188|18122
181882|181226
18189|18087
181895|180877
18192|18122
181921|181226
18194|18023
181942|180233
18901|18140
189017|181400
18902|18193
189022|181937
18903|18023
189038|180233
18904|18193
189043|181937
18906|18017
189069|180172
18907|18023
189075|180233
18908|18193
189081|181937
18909|18087
189094|180877
18910|18140
189108|181400
18911|18905
189115|189056
18912|18023
189120|180233
18913|18122
189136|181226
18914|18022
189141|180227
18915|18022
189154|180227
18916|18140
189167|181400
19001|19130
190019|191305
19002|19130
190024|191305
19003|19130
190030|191305
19004|19130
190045|191305
19005|19130
190058|191305
19006|19046
190061|190463
19007|19046
190077|190463
19008|19130
190083|191305
19009|19130
190096|191305
19010|19130
190100|191305
19011|19130
190117|191305
19013|19130
190138|191305
19015|19130
190156|191305
19016|19130
190169|191305
19017|19130
190175|191305
19018|19130
190181|191305
19019|19130
190194|191305
19020|19130
190208|191305
19021|19046
190215|190463
19022|19046
190220|190463
19023|19130
190236|191305
19024|19046
190241|190463
19027|19130
190273|191305
19031|19130
190313|191305
19032|19130
190328|191305
19033|19130
190334|191305
19034|19130
190349|191305
19036|19046
190365|190463
19037|19130
190371|191305
19038|19130
190387|191305
19039|19130
190390|191305
19040|19130
190404|191305
19041|19130
190411|191305
19042|19130
190426|191305
19043|19130
190432|191305
19044|19130
190447|191305
19045|19130
190450|191305
19047|19130
190479|191305
19048|19130
190485|191305
19049|19130
190498|191305
19050|19130
190501|191305
19051|19130
190518|191305
19052|19130
190523|191305
19053|19130
190539|191305
19054|19130
190544|191305
19055|19130
190557|191305
19057|19130
190576|191305
19058|19130
190582|191305
19059|19130
190595|191305
19060|19130
190609|191305
19061|19130
190616|191305
19064|19130
190642|191305
19065|19130
190655|191305
19066|19130
190668|191305
19067|19130
190674|191305
19070|19130
190707|191305
19071|19130
190714|191305
19073|19130
190735|191305
19074|19130
190740|191305
19075|19130
190753|191305
19076|19130
190766|191305
19078|19130
190788|191305
19079|19130
190791|191305
19080|19130
190805|191305
19081|19130
190812|191305
19082|19130
190827|191305
19086|19130
190864|191305
19087|19130
190870|191305
19088|19130
190886|191305
19089|19130
190899|191305
19090|19130
190903|191305
19091|19130
190910|191305
19092|19130
190925|191305
19095|19130
190959|191305
19096|19130
190962|191305
19097|19130
190978|191305
19098|19130
190984|191305
19099|19130
190997|191305
19102|19130
191023|191305
19103|19130
191039|191305
19104|19130
191044|191305
19105|19046
191057|190463
19106|19130
191060|191305
19107|19046
191076|190463
19108|19130
191082|191305
19109|19130
191095|191305
19110|19130
191109|191305
19111|19046
191116|190463
19112|19046
191121|190463
19113|19130
191137|191305
19114|19130
191142|191305
19115|19130
191155|191305
19116|19130
191168|191305
19117|19130
191174|191305
19118|19130
191180|191305
19119|19130
191193|191305
19120|19130
191207|191305
19121|19130
191214|191305
19122|19130
191229|191305
19123|19130
191235|191305
19124|19046
191240|190463
19125|19130
191253|191305
19126|19130
191266|191305
19127|19130
191272|191305
19129|19130
191291|191305
19132|19130
191327|191305
19133|19130
191333|191305
19134|19130
191348|191305
19135|19130
191351|191305
19136|19130
191364|191305
19138|19130
191386|191305
19139|19130
191399|191305
19142|19046
191425|190463
19143|19130
191431|191305
19145|19130
191459|191305
19146|19130
191462|191305
19147|19130
191478|191305
19148|19130
191484|191305
19150|19130
191500|191305
19151|19130
191517|191305
19152|19046
191522|190463
19153|19130
191538|191305
19154|19130
191543|191305
19155|19130
191556|191305
19156|19130
191569|191305
19157|19130
191575|191305
19159|19130
191594|191305
19160|19046
191608|190463
19161|19130
191615|191305
19162|19130
191620|191305
19163|19130
191636|191305
19165|19130
191654|191305
19166|19130
191667|191305
19167|19130
191673|191305
19168|19130
191689|191305
19169|19130
191692|191305
19170|19130
191706|191305
19171|19130
191713|191305
19172|19130
191728|191305
19173|19130
191734|191305
19174|19130
191749|191305
19175|19130
191752|191305
19176|19046
191765|190463
19177|19130
191771|191305
19178|19130
191787|191305
19179|19130
191790|191305
19181|19130
191811|191305
19182|19130
191826|191305
19183|19130
191832|191305
19184|19130
191847|191305
19185|19130
191850|191305
19186|19130
191863|191305
19187|19130
191879|191305
19188|19130
191885|191305
19189|19130
191898|191305
19190|19130
191902|191305
19191|19130
191919|191305
19192|19046
191924|190463
19193|19130
191930|191305
19194|19130
191945|191305
19195|19130
191958|191305
19196|19130
191961|191305
19197|19130
191977|191305
19198|19130
191983|191305
19199|19130
191996|191305
19200|19130
192000|191305
19201|19130
192017|191305
19202|19130
192022|191305
19203|19130
192038|191305
19204|19130
192043|191305
19208|19130
192081|191305
19209|19130
192094|191305
19210|19130
192108|191305
19211|19130
192115|191305
19212|19046
192120|190463
19213|19130
192136|191305
19214|19130
192141|191305
19215|19130
192154|191305
19216|19130
192167|191305
19217|19130
192173|191305
19218|19130
192189|191305
19219|19130
192192|191305
19220|19046
192206|190463
19221|19130
192213|191305
19222|19130
192228|191305
19223|19130
192234|191305
19224|19046
192249|190463
19225|19046
192252|190463
19226|19130
192265|191305
19227|19130
192271|191305
19228|19130
192287|191305
19229|19130
192290|191305
19230|19046
192304|190463
19231|19130
192311|191305
19232|19130
192326|191305
19233|19046
192332|190463
19234|19130
192347|191305
19235|19130
192350|191305
19237|19130
192379|191305
19238|19130
192385|191305
19239|19130
192398|191305
19240|19130
192402|191305
19241|19130
192419|191305
19242|19130
192424|191305
19243|19130
192430|191305
19244|19130
192445|191305
19245|19130
192458|191305
19246|19130
192461|191305
19247|19130
192477|191305
19248|19130
192483|191305
19249|19130
192496|191305
19250|19130
192509|191305
19251|19130
192516|191305
19252|19130
192521|191305
19254|19130
192542|191305
19255|19130
192555|191305
19256|19130
192568|191305
19257|19130
192574|191305
19258|19130
192580|191305
19259|19130
192593|191305
19260|19130
192607|191305
19261|19130
192614|191305
19262|19130
192629|191305
19263|19130
192635|191305
19264|19130
192640|191305
19265|19130
192653|191305
19266|19130
192666|191305
19267|19130
192672|191305
19268|19130
192688|191305
19269|19130
192691|191305
19270|19130
192705|191305
19271|19130
192712|191305
19272|19130
192727|191305
19274|19130
192748|191305
19277|19130
192770|191305
19278|19130
192786|191305
19279|19130
192799|191305
19280|19046
192803|190463
19281|19130
192810|191305
19282|19130
192825|191305
19283|19130
192831|191305
19284|19130
192846|191305
19285|19130
192859|191305
19286|19130
192862|191305
19287|19130
192878|191305
19288|19130
192884|191305
19289|19130
192897|191305
19290|19130
192901|191305
19291|19130
192918|191305
19293|19130
192939|191305
19294|19130
192944|191305
19296|19130
192960|191305
19297|19046
192976|190463
19298|19130
192982|191305
19299|19130
192995|191305
19300|19046
193009|190463
19301|19130
193016|191305
19302|19130
193021|191305
19303|19130
193037|191305
19304|19130
193042|191305
19305|19130
193055|191305
19306|19130
193068|191305
19307|19130
193074|191305
19308|19130
193080|191305
19309|19130
193093|191305
19310|19130
193107|191305
19311|19130
193114|191305
19314|19130
193140|191305
19317|19130
193172|191305
19318|19130
193188|191305
19319|19046
193191|190463
19321|19130
193212|191305
19322|19130
193227|191305
19323|19130
193233|191305
19324|19130
193248|191305
19325|19130
193251|191305
19326|19130
193264|191305
19327|19046
193270|190463
19329|19130
193299|191305
19330|19130
193303|191305
19331|19130
193310|191305
19332|19130
193325|191305
19333|19130
193331|191305
19334|19130
193346|191305
19335|19046
193359|190463
19901|19130
199010|191305
20001|20071
200013|200718
20002|20040
200028|200408
20003|20079
200034|200795
20004|20071
200049|200718
20005|20071
200052|200718
20006|20071
200065|200718
20007|20071
200071|200718
20008|20071
200087|200718
20009|20040
200090|200408
20010|20071
200104|200718
20011|20055
200111|200551
20012|20071
200126|200718
20013|20055
200132|200551
20014|20071
200147|200718
20015|20071
200150|200718
20016|20079
200163|200795
20017|20030
200179|200300
20018|20079
200185|200795
20019|20071
200198|200718
20020|20071
200202|200718
20021|20071
200219|200718
20022|20040
200224|200408
20023|20071
200230|200718
20024|20071
200245|200718
20025|20055
200258|200551
20026|20055
200261|200551
20027|20079
200277|200795
20028|20071
200283|200718
20029|20079
200296|200795
20031|20040
200317|200408
20032|20030
200322|200300
20033|20030
200338|200300
20034|20055
200343|200551
20035|20071
200356|200718
20036|20045
200369|200454
20037|20071
200375|200718
20038|20055
200381|200551
20039|20079
200394|200795
20041|20071
200415|200718
20042|20071
200420|200718
20043|20071
200436|200718
20044|20071
200441|200718
20046|20071
200467|200718
20047|20071
200473|200718
20048|20071
200489|200718
20049|20071
200492|200718
20050|20071
200505|200718
20051|20055
200512|200551
20052|20071
200527|200718
20053|20067
200533|200678
20054|20071
200548|200718
20056|20030
200564|200300
20057|20055
200570|200551
20058|20071
200586|200718
20059|20055
200599|200551
20060|20071
200603|200718
20061|20079
200610|200795
20062|20071
200625|200718
20063|20067
200631|200678
20064|20067
200646|200678
20065|20030
200659|200300
20066|20071
200662|200718
20068|20055
200684|200551
20070|20071
200701|200718
20072|20040
200723|200408
20073|20069
200739|200697
20074|20055
200744|200551
20075|20071
200757|200718
20076|20071
200760|200718
20077|20055
200776|200551
20078|20071
200782|200718
20080|20055
200809|200551
20081|20079
200816|200795
20901|20030
209014|200300
20902|20069
209029|200697
20903|20067
209035|200678
20904|20071
209040|200718
20905|20071
209053|200718
20906|20071
209066|200718
20907|20071
209072|200718
21001|21005
210010|210059
21003|21010
210031|210101
21004|21050
210046|210502
21006|21021
210062|210216
21007|21005
210078|210059
21008|21021
210084|210216
21009|21005
210097|210059
21011|21050
210118|210502
21012|21005
210123|210059
21013|21005
210139|210059
21014|21050
210144|210502
21015|21021
210157|210216
21016|21005
210160|210059
21017|21002
210176|210025
21018|21005
210182|210059
21019|21005
210195|210059
21020|21005
210209|210059
21022|21005
210221|210059
21023|21021
210237|210216
21024|21005
210242|210059
21025|21021
210255|210216
21026|21005
210268|210059
21027|21005
210274|210059
21028|21002
210280|210025
21029|21005
210293|210059
21030|21005
210307|210059
21031|21021
210314|210216
21032|21005
210329|210059
21033|21005
210335|210059
21034|21005
210340|210059
21035|21002
210353|210025
21036|21005
210366|210059
21037|21010
210372|210101
21038|21005
210388|210059
21039|21005
210391|210059
21040|21005
210405|210059
21043|21050
210433|210502
21045|21005
210451|210059
21046|21050
210464|210502
21047|21005
210470|210059
21048|21005
210486|210059
21049|21005
210499|210059
21051|21002
210519|210025
21052|21005
210524|210059
21053|21050
210530|210502
21054|21005
210545|210059
21055|21041
210558|210412
21056|21005
210561|210059
21057|21021
210577|210216
21058|21021
210583|210216
21059|21005
210596|210059
21060|21002
210600|210025
21061|21005
210617|210059
21062|21021
210622|210216
21063|21021
210638|210216
21064|21050
210643|210502
21065|21010
210656|210101
21066|21010
210669|210101
21067|21050
210675|210502
21068|21021
210681|210216
21069|21005
210694|210059
21070|21041
210708|210412
21071|21005
210715|210059
21072|21050
210720|210502
21073|21010
210736|210101
21074|21005
210741|210059
21075|21021
210754|210216
21076|21021
210767|210216
21077|21005
210773|210059
21078|21005
210789|210059
21079|21005
210792|210059
21902|21002
219026|210025
22001|22125
220015|221259
22002|22125
220020|221259
22003|22125
220036|221259
22004|22125
220041|221259
22006|22125
220067|221259
22007|22125
220073|221259
22008|22125
220089|221259
22009|22125
220092|221259
22011|22125
220113|221259
22012|22125
220128|221259
22013|22125
220134|221259
22014|22125
220149|221259
22015|22125
220152|221259
22016|22125
220165|221259
22017|22125
220171|221259
22018|22125
220187|221259
22019|22125
220190|221259
22020|22125
220204|221259
22021|22125
220211|221259
22022|22125
220226|221259
22023|22125
220232|221259
22024|22125
220247|221259
22025|22125
220250|221259
22027|22125
220279|221259
22028|22125
220285|221259
22029|22125
220298|221259
22032|22125
220324|221259
22035|22125
220358|221259
22036|22125
220361|221259
22037|22125
220377|221259
22039|22125
220396|221259
22040|22125
220400|221259
22041|22125
220417|221259
22042|22125
220422|221259
22043|22125
220438|221259
22044|22125
220443|221259
22045|22125
220456|221259
22046|22125
220469|221259
22047|22125
220475|221259
22048|22125
220481|221259
22049|22125
220494|221259
22050|22125
220507|221259
22051|22125
220514|221259
22052|22125
220529|221259
22053|22125
220535|221259
22054|22125
220540|221259
22055|22125
220553|221259
22057|22125
220572|221259
22058|22125
220588|221259
22059|22125
220591|221259
22060|22125
220605|221259
22061|22125
220612|221259
22062|22125
220627|221259
22063|22125
220633|221259
22064|22125
220648|221259
22066|22125
220664|221259
22067|22125
220670|221259
22068|22125
220686|221259
22069|22125
220699|221259
22072|22125
220725|221259
22074|22125
220746|221259
22075|22125
220759|221259
22076|22125
220762|221259
22077|22125
220778|221259
22078|22125
220784|221259
22079|22125
220797|221259
22080|22125
220801|221259
22081|22125
220818|221259
22082|22125
220823|221259
22083|22125
220839|221259
22084|22125
220844|221259
22085|22125
220857|221259
22086|22125
220860|221259
22087|22125
220876|221259
22088|22125
220882|221259
22089|22125
220895|221259
22090|22125
220909|221259
22094|22125
220942|221259
22095|22125
220955|221259
22096|22125
220968|221259
22099|22125
220993|221259
22102|22125
221029|221259
22103|22125
221035|221259
22105|22125
221053|221259
22106|22125
221066|221259
22107|22125
221072|221259
22109|22125
221091|221259
22110|22125
221105|221259
22111|22125
221112|221259
22112|22125
221127|221259
22113|22125
221133|221259
22114|22125
221148|221259
22115|22125
221151|221259
22116|22125
221164|221259
22117|22125
221170|221259
22119|22125
221199|221259
22122|22125
221225|221259
22124|22125
221246|221259
22126|22125
221262|221259
22127|22125
221278|221259
22128|22125
221284|221259
22129|22125
221297|221259
22130|22125
221301|221259
22131|22125
221318|221259
22133|22125
221339|221259
22135|22125
221357|221259
22136|22125
221360|221259
22137|22125
221376|221259
22139|22125
221395|221259
22141|22125
221416|221259
22142|22125
221421|221259
22143|22125
221437|221259
22144|22125
221442|221259
22149|22125
221493|221259
22150|22125
221506|221259
22151|22125
221513|221259
22155|22125
221552|221259
22156|22125
221565|221259
22157|22125
221571|221259
22158|22125
221587|221259
22160|22125
221604|221259
22162|22125
221626|221259
22163|22125
221632|221259
22164|22125
221647|221259
22165|22125
221650|221259
22167|22125
221679|221259
22168|22125
221685|221259
22170|22125
221702|221259
22172|22125
221724|221259
22173|22125
221730|221259
22174|22125
221745|221259
22175|22125
221758|221259
22176|22125
221761|221259
22177|22125
221777|221259
22178|22125
221783|221259
22181|22125
221817|221259
22182|22125
221822|221259
22184|22125
221843|221259
22186|22125
221869|221259
22187|22125
221875|221259
22188|22125
221881|221259
22189|22125
221894|221259
22190|22125
221908|221259
22193|22125
221936|221259
22195|22125
221954|221259
22197|22125
221973|221259
22199|22125
221992|221259
22200|22125
222006|221259
22201|22125
222013|221259
22202|22125
222028|221259
22203|22125
222034|221259
22204|22125
222049|221259
22205|22125
222052|221259
22206|22125
222065|221259
22207|22125
222071|221259
22208|22125
222087|221259
22209|22125
222090|221259
22212|22125
222126|221259
22213|22125
222132|221259
22214|22125
222147|221259
22215|22125
222150|221259
22217|22125
222179|221259
22218|22125
222185|221259
22220|22125
222202|221259
22221|22125
222219|221259
22222|22125
222224|221259
22223|22125
222230|221259
22225|22125
222258|221259
22226|22125
222261|221259
22227|22125
222277|221259
22228|22125
222283|221259
22229|22125
222296|221259
22230|22125
222300|221259
22232|22125
222322|221259
22233|22125
222338|221259
22234|22125
222343|221259
22235|22125
222356|221259
22236|22125
222369|221259
22239|22125
222394|221259
22242|22125
222420|221259
22243|22125
222436|221259
22244|22125
222441|221259
22245|22125
222454|221259
22246|22125
222467|221259
22247|22125
222473|221259
22248|22125
222489|221259
22249|22125
222492|221259
22250|22125
222505|221259
22251|22125
222512|221259
22252|22125
222527|221259
22253|22125
222533|221259
22254|22125
222548|221259
22901|22125
229016|221259
22902|22125
229021|221259
22903|22125
229037|221259
22904|22125
229042|221259
22905|22125
229055|221259
22906|22125
229068|221259
22907|22125
229074|221259
22908|22125
229080|221259
22909|22125
229093|221259
23001|23050
230011|230503
23003|23060
230032|230601
23004|23055
230047|230559
23006|23005
230063|230050
23007|23005
230079|230050
23008|23092
230085|230927
23009|23092
230098|230927
23010|23055
230102|230559
23011|23055
230119|230559
23012|23092
230124|230927
23014|23055
230145|230559
23015|23092
230158|230927
23016|23092
230161|230927
23017|23092
230177|230927
23018|23050
230183|230503
23019|23050
230196|230503
23020|23092
230200|230927
23021|23055
230217|230559
23024|23055
230243|230559
23025|23092
230256|230927
23026|23002
230269|230026
23027|23050
230275|230503
23028|23092
230281|230927
23029|23092
230294|230927
23030|23092
230308|230927
23031|23060
230315|230601
23032|23055
230320|230559
23033|23002
230336|230026
23034|23060
230341|230601
23035|23050
230354|230503
23037|23092
230373|230927
23038|23050
230389|230503
23039|23055
230392|230559
23040|23005
230406|230050
23041|23060
230413|230601
23042|23092
230428|230927
23043|23092
230434|230927
23044|23050
230449|230503
23045|23092
230452|230927
23046|23055
230465|230559
23047|23092
230471|230927
23048|23092
230487|230927
23049|23055
230490|230559
23051|23060
230510|230601
23052|23050
230525|230503
23053|23092
230531|230927
23054|23092
230546|230927
23056|23005
230562|230050
23057|23055
230578|230559
23058|23050
230584|230503
23059|23005
230597|230050
23061|23050
230618|230503
23062|23092
230623|230927
23063|23092
230639|230927
23064|23002
230644|230026
23065|23092
230657|230927
23066|23092
230660|230927
23067|23050
230676|230503
23069|23060
230695|230601
23070|23092
230709|230927
23071|23092
230716|230927
23072|23092
230721|230927
23073|23092
230737|230927
23074|23092
230742|230927
23075|23092
230755|230927
23076|23055
230768|230559
23077|23060
230774|230601
23079|23092
230793|230927
23080|23092
230807|230927
23081|23092
230814|230927
23082|23092
230829|230927
23084|23092
230840|230927
23085|23055
230853|230559
23086|23050
230866|230503
23087|23060
230872|230601
23088|23092
230888|230927
23090|23050
230905|230503
23091|23092
230912|230927
23093|23002
230933|230026
23094|23055
230948|230559
23095|23092
230951|230927
23096|23005
230964|230050
23097|23092
230970|230927
23098|23060
230986|230601
23099|23060
230999|230601
23101|23092
231010|230927
23901|23050
239012|230503
23902|23092
239027|230927
23903|23050
239033|230503
23904|23092
239048|230927
23905|23092
239051|230927
24001|24089
240016|240896
24002|24089
240021|240896
24003|24089
240037|240896
24004|24089
240042|240896
24005|24089
240055|240896
24006|24089
240068|240896
24007|24115
240074|241152
24008|24142
240080|241422
24009|24115
240093|241152
24010|24142
240107|241422
24011|24115
240114|241152
24012|24142
240129|241422
24014|24115
240140|241152
24015|24142
240153|241422
24016|24115
240166|241152
24017|24089
240172|240896
24018|24089
240188|240896
24019|24115
240191|241152
24020|24089
240205|240896
24021|24089
240212|240896
24022|24115
240227|241152
24023|24115
240233|241152
24024|24089
240248|240896
24025|24089
240251|240896
24026|24142
240264|241422
24027|24115
240270|241152
24028|24089
240286|240896
24029|24142
240299|241422
24030|24115
240303|241152
24031|24089
240310|240896
24032|24089
240325|240896
24033|24089
240331|240896
24034|24115
240346|241152
24036|24115
240362|241152
24037|24142
240378|241422
24038|24115
240384|241152
24039|24142
240397|241422
24040|24142
240401|241422
24041|24115
240418|241152
24042|24089
240423|240896
24043|24115
240439|241152
24044|24115
240444|241152
24046|24142
240460|241422
24047|24115
240476|241152
24049|24115
240495|241152
24050|24089
240508|240896
24051|24089
240515|240896
24052|24089
240520|240896
24053|24089
240536|240896
24054|24089
240541|240896
24055|24142
240554|241422
24056|24089
240567|240896
24057|24115
240573|241152
24058|24089
240589|240896
24059|24115
240592|241152
24060|24089
240606|240896
24061|24142
240613|241422
24062|24089
240628|240896
24063|24089
240634|240896
24064|24115
240649|241152
24065|24089
240652|240896
24066|24115
240665|241152
24067|24115
240671|241152
24068|24089
240687|240896
24069|24089
240690|240896
24070|24115
240704|241152
24071|24115
240711|241152
24073|24089
240732|240896
24074|24089
240747|240896
24076|24142
240763|241422
24077|24089
240779|240896
24078|24089
240785|240896
24079|24089
240798|240896
24080|24089
240802|240896
24081|24089
240819|240896
24082|24142
240824|241422
24083|24115
240830|241152
24084|24089
240845|240896
24086|24089
240861|240896
24087|24089
240877|240896
24088|24089
240883|240896
24090|24115
240900|241152
24091|24115
240917|241152
24092|24142
240922|241422
24093|24142
240938|241422
24094|24089
240943|240896
24095|24089
240956|240896
24096|24089
240969|240896
24097|24089
240975|240896
24098|24142
240981|241422
24099|24089
240994|240896
24100|24115
241008|241152
24101|24142
241015|241422
24102|24115
241020|241152
24103|24115
241036|241152
24104|24142
241041|241422
24105|24089
241054|240896
24106|24089
241067|240896
24107|24089
241073|240896
24108|24142
241089|241422
24109|24115
241092|241152
24110|24115
241106|241152
24112|24115
241128|241152
24113|24089
241134|240896
24114|24142
241149|241422
24116|24089
241165|240896
24117|24089
241171|240896
24118|24089
241187|240896
24119|24115
241190|241152
24120|24089
241204|240896
24121|24142
241211|241422
24122|24115
241226|241152
24123|24142
241232|241422
24124|24089
241247|240896
24125|24115
241250|241152
24127|24089
241279|240896
24129|24089
241298|240896
24130|24089
241302|240896
24131|24142
241319|241422
24132|24142
241324|241422
24133|24142
241330|241422
24134|24142
241345|241422
24136|24089
241361|240896
24137|24089
241377|240896
24139|24089
241396|240896
24141|24089
241417|240896
24143|24115
241438|241152
24144|24142
241443|241422
24145|24142
241456|241422
24146|24089
241469|240896
24148|24142
241481|241422
24149|24089
241494|240896
24150|24089
241507|240896
24151|24089
241514|240896
24152|24115
241529|241152
24153|24089
241535|240896
24154|24089
241540|240896
24155|24142
241553|241422
24156|24089
241566|240896
24157|24089
241572|240896
24158|24142
241588|241422
24159|24142
241591|241422
24160|24089
241605|240896
24161|24115
241612|241152
24162|24089
241627|240896
24163|24142
241633|241422
24164|24142
241648|241422
24165|24115
241651|241152
24166|24142
241664|241422
24167|24142
241670|241422
24168|24089
241686|240896
24169|24115
241699|241152
24170|24115
241703|241152
24171|24115
241710|241152
24172|24115
241725|241152
24173|24142
241731|241422
24174|24089
241746|240896
24175|24089
241759|240896
24176|24089
241762|240896
24177|24142
241778|241422
24178|24089
241784|240896
24179|24142
241797|241422
24180|24089
241801|240896
24181|24089
241818|240896
24182|24142
241823|241422
24183|24089
241839|240896
24184|24142
241844|241422
24185|24115
241857|241152
24187|24089
241876|240896
24188|24089
241882|240896
24189|24142
241895|241422
24190|24089
241909|240896
24191|24089
241916|240896
24193|24089
241937|240896
24194|24142
241942|241422
24196|24115
241968|241152
24197|24089
241974|240896
24198|24115
241980|241152
24199|24089
241993|240896
24201|24089
242014|240896
24202|24115
242029|241152
24203|24089
242035|240896
24205|24142
242053|241422
24206|24115
242066|241152
24207|24089
242072|240896
24209|24115
242091|241152
24210|24115
242105|241152
24211|24089
242112|240896
24212|24089
242127|240896
24213|24089
242133|240896
24214|24142
242148|241422
24215|24089
242151|240896
24216|24142
242164|241422
24217|24089
242170|240896
24218|24089
242186|240896
24219|24142
242199|241422
24221|24089
242210|240896
24222|24089
242225|240896
24223|24142
242231|241422
24224|24142
242246|241422
24225|24089
242259|240896
24226|24089
242262|240896
24227|24089
242278|240896
24228|24142
242284|241422
24229|24089
242297|240896
24230|24089
242301|240896
24901|24142
249017|241422
24902|24089
249022|240896
25001|25120
250019|251207
25002|25120
250024|251207
25003|25120
250030|251207
25004|25120
250045|251207
25005|25120
250058|251207
25006|25120
250061|251207
25007|25120
250077|251207
25008|25120
250083|251207
25009|25120
250096|251207
25010|25120
250100|251207
25011|25120
250117|251207
25012|25120
250122|251207
25013|25120
250138|251207
25014|25120
250143|251207
25015|25120
250156|251207
25016|25120
250169|251207
25017|25120
250175|251207
25019|25120
250194|251207
25020|25120
250208|251207
25021|25120
250215|251207
25022|25120
250220|251207
25023|25120
250236|251207
25024|25120
250241|251207
25025|25120
250254|251207
25027|25120
250273|251207
25029|25120
250292|251207
25030|25120
250306|251207
25031|25120
250313|251207
25032|25120
250328|251207
25033|25120
250334|251207
25034|25120
250349|251207
25035|25120
250352|251207
25036|25120
250365|251207
25037|25120
250371|251207
25038|25120
250387|251207
25039|25120
250390|251207
25040|25120
250404|251207
25041|25120
250411|251207
25042|25120
250426|251207
25043|25120
250432|251207
25044|25120
250447|251207
25045|25120
250450|251207
25046|25120
250463|251207
25047|25120
250479|251207
25048|25120
250485|251207
25049|25120
250498|251207
25050|25120
250501|251207
25051|25120
250518|251207
25052|25120
250523|251207
25053|25120
250539|251207
25055|25120
250557|251207
25056|25120
250560|251207
25057|25120
250576|251207
25058|25120
250582|251207
25059|25120
250595|251207
25060|25120
250609|251207
25061|25120
250616|251207
25062|25120
250621|251207
25063|25120
250637|251207
25064|25120
250642|251207
25067|25120
250674|251207
25068|25120
250680|251207
25069|25120
250693|251207
25070|25120
250707|251207
25071|25120
250714|251207
25072|25120
250729|251207
25073|25120
250735|251207
25074|25120
250740|251207
25075|25120
250753|251207
25076|25120
250766|251207
25077|25120
250772|251207
25078|25120
250788|251207
25079|25120
250791|251207
25081|25120
250812|251207
25082|25120
250827|251207
25085|25120
250851|251207
25086|25120
250864|251207
25087|25120
250870|251207
25088|25120
250886|251207
25089|25120
250899|251207
25092|25120
250925|251207
25093|25120
250931|251207
25094|25120
250946|251207
25096|25120
250962|251207
25097|25120
250978|251207
25098|25120
250984|251207
25099|25120
250997|251207
25100|25120
251001|251207
25101|25120
251018|251207
25102|25120
251023|251207
25103|25120
251039|251207
25104|25120
251044|251207
25105|25120
251057|251207
25109|25120
251095|251207
25110|25120
251109|251207
25111|25120
251116|251207
25112|25120
251121|251207
25113|25120
251137|251207
25114|25120
251142|251207
25115|25120
251155|251207
25118|25120
251180|251207
25119|25120
251193|251207
25121|25120
251214|251207
25122|25120
251229|251207
25123|25120
251235|251207
25124|25120
251240|251207
25125|25120
251253|251207
25126|25120
251266|251207
25127|25120
251272|251207
25128|25120
251288|251207
25129|25120
251291|251207
25130|25120
251305|251207
25131|25120
251312|251207
25132|25120
251327|251207
25133|25120
251333|251207
25134|25120
251348|251207
25135|25120
251351|251207
25136|25120
251364|251207
25137|25120
251370|251207
25138|25120
251386|251207
25139|25120
251399|251207
25140|25120
251403|251207
25141|25120
251410|251207
25142|25120
251425|251207
25143|25120
251431|251207
25145|25120
251459|251207
25146|25120
251462|251207
25148|25120
251484|251207
25149|25120
251497|251207
25150|25120
251500|251207
25151|25120
251517|251207
25152|25120
251522|251207
25153|25120
251538|251207
25154|25120
251543|251207
25155|25120
251556|251207
25156|25120
251569|251207
25157|25120
251575|251207
25158|25120
251581|251207
25161|25120
251615|251207
25163|25120
251636|251207
25164|25120
251641|251207
25165|25120
251654|251207
25166|25120
251667|251207
25167|25120
251673|251207
25168|25120
251689|251207
25169|25120
251692|251207
25170|25120
251706|251207
25171|25120
251713|251207
25172|25120
251728|251207
25173|25120
251734|251207
25174|25120
251749|251207
25175|25120
251752|251207
25176|25120
251765|251207
25177|25120
251771|251207
25179|25120
251790|251207
25180|25120
251804|251207
25181|25120
251811|251207
25182|25120
251826|251207
25183|25120
251832|251207
25185|25120
251850|251207
25186|25120
251863|251207
25189|25120
251898|251207
25190|25120
251902|251207
25191|25120
251919|251207
25192|25120
251924|251207
25193|25120
251930|251207
25194|25120
251945|251207
25196|25120
251961|251207
25197|25120
251977|251207
25200|25120
252000|251207
25201|25120
252017|251207
25202|25120
252022|251207
25203|25120
252038|251207
25204|25120
252043|251207
25205|25120
252056|251207
25206|25120
252069|251207
25207|25120
252075|251207
25208|25120
252081|251207
25209|25120
252094|251207
25210|25120
252108|251207
25211|25120
252115|251207
25212|25120
252120|251207
25215|25120
252154|251207
25216|25120
252167|251207
25217|25120
252173|251207
25218|25120
252189|251207
25219|25120
252192|251207
25220|25120
252206|251207
25221|25120
252213|251207
25222|25120
252228|251207
25223|25120
252234|251207
25224|25120
252249|251207
25225|25120
252252|251207
25226|25120
252265|251207
25227|25120
252271|251207
25228|25120
252287|251207
25230|25120
252304|251207
25231|25120
252311|251207
25232|25120
252326|251207
25233|25120
252332|251207
25234|25120
252347|251207
25238|25120
252385|251207
25239|25120
252398|251207
25240|25120
252402|251207
25242|25120
252424|251207
25243|25120
252430|251207
25244|25120
252445|251207
25245|25120
252458|251207
25247|25120
252477|251207
25248|25120
252483|251207
25249|25120
252496|251207
25250|25120
252509|251207
25251|25120
252516|251207
25252|25120
252521|251207
25253|25120
252537|251207
25254|25120
252542|251207
25255|25120
252555|251207
25901|25120
259010|251207
25902|25120
259025|251207
25903|25120
259031|251207
25904|25120
259046|251207
25905|25120
259059|251207
25906|25120
259062|251207
25907|25120
259078|251207
25908|25120
259084|251207
25909|25120
259097|251207
25910|25120
259101|251207
25911|25120
259118|251207
25912|25120
259123|251207
25913|25120
259139|251207
26001|26089
260012|260892
26002|26089
260027|260892
26003|26036
260033|260368
26004|26089
260048|260892
26005|26089
260051|260892
26006|26089
260064|260892
26007|26036
260070|260368
26008|26036
260086|260368
26009|26089
260099|260892
26010|26089
260103|260892
26011|26036
260110|260368
26012|26089
260125|260892
26013|26089
260131|260892
26014|26089
260146|260892
26015|26089
260159|260892
26016|26089
260162|260892
26017|26036
260178|260368
26018|26036
260184|260368
26019|26089
260197|260892
26020|26036
260201|260368
26021|26036
260218|260368
26022|26089
260223|260892
26023|26089
260239|260892
26024|26089
260244|260892
26025|26089
260257|260892
26026|26089
260260|260892
26027|26089
260276|260892
26028|26036
260282|260368
26029|26036
260295|260368
26030|26089
260309|260892
26031|26089
260316|260892
26032|26089
260321|260892
26033|26089
260337|260892
26034|26089
260342|260892
26035|26089
260355|260892
26037|26089
260374|260892
26038|26089
260380|260892
26039|26089
260393|260892
26040|26089
260407|260892
26041|26089
260414|260892
26042|26089
260429|260892
26043|26089
260435|260892
26044|26089
260440|260892
26045|26089
260453|260892
26046|26089
260466|260892
26047|26036
260472|260368
26048|26089
260488|260892
26049|26089
260491|260892
26050|26089
260504|260892
26051|26089
260511|260892
26052|26089
260526|260892
26053|26036
260532|260368
26054|26036
260547|260368
26055|26089
260550|260892
26056|26089
260563|260892
26057|26089
260579|260892
26058|26036
260585|260368
26059|26089
260598|260892
26060|26089
260602|260892
26061|26089
260619|260892
26062|26089
260624|260892
26063|26089
260630|260892
26064|26089
260645|260892
26065|26089
260658|260892
26066|26089
260661|260892
26067|26089
260677|260892
26068|26089
260683|260892
26069|26089
260696|260892
26070|26036
260700|260368
26071|26089
260717|260892
26072|26036
260722|260368
26073|26089
260738|260892
26074|26089
260743|260892
26075|26089
260756|260892
26076|26089
260769|260892
26077|26089
260775|260892
26078|26089
260781|260892
26079|26089
260794|260892
26080|26036
260808|260368
26081|26089
260815|260892
26082|26089
260820|260892
26083|26089
260836|260892
26084|26089
260841|260892
26086|26089
260867|260892
26087|26089
260873|260892
26088|26089
260889|260892
26091|26089
260913|260892
26092|26089
260928|260892
26093|26089
260934|260892
26094|26089
260949|260892
26095|26089
260952|260892
26096|26089
260965|260892
26098|26089
260987|260892
26099|26089
260990|260892
26100|26036
261004|260368
26101|26089
261011|260892
26102|26089
261026|260892
26103|26089
261032|260892
26104|26036
261047|260368
26105|26089
261050|260892
26106|26089
261063|260892
26107|26089
261079|260892
26108|26036
261085|260368
26109|26089
261098|260892
26110|26089
261102|260892
26111|26089
261119|260892
26112|26089
261124|260892
26113|26089
261130|260892
26114|26089
261145|260892
26115|26089
261158|260892
26117|26036
261177|260368
26118|26089
261183|260892
26119|26036
261196|260368
26120|26036
261200|260368
26121|26089
261217|260892
26122|26089
261222|260892
26123|26036
261238|260368
26124|26089
261243|260892
26125|26036
261256|260368
26126|26089
261269|260892
26127|26089
261275|260892
26128|26089
261281|260892
26129|26089
261294|260892
26130|26089
261308|260892
26131|26089
261315|260892
26132|26089
261320|260892
26134|26089
261341|260892
26135|26089
261354|260892
26136|26036
261367|260368
26138|26089
261389|260892
26139|26089
261392|260892
26140|26089
261406|260892
26141|26089
261413|260892
26142|26089
261428|260892
26143|26089
261434|260892
26144|26089
261449|260892
26145|26089
261452|260892
26146|26089
261465|260892
26147|26089
261471|260892
26148|26089
261487|260892
26149|26089
261490|260892
26150|26089
261503|260892
26151|26089
261510|260892
26152|26089
261525|260892
26153|26089
261531|260892
26154|26089
261546|260892
26155|26089
261559|260892
26157|26089
261578|260892
26158|26036
261584|260368
26160|26089
261601|260892
26161|26036
261618|260368
26162|26089
261623|260892
26163|26089
261639|260892
26164|26089
261644|260892
26165|26089
261657|260892
26166|26089
261660|260892
26167|26089
261676|260892
26168|26089
261682|260892
26169|26089
261695|260892
26170|26036
261709|260368
26171|26089
261716|260892
26172|26089
261721|260892
26173|26036
261737|260368
26174|26089
261742|260892
26175|26089
261755|260892
26176|26089
261768|260892
26177|26089
261774|260892
26178|26089
261780|260892
26179|26089
261793|260892
26180|26089
261807|260892
26181|26089
261814|260892
26183|26089
261835|260892
27001|27028
270018|270288
27002|27028
270023|270288
27003|27028
270039|270288
27004|27028
270044|270288
27005|27028
270057|270288
27006|27028
270060|270288
27007|27028
270076|270288
27008|27028
270082|270288
27009|27028
270095|270288
27010|27028
270109|270288
27011|27028
270116|270288
27012|27028
270121|270288
27013|27028
270137|270288
27014|27028
270142|270288
27015|27028
270155|270288
27016|27028
270168|270288
27017|27028
270174|270288
27018|27028
270180|270288
27019|27028
270193|270288
27020|27028
270207|270288
27021|27028
270214|270288
27022|27028
270229|270288
27023|27028
270235|270288
27024|27028
270240|270288
27025|27028
270253|270288
27026|27028
270266|270288
27027|27028
270272|270288
27029|27028
270291|270288
27030|27028
270305|270288
27031|27028
270312|270288
27032|27028
270327|270288
27033|27028
270333|270288
27034|27028
270348|270288
27035|27028
270351|270288
27037|27028
270370|270288
27038|27028
270386|270288
27039|27028
270399|270288
27040|27028
270403|270288
27041|27028
270410|270288
27042|27028
270425|270288
27043|27028
270431|270288
27044|27028
270446|270288
27045|27028
270459|270288
27046|27028
270462|270288
27047|27028
270478|270288
27048|27028
270484|270288
27049|27028
270497|270288
27050|27028
270500|270288
27051|27028
270517|270288
27052|27028
270522|270288
27053|27028
270538|270288
27054|27028
270543|270288
27055|27028
270556|270288
27056|27028
270569|270288
27057|27028
270575|270288
27058|27028
270581|270288
27059|27028
270594|270288
27060|27028
270608|270288
27061|27028
270615|270288
27062|27028
270620|270288
27063|27028
270636|270288
27064|27028
270641|270288
27065|27028
270654|270288
27066|27028
270667|270288
27901|27028
279019|270288
27902|27028
279024|270288
28001|28045
280014|280455
28002|28104
280029|281049
28003|28045
280035|280455
28004|28096
280040|280967
28008|28096
280088|280967
28010|28047
280105|280474
28011|28005
280112|280053
28012|28005
280127|280053
28016|28009
280164|280091
28017|28015
280170|280151
28018|28047
280186|280474
28019|28014
280199|280148
28020|28009
280203|280091
28021|28009
280210|280091
28023|28047
280231|280474
28024|28045
280246|280455
28025|28014
280259|280148
28026|28176
280262|281760
28027|28045
280278|280455
28028|28045
280284|280455
28029|28045
280297|280455
28030|28045
280301|280455
28031|28096
280318|280967
28032|28005
280323|280053
28033|28014
280339|280148
28034|28045
280344|280455
28035|28014
280357|280148
28036|28106
280360|281065
28037|28096
280376|280967
28038|28047
280382|280474
28039|28009
280395|280091
28041|28009
280416|280091
28042|28176
280421|281760
28043|28040
280437|280409
28044|28061
280442|280611
28046|28047
280468|280474
28048|28005
280480|280053
28050|28073
280506|280730
28051|28096
280513|280967
28052|28040
280528|280409
28053|28104
280534|281049
28054|28061
280549|280611
28055|28014
280552|280148
28056|28176
280565|281760
28057|28009
280571|280091
28059|28009
280590|280091
28060|28014
280604|280148
28062|28045
280626|280455
28063|28045
280632|280455
28064|28045
280647|280455
28066|28073
280663|280730
28067|28045
280679|280455
28068|28047
280685|280474
28069|28009
280698|280091
28070|28045
280702|280455
28071|28045
280719|280455
28072|28152
280724|281527
28075|28084
280758|280843
28076|28045
280761|280455
28078|28045
280783|280455
28082|28047
280822|280474
28083|28005
280838|280053
28085|28045
280856|280455
28086|28009
280869|280091
28087|28047
280875|280474
28088|28009
280881|280091
28089|28015
280894|280151
28090|28047
280908|280474
28091|28014
280915|280148
28093|28047
280936|280474
28094|28045
280941|280455
28095|28176
280954|281760
28097|28045
280973|280455
28099|28096
280992|280967
28100|28005
281006|280053
28101|28005
281013|280053
28102|28014
281028|280148
28107|28009
281071|280091
28108|28045
281087|280455
28109|28096
281090|280967
28110|28014
281104|280148
28111|28005
281111|280053
28112|28045
281126|280455
28114|28045
281147|280455
28116|28014
281163|280148
28117|28009
281179|280091
28118|28009
281185|280091
28119|28176
281198|281760
28120|28047
281202|280474
28121|28045
281219|280455
28122|28009
281224|280091
28124|28009
281245|280091
28125|28176
281258|281760
28126|28045
281261|280455
28128|28096
281283|280967
28129|28045
281296|280455
28131|28047
281317|280474
28133|28096
281338|280967
28135|28047
281356|280474
28136|28005
281369|280053
28137|28005
281375|280053
28138|28045
281381|280455
28140|28073
281408|280730
28141|28096
281415|280967
28143|28045
281436|280455
28144|28045
281441|280455
28145|28009
281454|280091
28146|28014
281467|280148
28147|28040
281473|280409
28149|28106
281492|281065
28150|28106
281505|281065
28151|28009
281512|280091
28153|28009
281533|280091
28154|28148
281548|281489
28155|28014
281551|280148
28156|28005
281564|280053
28157|28014
281570|280148
28158|28045
281586|280455
28159|28176
281599|281760
28160|28176
281603|281760
28162|28009
281625|280091
28163|28009
281631|280091
28164|28009
281646|280091
28165|28014
281659|280148
28166|28005
281662|280053
28167|28123
281678|281230
28168|28009
281684|280091
28169|28045
281697|280455
28170|28040
281701|280409
28171|28096
281718|280967
28172|28005
281723|280053
28173|28014
281739|280148
28174|28096
281744|280967
28175|28096
281757|280967
28177|28176
281776|281760
28178|28176
281782|281760
28179|28014
281795|280148
28180|28014
281809|280148
28182|28045
281821|280455
28183|28061
281837|280611
28901|28045
289015|280455
28902|28045
289020|280455
29001|29015
290017|290154
29002|29094
290022|290944
29003|29094
290038|290944
29004|29067
290043|290672
29005|29094
290056|290944
29006|29051
290069|290516
29009|29082
290094|290825
29010|29084
290108|290846
29011|29038
290115|290385
29012|29038
290120|290385
29013|29042
290136|290424
29014|29084
290141|290846
29016|29091
290167|290918
29017|29015
290173|290154
29018|29038
290189|290385
29019|29094
290192|290944
29020|29084
290206|290846
29021|29084
290213|290846
29022|29084
290228|290846
29023|29069
290234|290691
29024|29051
290249|290516
29026|29094
290265|290944
29027|29094
290271|290944
29028|29084
290287|290846
29029|29051
290290|290516
29030|29082
290304|290825
29031|29042
290311|290424
29032|29015
290326|290154
29033|29094
290332|290944
29034|29091
290347|290918
29035|29084
290350|290846
29036|29042
290363|290424
29037|29084
290379|290846
29039|29067
290398|290672
29040|29042
290402|290424
29041|29051
290419|290516
29043|29067
290430|290672
29044|29082
290445|290825
29045|29091
290458|290918
29046|29084
290461|290846
29047|29015
290477|290154
29048|29084
290483|290846
29049|29015
290496|290154
29050|29094
290509|290944
29052|29084
290521|290846
29053|29075
290537|290751
29055|29015
290555|290154
29056|29051
290568|290516
29057|29051
290574|290516
29058|29042
290580|290424
29059|29015
290593|290154
29060|29084
290607|290846
29061|29069
290614|290691
29062|29094
290629|290944
29063|29084
290635|290846
29064|29051
290640|290516
29065|29051
290653|290516
29066|29082
290666|290825
29068|29051
290688|290516
29071|29082
290712|290825
29072|29015
290727|290154
29073|29042
290733|290424
29074|29084
290748|290846
29076|29069
290764|290691
29077|29084
290770|290846
29079|29094
290799|290944
29080|29038
290803|290385
29081|29051
290810|290516
29083|29067
290831|290672
29085|29091
290859|290918
29086|29091
290862|290918
29087|29094
290878|290944
29088|29015
290884|290154
29089|29015
290897|290154
29090|29042
290901|290424
29092|29082
290923|290825
29093|29015
290939|290154
29095|29015
290957|290154
29096|29015
290960|290154
29097|29015
290976|290154
29098|29015
290982|290154
29099|29094
290995|290944
29100|29042
291009|290424
29902|29015
299023|290154
29903|29084
299039|290846
29904|29084
299044|290846
30001|30027
300011|300275
30002|30019
300026|300196
30004|30038
300047|300389
30006|30039
300063|300392
30007|30038
300079|300389
30010|30030
300102|300308
30011|30019
300119|300196
30012|30039
300124|300392
30013|30019
300130|300196
30014|30009
300145|300098
30017|30015
300177|300158
30018|30009
300183|300098
30020|30027
300200|300275
30021|30037
300217|300373
30023|30008
300238|300085
30025|30009
300256|300098
30028|30015
300281|300158
30029|30008
300294|300085
30031|30009
300315|300098
30032|30008
300320|300085
30033|30024
300336|300243
30034|30019
300341|300196
30040|30009
300406|300098
30042|30009
300428|300098
30901|30027
309012|300275
31001|31201
310018|312016
31002|31201
310023|312016
31003|31086
310039|310863
31004|31086
310044|310863
31005|31201
310057|312016
31006|31232
310060|312325
31007|31201
310076|312016
31008|31201
310082|312016
31009|31086
310095|310863
31010|31201
310109|312016
31011|31201
310116|312016
31012|31201
310121|312016
31013|31201
310137|312016
31014|31201
310142|312016
31015|31232
310155|312325
31016|31060
310168|310608
31017|31060
310174|310608
31018|31201
310180|312016
31019|31086
310193|310863
31020|31201
310207|312016
31021|31201
310214|312016
31022|31060
310229|310608
31023|31086
310235|310863
31024|31060
310240|310608
31025|31201
310253|312016
31026|31201
310266|312016
31027|31201
310272|312016
31028|31086
310288|310863
31029|31201
310291|312016
31030|31201
310305|312016
31031|31201
310312|312016
31032|31232
310327|312325
31033|31086
310333|310863
31034|31086
310348|310863
31035|31201
310351|312016
31036|31201
310364|312016
31037|31201
310370|312016
31038|31201
310386|312016
31039|31201
310399|312016
31040|31060
310403|310608
31041|31201
310410|312016
31042|31232
310425|312325
31043|31201
310431|312016
31044|31201
310446|312016
31045|31201
310459|312016
31046|31201
310462|312016
31047|31201
310478|312016
31048|31232
310484|312325
31049|31201
310497|312016
31050|31060
310500|310608
31051|31086
310517|310863
31052|31201
310522|312016
31053|31201
310538|312016
31054|31060
310543|310608
31055|31201
310556|312016
31056|31201
310569|312016
31057|31232
310575|312325
31058|31086
310581|310863
31059|31086
310594|310863
31061|31201
310615|312016
31062|31232
310620|312325
31063|31201
310636|312016
31064|31232
310641|312325
31065|31232
310654|312325
31066|31232
310667|312325
31067|31232
310673|312325
31068|31232
310689|312325
31069|31086
310692|310863
31070|31232
310706|312325
31071|31086
310713|310863
31072|31232
310728|312325
31073|31201
310734|312016
31074|31201
310749|312016
31075|31201
310752|312016
31076|31201
310765|312016
31077|31232
310771|312325
31078|31232
310787|312325
31079|31201
310790|312016
31080|31201
310804|312016
31081|31060
310811|310608
31082|31060
310826|310608
31083|31201
310832|312016
31084|31201
310847|312016
31085|31201
310850|312016
31087|31060
310879|310608
31088|31086
310885|310863
31089|31201
310898|312016
31090|31060
310902|310608
31091|31201
310919|312016
31092|31086
310924|310863
31093|31086
310930|310863
31094|31086
310945|310863
31095|31086
310958|310863
31096|31201
310961|312016
31097|31201
310977|312016
31098|31060
310983|310608
31099|31201
310996|312016
31100|31201
311000|312016
31101|31060
311017|310608
31102|31060
311022|310608
31103|31086
311038|310863
31104|31232
311043|312325
31105|31232
311056|312325
31106|31232
311069|312325
31107|31232
311075|312325
31108|31232
311081|312325
31109|31201
311094|312016
31110|31086
311108|310863
31111|31086
311115|310863
31112|31086
311120|310863
31113|31086
311136|310863
31114|31201
311141|312016
31115|31086
311154|310863
31116|31201
311167|312016
31117|31060
311173|310608
31118|31201
311189|312016
31119|31086
311192|310863
31120|31201
311206|312016
31121|31201
311213|312016
31122|31060
311228|310608
31123|31201
311234|312016
31124|31086
311249|310863
31125|31201
311252|312016
31126|31201
311265|312016
31127|31201
311271|312016
31128|31086
311287|310863
31129|31060
311290|310608
31130|31201
311304|312016
31131|31201
311311|312016
31132|31086
311326|310863
31133|31086
311332|310863
31134|31086
311347|310863
31135|31086
311350|310863
31136|31201
311363|312016
31137|31060
311379|310608
31138|31201
311385|312016
31139|31201
311398|312016
31140|31060
311402|310608
31141|31201
311419|312016
31142|31201
311424|312016
31143|31201
311430|312016
31144|31201
311445|312016
31145|31201
311458|312016
31146|31086
311461|310863
31147|31201
311477|312016
31148|31201
311483|312016
31149|31201
311496|312016
31150|31086
311509|310863
31151|31086
311516|310863
31152|31201
311521|312016
31153|31060
311537|310608
31154|31201
311542|312016
31155|31086
311555|310863
31156|31086
311568|310863
31157|31232
311574|312325
31158|31086
311580|310863
31159|31086
311593|310863
31160|31201
311607|312016
31161|31201
311614|312016
31162|31201
311629|312016
31163|31232
311635|312325
31164|31232
311640|312325
31165|31201
311653|312016
31166|31201
311666|312016
31167|31201
311672|312016
31168|31201
311688|312016
31169|31232
311691|312325
31170|31201
311705|312016
31171|31201
311712|312016
31172|31086
311727|310863
31173|31232
311733|312325
31174|31201
311748|312016
31175|31201
311751|312016
31176|31232
311764|312325
31177|31201
311770|312016
31178|31232
311786|312325
31179|31232
311799|312325
31180|31201
311803|312016
31181|31086
311810|310863
31182|31201
311825|312016
31183|31201
311831|312016
31184|31201
311846|312016
31185|31086
311859|310863
31186|31060
311862|310608
31187|31060
311878|310608
31188|31060
311884|310608
31189|31201
311897|312016
31190|31201
311901|312016
31191|31201
311918|312016
31192|31086
311923|310863
31193|31201
311939|312016
31194|31201
311944|312016
31195|31086
311957|310863
31196|31086
311960|310863
31197|31086
311976|310863
31198|31086
311982|310863
31199|31086
311995|310863
31200|31201
312009|312016
31202|31232
312021|312325
31203|31086
312037|310863
31204|31201
312042|312016
31205|31232
312055|312325
31206|31201
312068|312016
31207|31201
312074|312016
31208|31232
312080|312325
31209|31086
312093|310863
31210|31086
312107|310863
31211|31086
312114|310863
31212|31086
312129|310863
31213|31060
312135|310608
31214|31201
312140|312016
31215|31232
312153|312325
31216|31086
312166|310863
31217|31086
312172|310863
31219|31201
312191|312016
31220|31232
312205|312325
31221|31060
312212|310608
31222|31086
312227|310863
31223|31232
312233|312325
31224|31201
312248|312016
31225|31201
312251|312016
31226|31060
312264|310608
31227|31201
312270|312016
31228|31201
312286|312016
31229|31201
312299|312016
31230|31201
312303|312016
31231|31201
312310|312016
31233|31232
312331|312325
31234|31201
312346|312016
31235|31086
312359|310863
31236|31060
312362|310608
31237|31086
312378|310863
31238|31201
312384|312016
31239|31060
312397|310608
31240|31201
312401|312016
31241|31086
312418|310863
31242|31086
312423|310863
31243|31086
312439|310863
31244|31060
312444|310608
31245|31086
312457|310863
31246|31201
312460|312016
31247|31086
312476|310863
31248|31086
312482|310863
31249|31232
312495|312325
31250|31060
312508|310608
31251|31201
312515|312016
31252|31086
312520|310863
31253|31201
312536|312016
31254|31232
312541|312325
31255|31201
312554|312016
31256|31086
312567|310863
31257|31201
312573|312016
31258|31060
312589|310608
31259|31060
312592|310608
31260|31201
312606|312016
31261|31086
312613|310863
31262|31201
312628|312016
31263|31060
312634|310608
31264|31060
312649|310608
31265|31201
312652|312016
31901|31201
319019|312016
31902|31201
319024|312016
31903|31201
319030|312016
31904|31201
319045|312016
31905|31201
319058|312016
31906|31201
319061|312016
31907|31201
319077|312016
31908|31201
319083|312016
32001|32054
320013|320548
32002|32054
320028|320548
32003|32054
320034|320548
32004|32054
320049|320548
32005|32054
320052|320548
32006|32054
320065|320548
32007|32054
320071|320548
32008|32054
320087|320548
32009|32054
320090|320548
32010|32054
320104|320548
32011|32054
320111|320548
32012|32054
320126|320548
32013|32054
320132|320548
32014|32054
320147|320548
32015|32054
320150|320548
32016|32054
320163|320548
32017|32054
320179|320548
32018|32054
320185|320548
32019|32054
320198|320548
32020|32054
320202|320548
32021|32054
320219|320548
32022|32054
320224|320548
32023|32054
320230|320548
32024|32054
320245|320548
32025|32054
320258|320548
32026|32054
320261|320548
32027|32054
320277|320548
32028|32054
320283|320548
32029|32054
320296|320548
32030|32054
320300|320548
32031|32054
320317|320548
32032|32054
320322|320548
32033|32054
320338|320548
32034|32054
320343|320548
32035|32054
320356|320548
32036|32054
320369|320548
32037|32054
320375|320548
32038|32054
320381|320548
32039|32054
320394|320548
32040|32054
320408|320548
32041|32054
320415|320548
32042|32054
320420|320548
32043|32054
320436|320548
32044|32054
320441|320548
32045|32054
320454|320548
32046|32054
320467|320548
32047|32054
320473|320548
32048|32054
320489|320548
32049|32054
320492|320548
32050|32054
320505|320548
32051|32054
320512|320548
32052|32054
320527|320548
32053|32054
320533|320548
32055|32054
320551|320548
32056|32054
320564|320548
32057|32054
320570|320548
32058|32054
320586|320548
32059|32054
320599|320548
32060|32054
320603|320548
32061|32054
320610|320548
32062|32054
320625|320548
32063|32054
320631|320548
32064|32054
320646|320548
32065|32054
320659|320548
32066|32054
320662|320548
32067|32054
320678|320548
32068|32054
320684|320548
32069|32054
320697|320548
32070|32054
320701|320548
32071|32054
320718|320548
32072|32054
320723|320548
32073|32054
320739|320548
32074|32054
320744|320548
32075|32054
320757|320548
32076|32054
320760|320548
32077|32054
320776|320548
32078|32054
320782|320548
32079|32054
320795|320548
32080|32054
320809|320548
32081|32054
320816|320548
32082|32054
320821|320548
32083|32054
320837|320548
32084|32054
320842|320548
32085|32054
320855|320548
32086|32054
320868|320548
32087|32054
320874|320548
32088|32054
320880|320548
32089|32054
320893|320548
32090|32054
320907|320548
32091|32054
320914|320548
32092|32054
320929|320548
33001|33016
330019|330169
33002|33037
330024|330371
33003|33066
330030|330668
33005|33044
330058|330447
33006|33066
330061|330668
33007|33016
330077|330169
33008|33066
330083|330668
33009|33066
330096|330668
33010|33016
330100|330169
33011|33044
330117|330447
33012|33066
330122|330668
33013|33066
330138|330668
33014|33024
330143|330241
33015|33031
330156|330313
33017|33016
330175|330169
33018|33016
330181|330169
33019|33024
330194|330241
33020|33004
330208|330045
33021|33016
330215|330169
33022|33044
330220|330447
33023|33016
330236|330169
33025|33004
330254|330045
33026|33044
330267|330447
33027|33016
330273|330169
33028|33044
330289|330447
33029|33016
330292|330169
33030|33004
330306|330045
33032|33031
330328|330313
33033|33037
330334|330371
33034|33016
330349|330169
33035|33044
330352|330447
33036|33066
330365|330668
33038|33044
330387|330447
33039|33016
330390|330169
33040|33066
330404|330668
33041|33016
330411|330169
33042|33066
330426|330668
33043|33066
330432|330668
33045|33066
330450|330668
33046|33066
330463|330668
33047|33066
330479|330668
33048|33016
330485|330169
33049|33066
330498|330668
33050|33031
330501|330313
33051|33016
330518|330169
33052|33044
330523|330447
33053|33037
330539|330371
33054|33044
330544|330447
33055|33066
330557|330668
33056|33066
330560|330668
33057|33044
330576|330447
33058|33037
330582|330371
33059|33016
330595|330169
33060|33031
330609|330313
33061|33016
330616|330169
33062|33016
330621|330169
33063|33016
330637|330169
33064|33044
330642|330447
33065|33066
330655|330668
33067|33031
330674|330313
33068|33044
330680|330447
33069|33016
330693|330169
33070|33016
330707|330169
33071|33016
330714|330169
33072|33044
330729|330447
33073|33016
330735|330169
33074|33016
330740|330169
33075|33016
330753|330169
33076|33024
330766|330241
33077|33016
330772|330169
33078|33044
330788|330447
34001|34120
340014|341202
34003|34120
340035|341202
34004|34120
340040|341202
34005|34120
340053|341202
34006|34120
340066|341202
34009|34120
340091|341202
34010|34120
340105|341202
34011|34120
340112|341202
34012|34120
340127|341202
34015|34120
340151|341202
34017|34120
340170|341202
34018|34120
340186|341202
34019|34120
340199|341202
34020|34120
340203|341202
34022|34120
340225|341202
34023|34120
340231|341202
34024|34120
340246|341202
34025|34120
340259|341202
34027|34120
340278|341202
34028|34120
340284|341202
34029|34120
340297|341202
34031|34120
340318|341202
34032|34120
340323|341202
34033|34120
340339|341202
34034|34120
340344|341202
34035|34120
340357|341202
34036|34120
340360|341202
34037|34120
340376|341202
34038|34120
340382|341202
34039|34120
340395|341202
34041|34120
340416|341202
34042|34120
340421|341202
34045|34120
340455|341202
34046|34120
340468|341202
34047|34120
340474|341202
34048|34120
340480|341202
34049|34120
340493|341202
34050|34120
340506|341202
34051|34120
340513|341202
34052|34120
340528|341202
34053|34120
340534|341202
34055|34120
340552|341202
34056|34120
340565|341202
34057|34120
340571|341202
34058|34120
340587|341202
34059|34120
340590|341202
34060|34120
340604|341202
34061|34120
340611|341202
34062|34120
340626|341202
34063|34120
340632|341202
34066|34120
340663|341202
34067|34120
340679|341202
34068|34120
340685|341202
34069|34120
340698|341202
34070|34120
340702|341202
34071|34120
340719|341202
34072|34120
340724|341202
34073|34120
340730|341202
34074|34120
340745|341202
34076|34120
340761|341202
34077|34120
340777|341202
34079|34120
340796|341202
34080|34120
340800|341202
34081|34120
340817|341202
34082|34120
340822|341202
34083|34120
340838|341202
34084|34120
340843|341202
34086|34120
340869|341202
34087|34120
340875|341202
34088|34120
340881|341202
34089|34120
340894|341202
34091|34120
340915|341202
34092|34120
340920|341202
34093|34120
340936|341202
34094|34120
340941|341202
34096|34120
340967|341202
34098|34120
340989|341202
34099|34120
340992|341202
34100|34120
341006|341202
34101|34120
341013|341202
34102|34120
341028|341202
34103|34120
341034|341202
34104|34120
341049|341202
34106|34120
341065|341202
34107|34120
341071|341202
34108|34120
341087|341202
34109|34120
341090|341202
34110|34120
341104|341202
34112|34120
341126|341202
34113|34120
341132|341202
34114|34120
341147|341202
34116|34120
341163|341202
34121|34120
341219|341202
34122|34120
341224|341202
34123|34120
341230|341202
34124|34120
341245|341202
34125|34120
341258|341202
34126|34120
341261|341202
34127|34120
341277|341202
34129|34120
341296|341202
34130|34120
341300|341202
34131|34120
341317|341202
34132|34120
341322|341202
34133|34120
341338|341202
34134|34120
341343|341202
34135|34120
341356|341202
34136|34120
341369|341202
34137|34120
341375|341202
34139|34120
341394|341202
34140|34120
341408|341202
34141|34120
341415|341202
34143|34120
341436|341202
34146|34120
341467|341202
34147|34120
341473|341202
34149|34120
341492|341202
34151|34120
341512|341202
34152|34120
341527|341202
34154|34120
341548|341202
34155|34120
341551|341202
34156|34120
341564|341202
34157|34120
341570|341202
34158|34120
341586|341202
34159|34120
341599|341202
34160|34120
341603|341202
34161|34120
341610|341202
34163|34120
341631|341202
34165|34120
341659|341202
34167|34120
341678|341202
34168|34120
341684|341202
34169|34120
341697|341202
34170|34120
341701|341202
34171|34120
341718|341202
34174|34120
341744|341202
34175|34120
341757|341202
34176|34120
341760|341202
34177|34120
341776|341202
34178|34120
341782|341202
34179|34120
341795|341202
34180|34120
341809|341202
34181|34120
341816|341202
34182|34120
341821|341202
34184|34120
341842|341202
34185|34120
341855|341202
34186|34120
341868|341202
34189|34120
341893|341202
34190|34120
341907|341202
34192|34120
341929|341202
34196|34120
341966|341202
34199|34120
341991|341202
34201|34120
342012|341202
34202|34120
342027|341202
34204|34120
342048|341202
34205|34120
342051|341202
34206|34120
342064|341202
34208|34120
342086|341202
34210|34120
342103|341202
34211|34120
342110|341202
34213|34120
342131|341202
34214|34120
342146|341202
34215|34120
342159|341202
34216|34120
342162|341202
34217|34120
342178|341202
34218|34120
342184|341202
34220|34120
342201|341202
34221|34120
342218|341202
34222|34120
342223|341202
34223|34120
342239|341202
34224|34120
342244|341202
34225|34120
342257|341202
34227|34120
342276|341202
34228|34120
342282|341202
34229|34120
342295|341202
34230|34120
342309|341202
34231|34120
342316|341202
34232|34120
342321|341202
34233|34120
342337|341202
34234|34120
342342|341202
34236|34120
342368|341202
34237|34120
342374|341202
34238|34120
342380|341202
34240|34120
342407|341202
34241|34120
342414|341202
34242|34120
342429|341202
34243|34120
342435|341202
34245|34120
342453|341202
34246|34120
342466|341202
34901|34120
349015|341202
34902|34120
349020|341202
34903|34120
349036|341202
34904|34120
349041|341202
35001|35009
350017|350094
35003|35017
350038|350173
35005|35009
350056|350094
35007|35017
350075|350173
35008|35006
350081|350069
35010|35024
350108|350249
35013|35006
350136|350069
35018|35004
350189|350043
35020|35012
350206|350120
35021|35026
350213|350265
35023|35009
350234|350094
35025|35012
350252|350120
35027|35006
350271|350069
35029|35024
350290|350249
35030|35015
350304|350154
35031|35011
350311|350115
35032|35006
350326|350069
35033|35011
350332|350115
35034|35028
350347|350287
36001|36042
360010|360427
36002|36060
360025|360600
36003|36057
360031|360577
36004|36008
360046|360084
36005|36060
360059|360600
36006|36060
360062|360600
36007|36038
360078|360388
36009|36042
360097|360427
36010|36060
360101|360600
36013|36042
360139|360427
36014|36042
360144|360427
36015|36017
360157|360176
36016|36024
360160|360242
36018|36017
360182|360176
36019|36045
360195|360451
36020|36024
360209|360242
36021|36039
360216|360391
36022|36060
360221|360600
36023|36039
360237|360391
36025|36038
360255|360388
36027|36026
360274|360268
36028|36060
360280|360600
36029|36045
360293|360451
36030|36042
360307|360427
36031|36042
360314|360427
36032|36060
360329|360600
36033|36039
360335|360391
36034|36042
360340|360427
36035|36057
360353|360577
36036|36039
360366|360391
36037|36045
360372|360451
36040|36060
360405|360600
36041|36026
360412|360268
36043|36038
360433|360388
36044|36017
360448|360176
36046|36060
360464|360600
36047|36024
360470|360242
36048|36039
360486|360391
36049|36039
360499|360391
36050|36042
360502|360427
36051|36026
360519|360268
36052|36024
360524|360242
36053|36045
360530|360451
36054|36039
360545|360391
36055|36039
360558|360391
36056|36060
360561|360600
36058|36045
360583|360451
36059|36024
360596|360242
36061|36060
360617|360600
36901|36060
369011|360600
36902|36038
369026|360388
37001|37274
370016|372745
37002|37274
370021|372745
37003|37274
370037|372745
37004|37274
370042|372745
37005|37274
370055|372745
37006|37274
370068|372745
37007|37274
370074|372745
37008|37274
370080|372745
37009|37274
370093|372745
37010|37274
370107|372745
37011|37274
370114|372745
37012|37274
370129|372745
37013|37274
370135|372745
37014|37274
370140|372745
37015|37274
370153|372745
37016|37274
370166|372745
37017|37274
370172|372745
37018|37274
370188|372745
37019|37274
370191|372745
37020|37274
370205|372745
37021|37274
370212|372745
37022|37274
370227|372745
37023|37274
370233|372745
37024|37274
370248|372745
37025|37274
370251|372745
37026|37274
370264|372745
37027|37274
370270|372745
37028|37274
370286|372745
37029|37274
370299|372745
37030|37274
370303|372745
37031|37274
370310|372745
37032|37274
370325|372745
37033|37274
370331|372745
37034|37274
370346|372745
37035|37274
370359|372745
37036|37274
370362|372745
37037|37274
370378|372745
37038|37274
370384|372745
37039|37274
370397|372745
37040|37274
370401|372745
37041|37274
370418|372745
37042|37274
370423|372745
37044|37274
370444|372745
37045|37274
370457|372745
37046|37274
370460|372745
37047|37274
370476|372745
37049|37274
370495|372745
37050|37274
370508|372745
37051|37274
370515|372745
37052|37274
370520|372745
37054|37274
370541|372745
37055|37274
370554|372745
37056|37274
370567|372745
37057|37274
370573|372745
37058|37274
370589|372745
37059|37274
370592|372745
37060|37274
370606|372745
37061|37274
370613|372745
37062|37274
370628|372745
37063|37274
370634|372745
37065|37274
370652|372745
37067|37274
370671|372745
37068|37274
370687|372745
37069|37274
370690|372745
37070|37274
370704|372745
37071|37274
370711|372745
37072|37274
370726|372745
37073|37274
370732|372745
37074|37274
370747|372745
37077|37274
370779|372745
37078|37274
370785|372745
37079|37274
370798|372745
37080|37274
370802|372745
37081|37274
370819|372745
37082|37274
370824|372745
37083|37274
370830|372745
37085|37274
370858|372745
37086|37274
370861|372745
37087|37274
370877|372745
37088|37274
370883|372745
37089|37274
370896|372745
37090|37274
370900|372745
37091|37274
370917|372745
37092|37274
370922|372745
37096|37274
370969|372745
37097|37274
370975|372745
37098|37274
370981|372745
37099|37274
370994|372745
37100|37274
371008|372745
37101|37274
371015|372745
37102|37274
371020|372745
37103|37274
371036|372745
37104|37274
371041|372745
37106|37274
371067|372745
37107|37274
371073|372745
37108|37274
371089|372745
37109|37274
371092|372745
37110|37274
371106|372745
37112|37274
371128|372745
37113|37274
371134|372745
37114|37274
371149|372745
37115|37274
371152|372745
37116|37274
371165|372745
37117|37274
371171|372745
37118|37274
371187|372745
37119|37274
371190|372745
37120|37274
371204|372745
37121|37274
371211|372745
37122|37274
371226|372745
37123|37274
371232|372745
37124|37274
371247|372745
37125|37274
371250|372745
37126|37274
371263|372745
37127|37274
371279|372745
37128|37274
371285|372745
37129|37274
371298|372745
37130|37274
371302|372745
37131|37274
371319|372745
37132|37274
371324|372745
37133|37274
371330|372745
37134|37274
371345|372745
37135|37274
371358|372745
37136|37274
371361|372745
37137|37274
371377|372745
37138|37274
371383|372745
37139|37274
371396|372745
37140|37274
371400|372745
37141|37274
371417|372745
37142|37274
371422|372745
37143|37274
371438|372745
37144|37274
371443|372745
37145|37274
371456|372745
37146|37274
371469|372745
37147|37274
371475|372745
37148|37274
371481|372745
37149|37274
371494|372745
37150|37274
371507|372745
37151|37274
371514|372745
37152|37274
371529|372745
37154|37274
371540|372745
37155|37274
371553|372745
37156|37274
371566|372745
37157|37274
371572|372745
37158|37274
371588|372745
37159|37274
371591|372745
37160|37274
371605|372745
37161|37274
371612|372745
37162|37274
371627|372745
37163|37274
371633|372745
37164|37274
371648|372745
37165|37274
371651|372745
37166|37274
371664|372745
37167|37274
371670|372745
37168|37274
371686|372745
37169|37274
371699|372745
37170|37274
371703|372745
37171|37274
371710|372745
37172|37274
371725|372745
37173|37274
371731|372745
37174|37274
371746|372745
37175|37274
371759|372745
37176|37274
371762|372745
37177|37274
371778|372745
37178|37274
371784|372745
37179|37274
371797|372745
37180|37274
371801|372745
37181|37274
371818|372745
37182|37274
371823|372745
37183|37274
371839|372745
37184|37274
371844|372745
37185|37274
371857|372745
37186|37274
371860|372745
37187|37274
371876|372745
37188|37274
371882|372745
37189|37274
371895|372745
37190|37274
371909|372745
37191|37274
371916|372745
37192|37274
371921|372745
37193|37274
371937|372745
37194|37274
371942|372745
37195|37274
371955|372745
37196|37274
371968|372745
37197|37274
371974|372745
37198|37274
371980|372745
37199|37274
371993|372745
37200|37274
372007|372745
37201|37274
372014|372745
37202|37274
372029|372745
37203|37274
372035|372745
37204|37274
372040|372745
37205|37274
372053|372745
37206|37274
372066|372745
37207|37274
372072|372745
37208|37274
372088|372745
37209|37274
372091|372745
37211|37274
372112|372745
37212|37274
372127|372745
37213|37274
372133|372745
37214|37274
372148|372745
37215|37274
372151|372745
37216|37274
372164|372745
37217|37274
372170|372745
37218|37274
372186|372745
37219|37274
372199|372745
37221|37274
372210|372745
37222|37274
372225|372745
37223|37274
372231|372745
37224|37274
372246|372745
37225|37274
372259|372745
37226|37274
372262|372745
37228|37274
372284|372745
37229|37274
372297|372745
37230|37274
372301|372745
37231|37274
372318|372745
37232|37274
372323|372745
37233|37274
372339|372745
37234|37274
372344|372745
37235|37274
372357|372745
37236|37274
372360|372745
37237|37274
372376|372745
37238|37274
372382|372745
37239|37274
372395|372745
37240|37274
372409|372745
37241|37274
372416|372745
37242|37274
372421|372745
37243|37274
372437|372745
37244|37274
372442|372745
37245|37274
372455|372745
37246|37274
372468|372745
37247|37274
372474|372745
37248|37274
372480|372745
37249|37274
372493|372745
37250|37274
372506|372745
37251|37274
372513|372745
37252|37274
372528|372745
37253|37274
372534|372745
37254|37274
372549|372745
37255|37274
372552|372745
37256|37274
372565|372745
37257|37274
372571|372745
37258|37274
372587|372745
37259|37274
372590|372745
37260|37274
372604|372745
37261|37274
372611|372745
37262|37274
372626|372745
37263|37274
372632|372745
37264|37274
372647|372745
37265|37274
372650|372745
37266|37274
372663|372745
37267|37274
372679|372745
37268|37274
372685|372745
37269|37274
372698|372745
37270|37274
372702|372745
37271|37274
372719|372745
37272|37274
372724|372745
37273|37274
372730|372745
37275|37274
372758|372745
37276|37274
372761|372745
37277|37274
372777|372745
37278|37274
372783|372745
37279|37274
372796|372745
37280|37274
372800|372745
37281|37274
372817|372745
37282|37274
372822|372745
37283|37274
372838|372745
37284|37274
372843|372745
37285|37274
372856|372745
37286|37274
372869|372745
37287|37274
372875|372745
37288|37274
372881|372745
37289|37274
372894|372745
37290|37274
372908|372745
37291|37274
372915|372745
37292|37274
372920|372745
37293|37274
372936|372745
37294|37274
372941|372745
37296|37274
372967|372745
37297|37274
372973|372745
37298|37274
372989|372745
37299|37274
372992|372745
37300|37274
373006|372745
37301|37274
373013|372745
37302|37274
373028|372745
37303|37274
373034|372745
37304|37274
373049|372745
37305|37274
373052|372745
37306|37274
373065|372745
37307|37274
373071|372745
37309|37274
373090|372745
37310|37274
373104|372745
37311|37274
373111|372745
37312|37274
373126|372745
37313|37274
373132|372745
37314|37274
373147|372745
37315|37274
373150|372745
37316|37274
373163|372745
37317|37274
373179|372745
37318|37274
373185|372745
37319|37274
373198|372745
37320|37274
373202|372745
37321|37274
373219|372745
37322|37274
373224|372745
37323|37274
373230|372745
37324|37274
373245|372745
37325|37274
373258|372745
37327|37274
373277|372745
37328|37274
373283|372745
37329|37274
373296|372745
37330|37274
373300|372745
37331|37274
373317|372745
37332|37274
373322|372745
37333|37274
373338|372745
37334|37274
373343|372745
37335|37274
373356|372745
37336|37274
373369|372745
37337|37274
373375|372745
37338|37274
373381|372745
37339|37274
373394|372745
37340|37274
373408|372745
37341|37274
373415|372745
37342|37274
373420|372745
37343|37274
373436|372745
37344|37274
373441|372745
37345|37274
373454|372745
37346|37274
373467|372745
37347|37274
373473|372745
37348|37274
373489|372745
37349|37274
373492|372745
37350|37274
373505|372745
37351|37274
373512|372745
37352|37274
373527|372745
37353|37274
373533|372745
37354|37274
373548|372745
37355|37274
373551|372745
37356|37274
373564|372745
37357|37274
373570|372745
37358|37274
373586|372745
37359|37274
373599|372745
37360|37274
373603|372745
37361|37274
373610|372745
37362|37274
373625|372745
37363|37274
373631|372745
37364|37274
373646|372745
37365|37274
373659|372745
37366|37274
373662|372745
37367|37274
373678|372745
37368|37274
373684|372745
37369|37274
373697|372745
37370|37274
373701|372745
37371|37274
373718|372745
37372|37274
373723|372745
37373|37274
373739|372745
37374|37274
373744|372745
37375|37274
373757|372745
37376|37274
373760|372745
37377|37274
373776|372745
37378|37274
373782|372745
37379|37274
373795|372745
37380|37274
373809|372745
37381|37274
373816|372745
37382|37274
373821|372745
38002|38019
380027|380197
38003|38019
380033|380197
38004|38011
380048|380110
38005|38017
380051|380178
38007|38024
380070|380244
38008|38024
380086|380244
38009|38024
380099|380244
38010|38022
380103|380223
38012|38020
380125|380201
38013|38024
380131|380244
38014|38024
380146|380244
38015|38022
380159|380223
38016|38024
380162|380244
38018|38022
380184|380223
38021|38019
380218|380197
38025|38043
380257|380435
38027|38024
380276|380244
38029|38024
380295|380244
38030|38024
380309|380244
38032|38043
380321|380435
38033|38024
380337|380244
38034|38031
380342|380316
38036|38019
380368|380197
38037|38024
380374|380244
38039|38028
380393|380282
38040|38019
380407|380197
38041|38043
380414|380435
38042|38022
380429|380223
38044|38022
380440|380223
38045|38024
380453|380244
38046|38023
380466|380239
38047|38024
380472|380244
38048|38024
380488|380244
38049|38019
380491|380197
38050|38019
380504|380197
38051|38043
380511|380435
38052|38035
380526|380355
38053|38024
380532|380244
38901|38024
389013|380244
39001|39087
390015|390876
39002|39020
390020|390204
39003|39087
390036|390876
39004|39087
390041|390876
39005|39020
390054|390204
39006|39075
390067|390759
39007|39016
390073|390165
39008|39016
390089|390165
39009|39020
390092|390204
39010|39087
390106|390876
39011|39075
390113|390759
39012|39087
390128|390876
39013|39087
390134|390876
39014|39087
390149|390876
39015|39087
390152|390876
39017|39087
390171|390876
39018|39087
390187|390876
39019|39052
390190|390529
39021|39087
390211|390876
39022|39087
390226|390876
39023|39020
390232|390204
39024|39087
390247|390876
39025|39087
390250|390876
39026|39087
390263|390876
39027|39087
390279|390876
39028|39016
390285|390165
39029|39020
390298|390204
39030|39020
390302|390204
39031|39075
390319|390759
39032|39087
390324|390876
39033|39087
390330|390876
39034|39087
390345|390876
39035|39020
390358|390204
39036|39020
390361|390204
39037|39016
390377|390165
39038|39020
390383|390204
39039|39052
390396|390529
39040|39075
390400|390759
39041|39087
390417|390876
39042|39016
390422|390165
39043|39075
390438|390759
39044|39052
390443|390529
39045|39016
390456|390165
39046|39087
390469|390876
39047|39075
390475|390759
39048|39016
390481|390165
39049|39087
390494|390876
39050|39087
390507|390876
39051|39087
390514|390876
39053|39087
390535|390876
39054|39087
390540|390876
39055|39087
390553|390876
39056|39052
390566|390529
39057|39020
390572|390204
39058|39020
390588|390204
39059|39087
390591|390876
39060|39087
390605|390876
39061|39075
390612|390759
39062|39075
390627|390759
39063|39087
390633|390876
39064|39016
390648|390165
39065|39087
390651|390876
39066|39087
390664|390876
39067|39020
390670|390204
39068|39087
390686|390876
39069|39087
390699|390876
39070|39087
390703|390876
39071|39052
390710|390529
39072|39052
390725|390529
39073|39016
390731|390165
39074|39052
390746|390529
39076|39087
390762|390876
39077|39087
390778|390876
39078|39052
390784|390529
39079|39020
390797|390204
39080|39087
390801|390876
39081|39052
390818|390529
39082|39052
390823|390529
39083|39016
390839|390165
39084|39075
390844|390759
39085|39087
390857|390876
39086|39087
390860|390876
39088|39087
390882|390876
39089|39087
390895|390876
39090|39087
390909|390876
39091|39087
390916|390876
39092|39087
390921|390876
39093|39087
390937|390876
39094|39087
390942|390876
39095|39087
390955|390876
39096|39087
390968|390876
39097|39052
390974|390529
39098|39052
390980|390529
39099|39016
390993|390165
39100|39052
391007|390529
39101|39020
391014|390204
39102|39020
391029|390204
40001|40194
400019|401945
40002|40194
400024|401945
40003|40194
400030|401945
40004|40194
400045|401945
40005|40194
400058|401945
40006|40194
400061|401945
40007|40194
400077|401945
40008|40194
400083|401945
40009|40194
400096|401945
40010|40194
400100|401945
40012|40194
400122|401945
40013|40194
400138|401945
40014|40194
400143|401945
40015|40194
400156|401945
40016|40194
400169|401945
40017|40194
400175|401945
40018|40194
400181|401945
40019|40194
400194|401945
40020|40194
400208|401945
40021|40194
400215|401945
40022|40194
400220|401945
40024|40194
400241|401945
40025|40194
400254|401945
40026|40194
400267|401945
40028|40194
400289|401945
40029|40194
400292|401945
40030|40194
400306|401945
40031|40194
400313|401945
40032|40194
400328|401945
40033|40194
400334|401945
40034|40194
400349|401945
40035|40194
400352|401945
40036|40194
400365|401945
40037|40194
400371|401945
40039|40194
400390|401945
40040|40194
400404|401945
40041|40194
400411|401945
40043|40194
400432|401945
40044|40194
400447|401945
40045|40194
400450|401945
40046|40194
400463|401945
40047|40194
400479|401945
40048|40194
400485|401945
40049|40194
400498|401945
40051|40194
400518|401945
40052|40194
400523|401945
40053|40194
400539|401945
40054|40194
400544|401945
40055|40194
400557|401945
40056|40194
400560|401945
40057|40194
400576|401945
40058|40194
400582|401945
40059|40194
400595|401945
40060|40194
400609|401945
40061|40194
400616|401945
40062|40194
400621|401945
40063|40194
400637|401945
40065|40194
400655|401945
40068|40194
400680|401945
40069|40194
400693|401945
40070|40194
400707|401945
40071|40194
400714|401945
40072|40194
400729|401945
40073|40194
400735|401945
40074|40194
400740|401945
40075|40194
400753|401945
40076|40194
400766|401945
40077|40194
400772|401945
40078|40194
400788|401945
40079|40194
400791|401945
40080|40194
400805|401945
40081|40194
400812|401945
40082|40194
400827|401945
40083|40194
400833|401945
40084|40194
400848|401945
40086|40194
400864|401945
40087|40194
400870|401945
40088|40194
400886|401945
40089|40194
400899|401945
40091|40194
400910|401945
40092|40194
400925|401945
40093|40194
400931|401945
40094|40194
400946|401945
40095|40194
400959|401945
40097|40194
400978|401945
40099|40194
400997|401945
40100|40194
401001|401945
40101|40194
401018|401945
40103|40194
401039|401945
40104|40194
401044|401945
40105|40194
401057|401945
40106|40194
401060|401945
40107|40194
401076|401945
40108|40194
401082|401945
40109|40194
401095|401945
40110|40194
401109|401945
40111|40194
401116|401945
40112|40194
401121|401945
40113|40194
401137|401945
40115|40194
401155|401945
40118|40194
401180|401945
40119|40194
401193|401945
40120|40194
401207|401945
40121|40194
401214|401945
40122|40194
401229|401945
40123|40194
401235|401945
40124|40194
401240|401945
40125|40194
401253|401945
40126|40194
401266|401945
40127|40194
401272|401945
40128|40194
401288|401945
40129|40194
401291|401945
40130|40194
401305|401945
40131|40194
401312|401945
40132|40194
401327|401945
40134|40194
401348|401945
40135|40194
401351|401945
40136|40194
401364|401945
40138|40194
401386|401945
40139|40194
401399|401945
40140|40194
401403|401945
40141|40194
401410|401945
40142|40194
401425|401945
40143|40194
401431|401945
40144|40194
401446|401945
40145|40194
401459|401945
40146|40194
401462|401945
40148|40194
401484|401945
40149|40194
401497|401945
40150|40194
401500|401945
40151|40194
401517|401945
40152|40194
401522|401945
40154|40194
401543|401945
40155|40194
401556|401945
40156|40194
401569|401945
40157|40194
401575|401945
40158|40194
401581|401945
40159|40194
401594|401945
40160|40194
401608|401945
40161|40194
401615|401945
40162|40194
401620|401945
40163|40194
401636|401945
40164|40194
401641|401945
40165|40194
401654|401945
40166|40194
401667|401945
40168|40194
401689|401945
40170|40194
401706|401945
40171|40194
401713|401945
40172|40194
401728|401945
40173|40194
401734|401945
40174|40194
401749|401945
40176|40194
401765|401945
40177|40194
401771|401945
40178|40194
401787|401945
40179|40194
401790|401945
40180|40194
401804|401945
40181|40194
401811|401945
40182|40194
401826|401945
40183|40194
401832|401945
40184|40194
401847|401945
40185|40194
401850|401945
40186|40194
401863|401945
40188|40194
401885|401945
40189|40194
401898|401945
40190|40194
401902|401945
40191|40194
401919|401945
40192|40194
401924|401945
40193|40194
401930|401945
40195|40194
401958|401945
40196|40194
401961|401945
40198|40194
401983|401945
40199|40194
401996|401945
40200|40194
402000|401945
40201|40194
402017|401945
40202|40194
402022|401945
40203|40194
402038|401945
40204|40194
402043|401945
40205|40194
402056|401945
40206|40194
402069|401945
40207|40194
402075|401945
40208|40194
402081|401945
40210|40194
402108|401945
40211|40194
402115|401945
40212|40194
402120|401945
40213|40194
402136|401945
40214|40194
402141|401945
40215|40194
402154|401945
40216|40194
402167|401945
40218|40194
402189|401945
40219|40194
402192|401945
40220|40194
402206|401945
40221|40194
402213|401945
40222|40194
402228|401945
40223|40194
402234|401945
40224|40194
402249|401945
40225|40194
402252|401945
40228|40194
402287|401945
40229|40194
402290|401945
40230|40194
402304|401945
40231|40194
402311|401945
40233|40194
402332|401945
40234|40194
402347|401945
40901|40194
409010|401945
40902|40194
409025|401945
40903|40194
409031|401945
40904|40194
409046|401945
40905|40194
409059|401945
40906|40194
409062|401945
41001|41039
410016|410397
41002|41024
410021|410248
41003|41017
410037|410172
41005|41081
410055|410819
41006|41024
410068|410248
41007|41021
410074|410212
41008|41065
410080|410652
41009|41081
410093|410819
41010|41059
410107|410592
41011|41065
410114|410652
41012|41034
410129|410346
41013|41017
410135|410172
41014|41039
410140|410397
41015|41017
410153|410172
41016|41017
410166|410172
41018|41081
410188|410819
41019|41081
410191|410819
41020|41053
410205|410536
41022|41024
410227|410248
41023|41081
410233|410819
41025|41017
410251|410172
41026|41039
410264|410397
41027|41081
410270|410819
41028|41021
410286|410212
41029|41093
410299|410938
41030|41017
410303|410172
41031|41021
410310|410212
41032|41081
410325|410819
41033|41024
410331|410248
41035|41065
410359|410652
41036|41095
410362|410956
41037|41065
410378|410652
41040|41017
410401|410172
41041|41039
410418|410397
41042|41039
410423|410397
41043|41021
410439|410212
41044|41086
410444|410861
41045|41021
410457|410212
41046|41039
410460|410397
41047|41017
410476|410172
41048|41081
410482|410819
41049|41081
410495|410819
41050|41039
410508|410397
41051|41017
410515|410172
41052|41039
410520|410397
41054|41039
410541|410397
41055|41024
410554|410248
41056|41039
410567|410397
41057|41017
410573|410172
41060|41065
410606|410652
41061|41039
410613|410397
41062|41065
410628|410652
41063|41095
410634|410956
41064|41065
410649|410652
41066|41039
410665|410397
41067|41017
410671|410172
41068|41065
410687|410652
41070|41059
410704|410592
41071|41065
410711|410652
41072|41039
410726|410397
41073|41081
410732|410819
41074|41039
410747|410397
41075|41017
410750|410172
41076|41065
410763|410652
41077|41065
410779|410652
41078|41039
410785|410397
41079|41034
410798|410346
41080|41081
410802|410819
41082|41039
410824|410397
41083|41081
410830|410819
41084|41039
410845|410397
41085|41021
410858|410212
41087|41017
410877|410172
41088|41024
410883|410248
41089|41021
410896|410212
41090|41065
410900|410652
41092|41024
410922|410248
41094|41017
410943|410172
41096|41021
410969|410212
41097|41059
410975|410592
41098|41017
410981|410172
41099|41024
410994|410248
41100|41065
411008|410652
41101|41081
411015|410819
41102|41058
411020|410589
41901|41039
419017|410397
41902|41034
419022|410346
41903|41053
419038|410536
41904|41095
419043|410956
42001|42173
420011|421736
42003|42173
420032|421736
42004|42173
420047|421736
42006|42173
420063|421736
42007|42173
420079|421736
42008|42173
420085|421736
42009|42173
420098|421736
42010|42173
420102|421736
42011|42173
420119|421736
42012|42173
420124|421736
42013|42173
420130|421736
42014|42173
420145|421736
42015|42173
420158|421736
42016|42173
420161|421736
42017|42173
420177|421736
42018|42173
420183|421736
42019|42173
420196|421736
42020|42173
420200|421736
42021|42173
420217|421736
42022|42173
420222|421736
42023|42173
420238|421736
42024|42173
420243|421736
42025|42173
420256|421736
42026|42173
420269|421736
42027|42173
420275|421736
42028|42173
420281|421736
42029|42173
420294|421736
42030|42173
420308|421736
42031|42173
420315|421736
42032|42173
420320|421736
42033|42173
420336|421736
42034|42173
420341|421736
42035|42173
420354|421736
42036|42173
420367|421736
42037|42173
420373|421736
42038|42173
420389|421736
42039|42173
420392|421736
42041|42173
420413|421736
42042|42173
420428|421736
42043|42173
420434|421736
42044|42173
420449|421736
42045|42173
420452|421736
42046|42173
420465|421736
42048|42173
420487|421736
42049|42173
420490|421736
42050|42173
420503|421736
42051|42173
420510|421736
42052|42173
420525|421736
42053|42173
420531|421736
42054|42173
420546|421736
42055|42173
420559|421736
42056|42173
420562|421736
42057|42173
420578|421736
42058|42173
420584|421736
42059|42173
420597|421736
42060|42173
420601|421736
42061|42173
420618|421736
42062|42173
420623|421736
42063|42173
420639|421736
42064|42173
420644|421736
42065|42173
420657|421736
42068|42173
420682|421736
42069|42173
420695|421736
42070|42173
420709|421736
42071|42173
420716|421736
42073|42173
420737|421736
42075|42173
420755|421736
42076|42173
420768|421736
42078|42173
420780|421736
42079|42173
420793|421736
42080|42173
420807|421736
42081|42173
420814|421736
42082|42173
420829|421736
42083|42173
420835|421736
42084|42173
420840|421736
42085|42173
420853|421736
42086|42173
420866|421736
42087|42173
420872|421736
42088|42173
420888|421736
42089|42173
420891|421736
42090|42173
420905|421736
42092|42173
420927|421736
42093|42173
420933|421736
42094|42173
420948|421736
42095|42173
420951|421736
42096|42173
420964|421736
42097|42173
420970|421736
42098|42173
420986|421736
42100|42173
421003|421736
42103|42173
421031|421736
42105|42173
421059|421736
42106|42173
421062|421736
42107|42173
421078|421736
42108|42173
421084|421736
42110|42173
421101|421736
42111|42173
421118|421736
42113|42173
421139|421736
42115|42173
421157|421736
42116|42173
421160|421736
42117|42173
421176|421736
42118|42173
421182|421736
42119|42173
421195|421736
42120|42173
421209|421736
42121|42173
421216|421736
42123|42173
421237|421736
42124|42173
421242|421736
42125|42173
421255|421736
42127|42173
421274|421736
42128|42173
421280|421736
42129|42173
421293|421736
42130|42173
421307|421736
42131|42173
421314|421736
42132|42173
421329|421736
42134|42173
421340|421736
42135|42173
421353|421736
42139|42173
421391|421736
42140|42173
421405|421736
42141|42173
421412|421736
42142|42173
421427|421736
42144|42173
421448|421736
42145|42173
421451|421736
42148|42173
421486|421736
42149|42173
421499|421736
42151|42173
421519|421736
42152|42173
421524|421736
42153|42173
421530|421736
42154|42173
421545|421736
42155|42173
421558|421736
42156|42173
421561|421736
42157|42173
421577|421736
42158|42173
421583|421736
42159|42173
421596|421736
42160|42173
421600|421736
42161|42173
421617|421736
42162|42173
421622|421736
42163|42173
421638|421736
42164|42173
421643|421736
42165|42173
421656|421736
42166|42173
421669|421736
42167|42173
421675|421736
42168|42173
421681|421736
42171|42173
421715|421736
42172|42173
421720|421736
42174|42173
421741|421736
42175|42173
421754|421736
42176|42173
421767|421736
42177|42173
421773|421736
42178|42173
421789|421736
42181|42173
421813|421736
42182|42173
421828|421736
42183|42173
421834|421736
42184|42173
421849|421736
42185|42173
421852|421736
42187|42173
421871|421736
42188|42173
421887|421736
42189|42173
421890|421736
42190|42173
421904|421736
42191|42173
421911|421736
42192|42173
421926|421736
42193|42173
421932|421736
42194|42173
421947|421736
42195|42173
421950|421736
42196|42173
421963|421736
42197|42173
421979|421736
42198|42173
421985|421736
42200|42173
422002|421736
42201|42173
422019|421736
42202|42173
422024|421736
42204|42173
422045|421736
42205|42173
422058|421736
42206|42173
422061|421736
42207|42173
422077|421736
42208|42173
422083|421736
42209|42173
422096|421736
42211|42173
422117|421736
42212|42173
422122|421736
42213|42173
422138|421736
42215|42173
422156|421736
42216|42173
422169|421736
42217|42173
422175|421736
42218|42173
422181|421736
42219|42173
422194|421736
43001|43161
430017|431613
43002|43163
430022|431634
43003|43123
430038|431233
43004|43014
430043|430141
43005|43161
430056|431613
43006|43155
430069|431554
43007|43123
430075|431233
43008|43155
430081|431554
43009|43123
430094|431233
43010|43161
430108|431613
43011|43123
430115|431233
43012|43148
430120|431482
43013|43155
430136|431554
43015|43123
430154|431233
43016|43037
430167|430379
43017|43038
430173|430385
43018|43155
430189|431554
43019|43155
430192|431554
43020|43163
430206|431634
43021|43161
430213|431613
43022|43155
430228|431554
43023|43038
430234|430385
43024|43037
430249|430379
43025|43155
430252|431554
43026|43155
430265|431554
43027|43123
430271|431233
43028|43163
430287|431634
43029|43161
430290|431613
43030|43163
430304|431634
43031|43123
430311|431233
43032|43155
430326|431554
43033|43123
430332|431233
43034|43161
430347|431613
43035|43038
430350|430385
43036|43161
430363|431613
43039|43123
430398|431233
43040|43038
430402|430385
43041|43155
430419|431554
43042|43123
430424|431233
43043|43148
430430|431482
43044|43155
430445|431554
43045|43038
430458|430385
43046|43161
430461|431613
43047|43148
430477|431482
43048|43155
430483|431554
43049|43123
430496|431233
43050|43163
430509|431634
43051|43037
430516|430379
43052|43155
430521|431554
43053|43038
430537|430385
43054|43161
430542|431613
43055|43038
430555|430385
43056|43155
430568|431554
43057|43123
430574|431233
43058|43038
430580|430385
43059|43161
430593|431613
43060|43155
430607|431554
43061|43161
430614|431613
43062|43014
430629|430141
43063|43014
430635|430141
43064|43155
430640|431554
43065|43038
430653|430385
43066|43161
430666|431613
43067|43155
430672|431554
43068|43014
430688|430141
43069|43038
430691|430385
43070|43038
430705|430385
43071|43155
430712|431554
43072|43038
430727|430385
43073|43161
430733|431613
43074|43163
430748|431634
43075|43123
430751|431233
43076|43038
430764|430385
43077|43155
430770|431554
43078|43014
430786|430141
43079|43163
430799|431634
43080|43161
430803|431613
43081|43123
430810|431233
43082|43038
430825|430385
43083|43161
430831|431613
43084|43155
430846|431554
43085|43038
430859|430385
43086|43161
430862|431613
43088|43038
430884|430385
43089|43161
430897|431613
43090|43163
430901|431634
43091|43161
430918|431613
43092|43038
430923|430385
43093|43155
430939|431554
43094|43038
430944|430385
43095|43161
430957|431613
43096|43123
430960|431233
43097|43148
430976|431482
43098|43161
430982|431613
43099|43038
430995|430385
43100|43148
431009|431482
43101|43161
431016|431613
43102|43155
431021|431554
43103|43148
431037|431482
43104|43155
431042|431554
43105|43161
431055|431613
43106|43155
431068|431554
43107|43161
431074|431613
43108|43161
431080|431613
43109|43148
431093|431482
43110|43155
431107|431554
43111|43163
431114|431634
43112|43123
431129|431233
43113|43161
431135|431613
43114|43038
431140|430385
43115|43038
431153|430385
43116|43161
431166|431613
43117|43155
431172|431554
43118|43038
431188|430385
43119|43161
431191|431613
43120|43161
431205|431613
43121|43155
431212|431554
43122|43161
431227|431613
43124|43161
431248|431613
43125|43155
431251|431554
43126|43148
431264|431482
43127|43038
431270|430385
43128|43123
431286|431233
43129|43123
431299|431233
43130|43161
431303|431613
43131|43163
431310|431634
43132|43163
431325|431634
43133|43155
431331|431554
43134|43161
431346|431613
43135|43161
431359|431613
43136|43014
431362|430141
43137|43163
431378|431634
43138|43014
431384|430141
43139|43161
431397|431613
43140|43163
431401|431634
43141|43161
431418|431613
43142|43161
431423|431613
43143|43161
431439|431613
43144|43161
431444|431613
43145|43123
431457|431233
43146|43161
431460|431613
43147|43161
431476|431613
43149|43155
431495|431554
43150|43038
431508|430385
43151|43038
431515|430385
43152|43038
431520|430385
43153|43148
431536|431482
43154|43123
431541|431233
43156|43014
431567|430141
43157|43123
431573|431233
43158|43161
431589|431613
43159|43161
431592|431613
43160|43161
431606|431613
43162|43038
431628|430385
43164|43148
431649|431482
43165|43161
431652|431613
43166|43161
431665|431613
43167|43038
431671|430385
43168|43123
431687|431233
43169|43123
431690|431233
43170|43161
431704|431613
43172|43161
431726|431613
43173|43038
431732|430385
43174|43038
431747|430385
43175|43155
431750|431554
43176|43161
431763|431613
43177|43038
431779|430385
43178|43038
431785|430385
43901|43014
439018|430141
43902|43014
439023|430141
43903|43014
439039|430141
43904|43014
439044|430141
43906|43014
439060|430141
43907|43171
439076|431711
44001|44216
440012|442160
44002|44216
440027|442160
44003|44216
440033|442160
44004|44216
440048|442160
44005|44216
440051|442160
44006|44216
440064|442160
44007|44216
440070|442160
44008|44216
440086|442160
44009|44216
440099|442160
44010|44216
440103|442160
44011|44216
440110|442160
44012|44216
440125|442160
44013|44216
440131|442160
44014|44216
440146|442160
44016|44216
440162|442160
44017|44216
440178|442160
44018|44216
440184|442160
44019|44216
440197|442160
44020|44216
440201|442160
44021|44216
440218|442160
44022|44216
440223|442160
44023|44216
440239|442160
44024|44216
440244|442160
44025|44216
440257|442160
44026|44216
440260|442160
44027|44216
440276|442160
44028|44216
440282|442160
44029|44216
440295|442160
44031|44216
440316|442160
44032|44216
440321|442160
44033|44216
440337|442160
44034|44216
440342|442160
44035|44216
440355|442160
44036|44216
440368|442160
44037|44216
440374|442160
44038|44216
440380|442160
44039|44216
440393|442160
44040|44216
440407|442160
44041|44216
440414|442160
44042|44216
440429|442160
44043|44216
440435|442160
44044|44216
440440|442160
44045|44216
440453|442160
44046|44216
440466|442160
44047|44216
440472|442160
44048|44216
440488|442160
44049|44216
440491|442160
44050|44216
440504|442160
44051|44216
440511|442160
44052|44216
440526|442160
44053|44216
440532|442160
44054|44216
440547|442160
44055|44216
440550|442160
44056|44216
440563|442160
44059|44216
440598|442160
44060|44216
440602|442160
44061|44216
440619|442160
44062|44216
440624|442160
44063|44216
440630|442160
44064|44216
440645|442160
44065|44216
440658|442160
44066|44216
440661|442160
44067|44216
440677|442160
44068|44216
440683|442160
44070|44216
440700|442160
44071|44216
440717|442160
44074|44216
440743|442160
44075|44216
440756|442160
44076|44216
440769|442160
44077|44216
440775|442160
44080|44216
440808|442160
44082|44216
440820|442160
44084|44216
440841|442160
44085|44216
440854|442160
44086|44216
440867|442160
44087|44216
440873|442160
44088|44216
440889|442160
44089|44216
440892|442160
44090|44216
440906|442160
44092|44216
440928|442160
44093|44216
440934|442160
44094|44216
440949|442160
44096|44216
440965|442160
44097|44216
440971|442160
44099|44216
440990|442160
44100|44216
441004|442160
44101|44216
441011|442160
44102|44216
441026|442160
44103|44216
441032|442160
44105|44216
441050|442160
44106|44216
441063|442160
44107|44216
441079|442160
44108|44216
441085|442160
44109|44216
441098|442160
44110|44216
441102|442160
44111|44216
441119|442160
44112|44216
441124|442160
44113|44216
441130|442160
44114|44216
441145|442160
44115|44216
441158|442160
44116|44216
441161|442160
44117|44216
441177|442160
44118|44216
441183|442160
44119|44216
441196|442160
44120|44216
441200|442160
44121|44216
441217|442160
44122|44216
441222|442160
44123|44216
441238|442160
44124|44216
441243|442160
44125|44216
441256|442160
44126|44216
441269|442160
44127|44216
441275|442160
44128|44216
441281|442160
44129|44216
441294|442160
44130|44216
441308|442160
44131|44216
441315|442160
44132|44216
441320|442160
44133|44216
441336|442160
44135|44216
441354|442160
44136|44216
441367|442160
44137|44216
441373|442160
44138|44216
441389|442160
44141|44216
441413|442160
44142|44216
441428|442160
44143|44216
441434|442160
44144|44216
441449|442160
44145|44216
441452|442160
44146|44216
441465|442160
44147|44216
441471|442160
44148|44216
441487|442160
44149|44216
441490|442160
44150|44216
441503|442160
44151|44216
441510|442160
44152|44216
441525|442160
44153|44216
441531|442160
44154|44216
441546|442160
44155|44216
441559|442160
44156|44216
441562|442160
44157|44216
441578|442160
44158|44216
441584|442160
44159|44216
441597|442160
44160|44216
441601|442160
44161|44216
441618|442160
44163|44216
441639|442160
44164|44216
441644|442160
44165|44216
441657|442160
44167|44216
441676|442160
44168|44216
441682|442160
44169|44216
441695|442160
44171|44216
441716|442160
44172|44216
441721|442160
44173|44216
441737|442160
44174|44216
441742|442160
44175|44216
441755|442160
44176|44216
441768|442160
44177|44216
441774|442160
44178|44216
441780|442160
44179|44216
441793|442160
44180|44216
441807|442160
44181|44216
441814|442160
44182|44216
441829|442160
44183|44216
441835|442160
44184|44216
441840|442160
44185|44216
441853|442160
44187|44216
441872|442160
44189|44216
441891|442160
44190|44216
441905|442160
44191|44216
441912|442160
44192|44216
441927|442160
44193|44216
441933|442160
44194|44216
441948|442160
44195|44216
441951|442160
44196|44216
441964|442160
44197|44216
441970|442160
44198|44216
441986|442160
44199|44216
441999|442160
44200|44216
442003|442160
44201|44216
442010|442160
44203|44216
442031|442160
44204|44216
442046|442160
44205|44216
442059|442160
44206|44216
442062|442160
44207|44216
442078|442160
44208|44216
442084|442160
44209|44216
442097|442160
44210|44216
442101|442160
44211|44216
442118|442160
44212|44216
442123|442160
44213|44216
442139|442160
44215|44216
442157|442160
44217|44216
442176|442160
44218|44216
442182|442160
44219|44216
442195|442160
44220|44216
442209|442160
44221|44216
442216|442160
44222|44216
442221|442160
44223|44216
442237|442160
44224|44216
442242|442160
44225|44216
442255|442160
44226|44216
442268|442160
44227|44216
442274|442160
44228|44216
442280|442160
44229|44216
442293|442160
44230|44216
442307|442160
44231|44216
442314|442160
44232|44216
442329|442160
44234|44216
442340|442160
44235|44216
442353|442160
44236|44216
442366|442160
44237|44216
442372|442160
44238|44216
442388|442160
44239|44216
442391|442160
44240|44216
442405|442160
44241|44216
442412|442160
44243|44216
442433|442160
44244|44216
442448|442160
44245|44216
442451|442160
44246|44216
442464|442160
44247|44216
442470|442160
44249|44216
442499|442160
44250|44216
442502|442160
44251|44216
442519|442160
44252|44216
442524|442160
44256|44216
442561|442160
44257|44216
442577|442160
44258|44216
442583|442160
44260|44216
442600|442160
44261|44216
442617|442160
44262|44216
442622|442160
44263|44216
442638|442160
44264|44216
442643|442160
44265|44216
442656|442160
44266|44216
442669|442160
44267|44216
442675|442160
44268|44216
442681|442160
45001|45168
450015|451685
45002|45081
450020|450818
45003|45168
450036|451685
45004|45168
450041|451685
45005|45165
450054|451650
45006|45165
450067|451650
45007|45165
450073|451650
45008|45165
450089|451650
45009|45165
450092|451650
45010|45165
450106|451650
45011|45165
450113|451650
45012|45168
450128|451685
45013|45081
450134|450818
45014|45161
450149|451611
45015|45081
450152|450818
45016|45168
450165|451685
45017|45165
450171|451650
45018|45168
450187|451685
45019|45168
450190|451685
45020|45165
450204|451650
45021|45161
450211|451611
45022|45165
450226|451650
45023|45168
450232|451685
45024|45168
450247|451685
45025|45168
450250|451685
45026|45161
450263|451611
45027|45161
450279|451611
45028|45165
450285|451650
45029|45165
450298|451650
45030|45165
450302|451650
45031|45081
450319|450818
45032|45168
450324|451685
45033|45165
450330|451650
45034|45168
450345|451685
45035|45165
450358|451650
45036|45168
450361|451685
45037|45165
450377|451650
45038|45081
450383|450818
45039|45165
450396|451650
45040|45165
450400|451650
45041|45081
450417|450818
45042|45168
450422|451685
45043|45165
450438|451650
45045|45165
450456|451650
45046|45165
450469|451650
45047|45081
450475|450818
45048|45165
450481|451650
45049|45165
450494|451650
45050|45161
450507|451611
45051|45081
450514|450818
45052|45168
450529|451685
45053|45168
450535|451685
45054|45161
450540|451611
45055|45168
450553|451685
45056|45081
450566|450818
45057|45168
450572|451685
45058|45165
450588|451650
45059|45161
450591|451611
45060|45165
450605|451650
45061|45165
450612|451650
45062|45168
450627|451685
45063|45165
450633|451650
45064|45161
450648|451611
45065|45165
450651|451650
45066|45168
450664|451685
45067|45168
450670|451685
45068|45165
450686|451650
45069|45168
450699|451685
45070|45168
450703|451685
45071|45161
450710|451611
45072|45165
450725|451650
45073|45165
450731|451650
45074|45165
450746|451650
45075|45165
450759|451650
45076|45165
450762|451650
45077|45168
450778|451685
45078|45161
450784|451611
45079|45165
450797|451650
45080|45165
450801|451650
45082|45165
450823|451650
45083|45168
450839|451685
45084|45161
450844|451611
45085|45081
450857|450818
45086|45165
450860|451650
45087|45168
450876|451685
45088|45168
450882|451685
45089|45165
450895|451650
45090|45168
450909|451685
45091|45168
450916|451685
45092|45168
450921|451685
45093|45165
450937|451650
45094|45168
450942|451685
45095|45165
450955|451650
45096|45168
450968|451685
45097|45165
450974|451650
45098|45168
450980|451685
45099|45081
450993|450818
45100|45165
451007|451650
45101|45161
451014|451611
45102|45168
451029|451685
45103|45165
451035|451650
45104|45165
451040|451650
45105|45165
451053|451650
45106|45168
451066|451685
45107|45168
451072|451685
45108|45165
451088|451650
45109|45165
451091|451650
45110|45165
451105|451650
45111|45165
451112|451650
45112|45165
451127|451650
45113|45165
451133|451650
45114|45165
451148|451650
45115|45161
451151|451611
45116|45168
451164|451685
45117|45165
451170|451650
45118|45168
451186|451685
45119|45081
451199|450818
45120|45165
451203|451650
45121|45161
451210|451611
45122|45168
451225|451685
45123|45161
451231|451611
45124|45168
451246|451685
45125|45165
451259|451650
45126|45165
451262|451650
45127|45081
451278|450818
45128|45081
451284|450818
45129|45165
451297|451650
45130|45165
451301|451650
45131|45165
451318|451650
45132|45165
451323|451650
45133|45168
451339|451685
45134|45168
451344|451685
45135|45161
451357|451611
45136|45168
451360|451685
45137|45165
451376|451650
45138|45165
451382|451650
45139|45165
451395|451650
45140|45168
451409|451685
45141|45161
451416|451611
45142|45161
451421|451611
45143|45168
451437|451685
45144|45165
451442|451650
45145|45081
451455|450818
45146|45165
451468|451650
45147|45168
451474|451685
45148|45165
451480|451650
45149|45161
451493|451611
45150|45165
451506|451650
45151|45168
451513|451685
45152|45165
451528|451650
45153|45168
451534|451685
45154|45165
451549|451650
45155|45165
451552|451650
45156|45161
451565|451611
45157|45081
451571|450818
45158|45165
451587|451650
45159|45165
451590|451650
45160|45165
451604|451650
45162|45165
451626|451650
45163|45168
451632|451685
45164|45165
451647|451650
45166|45168
451663|451685
45167|45161
451679|451611
45169|45165
451698|451650
45170|45165
451702|451650
45171|45081
451719|450818
45172|45165
451724|451650
45173|45168
451730|451685
45174|45168
451745|451685
45175|45168
451758|451685
45176|45081
451761|450818
45177|45168
451777|451685
45179|45165
451796|451650
45180|45081
451800|450818
45181|45165
451817|451650
45182|45168
451822|451685
45183|45081
451838|450818
45184|45165
451843|451650
45185|45161
451856|451611
45186|45161
451869|451611
45187|45168
451875|451685
45188|45081
451881|450818
45189|45168
451894|451685
45190|45168
451908|451685
45191|45168
451915|451685
45192|45161
451920|451611
45193|45168
451936|451685
45194|45165
451941|451650
45195|45161
451954|451611
45196|45168
451967|451685
45197|45161
451973|451611
45198|45161
451989|451611
45199|45081
451992|450818
45200|45168
452006|451685
45201|45081
452013|450818
45202|45161
452028|451611
45203|45081
452034|450818
45204|45168
452049|451685
45205|45081
452052|450818
45901|45168
459016|451685
46001|46147
460018|461477
46002|46131
460023|461311
46003|46184
460039|461846
46004|46184
460044|461846
46006|46184
460060|461846
46007|46094
460076|460945
46008|46029
460082|460291
46009|46171
460095|461712
46010|46220
460109|462205
46011|46083
460116|460832
46012|46214
460121|462140
46014|46013
460142|460137
46015|46194
460155|461944
46016|46145
460168|461458
46018|46147
460180|461477
46019|46017
460193|460174
46020|46145
460207|461458
46023|46131
460235|461311
46024|46220
460240|462205
46025|46171
460253|461712
46026|46194
460266|461944
46027|46145
460272|461458
46028|46220
460288|462205
46030|46220
460305|462205
46031|46029
460312|460291
46032|46013
460327|460137
46033|46131
460333|461311
46034|46131
460348|461311
46035|46230
460351|462303
46036|46147
460364|461477
46037|46131
460370|461311
46038|46147
460386|461477
46039|46145
460399|461458
46040|46145
460403|461458
46041|46147
460410|461477
46042|46184
460425|461846
46043|46131
460431|461311
46044|46184
460446|461846
46045|46145
460459|461458
46046|46131
460462|461311
46047|46145
460478|461458
46048|46131
460484|461311
46049|46145
460497|461458
46050|46213
460500|462135
46051|46202
460517|462021
46052|46220
460522|462205
46053|46145
460538|461458
46054|46186
460543|461862
46055|46131
460556|461311
46056|46145
460569|461458
46057|46131
460575|461311
46058|46220
460581|462205
46059|46131
460594|461311
46060|46194
460608|461944
46061|46131
460615|461311
46062|46145
460620|461458
46063|46017
460636|460174
46064|46017
460641|460174
46065|46094
460654|460945
46066|46131
460667|461311
46067|46202
460673|462021
46068|46184
460689|461846
46069|46145
460692|461458
46071|46145
460713|461458
46072|46184
460728|461846
46073|46145
460734|461458
46074|46013
460749|460137
46075|46145
460752|461458
46076|46147
460765|461477
46077|46214
460771|462140
46079|46147
460790|461477
46080|46213
460804|462135
46081|46145
460811|461458
46082|46220
460826|462205
46084|46145
460847|461458
46085|46029
460850|460291
46086|46184
460863|461846
46087|46147
460879|461477
46088|46213
460885|462135
46089|46147
460898|461477
46090|46145
460902|461458
46091|46131
460919|461311
46092|46147
460924|461477
46093|46194
460930|461944
46095|46213
460958|462135
46096|46145
460961|461458
46097|46213
460977|462135
46098|46105
460983|461056
46099|46213
460996|462135
46100|46145
461000|461458
46101|46220
461017|462205
46103|46220
461038|462205
46104|46145
461043|461458
46106|46147
461069|461477
46107|46145
461075|461458
46108|46147
461081|461477
46109|46214
461094|462140
46111|46214
461115|462140
46112|46147
461120|461477
46113|46131
461136|461311
46114|46147
461141|461477
46115|46194
461154|461944
46116|46202
461167|462021
46117|46171
461173|461712
46118|46184
461189|461846
46119|46083
461192|460832
46120|46220
461206|462205
46121|46145
461213|461458
46122|46220
461228|462205
46123|46105
461234|461056
46124|46184
461249|461846
46125|46235
461252|462359
46126|46171
461265|461712
46127|46181
461271|461810
46128|46184
461287|461846
46129|46213
461290|462135
46130|46083
461304|460832
46132|46145
461326|461458
46133|46147
461332|461477
46134|46220
461347|462205
46135|46171
461350|461712
46136|46214
461363|462140
46137|46145
461379|461458
46138|46145
461385|461458
46139|46017
461398|460174
46140|46131
461402|461311
46141|46147
461419|461477
46142|46213
461424|462135
46143|46131
461430|461311
46144|46213
461445|462135
46146|46131
461461|461311
46148|46147
461483|461477
46149|46147
461496|461477
46150|46131
461509|461311
46151|46145
461516|461458
46152|46022
461521|460229
46153|46131
461537|461311
46154|46145
461542|461458
46155|46105
461555|461056
46156|46194
461568|461944
46157|46145
461574|461458
46158|46214
461580|462140
46160|46083
461607|460832
46161|46147
461614|461477
46162|46017
461629|460174
46163|46013
461635|460137
46164|46205
461640|462055
46165|46022
461653|460229
46166|46013
461666|460137
46167|46017
461672|460174
46168|46131
461688|461311
46170|46184
461705|461846
46172|46194
461727|461944
46173|46145
461733|461458
46174|46145
461748|461458
46175|46131
461751|461311
46176|46244
461764|462444
46177|46171
461770|461712
46178|46070
461786|460706
46179|46145
461799|461458
46180|46145
461803|461458
46182|46202
461825|462021
46183|46145
461831|461458
46185|46145
461859|461458
46187|46131
461878|461311
46188|46131
461884|461311
46189|46184
461897|461846
46191|46147
461918|461477
46192|46220
461923|462205
46193|46186
461939|461862
46195|46181
461957|461810
46196|46131
461960|461311
46197|46029
461976|460291
46198|46131
461982|461311
46199|46205
461995|462055
46200|46145
462009|461458
46201|46147
462016|461477
46203|46083
462037|460832
46204|46205
462042|462055
46206|46145
462068|461458
46207|46205
462074|462055
46208|46131
462080|461311
46209|46083
462093|460832
46210|46145
462107|461458
46211|46131
462114|461311
46212|46194
462129|461944
46215|46235
462153|462359
46216|46171
462166|461712
46217|46145
462172|461458
46218|46131
462188|461311
46219|46131
462191|461311
46221|46145
462212|461458
46222|46083
462227|460832
46223|46022
462233|460229
46224|46220
462248|462205
46225|46145
462251|461458
46226|46145
462264|461458
46227|46083
462270|460832
46228|46070
462286|460706
46229|46213
462299|462135
46231|46083
462310|460832
46232|46213
462325|462135
46233|46230
462331|462303
46234|46147
462346|461477
46236|46145
462362|461458
46237|46013
462378|460137
46238|46105
462384|461056
46239|46145
462397|461458
46240|46131
462401|461311
46241|46147
462418|461477
46242|46147
462423|461477
46243|46145
462439|461458
46245|46220
462457|462205
46246|46017
462460|460174
46247|46213
462476|462135
46248|46244
462482|462444
46249|46213
462495|462135
46251|46184
462515|461846
46252|46213
462520|462135
46253|46145
462536|461458
46254|46213
462541|462135
46255|46131
462554|461311
46256|46202
462567|462021
46257|46083
462573|460832
46258|46147
462589|461477
46259|46213
462592|462135
46260|46171
462606|461712
46261|46213
462613|462135
46262|46147
462628|461477
46263|46213
462634|462135
46902|46147
469024|461477
46903|46070
469030|460706
46904|46029
469045|460291
47001|47010
470014|470105
47002|47085
470029|470856
47003|47010
470035|470105
47004|47085
470040|470856
47005|47085
470053|470856
47006|47076
470066|470761
47007|47076
470072|470761
47008|47085
470088|470856
47009|47186
470091|471868
47011|47085
470112|470856
47012|47076
470127|470761
47013|47010
470133|470105
47014|47010
470148|470105
47015|47010
470151|470105
47016|47010
470164|470105
47017|47010
470170|470105
47018|47010
470186|470105
47019|47010
470199|470105
47020|47085
470203|470856
47021|47085
470210|470856
47022|47076
470225|470761
47023|47076
470231|470761
47024|47010
470246|470105
47025|47085
470259|470856
47026|47186
470262|471868
47027|47186
470278|471868
47028|47186
470284|471868
47029|47010
470297|470105
47030|47076
470301|470761
47031|47085
470318|470856
47032|47076
470323|470761
47033|47076
470339|470761
47034|47186
470344|471868
47035|47085
470357|470856
47036|47010
470360|470105
47037|47085
470376|470856
47038|47076
470382|470761
47039|47186
470395|471868
47040|47010
470409|470105
47041|47010
470416|470105
47042|47010
470421|470105
47043|47010
470437|470105
47044|47186
470442|471868
47045|47085
470455|470856
47046|47010
470468|470105
47047|47186
470474|471868
47048|47010
470480|470105
47049|47085
470493|470856
47050|47186
470506|471868
47051|47010
470513|470105
47052|47076
470528|470761
47053|47076
470534|470761
47054|47076
470549|470761
47055|47186
470552|471868
47056|47186
470565|471868
47057|47186
470571|471868
47058|47186
470587|471868
47059|47076
470590|470761
47060|47186
470604|471868
47061|47186
470611|471868
47062|47186
470626|471868
47063|47076
470632|470761
47064|47186
470647|471868
47065|47085
470650|470856
47066|47186
470663|471868
47067|47085
470679|470856
47068|47085
470685|470856
47069|47010
470698|470105
47070|47186
470702|471868
47071|47010
470719|470105
47073|47186
470730|471868
47074|47085
470745|470856
47075|47076
470758|470761
47077|47076
470777|470761
47078|47085
470783|470856
47079|47085
470796|470856
47080|47076
470800|470761
47081|47010
470817|470105
47082|47085
470822|470856
47083|47010
470838|470105
47084|47010
470843|470105
47086|47010
470869|470105
47087|47076
470875|470761
47088|47186
470881|471868
47089|47186
470894|471868
47090|47076
470908|470761
47091|47186
470915|471868
47092|47186
470920|471868
47093|47076
470936|470761
47094|47010
470941|470105
47095|47085
470954|470856
47096|47010
470967|470105
47097|47010
470973|470105
47098|47186
470989|471868
47099|47010
470992|470105
47100|47085
471006|470856
47101|47085
471013|470856
47102|47085
471028|470856
47103|47186
471034|471868
47104|47085
471049|470856
47105|47186
471052|471868
47106|47076
471065|470761
47109|47010
471090|470105
47110|47076
471104|470761
47111|47076
471111|470761
47112|47076
471126|470761
47113|47085
471132|470856
47114|47076
471147|470761
47115|47010
471150|470105
47116|47186
471163|471868
47117|47186
471179|471868
47118|47186
471185|471868
47119|47186
471198|471868
47121|47085
471219|470856
47122|47076
471224|470761
47123|47085
471230|470856
47124|47085
471245|470856
47125|47010
471258|470105
47126|47085
471261|470856
47127|47076
471277|470761
47128|47010
471283|470105
47129|47076
471296|470761
47130|47186
471300|471868
47131|47076
471317|470761
47132|47085
471322|470856
47133|47186
471338|471868
47134|47010
471343|470105
47135|47010
471356|470105
47137|47186
471375|471868
47138|47085
471381|470856
47139|47085
471394|470856
47140|47186
471408|471868
47141|47085
471415|470856
47142|47010
471420|470105
47143|47186
471436|471868
47144|47186
471441|471868
47145|47076
471454|470761
47146|47010
471467|470105
47147|47085
471473|470856
47148|47010
471489|470105
47149|47010
471492|470105
47150|47085
471505|470856
47151|47010
471512|470105
47152|47010
471527|470105
47153|47186
471533|471868
47154|47076
471548|470761
47155|47186
471551|471868
47156|47085
471564|470856
47157|47076
471570|470761
47158|47085
471586|470856
47159|47076
471599|470761
47160|47085
471603|470856
47161|47010
471610|470105
47162|47186
471625|471868
47163|47010
471631|470105
47164|47010
471646|470105
47165|47010
471659|470105
47166|47085
471662|470856
47167|47085
471678|470856
47168|47010
471684|470105
47169|47186
471697|471868
47170|47076
471701|470761
47171|47010
471718|470105
47172|47076
471723|470761
47173|47076
471739|470761
47174|47186
471744|471868
47175|47076
471757|470761
47176|47010
471760|470105
47177|47010
471776|470105
47178|47010
471782|470105
47179|47186
471795|471868
47180|47076
471809|470761
47181|47010
471816|470105
47182|47076
471821|470761
47183|47010
471837|470105
47184|47186
471842|471868
47185|47010
471855|470105
47187|47186
471874|471868
47188|47010
471880|470105
47189|47085
471893|470856
47190|47010
471907|470105
47191|47010
471914|470105
47192|47085
471929|470856
47193|47076
471935|470761
47194|47076
471940|470761
47195|47186
471953|471868
47196|47186
471966|471868
47197|47010
471972|470105
47198|47186
471988|471868
47199|47010
471991|470105
47200|47186
472005|471868
47203|47186
472033|471868
47204|47085
472048|470856
47205|47010
472051|470105
47206|47186
472064|471868
47207|47010
472070|470105
47208|47186
472086|471868
47209|47010
472099|470105
47210|47010
472103|470105
47211|47010
472110|470105
47212|47186
472125|471868
47213|47010
472131|470105
47214|47186
472146|471868
47215|47010
472159|470105
47216|47010
472162|470105
47217|47010
472178|470105
47218|47076
472184|470761
47219|47186
472197|471868
47220|47010
472201|470105
47221|47186
472218|471868
47222|47010
472223|470105
47223|47010
472239|470105
47224|47186
472244|471868
47225|47010
472257|470105
47226|47186
472260|471868
47227|47010
472276|470105
47228|47085
472282|470856
47229|47010
472295|470105
47230|47010
472309|470105
47231|47010
472316|470105
47232|47085
472321|470856
48001|48027
480010|480274
48002|48082
480025|480828
48003|48027
480031|480274
48004|48027
480046|480274
48005|48015
480059|480157
48006|48036
480062|480366
48007|48027
480078|480274
48008|48082
480084|480828
48009|48015
480097|480157
48010|48036
480101|480366
48011|48015
480118|480157
48012|48902
480123|489026
48014|48044
480144|480448
48016|48054
480160|480545
48017|48902
480176|489026
48018|48027
480182|480274
48019|48027
480195|480274
48021|48036
480216|480366
48022|48082
480221|480828
48023|48036
480237|480366
48024|48027
480242|480274
48025|48036
480255|480366
48026|48027
480268|480274
48028|48027
480280|480274
48029|48015
480293|480157
48030|48027
480307|480274
48031|48036
480314|480366
48032|48027
480329|480274
48033|48027
480335|480274
48034|48027
480340|480274
48035|48036
480353|480366
48037|48078
480372|480789
48038|48036
480388|480366
48039|48027
480391|480274
48040|48902
480405|489026
48041|48036
480412|480366
48042|48020
480427|480209
48043|48044
480433|480448
48045|48013
480451|480139
48046|48036
480464|480366
48047|48027
480470|480274
48048|48036
480486|480366
48049|48027
480499|480274
48050|48027
480502|480274
48051|48082
480519|480828
48052|48036
480524|480366
48053|48902
480530|489026
48055|48036
480558|480366
48056|48044
480561|480448
48057|48027
480577|480274
48058|48027
480583|480274
48059|48027
480596|480274
48060|48027
480600|480274
48061|48902
480617|489026
48062|48027
480622|480274
48063|48027
480638|480274
48064|48902
480643|489026
48065|48015
480656|480157
48066|48036
480669|480366
48067|48027
480675|480274
48068|48902
480681|489026
48069|48902
480694|489026
48070|48027
480708|480274
48071|48082
480715|480828
48072|48027
480720|480274
48073|48027
480736|480274
48074|48015
480741|480157
48075|48015
480754|480157
48076|48036
480767|480366
48077|48044
480773|480448
48079|48036
480792|480366
48080|48078
480806|480789
48081|48036
480813|480366
48083|48078
480834|480789
48085|48044
480852|480448
48086|48082
480865|480828
48087|48082
480871|480828
48088|48027
480887|480274
48089|48054
480890|480545
48090|48078
480904|480789
48091|48027
480911|480274
48092|48036
480926|480366
48093|48027
480932|480274
48094|48036
480947|480366
48095|48027
480950|480274
48096|48078
480963|480789
48097|48036
480979|480366
48901|48902
489011|489026
48903|48902
489032|489026
48904|48902
489047|489026
48905|48015
489050|480157
48906|48036
489063|480366
48907|48027
489079|480274
48908|48036
489085|480366
48909|48027
489098|480274
48910|48027
489102|480274
48911|48027
489119|480274
48912|48020
489124|480209
48913|48082
489130|480828
48914|48027
489145|480274
48915|48027
489158|480274
48916|48036
489161|480366
49002|49275
490028|492755
49003|49275
490034|492755
49004|49275
490049|492755
49005|49275
490052|492755
49006|49275
490065|492755
49007|49275
490071|492755
49008|49275
490087|492755
49009|49275
490090|492755
49010|49275
490104|492755
49011|49275
490111|492755
49012|49275
490126|492755
49013|49275
490132|492755
49014|49275
490147|492755
49015|49275
490150|492755
49016|49275
490163|492755
49017|49275
490179|492755
49018|49275
490185|492755
49019|49275
490198|492755
49020|49275
490202|492755
49021|49275
490219|492755
49022|49275
490224|492755
49023|49275
490230|492755
49024|49275
490245|492755
49025|49275
490258|492755
49026|49275
490261|492755
49027|49275
490277|492755
49028|49275
490283|492755
49029|49275
490296|492755
49030|49275
490300|492755
49031|49275
490317|492755
49032|49275
490322|492755
49033|49275
490338|492755
49034|49275
490343|492755
49035|49275
490356|492755
49036|49275
490369|492755
49037|49275
490375|492755
49038|49275
490381|492755
49039|49275
490394|492755
49040|49275
490408|492755
49041|49275
490415|492755
49042|49275
490420|492755
49043|49275
490436|492755
49044|49275
490441|492755
49046|49275
490467|492755
49047|49275
490473|492755
49048|49275
490489|492755
49050|49275
490505|492755
49052|49275
490527|492755
49053|49275
490533|492755
49054|49275
490548|492755
49055|49275
490551|492755
49056|49275
490564|492755
49057|49275
490570|492755
49058|49275
490586|492755
49059|49275
490599|492755
49061|49275
490610|492755
49062|49275
490625|492755
49063|49275
490631|492755
49064|49275
490646|492755
49065|49275
490659|492755
49066|49275
490662|492755
49067|49275
490678|492755
49068|49275
490684|492755
49069|49275
490697|492755
49071|49275
490718|492755
49075|49275
490757|492755
49076|49275
490760|492755
49077|49275
490776|492755
49078|49275
490782|492755
49079|49275
490795|492755
49080|49275
490809|492755
49081|49275
490816|492755
49082|49275
490821|492755
49083|49275
490837|492755
49084|49275
490842|492755
49085|49275
490855|492755
49086|49275
490868|492755
49087|49275
490874|492755
49088|49275
490880|492755
49090|49275
490907|492755
49091|49275
490914|492755
49092|49275
490929|492755
49093|49275
490935|492755
49094|49275
490940|492755
49095|49275
490953|492755
49096|49275
490966|492755
49097|49275
490972|492755
49098|49275
490988|492755
49099|49275
490991|492755
49100|49275
491005|492755
49101|49275
491012|492755
49102|49275
491027|492755
49103|49275
491033|492755
49104|49275
491048|492755
49105|49275
491051|492755
49107|49275
491070|492755
49108|49275
491086|492755
49109|49275
491099|492755
49110|49275
491103|492755
49111|49275
491110|492755
49112|49275
491125|492755
49113|49275
491131|492755
49114|49275
491146|492755
49115|49275
491159|492755
49116|49275
491162|492755
49117|49275
491178|492755
49118|49275
491184|492755
49119|49275
491197|492755
49120|49275
491201|492755
49121|49275
491218|492755
49122|49275
491223|492755
49123|49275
491239|492755
49124|49275
491244|492755
49125|49275
491257|492755
49126|49275
491260|492755
49127|49275
491276|492755
49128|49275
491282|492755
49129|49275
491295|492755
49130|49275
491309|492755
49131|49275
491316|492755
49132|49275
491321|492755
49133|49275
491337|492755
49134|49275
491342|492755
49135|49275
491355|492755
49136|49275
491368|492755
49137|49275
491374|492755
49138|49275
491380|492755
49139|49275
491393|492755
49141|49275
491414|492755
49142|49275
491429|492755
49143|49275
491435|492755
49145|49275
491453|492755
49146|49275
491466|492755
49147|49275
491472|492755
49148|49275
491488|492755
49149|49275
491491|492755
49150|49275
491504|492755
49151|49275
491511|492755
49152|49275
491526|492755
49153|49275
491532|492755
49154|49275
491547|492755
49155|49275
491550|492755
49156|49275
491563|492755
49157|49275
491579|492755
49158|49275
491585|492755
49159|49275
491598|492755
49160|49275
491602|492755
49162|49275
491624|492755
49163|49275
491630|492755
49164|49275
491645|492755
49165|49275
491658|492755
49166|49275
491661|492755
49167|49275
491677|492755
49168|49275
491683|492755
49169|49275
491696|492755
49170|49275
491700|492755
49171|49275
491717|492755
49172|49275
491722|492755
49173|49275
491738|492755
49174|49275
491743|492755
49175|49275
491756|492755
49176|49275
491769|492755
49177|49275
491775|492755
49178|49275
491781|492755
49179|49275
491794|492755
49180|49275
491808|492755
49181|49275
491815|492755
49183|49275
491836|492755
49184|49275
491841|492755
49185|49275
491854|492755
49186|49275
491867|492755
49187|49275
491873|492755
49188|49275
491889|492755
49189|49275
491892|492755
49190|49275
491906|492755
49191|49275
491913|492755
49192|49275
491928|492755
49193|49275
491934|492755
49194|49275
491949|492755
49197|49275
491971|492755
49199|49275
491990|492755
49200|49275
492004|492755
49201|49275
492011|492755
49202|49275
492026|492755
49203|49275
492032|492755
49204|49275
492047|492755
49205|49275
492050|492755
49206|49275
492063|492755
49207|49275
492079|492755
49208|49275
492085|492755
49209|49275
492098|492755
49210|49275
492102|492755
49214|49275
492145|492755
49216|49275
492161|492755
49219|49275
492196|492755
49220|49275
492200|492755
49221|49275
492217|492755
49222|49275
492222|492755
49223|49275
492238|492755
49224|49275
492243|492755
49225|49275
492256|492755
49226|49275
492269|492755
49227|49275
492275|492755
49228|49275
492281|492755
49229|49275
492294|492755
49230|49275
492308|492755
49231|49275
492315|492755
49232|49275
492320|492755
49233|49275
492336|492755
49234|49275
492341|492755
49235|49275
492354|492755
49236|49275
492367|492755
49237|49275
492373|492755
49238|49275
492389|492755
49239|49275
492392|492755
49240|49275
492406|492755
49241|49275
492413|492755
49242|49275
492428|492755
49243|49275
492434|492755
49244|49275
492449|492755
49245|49275
492452|492755
49246|49275
492465|492755
49247|49275
492471|492755
49248|49275
492487|492755
49249|49275
492490|492755
49250|49275
492503|492755
49251|49275
492510|492755
49252|49275
492525|492755
49255|49275
492559|492755
49256|49275
492562|492755
49257|49275
492578|492755
49258|49275
492584|492755
49259|49275
492597|492755
49260|49275
492601|492755
49261|49275
492618|492755
49262|49275
492623|492755
49263|49275
492639|492755
49264|49275
492644|492755
49265|49275
492657|492755
49266|49275
492660|492755
49267|49275
492676|492755
49268|49275
492682|492755
49269|49275
492695|492755
49270|49275
492709|492755
49271|49275
492716|492755
49272|49275
492721|492755
49273|49275
492737|492755
50001|50067
500016|500671
50002|50067
500021|500671
50003|50297
500037|502973
50004|50067
500042|500671
50005|50297
500055|502973
50006|50067
500068|500671
50007|50067
500074|500671
50008|50297
500080|502973
50009|50067
500093|500671
50010|50067
500107|500671
50011|50067
500114|500671
50012|50297
500129|502973
50013|50297
500135|502973
50014|50067
500140|500671
50015|50067
500153|500671
50016|50067
500166|500671
50017|50297
500172|502973
50018|50297
500188|502973
50019|50297
500191|502973
50020|50067
500205|500671
50021|50297
500212|502973
50022|50297
500227|502973
50023|50297
500233|502973
50024|50067
500248|500671
50025|50067
500251|500671
50026|50067
500264|500671
50027|50067
500270|500671
50028|50067
500286|500671
50029|50067
500299|500671
50030|50067
500303|500671
50031|50067
500310|500671
50032|50067
500325|500671
50033|50297
500331|502973
50034|50067
500346|500671
50035|50297
500359|502973
50036|50297
500362|502973
50037|50067
500378|500671
50038|50067
500384|500671
50039|50297
500397|502973
50040|50067
500401|500671
50041|50297
500418|502973
50042|50067
500423|500671
50043|50297
500439|502973
50044|50297
500444|502973
50045|50297
500457|502973
50046|50067
500460|500671
50047|50067
500476|500671
50048|50067
500482|500671
50050|50067
500508|500671
50051|50297
500515|502973
50052|50297
500520|502973
50053|50297
500536|502973
50054|50067
500541|500671
50055|50067
500554|500671
50056|50297
500567|502973
50057|50067
500573|500671
50058|50067
500589|500671
50059|50297
500592|502973
50060|50067
500606|500671
50061|50067
500613|500671
50062|50297
500628|502973
50063|50067
500634|500671
50064|50297
500649|502973
50065|50067
500652|500671
50066|50297
500665|502973
50068|50067
500687|500671
50069|50067
500690|500671
50070|50067
500704|500671
50071|50067
500711|500671
50072|50067
500726|500671
50073|50067
500732|500671
50074|50297
500747|502973
50075|50067
500750|500671
50076|50067
500763|500671
50077|50297
500779|502973
50078|50297
500785|502973
50079|50067
500798|500671
50080|50067
500802|500671
50081|50067
500819|500671
50082|50067
500824|500671
50083|50297
500830|502973
50084|50067
500845|500671
50085|50297
500858|502973
50086|50067
500861|500671
50087|50067
500877|500671
50088|50067
500883|500671
50089|50297
500896|502973
50090|50067
500900|500671
50091|50067
500917|500671
50092|50297
500922|502973
50093|50067
500938|500671
50094|50067
500943|500671
50095|50297
500956|502973
50096|50067
500969|500671
50098|50067
500981|500671
50099|50067
500994|500671
50100|50297
501008|502973
50101|50297
501015|502973
50102|50297
501020|502973
50104|50297
501041|502973
50105|50297
501054|502973
50106|50067
501067|500671
50107|50297
501073|502973
50108|50067
501089|500671
50109|50297
501092|502973
50110|50067
501106|500671
50111|50297
501113|502973
50113|50067
501134|500671
50114|50297
501149|502973
50115|50297
501152|502973
50116|50067
501165|500671
50117|50067
501171|500671
50118|50297
501187|502973
50119|50297
501190|502973
50120|50067
501204|500671
50121|50067
501211|500671
50122|50067
501226|500671
50123|50297
501232|502973
50124|50067
501247|500671
50125|50067
501250|500671
50126|50067
501263|500671
50128|50297
501285|502973
50129|50067
501298|500671
50130|50067
501302|500671
50131|50297
501319|502973
50132|50297
501324|502973
50133|50297
501330|502973
50134|50067
501345|500671
50135|50297
501358|502973
50136|50297
501361|502973
50137|50297
501377|502973
50138|50067
501383|500671
50139|50297
501396|502973
50140|50067
501400|500671
50141|50067
501417|500671
50142|50297
501422|502973
50143|50297
501438|502973
50144|50297
501443|502973
50146|50067
501469|500671
50147|50297
501475|502973
50148|50297
501481|502973
50149|50067
501494|500671
50150|50067
501507|500671
50151|50297
501514|502973
50152|50297
501529|502973
50153|50297
501535|502973
50154|50067
501540|500671
50155|50067
501553|500671
50156|50067
501566|500671
50157|50067
501572|500671
50159|50067
501591|500671
50160|50297
501605|502973
50161|50067
501612|500671
50162|50067
501627|500671
50163|50297
501633|502973
50164|50297
501648|502973
50165|50297
501651|502973
50166|50067
501664|500671
50167|50297
501670|502973
50168|50297
501686|502973
50169|50067
501699|500671
50170|50297
501703|502973
50171|50297
501710|502973
50172|50067
501725|500671
50173|50067
501731|500671
50174|50067
501746|500671
50175|50067
501759|500671
50176|50067
501762|500671
50177|50067
501778|500671
50178|50067
501784|500671
50179|50297
501797|502973
50180|50297
501801|502973
50181|50297
501818|502973
50182|50297
501823|502973
50183|50067
501839|500671
50184|50067
501844|500671
50185|50297
501857|502973
50186|50297
501860|502973
50187|50067
501876|500671
50188|50067
501882|500671
50189|50297
501895|502973
50190|50067
501909|500671
50191|50297
501916|502973
50192|50067
501921|500671
50193|50297
501937|502973
50194|50067
501942|500671
50195|50067
501955|500671
50196|50067
501968|500671
50197|50297
501974|502973
50198|50067
501980|500671
50199|50297
501993|502973
50200|50067
502007|500671
50201|50067
502014|500671
50202|50067
502029|500671
50203|50297
502035|502973
50204|50297
502040|502973
50205|50297
502053|502973
50206|50297
502066|502973
50207|50297
502072|502973
50208|50297
502088|502973
50209|50297
502091|502973
50210|50297
502105|502973
50211|50297
502112|502973
50212|50297
502127|502973
50213|50297
502133|502973
50214|50067
502148|500671
50215|50067
502151|500671
50216|50297
502164|502973
50217|50297
502170|502973
50218|50297
502186|502973
50219|50297
502199|502973
50220|50297
502203|502973
50221|50067
502210|500671
50222|50297
502225|502973
50223|50297
502231|502973
50224|50067
502246|500671
50225|50067
502259|500671
50227|50067
502278|500671
50228|50067
502284|500671
50229|50067
502297|500671
50230|50297
502301|502973
50231|50067
502318|500671
50232|50297
502323|502973
50233|50297
502339|502973
50234|50067
502344|500671
50235|50297
502357|502973
50236|50067
502360|500671
50237|50067
502376|500671
50238|50297
502382|502973
50239|50067
502395|500671
50240|50297
502409|502973
50241|50067
502416|500671
50242|50067
502421|500671
50243|50067
502437|500671
50244|50297
502442|502973
50245|50297
502455|502973
50246|50067
502468|500671
50247|50297
502474|502973
50248|50297
502480|502973
50249|50067
502493|500671
50250|50067
502506|500671
50251|50067
502513|500671
50252|50297
502528|502973
50253|50067
502534|500671
50254|50067
502549|500671
50255|50067
502552|500671
50256|50067
502565|500671
50257|50067
502571|500671
50258|50067
502587|500671
50259|50067
502590|500671
50260|50067
502604|500671
50261|50067
502611|500671
50262|50297
502626|502973
50263|50067
502632|500671
50264|50297
502647|502973
50265|50067
502650|500671
50266|50067
502663|500671
50267|50297
502679|502973
50268|50297
502685|502973
50269|50297
502698|502973
50270|50297
502702|502973
50271|50067
502719|500671
50272|50297
502724|502973
50273|50067
502730|500671
50274|50067
502745|500671
50275|50297
502758|502973
50276|50297
502761|502973
50277|50067
502777|500671
50278|50297
502783|502973
50279|50067
502796|500671
50280|50067
502800|500671
50281|50067
502817|500671
50282|50067
502822|500671
50283|50067
502838|500671
50284|50067
502843|500671
50285|50297
502856|502973
50286|50067
502869|500671
50287|50067
502875|500671
50288|50297
502881|502973
50289|50067
502894|500671
50290|50297
502908|502973
50291|50297
502915|502973
50292|50067
502920|500671
50293|50067
502936|500671
50294|50067
502941|500671
50295|50067
502954|500671
50296|50297
502967|502973
50298|50297
502989|502973
50901|50297
509017|502973
50902|50297
509022|502973
50903|50297
509038|502973
