1200013,1200450
120001,120045
1200054,1200104
120005,120010
1200138,1200401
120013,120040
1200179,1200450
120017,120045
1200252,1200104
120025,120010
1200328,1200609
120032,120060
1200344,1200500
120034,120050
1200351,1200203
120035,120020
1200336,1200203
120033,120020
1200385,1200450
120038,120045
1200807,1200401
120080,120040
1200393,1200203
120039,120020
1200427,1200203
120042,120020
1200435,1200302
120043,120030
1200708,1200104
120070,120010
2700201,2701001
270020,270100
2700508,2708501
270050,270850
2700607,2704708
270060,270470
2700706,2705705
270070,270570
2700904,2706406
270090,270640
2700805,2703106
270080,270310
2701100,2709301
270110,270930
2701209,2708006
270120,270800
2701308,2709400
270130,270940
2701357,2707305
270135,270730
2701506,2702900
270150,270290
2701605,2705002
270160,270500
2701704,2700409
270170,270040
2701803,2708402
270180,270840
2701902,2709400
270190,270940
2702009,2703106
270200,270310
2702108,2705101
270210,270510
2702207,2704302
270220,270430
2702504,2708006
270250,270800
2702553,2706307
270255,270630
2702702,2702306
270270,270230
2702801,2708501
270280,270850
2703007,2708303
270300,270830
2703304,2705002
270330,270500
2703403,2705705
270340,270570
2703502,2707305
270350,270730
2703601,2704500
270360,270450
2703700,2702355
270370,270235
2703759,2702306
270375,270230
2703809,2705101
270380,270510
2703908,2707305
270390,270730
2704104,2702603
270410,270260
2704401,2702355
270440,270235
2704906,2709400
270490,270940
2704609,2708006
270460,270800
2704807,2701001
270480,270100
2705200,2707701
270520,270770
2705309,2706307
270530,270630
2705408,2705705
270540,270570
2705606,2705101
270560,270510
2705903,2707503
270590,270750
2705804,2707107
270580,270710
2706000,2705705
270600,270570
2706109,2708006
270610,270800
2706208,2706406
270620,270640
2706422,2702405
270642,270240
2706448,2708501
270644,270850
2706505,2705101
270650,270510
2706604,2709400
270660,270940
2706802,2706703
270680,270670
2707008,2709400
270700,270940
2707404,2707305
270740,270730
2707206,2708006
270720,270800
2707602,2706307
270760,270630
2707800,2708600
270780,270860
2707909,2708907
270790,270890
2708105,2709301
270810,270930
2708956,2708402
270895,270840
2708204,2707503
270820,270750
2708709,2705101
270870,270510
2709004,2703106
270900,270310
2709103,2704203
270910,270420
2700102,2702405
270010,270240
1300029,1304203
130002,130420
1300060,1303700
130006,130370
1300086,1300631
130008,130063
1300102,1300631
130010,130063
1300201,1300607
130020,130060
1300409,1301308
130040,130130
1300839,1302504
130083,130250
1300904,1302405
130090,130240
1301159,1302603
130115,130260
1301506,1301407
130150,130140
1301654,1301803
130165,130180
1301951,1301407
130195,130140
1302009,1304401
130200,130440
1302108,1302306
130210,130230
1302207,1301605
130220,130160
1302553,1302504
130255,130250
1302801,1301605
130280,130160
1303205,1302504
130320,130250
1303502,1300706
130350,130070
1303601,1303809
130360,130380
1304005,1304401
130400,130440
1303957,1300680
130395,130068
1304104,1301209
130410,130120
1304237,1303700
130423,130370
1304260,1304203
130426,130420
1304302,1300680
130430,130068
1600105,1600303
160010,160030
1600204,1600501
160020,160050
1600212,1600303
160021,160030
1600238,1600303
160023,160030
1600253,1600303
160025,160030
1600154,1600402
160015,160040
1600535,1600303
160053,160030
1600550,1600303
160055,160030
1600055,1600402
160005,160040
1600709,1600303
160070,160030
1600808,1600279
160080,160027
2900207,2909901
290020,290990
2900108,2924306
290010,292430
2900306,2910602
290030,291060
2900355,2907806
290035,290780
2900603,2913903
290060,291390
2900900,2912103
290090,291210
2901155,2918357
290115,291835
2901304,2924306
290130,292430
2901353,2917003
290135,291700
2901403,2903201
290140,290320
2901502,2928802
290150,292880
2901601,2907806
290160,290780
2901700,2928802
290170,292880
2901809,2906006
290180,290600
2901908,2910602
290190,291060
2901957,2913903
290195,291390
2902005,2904605
290200,290460
2902203,2900702
290220,290070
2902252,2905602
290225,290560
2902302,2922508
290230,292250
2902054,2907509
290205,290750
2902401,2912707
290240,291270
2902500,2928901
290250,292890
2902609,2927200
290260,292720
2902658,2907806
290265,290780
2903003,2906204
290300,290620
2903102,2913903
290310,291390
2903235,2906204
290323,290620
2903300,2912103
290330,291210
2903276,2931509
290327,293150
2903508,2901205
290350,290120
2903607,2930501
290360,293050
2903706,2925105
290370,292510
2903805,2914703
290380,291470
2903953,2925105
290395,292510
2904001,2929909
290400,292990
2904050,2921708
290405,292170
2904100,2919801
290410,291980
2904209,2923605
290420,292360
2904407,2928208
290440,292820
2904308,2901007
290430,290100
2904506,2923209
290450,292320
2904704,2914802
290470,291480
2904753,2902708
290475,290270
2904803,2902906
290480,290290
2904852,2928802
290485,292880
2905156,2901205
290515,290120
2905305,2906204
290530,290620
2905404,2932903
290540,293290
2905503,2917508
290550,291750
2906402,2930501
290640,293050
2906600,2911709
290660,291170
2906824,2932002
290682,293200
2906105,2928208
290610,292820
2906857,2906873
290685,290687
2906899,2901205
290689,290120
2907004,2910503
290700,291050
2907400,2928901
290740,292890
2907558,2923605
290755,292360
2905107,2917508
290510,291750
2907608,2914604
290760,291460
2907707,2909901
290770,290990
2907905,2922904
290790,292290
2908002,2912103
290800,291210
2908101,2907103
290810,290710
2908309,2929107
290830,292910
2908705,2905008
290870,290500
2908804,2902807
290880,290280
2909000,2905008
290900,290500
2909109,2928109
290910,292810
2909208,2923803
290920,292380
2909406,2926202
290940,292620
2909505,2917607
290950,291760
2909703,2928901
290970,292890
2909604,2916500
290960,291650
2910107,2919504
291010,291950
2910206,2928703
291020,292870
2910008,2913903
291000,291390
2910305,2901007
291030,290100
2910404,2906709
291040,290670
2910776,2907103
291077,290710
2910859,2930105
291085,293010
2910909,2913507
291090,291350
2911006,2912103
291100,291210
2910750,2907806
291075,290780
2911253,2906873
291125,290687
2911303,2933604
291130,293360
2911402,2924009
291140,292400
2911501,2912707
291150,291270
2911659,2905008
291165,290500
2911808,2914653
291180,291465
2911857,2907806
291185,290780
2912004,2905008
291200,290500
2912301,2913507
291230,291350
2912400,2906204
291240,290620
2912509,2919801
291250,291980
2912608,2927200
291260,292720
2912806,2921104
291280,292110
2912905,2913903
291290,291390
2913002,2929909
291300,292990
2913101,2919157
291310,291915
2913309,2930501
291330,293050
2913408,2926400
291340,292640
2913457,2917300
291345,291730
2913804,2928802
291380,292880
2914109,2923209
291410,292320
2914208,2917607
291420,291760
2914307,2912202
291430,291220
2915007,2912202
291500,291220
2915106,2913903
291510,291390
2915205,2913903
291520,291390
2915304,2910727
291530,291072
2915353,2933604
291535,293360
2915403,2912103
291540,291210
2915502,2932705
291550,293270
2915700,2911204
291570,291120
2915908,2910503
291590,291050
2916005,2921104
291600,292110
2916104,2933208
291610,293320
2916302,2910727
291630,291072
2916609,2912707
291660,291270
2916203,2912103
291620,291210
2916708,2917607
291670,291760
2916807,2919702
291680,291970
2916856,2907301
291685,290730
2916906,2917607
291690,291760
2917102,2916401
291710,291640
2917201,2902807
291720,290280
2917334,2907103
291733,290710
2917359,2928109
291735,292810
2917409,2905008
291740,290500
2917805,2922508
291780,292250
2917904,2927002
291790,292700
2918209,2922409
291820,292240
2918308,2913903
291830,291390
2918456,2921104
291845,292110
2918506,2914604
291850,291460
2918555,2905602
291855,290560
2918605,2902807
291860,290280
2918704,2918001
291870,291800
2918753,2905206
291875,290520
2919009,2927200
291900,292720
2919058,2920502
291905,292050
2918902,2921104
291890,292110
2919108,2930501
291910,293050
2919306,2914406
291930,291440
2919405,2905008
291940,290500
2919603,2927200
291960,292720
2919900,2932002
291990,293200
2919926,2906501
291992,290650
2919959,2901205
291995,290120
2920007,2919702
292000,291970
2920106,2906873
292010,290687
2920205,2907103
292020,290710
2920304,2904605
292030,290460
2920403,2918001
292040,291800
2920452,2928406
292045,292840
2920809,2911907
292080,291190
2920908,2905602
292090,290560
2921054,2911709
292105,291170
2921302,2901007
292130,290100
2921401,2917508
292140,291750
2921450,2925105
292145,292510
2921609,2902708
292160,290270
2921807,2905008
292180,290500
2921906,2912202
292190,291220
2922052,2914406
292205,291440
2922102,2927200
292210,292720
2922201,2922508
292220,292250
2922250,2913200
292225,291320
2922607,2917300
292260,291730
2922656,2906808
292265,290680
2922706,2913507
292270,291350
2922730,2933000
292273,293300
2922755,2911204
292275,291120
2922805,2911907
292280,291190
2922854,2912202
292285,291220
2923035,2924306
292303,292430
2923050,2918100
292305,291810
2923308,2914505
292330,291450
2923357,2921708
292335,292170
2923506,2929909
292350,292990
2923902,2905602
292390,290560
2924207,2918100
292420,291810
2924108,2908903
292410,290890
2924504,2911709
292450,291170
2924603,2906006
292460,290600
2924652,2914000
292465,291400
2924678,2911204
292467,291120
2924702,2901205
292470,290120
2924801,2921203
292480,292120
2924900,2920502
292490,292050
2925253,2917003
292525,291700
2925402,2905602
292540,290560
2925600,2914604
292560,291460
2925709,2904605
292570,290460
2924058,2926301
292405,292630
2925931,2906873
292593,290687
2925956,2928802
292595,292880
2926103,2933000
292610,293300
2926509,2922904
292650,292290
2926657,2915809
292665,291580
2926707,2919504
292670,291950
2926806,2905008
292680,290500
2926905,2923605
292690,292360
2927101,2924009
292710,292400
2927309,2933208
292730,293320
2927606,2924009
292760,292400
2927804,2912103
292780,291210
2927903,2917607
292790,291760
2928059,2905602
292805,290560
2928505,2907301
292850,290730
2928307,2914505
292830,291450
2929602,2909802
292960,290980
2929750,2929206
292975,292920
2929800,2917508
292980,291750
2930006,2923407
293000,292340
2930303,2928208
293030,292820
2930402,2928802
293040,292880
2930600,2906873
293060,290687
2930808,2914406
293080,291440
2929701,2913705
292970,291370
2928950,2933000
292895,293300
2929008,2904902
292900,290490
2929057,2928109
292905,292810
2929255,2914604
292925,291460
2929354,2914802
292935,291480
2929370,2906873
292937,290687
2929404,2918803
292940,291880
2930758,2903904
293075,290390
2930766,2907806
293076,290780
2930907,2928208
293090,292820
2931053,2923605
293105,292360
2931103,2927507
293110,292750
2931202,2932903
293120,293290
2931301,2921203
293130,292120
2931400,2908903
293140,290890
2931608,2933505
293160,293350
2931707,2901106
293170,290110
2931806,2901205
293180,290120
2932200,2912707
293220,291270
2932309,2912707
293230,291270
2932101,2922409
293210,292240
2932408,2914604
293240,291460
2932457,2918357
293245,291835
2932507,2906303
293250,290630
2932606,2905008
293260,290500
2932804,2921708
293280,292170
2933174,2928703
293317,292870
2933257,2921104
293325,292110
2933158,2921708
293315,292170
2933059,2906873
293305,290687
2933109,2921203
293310,292120
2933406,2914406
293340,291440
2933455,2913200
293345,291320
2900405,2914505
290040,291450
2900504,2923605
290050,292360
2300101,2308302
230010,230830
2300150,2311603
230015,231160
2300408,2301604
230040,230160
2300507,2304004
230050,230400
2300606,2301604
230060,230160
2300705,2313104
230070,231310
2300804,2301604
230080,230160
2300903,2310704
230090,231070
2301257,2305902
230125,230590
2301307,2302701
230130,230270
2301406,2302107
230140,230210
2301505,2313302
230150,231330
2301802,2307502
230180,230750
2301851,2311306
230185,231130
2302008,2308302
230200,230830
2302057,2302602
230205,230260
2302909,2301208
230290,230120
2303006,2302800
230300,230280
2303105,2304350
230310,230435
2303303,2307403
230330,230740
2303402,2312304
230340,231230
2303600,2300309
230360,230030
2303659,2313203
230365,231320
2303907,2302602
230390,230260
2303931,2311306
230393,231130
2304236,2305803
230423,230580
2304269,2300309
230426,230030
2304277,2306900
230427,230690
2304301,2303204
230430,230320
2304459,2301109
230445,230110
2304509,2313609
230450,231360
2304608,2310704
230460,231070
2304806,2314003
230480,231400
2304657,2312304
230465,231230
2304905,2304350
230490,230435
2305100,2302107
230510,230210
2305209,2312205
230520,231220
2305266,2311306
230526,231130
2305332,2308708
230533,230870
2305654,2309300
230565,230930
2305704,2307502
230570,230750
2306009,2306900
230600,230690
2306207,2301109
230620,230110
2306504,2301208
230650,230120
2306702,2306900
230670,230690
2306801,2306900
230680,230690
2307205,2302503
230720,230250
2307635,2302404
230763,230240
2307908,2304707
230790,230470
2308203,2308005
230820,230800
2308351,2312700
230835,231270
2308377,2300754
230837,230075
2308609,2313203
230860,231320
2308807,2304004
230880,230400
2309003,2305308
230900,230530
2309102,2302107
230910,230210
2309201,2304202
230920,230420
2309508,2305407
230950,230540
2309805,2302107
230980,230210
2309904,2312304
230990,231230
2310001,2311801
231000,231180
2310100,2311603
231010,231160
2310407,2302800
231040,230280
2310605,2307106
231060,230710
2310803,2306900
231080,230690
2310902,2308500
231090,230850
2310951,2305803
231095,230580
2311009,2305902
231100,230590
2311108,2302503
231110,230250
2311207,2301604
231120,230160
2311231,2313104
231123,231310
2311355,2305506
231135,230550
2311702,2305001
231170,230500
2311900,2301604
231190,230160
2311959,2302701
231195,230270
2312106,2304202
231210,230420
2312809,2308005
231280,230800
2313005,2312700
231300,231270
2312502,2313104
231250,231310
2312601,2310704
231260,231070
2313252,2301604
231325,230160
2313351,2306306
231335,230630
2313559,2313807
231355,231380
2313708,2305407
231370,230540
2313757,2310704
231375,231070
2313906,2304004
231390,230400
2313955,2305803
231395,230580
3200300,3200409
320030,320040
3200359,3200904
320035,320090
3200508,3203403
320050,320340
3200706,3201209
320070,320120
3201001,3204104
320100,320410
3201100,3203403
320110,320340
3201159,3200102
320115,320010
3201704,3205069
320170,320506
3201803,3202306
320180,320230
3202009,3202306
320200,320230
3202207,3200607
320220,320060
3202256,3204708
320225,320470
3202504,3200607
320250,320060
3202553,3202306
320255,320230
3202603,3204203
320260,320420
3202652,3203007
320265,320300
3202702,3204559
320270,320455
3202900,3204559
320290,320455
3203106,3200201
320310,320020
3203130,3200607
320313,320060
3203163,3200102
320316,320010
3203304,3200904
320330,320090
3203346,3201902
320334,320190
3203353,3201506
320335,320150
3203502,3204104
320350,320410
3203601,3202108
320360,320210
3203700,3203007
320370,320300
3203809,3203403
320380,320340
3204005,3200805
320400,320080
3204252,3202108
320425,320210
3204302,3203320
320430,320332
3204351,3205010
320435,320501
3204401,3201209
320440,320120
3204500,3204609
320450,320460
3204658,3204708
320465,320470
3204807,3202306
320480,320230
3204955,3201506
320495,320150
3205036,3201407
320503,320140
3205150,3203908
320515,320390
3205176,3204708
320517,320470
3200169,3200904
320016,320090
3200136,3204708
320013,320470
5200050,5221403
520005,522140
5200100,5200308
520010,520030
5200159,5220108
520015,522010
5200506,5209101
520050,520910
5200555,5221601
520055,522160
5200605,5213087
520060,521308
5200803,5218300
520080,521830
5200829,5218003
520082,521800
5200852,5210406
520085,521040
5200902,5210208
520090,521020
5201207,5205109
520120,520510
5201306,5215702
520130,521570
5201454,5218805
520145,521880
5201504,5211909
520150,521190
5201702,5210208
520170,521020
5201801,5201405
520180,520140
5202155,5211206
520215,521120
5201603,5210000
520160,521000
5202353,5210208
520235,521020
5202502,5211206
520250,521120
5202601,5220108
520260,522010
5202809,5210000
520280,521000
5203104,5213103
520310,521310
5203203,5208608
520320,520860
5203401,5210208
520340,521020
5203559,5220454
520355,522045
5203575,5220207
520357,522020
5203609,5208806
520360,520880
5203807,5210208
520380,521020
5203906,5211503
520390,521150
5203939,5220108
520393,522010
5203962,5218300
520396,521830
5204003,5208004
520400,520800
5204102,5218508
520410,521850
5204250,5211503
520425,521150
5204201,5220108
520420,522010
5204409,5210208
520440,521020
5204557,5220454
520455,522045
5204607,5221403
520460,522140
5204656,5213087
520465,521308
5204706,5221601
520470,522160
5204805,5210109
520480,521010
5204854,5201108
520485,520110
5204904,5218300
520490,521830
5204953,5221601
520495,522160
5205000,5205406
520500,520540
5205059,5218508
520505,521850
5205208,5208806
520520,520880
5205307,5213087
520530,521308
5204300,5218508
520430,521850
5205455,5215702
520545,521570
5205471,5213103
520547,521310
5205521,5214606
520552,521460
5205901,5204508
520590,520450
5205802,5205513
520580,520551
5206305,5217104
520630,521710
5206404,5210901
520640,521090
5206503,5217104
520650,521710
5206602,5205109
520660,520510
5205703,5220108
520570,522010
5206701,5218300
520670,521830
5206800,5210000
520680,521000
5206909,5205109
520690,520510
5207105,5210208
520710,521020
5208301,5218300
520830,521830
5207253,5213103
520725,521310
5207352,5213806
520735,521380
5207402,5200134
520740,520013
5207501,5218003
520750,521800
5207535,5211206
520753,521120
5207600,5210208
520760,521020
5207808,5220108
520780,522010
5207907,5218300
520790,521830
5208103,5218003
520810,521800
5208152,5220603
520815,522060
5208509,5205109
520850,520510
5208400,5201108
520840,520110
5209150,5218508
520915,521850
5209200,5221403
520920,522140
5209408,5218300
520940,521830
5209291,5211206
520929,521120
5209457,5210901
520945,521090
5209606,5211206
520960,521120
5209804,5210901
520980,521090
5209903,5218300
520990,521830
5209937,5203500
520993,520350
5209952,5215702
520995,521570
5210158,5205406
521015,520540
5210307,5210208
521030,521020
5210562,5210406
521056,521040
5210604,5211800
521060,521180
5210802,5211909
521080,521190
5211008,5208905
521100,520890
5211305,5218508
521130,521850
5211404,5210000
521140,521000
5211602,5210208
521160,521020
5211701,5215702
521170,521570
5212006,5210208
521200,521020
5212055,5211800
521205,521180
5212105,5209101
521210,520910
5212204,5210208
521220,521020
5212253,5218508
521225,521850
5212303,5220603
521230,522060
5212600,5209705
521260,520970
5212709,5218300
521270,521830
5212808,5221601
521280,522160
5212907,5204508
521290,520450
5212956,5208905
521295,520890
5213004,5219308
521300,521930
5213053,5215603
521305,521560
5213400,5220108
521340,522010
5213509,5218300
521350,521830
5213707,5210208
521370,521020
5213756,5218805
521375,521880
5213772,5218003
521377,521800
5213855,5211206
521385,521120
5213905,5208905
521390,520890
5214002,5210901
521400,521090
5214051,5220207
521405,522020
5214101,5218003
521410,521800
5214408,5215702
521440,521570
5214705,5210901
521470,521090
5214804,5205109
521480,520510
5214838,5220207
521483,522020
5214861,5205406
521486,520540
5214879,5221601
521487,522160
5214903,5218300
521490,521830
5215009,5214507
521500,521450
5215207,5208905
521520,520890
5215256,5218003
521525,521800
5215306,5217401
521530,521740
5215405,5214507
521540,521450
5215504,5205109
521550,520510
5215652,5210208
521565,521020
5215801,5217401
521580,521740
5215900,5215702
521590,521570
5216007,5209101
521600,520910
5216304,5218508
521630,521850
5216403,5220108
521640,522010
5216452,5213103
521645,521310
5216809,5210000
521680,521000
5216908,5210901
521690,521090
5217203,5210208
521720,521020
5217708,5213806
521770,521380
5218052,5219308
521805,521930
5218102,5213103
521810,521310
5218391,5217104
521839,521710
5218607,5205406
521860,520540
5218706,5205406
521870,520540
5218789,5204508
521878,520450
5218904,5205406
521890,520540
5219001,5208905
521900,520890
5219100,5221403
521910,522140
5219209,5217401
521920,521740
5219258,5210208
521925,521020
5219357,5205406
521935,520540
5219407,5213103
521940,521310
5219456,5208608
521945,520860
5219506,5210000
521950,521000
5219605,5218003
521960,521800
5219704,5210901
521970,521090
5219712,5219308
521971,521930
5219738,5214507
521973,521450
5220504,5211909
522050,521190
5220686,5218300
522068,521830
5219803,5218300
521980,521830
5219902,5211800
521990,521180
5220009,5217609
522000,521760
5220058,5220108
522005,522010
5220157,5210901
522015,521090
5220264,5203302
522026,520330
5220280,5205406
522028,520540
5220405,5218508
522040,521850
5220702,5218300
522070,521830
5221007,5210406
522100,521040
5221080,5218300
522108,521830
5221197,5214507
522119,521450
5221452,5218003
522145,521800
5221304,5205109
522130,520510
5221551,5219308
522155,521930
5221502,5220108
522150,522010
5221577,5210901
522157,521090
5221700,5205406
522170,520540
5221809,5217401
522180,521740
5221908,5215702
522190,521570
5222005,5220603
522200,522060
5222054,5203500
522205,520350
5222203,5208004
522220,520800
5222302,5208608
522230,520860
5200175,5217609
520017,521760
5200209,5204508
520020,520450
2100105,2103406
210010,210340
2100204,2111300
210020,211130
2100402,2110005
210040,211000
2100501,2101400
210050,210140
2100550,2106326
210055,210632
2100808,2103208
210080,210320
2100832,2112407
210083,211240
2100873,2108256
210087,210825
2101103,2105104
210110,210510
2101251,2109601
210125,210960
2101301,2112407
210130,211240
2101350,2110500
210135,211050
2101509,2111102
210150,211110
2101772,2109908
210177,210990
2101731,2112605
210173,211260
2101806,2106706
210180,210670
2101905,2107605
210190,210760
2101939,2112233
210193,211223
2101970,2106326
210197,210632
2102077,2108108
210207,210810
2102150,2110005
210215,211000
2102358,2100600
210235,210060
2102374,2105104
210237,210510
2102408,2110500
210240,211050
2102507,2112803
210250,211280
2102556,2109007
210255,210900
2102754,2108207
210275,210820
2103109,2103703
210310,210370
2103125,2103703
210312,210370
2103174,2106326
210317,210632
2103158,2110039
210315,211003
2103257,2100055
210325,210005
2103554,2108702
210355,210870
2102606,2102903
210260,210290
2103752,2105302
210375,210530
2103901,2103406
210390,210340
2104008,2103802
210400,210380
2104073,2109502
210407,210950
2104081,2106706
210408,210670
2104099,2104800
210409,210480
2104107,2101400
210410,210140
2104206,2110708
210420,211070
2104305,2102903
210430,210290
2104404,2103802
210440,210380
2104503,2103802
210450,210380
2104552,2105302
210455,210530
2104602,2109106
210460,210910
2104628,2110708
210462,211070
2104651,2102002
210465,210200
2104701,2110708
210470,211070
2104909,2103703
210490,210370
2105203,2112233
210520,211223
2105153,2108504
210515,210850
2105351,2100956
210535,210095
2105450,2103505
210545,210350
2105476,2101608
210547,210160
2105609,2103802
210560,210380
2105658,2106326
210565,210632
2105906,2101202
210590,210120
2105807,2105708
210580,210570
2105948,2105708
210594,210570
2105963,2105708
210596,210570
2105922,2102309
210592,210230
2105989,2109007
210598,210900
2106003,2108207
210600,210820
2106102,2101400
210610,210140
2106201,2102903
210620,210290
2106300,2110609
210630,211060
2106359,2108108
210635,210810
2106375,2104677
210637,210467
2106409,2103208
210640,210320
2106631,2106755
210663,210675
2106672,2110104
210667,211010
2106805,2103703
210680,210370
2107001,2100600
210700,210060
2107100,2105104
210710,210510
2107209,2112704
210720,211270
2107258,2109502
210725,210950
2107308,2111102
210730,211110
2107357,2110039
210735,211003
2107407,2113009
210740,211300
2107456,2106508
210745,210650
2107704,2111102
210770,211110
2107902,2111102
210790,211110
2108009,2106706
210800,210670
2108058,2112506
210805,211250
2108405,2107605
210840,210760
2108801,2102705
210880,210270
2109056,2103703
210905,210370
2108900,2105708
210890,210570
2109205,2105104
210920,210510
2109239,2110039
210923,211003
2109270,2108603
210927,210860
2109304,2112704
210930,211270
2109403,2105005
210940,210500
2109551,2109007
210955,210900
2109700,2101400
210970,210140
2109759,2110708
210975,211070
2110237,2110609
211023,211060
2110278,2105005
211027,210500
2110302,2103802
211030,210380
2111722,2108702
211172,210870
2111748,2109106
211174,210910
2111763,2105500
211176,210550
2111789,2103703
211178,210370
2111904,2106706
211190,210670
2111953,2111102
211195,211110
2110401,2112605
211040,211260
2110658,2106706
211065,210670
2110856,2100055
211085,210005
2110906,2107803
211090,210780
2110807,2106706
211080,210670
2111250,2103802
211125,210380
2111003,2110500
211100,211050
2111029,2100477
211102,210047
2111052,2109007
211105,210900
2111078,2103000
211107,210300
2111409,2112233
211140,211223
2111532,2100055
211153,210005
2111573,2109502
211157,210950
2111607,2101400
211160,210140
2111631,2101608
211163,210160
2111672,2112308
211167,211230
2111706,2110500
211170,211050
2111805,2100600
211180,210060
2112001,2101400
211200,210140
2112274,2102002
211227,210200
2112852,2100055
211285,210005
2100154,2112506
210015,211250
3100104,3119302
310010,311930
3100302,3154002
310030,315400
3100401,3152105
310040,315210
3100807,3111200
310080,311120
3101201,3115508
310120,311550
3101300,3115508
310130,311550
3101409,3134905
310140,313490
3101631,3105608
310163,310560
3101805,3127701
310180,312770
3101904,3147907
310190,314790
3102001,3101607
310200,310160
3102050,3139508
310205,313950
3153509,3139508
315350,313950
3102100,3113206
310210,311320
3102209,3118403
310220,311840
3102308,3136207
310230,313620
3102407,3167103
310240,316710
3102506,3152105
310250,315210
3102803,3162500
310280,316250
3102852,3112307
310285,311230
3102902,3105608
310290,310560
3103009,3168705
310300,316870
3103108,3143906
310310,314390
3103306,3160702
310330,316070
3103603,3115508
310360,311550
3103702,3124005
310370,312400
3103751,3169604
310375,316960
3103801,3114303
310380,311430
3103207,3147402
310320,314740
3103900,3145208
310390,314520
3104106,3143203
310410,314320
3104304,3101607
310430,310160
3104403,3162906
310440,316290
3104452,3112307
310445,311230
3104502,3109303
310450,310930
3104601,3115300
310460,311530
3104700,3168606
310470,316860
3104809,3119104
310480,311910
3100500,3106309
310050,310630
3104908,3115508
310490,311550
3105004,3141108
310500,314110
3105202,3101706
310520,310170
3105301,3111002
310530,311100
3105707,3152105
310570,315210
3105509,3143906
310550,314390
3106002,3136207
310600,313620
3106101,3136702
310610,313670
3106408,3118007
310640,311800
3106507,3141801
310650,314180
3106655,3162708
310665,316270
3106606,3135803
310660,313580
3106804,3160702
310680,316070
3106903,3162906
310690,316290
3107000,3100203
310700,310020
3107208,3115508
310720,311550
3107505,3115508
310750,311550
3107604,3147907
310760,314790
3107703,3105400
310770,310540
3107802,3113404
310780,311340
3107901,3110608
310790,311060
3108008,3138203
310800,313820
3108107,3109006
310810,310900
3108206,3170404
310820,317040
3108255,3135209
310825,313520
3108305,3146008
310830,314600
3108404,3111002
310840,311100
3108503,3169703
310850,316970
3108552,3136306
310855,313630
3108909,3132404
310890,313240
3108800,3106309
310880,310630
3108701,3171303
310870,317130
3109105,3146008
310910,314600
3109204,3119104
310920,311910
3109253,3130903
310925,313090
3109451,3170404
310945,317040
3109501,3144102
310950,314410
3109808,3134202
310980,313420
3109600,3167202
310960,316720
3109709,3159605
310970,315960
3102704,3148707
310270,314870
3109907,3147402
310990,314740
3110103,3124203
311010,312420
3110202,3171303
311020,317130
3110301,3151800
311030,315180
3110400,3133501
311040,313350
3110707,3137809
311070,313780
3110905,3137809
311090,313780
3110806,3132701
311080,313270
3111101,3134202
311110,313420
3111150,3118809
311115,311880
3111408,3117306
311140,311730
3111309,3111606
311130,311160
3111507,3105103
311150,310510
3111903,3149903
311190,314990
3111705,3124005
311170,312400
3112000,3111200
311200,311120
3112059,3128006
311205,312800
3111804,3142809
311180,314280
3112109,3124203
311210,312420
3112208,3113206
311220,311320
3112406,3164704
311240,316470
3112505,3141108
311250,314110
3112604,3134202
311260,313420
3112653,3127701
311265,312770
3112703,3126703
311270,312670
3112802,3151503
311280,315150
3112901,3154002
311290,315400
3113107,3113206
311310,311320
3113008,3145307
311300,314530
3113503,3132503
311350,313250
3113602,3162005
311360,316200
3113701,3144300
311370,314430
3113909,3170701
311390,317070
3114006,3145604
311400,314560
3114105,3163706
311410,316370
3113800,3117504
311380,311750
3114501,3116605
311450,311660
3114550,3134400
311455,313440
3114600,3138203
311460,313820
3114808,3115508
311480,311550
3114709,3139003
311470,313900
3114907,3118304
311490,311830
3115003,3103504
311500,310350
3115359,3157203
311535,315720
3115409,3145901
311540,314590
3115458,3145307
311545,314530
3115474,3142908
311547,314290
3115607,3100203
311560,310020
3115706,3139607
311570,313960
3115805,3142809
311580,314280
3116001,3137700
311600,313770
3116159,3109303
311615,310930
3116100,3141801
311610,314180
3116209,3101508
311620,310150
3115904,3136702
311590,313670
3116308,3113206
311630,311320
3116407,3156908
311640,315690
3116506,3107307
311650,310730
3116704,3171303
311670,317130
3116803,3132503
311680,313250
3116902,3127107
311690,312710
3117009,3141405
311700,314140
3117108,3114402
311710,311440
3115201,3162500
311520,316250
3117207,3137809
311720,313780
3117405,3137700
311740,313770
3117603,3151404
311760,315140
3117702,3115508
311770,311550
3117801,3147303
311780,314730
3117876,3149309
311787,314930
3117900,3152501
311790,315250
3118106,3117504
311810,311750
3118205,3156908
311820,315690
3118502,3147303
311850,314730
3118700,3107109
311870,310710
3118908,3147402
311890,314740
3119005,3162005
311900,316200
3119203,3127701
311920,312770
3119500,3103405
311950,310340
3119609,3136702
311960,313670
3119708,3162500
311970,316250
3120102,3121605
312010,312160
3120201,3107109
312020,310710
3120409,3113206
312040,311320
3120508,3163706
312050,316370
3120300,3141801
312030,314180
3120151,3135803
312015,313580
3120607,3109006
312060,310900
3120706,3148103
312070,314810
3120805,3115508
312080,311550
3120839,3139607
312083,313960
3120870,3168002
312087,316800
3115102,3147907
311510,314790
3119807,3105103
311980,310510
3119955,3126109
311995,312610
3120003,3113404
312000,311340
3119906,3110608
311990,311060
3117836,3135209
311783,313520
3121001,3121605
312100,312160
3121100,3132404
312110,313240
3121209,3147907
312120,314790
3121258,3170107
312125,317010
3121308,3162906
312130,316290
3121407,3116605
312140,311660
3121506,3105608
312150,310560
3121704,3140001
312170,314000
3121803,3168705
312180,316870
3122108,3118403
312210,311840
3122207,3128006
312220,312800
3121902,3169901
312190,316990
3122355,3148707
312235,314870
3122405,3111002
312240,311100
3122454,3148707
312245,314870
3122470,3170404
312247,317040
3122504,3130903
312250,313090
3122603,3117504
312260,311750
3122702,3152105
312270,315210
3122801,3163706
312280,316370
3122900,3115300
312290,311530
3123007,3105905
312300,310590
3123106,3128006
312310,312800
3123205,3100203
312320,310020
3123304,3169901
312330,316990
3123403,3151503
312340,315150
3123502,3143104
312350,314310
3123528,3137700
312352,313770
3123700,3130903
312370,313090
3123809,3107307
312380,310730
3123858,3130903
312385,313090
3123908,3118304
312390,311830
3124401,3152501
312440,315250
3124500,3110608
312450,311060
3124609,3138401
312460,313840
3124708,3162104
312470,316210
3124807,3143104
312480,314310
3124906,3143906
312490,314390
3125002,3160702
312500,316070
3125200,3101607
312520,310160
3125309,3113305
312530,311330
3125606,3135803
312560,313580
3125705,3120904
312570,312090
3125408,3121605
312540,312160
3125804,3127701
312580,312770
3125903,3117504
312590,311750
3125952,3122009
312595,312200
3126000,3140704
312600,314070
3126208,3109303
312620,310930
3126307,3147907
312630,314790
3126406,3167202
312640,316720
3126505,3103405
312650,310340
3126604,3107307
312660,310730
3126752,3132701
312675,313270
3126802,3168606
312680,316860
3126901,3127701
312690,312770
3126950,3132503
312695,313250
3127008,3127107
312700,312710
3127057,3135803
312705,313580
3127073,3157005
312707,315700
3127206,3141108
312720,314110
3127305,3118403
312730,311840
3127339,3142908
312733,314290
3127354,3143302
312735,314330
3127370,3139607
312737,313960
3127388,3162906
312738,316290
3127503,3106309
312750,310630
3127404,3147303
312740,314730
3127602,3121605
312760,312160
3127909,3143104
312790,314310
3127800,3126703
312780,312670
3128105,3114402
312810,311440
3128204,3152105
312820,315210
3128253,3107307
312825,310730
3128402,3162906
312840,316290
3128303,3128709
312830,312870
3128501,3162906
312850,316290
3128600,3147006
312860,314700
3128808,3169901
312880,316990
3128907,3148103
312890,314810
3129004,3172004
312900,317200
3129103,3134202
312910,313420
3129202,3162005
312920,316200
3129301,3130903
312930,313090
3129400,3105905
312940,310590
3129608,3151206
312960,315120
3129657,3135209
312965,313520
3129707,3164704
312970,316470
3129905,3102605
312990,310260
3130002,3138203
313000,313820
3130051,3161106
313005,316110
3130200,3147105
313020,314710
3130309,3104205
313030,310420
3130408,3138203
313040,313820
3130507,3114402
313050,311440
3130556,3130903
313055,313090
3130606,3146008
313060,314600
3130655,3162708
313065,316270
3130705,3170206
313070,317020
3130804,3138203
313080,313820
3131000,3167202
313100,316720
3131109,3120904
313110,312090
3131158,3158953
313115,315895
3131208,3144003
313120,314400
3131406,3159803
313140,315980
3131505,3146008
313150,314600
3131604,3143104
313160,314310
3131802,3139607
313180,313960
3132008,3107307
313200,310730
3132107,3135209
313210,313520
3132206,3116605
313220,311660
3132305,3145307
313230,314530
3132602,3115300
313260,311530
3132800,3131703
313280,313170
3132909,3143203
313290,314320
3133006,3163706
313300,316370
3133105,3163706
313310,316370
3133204,3127701
313320,312770
3133303,3141405
313330,314140
3133402,3127107
313340,312710
3133600,3110509
313360,311050
3133709,3130101
313370,313010
3133907,3118304
313390,311830
3133758,3147907
313375,314790
3134004,3103405
313400,310340
3134103,3101102
313410,310110
3134301,3138203
313430,313820
3134509,3138203
313450,313820
3134707,3101706
313470,310170
3134806,3164704
313480,316470
3135001,3168705
313500,316870
3135076,3127701
313507,312770
3135308,3137205
313530,313720
3135357,3162401
313535,316240
3135407,3118007
313540,311800
3135456,3103405
313545,310340
3135506,3152105
313550,315210
3135605,3170800
313560,317080
3135704,3167202
313570,316720
3135902,3137809
313590,313780
3136108,3106309
313610,310630
3136405,3170800
313640,317080
3136009,3135803
313600,313580
3136504,3101706
313650,310170
3136579,3157005
313657,315700
3136520,3141801
313652,314180
3136553,3132503
313655,313250
3136801,3143302
313680,314330
3136900,3144102
313690,314410
3136959,3135050
313695,313505
3137007,3145307
313700,314530
3137106,3119302
313710,311930
3137403,3113206
313740,311320
3137502,3148004
313750,314800
3137536,3136306
313753,313630
3137304,3118809
313730,311880
3137908,3118304
313790,311830
3138005,3115300
313800,311530
3138104,3170800
313810,317080
3138302,3151404
313830,315140
3138351,3141801
313835,314180
3138500,3115508
313850,311550
3138609,3136702
313860,313670
3138625,3134400
313862,313440
3138658,3162401
313865,316240
3138674,3139508
313867,313950
3138682,3108602
313868,310860
3138708,3138203
313870,313820
3138807,3137205
313880,313720
3138906,3135803
313890,313580
3139102,3162500
313910,316250
3139201,3132701
313920,313270
3139250,3142908
313925,314290
3139300,3135050
313930,313505
3139805,3101508
313980,310150
3139706,3151404
313970,315140
3139904,3132404
313990,313240
3140100,3127701
314010,312770
3140209,3162906
314020,316290
3140308,3168705
314030,316870
3140407,3132404
314040,313240
3140506,3152006
314050,315200
3140530,3139508
314053,313950
3140555,3101706
314055,310170
3140605,3128006
314060,312800
3171501,3127701
317150,312770
3140803,3136702
314080,313670
3140852,3135050
314085,313505
3140902,3154002
314090,315400
3141009,3142908
314100,314290
3141207,3162104
314120,316210
3141306,3105103
314130,310510
3141504,3139607
314150,313960
3141603,3160702
314160,316070
3141702,3106309
314170,310630
3141900,3115508
314190,311550
3142007,3108602
314200,310860
3142106,3143906
314210,314390
3142254,3135209
314225,313520
3142205,3115300
314220,311530
3142304,3109006
314230,310900
3142403,3107406
314240,310740
3142502,3119104
314250,311910
3142601,3162005
314260,316200
3142700,3135209
314270,313520
3143005,3144102
314300,314410
3143153,3135803
314315,313580
3143450,3142908
314345,314290
3143500,3169356
314350,316935
3143609,3119104
314360,311910
3143708,3117504
314370,311750
3143807,3110509
314380,311050
3140159,3165537
314015,316553
3144201,3127701
314420,312770
3144359,3106309
314435,310630
3144375,3170404
314437,317040
3144409,3137809
314440,313780
3144508,3162500
314450,316250
3144656,3162708
314465,316270
3144672,3139607
314467,313960
3144706,3136207
314470,313620
3144904,3132701
314490,313270
3145000,3143104
314500,314310
3145059,3135100
314505,313510
3145109,3144102
314510,314410
3136603,3110004
313660,311000
3145356,3168606
314535,316860
3145372,3157005
314537,315700
3145406,3160702
314540,316070
3145455,3107307
314545,310730
3145703,3160702
314570,316070
3145505,3137809
314550,313780
3145802,3151404
314580,315140
3145851,3152105
314585,315210
3145877,3122009
314587,312200
3146206,3168606
314620,316860
3146255,3157005
314625,315700
3146305,3145307
314630,314530
3146552,3152204
314655,315220
3146404,3100203
314640,310020
3146503,3104205
314650,310420
3146602,3160702
314660,316070
3146701,3143906
314670,314390
3146750,3101706
314675,310170
3146909,3151404
314690,315140
3147600,3163706
314760,316370
3147709,3145604
314770,314560
3147808,3115508
314780,311550
3147501,3131703
314750,313170
3147956,3162401
314795,316240
3148202,3143906
314820,314390
3148301,3171303
314830,317130
3148400,3128006
314840,312800
3148509,3168606
314850,316860
3148756,3122009
314875,312200
3149002,3113305
314900,311330
3148806,3171303
314880,317130
3148905,3160405
314890,316040
3149101,3132404
314910,313240
3149150,3135209
314915,313520
3149200,3143104
314920,314310
3149408,3160702
314940,316070
3149507,3136702
314950,313670
3149606,3151404
314960,315140
3149705,3145208
314970,314520
3149804,3104007
314980,310400
3149952,3106309
314995,310630
3150000,3132701
315000,313270
3148608,3128006
314860,312800
3150109,3160702
315010,316070
3150158,3113404
315015,311340
3150208,3152105
315020,315210
3150307,3162500
315030,316250
3150406,3109006
315040,310900
3150505,3151503
315050,315150
3150539,3168705
315053,316870
3150570,3161106
315057,316110
3150604,3116605
315060,311660
3150703,3127107
315070,312710
3150802,3140001
315080,314000
3151008,3132404
315100,313240
3150901,3132404
315090,313240
3151107,3138401
315110,313840
3151305,3169901
315130,316990
3151602,3127107
315160,312710
3151909,3144003
315190,314400
3152131,3118809
315213,311880
3152170,3141405
315217,314140
3152303,3171303
315230,317130
3152402,3132701
315240,313270
3152600,3163706
315260,316370
3151701,3139003
315170,313900
3152709,3105905
315270,310590
3153004,3129509
315300,312950
3152907,3164704
315290,316470
3153103,3171303
315310,317130
3153202,3120904
315320,312090
3153301,3167103
315330,316710
3153400,3148004
315340,314800
3153608,3167202
315360,316720
3153707,3100203
315370,310020
3153806,3118304
315380,311830
3153905,3144805
315390,314480
3154101,3138401
315410,313840
3154150,3139409
315415,313940
3154200,3162500
315420,316250
3154309,3101102
315430,310110
3154408,3113206
315440,311320
3154457,3109303
315445,310930
3154507,3152204
315450,315220
3154705,3138203
315470,313820
3154804,3144805
315480,314480
3154903,3154002
315490,315400
3155009,3152105
315500,315210
3155207,3113206
315520,311320
3155306,3109006
315530,310900
3155405,3162906
315540,316290
3155504,3114303
315550,311430
3155702,3136207
315570,313620
3155801,3169901
315580,316990
3155900,3136702
315590,313670
3156007,3132503
315600,313250
3155108,3101706
315510,310170
3156106,3162500
315610,316250
3156205,3162906
315620,316290
3156304,3169901
315630,316990
3156403,3143104
315640,314310
3156452,3124005
315645,312400
3156502,3157005
315650,315700
3156601,3101706
315660,310170
3156809,3128006
315680,312800
3157104,3101706
315710,310170
3157252,3113404
315725,311340
3157278,3136702
315727,313670
3157302,3105608
315730,310560
3157336,3162500
315733,316250
3157377,3141405
315737,314140
3157401,3152105
315740,315210
3157500,3106309
315750,310630
3157609,3151206
315760,315120
3157658,3135803
315765,313580
3157708,3156908
315770,315690
3157906,3139409
315790,313940
3158003,3131703
315800,313170
3158102,3101706
315810,310170
3158201,3112307
315820,311230
3159209,3102605
315920,310260
3159407,3160702
315940,316070
3159308,3115508
315930,311550
3159357,3113404
315935,311340
3159506,3118403
315950,311840
3159704,3162104
315970,316210
3158300,3169406
315830,316940
3158409,3115300
315840,311530
3158508,3147402
315850,314740
3158607,3136702
315860,313670
3158706,3105905
315870,310590
3158805,3111200
315880,311120
3158904,3139409
315890,313940
3159001,3117504
315900,311750
3159100,3118304
315910,311830
3159902,3149903
315990,314990
3160009,3101508
316000,310150
3160108,3154002
316010,315400
3160207,3167103
316020,316710
3160306,3101706
316030,310170
3160454,3155603
316045,315560
3160504,3117504
316050,311750
3160603,3119104
316060,311910
3165404,3147303
316540,314730
3165503,3127701
316550,312770
3165560,3152105
316556,315210
3165578,3110608
316557,311060
3165602,3101508
316560,310150
3165701,3169901
316570,316990
3165800,3146008
316580,314600
3165909,3132503
316590,313250
3166006,3140001
316600,314000
3166105,3128006
316610,312800
3166204,3113206
316620,311320
3166303,3122009
316630,312200
3166402,3115508
316640,311550
3166501,3167103
316650,316710
3166600,3162104
316660,316210
3166808,3148103
316680,314810
3166709,3144300
316670,314430
3166907,3101607
316690,310160
3167004,3115508
316700,311550
3166956,3152204
316695,315220
3165552,3145307
316555,314530
3167301,3169901
316730,316990
3167400,3152501
316740,315250
3167608,3139409
316760,313940
3167509,3136702
316750,313670
3167707,3130903
316770,313090
3167806,3163706
316780,316370
3160801,3169307
316080,316930
3160900,3118007
316090,311800
3160959,3130903
316095,313090
3161007,3136207
316100,313620
3161205,3145604
316120,314560
3161304,3134400
316130,313440
3161403,3122009
316140,312200
3161056,3139607
316105,313960
3161502,3172004
316150,317200
3161601,3127701
316160,312770
3161650,3118403
316165,311840
3161700,3169356
316170,316935
3161809,3145208
316180,314520
3161908,3157203
316190,315720
3125507,3121605
312550,312160
3162948,3147907
316294,314790
3163003,3132701
316300,313270
3163102,3147105
316310,314710
3163201,3132404
316320,313240
3163300,3139607
316330,313960
3163409,3154002
316340,315400
3163508,3132503
316350,313250
3163607,3137700
316360,313770
3162203,3147907
316220,314790
3162807,3128006
316280,312800
3162252,3118809
316225,311880
3162302,3139003
316230,313900
3162450,3135050
316245,313505
3162559,3139409
316255,313940
3162575,3139607
316257,313960
3162609,3130903
316260,313090
3162658,3118809
316265,311880
3163805,3124005
316380,312400
3163904,3128709
316390,312870
3164100,3128006
316410,312800
3164001,3154002
316400,315400
3164209,3161106
316420,316110
3164308,3105103
316430,310510
3164407,3159605
316440,315960
3164431,3131703
316443,313170
3164472,3130903
316447,313090
3164506,3132503
316450,313250
3164605,3122306
316460,312230
3164803,3131703
316480,313170
3164902,3163706
316490,316370
3165008,3162500
316500,316250
3165107,3164704
316510,316470
3165206,3169307
316520,316930
3165305,3115508
316530,311550
3167905,3162906
316790,316290
3168051,3144003
316805,314400
3168101,3104007
316810,310400
3168200,3105103
316820,310510
3168309,3134608
316830,313460
3168408,3130903
316840,313090
3168507,3171303
316850,317130
3168804,3162500
316880,316250
3168903,3162104
316890,316210
3169000,3169901
316900,316990
3169059,3152501
316905,315250
3169109,3125101
316910,312510
3169208,3113305
316920,311330
3169505,3118403
316950,311840
3169802,3162005
316980,316200
3170057,3130903
317005,313090
3170008,3108602
317000,310860
3170305,3144300
317030,314430
3170438,3134400
317043,313440
3170479,3109303
317047,310930
3170529,3109303
317052,310930
3170503,3152105
317050,315210
3170578,3130903
317057,313090
3170602,3151503
317060,315150
3170651,3162708
317065,316270
3170750,3148004
317075,314800
3170909,3162401
317090,316240
3171006,3119302
317100,311930
3171030,3135050
317103,313505
3171071,3169703
317107,316970
3171154,3154002
317115,315400
3171105,3117306
317110,311730
3171402,3113305
317140,311330
3171600,3103405
317160,310340
3171808,3128006
317180,312800
3171907,3127701
317190,312770
3171709,3163706
317170,316370
3172103,3101508
317210,310150
3172202,3132404
317220,313240
3100609,3112307
310060,311230
3100708,3117306
310070,311730
3100906,3135803
310090,313580
3101003,3148707
310100,314870
5000252,5003256
500025,500325
5000807,5001904
500080,500190
5000856,5004700
500085,500470
5000906,5006606
500090,500660
5001243,5000609
500124,500060
5001508,5007695
500150,500769
5002001,5006200
500200,500620
5002159,5005608
500215,500560
5002308,5008305
500230,500830
5002605,5007695
500260,500769
5002803,5002100
500280,500210
5003108,5007695
500310,500769
5003157,5000609
500315,500060
5003454,5004700
500345,500470
5003488,5007901
500348,500790
5003504,5004502
500350,500450
5003751,5005707
500375,500570
5003900,5003256
500390,500325
5004007,5003801
500400,500380
5004106,5005004
500410,500500
5004304,5005707
500430,500570
5004403,5002902
500440,500290
5004601,5005707
500460,500570
5004809,5005707
500480,500570
5004908,5002704
500490,500270
5005103,5003801
500510,500380
5005152,5002407
500515,500240
5005251,5002407
500525,500240
5005681,5005707
500568,500570
5005806,5005004
500580,500500
5006259,5004700
500625,500470
5006358,5000609
500635,500060
5006275,5002951
500627,500295
5006408,5003306
500640,500330
5006903,5002100
500690,500210
5007307,5007695
500730,500769
5007406,5003306
500740,500330
5007505,5002704
500750,500270
5007554,5001904
500755,500190
5007802,5001003
500780,500100
5007703,5000609
500770,500060
5007935,5003306
500793,500330
5007950,5000609
500795,500060
5007976,5006200
500797,500620
5008008,5002704
500800,500270
5008404,5003801
500840,500380
5000203,5007109
500020,500710
5100102,5103403
510010,510340
5100300,5107602
510030,510760
5100359,5103353
510035,510335
5100409,5107602
510040,510760
5100508,5103502
510050,510350
5100607,5107602
510060,510760
5100805,5100250
510080,510025
5101001,5101803
510100,510180
5101209,5101803
510120,510180
5101258,5105622
510125,510562
5101308,5103502
510130,510350
5101605,5108402
510160,510840
5101852,5107065
510185,510706
5101902,5105101
510190,510510
5102603,5106257
510260,510625
5102686,5107875
510268,510787
5102694,5103353
510269,510335
5102793,5100250
510279,510025
5102850,5105150
510285,510515
5103007,5103403
510300,510340
5103056,5107909
510305,510790
5103106,5100201
510310,510020
5103304,5107875
510330,510787
5103361,5106752
510336,510675
5103379,5103254
510337,510325
5103437,5105622
510343,510562
5103452,5101704
510345,510170
5103601,5104807
510360,510480
5103700,5107909
510370,510790
5103809,5106752
510380,510675
5103858,5102702
510385,510270
5103908,5101803
510390,510180
5103957,5105622
510395,510562
5104203,5107008
510420,510700
5104500,5105622
510450,510562
5104526,5107925
510452,510792
5104542,5107925
510454,510792
5104559,5103205
510455,510320
5104609,5107602
510460,510760
5104906,5103403
510490,510340
5105002,5106752
510500,510675
5105176,5101407
510517,510140
5105200,5104807
510520,510480
5105234,5105622
510523,510562
5105309,5103353
510530,510335
5105580,5106422
510558,510642
5105903,5103502
510590,510350
5106000,5103502
510600,510350
5106109,5108402
510610,510840
5106158,5105101
510615,510510
5106208,5102678
510620,510267
5106216,5103205
510621,510320
5108808,5106422
510880,510642
5106182,5106752
510618,510675
5108857,5103502
510885,510350
5108907,5102637
510890,510263
5108956,5105101
510895,510510
5106174,5100201
510617,510020
5106232,5107958
510623,510795
5106190,5103205
510619,510320
5106240,5107925
510624,510792
5106273,5105101
510627,510510
5106265,5104104
510626,510410
5106315,5107065
510631,510706
5106281,5106257
510628,510625
5106299,5100250
510629,510025
5106372,5107602
510637,510760
5106455,5106307
510645,510630
5106653,5101803
510665,510180
5106703,5101803
510670,510180
5106778,5103353
510677,510335
5106828,5105622
510682,510562
5106851,5101704
510685,510170
5106802,5105101
510680,510510
5107156,5105622
510715,510562
5107180,5107065
510718,510706
5107198,5101803
510719,510180
5107206,5105622
510720,510562
5107578,5101407
510757,510140
5107701,5103502
510770,510350
5107750,5105622
510775,510562
5107248,5107909
510724,510790
5107743,5103353
510774,510335
5107768,5106224
510776,510622
5107776,5103353
510777,510335
5107263,5107958
510726,510795
5107800,5108402
510780,510840
5107792,5106307
510779,510630
5107883,5107065
510788,510706
5107859,5103353
510785,510335
5107297,5107602
510729,510760
5107305,5106224
510730,510622
5107354,5103353
510735,510335
5107107,5105622
510710,510562
5107404,5104807
510740,510480
5107941,5105101
510794,510510
5108006,5105259
510800,510525
5108055,5103205
510805,510320
5108105,5107008
510810,510700
5108204,5101803
510820,510180
5108303,5107909
510830,510790
5108352,5106752
510835,510675
5108501,5107925
510850,510792
5105507,5106752
510550,510675
5108600,5103353
510860,510335
1500131,1506187
150013,150618
1501006,1506195
150100,150619
1501253,1508407
150125,150840
1501451,1504752
150145,150475
1501576,1507151
150157,150715
1501600,1502202
150160,150220
1501758,1507151
150175,150715
1501956,1506559
150195,150655
1502608,1508209
150260,150820
1502764,1506138
150276,150613
1502772,1502954
150277,150295
1502855,1500404
150285,150040
1503002,1503903
150300,150390
1503044,1508407
150304,150840
1503408,1502400
150340,150240
1504109,1504406
150410,150440
1504976,1503705
150497,150370
1505007,1502202
150500,150220
1505403,1502301
150540,150230
1505494,1507151
150549,150715
1505551,1506559
150555,150655
1505601,1502202
150560,150220
1505635,1507458
150563,150745
1505650,1508159
150565,150815
1506104,1507474
150610,150747
1506112,1507474
150611,150747
1506161,1508407
150616,150840
1506401,1502004
150640,150200
1506583,1502707
150658,150270
1506906,1504307
150690,150430
1507755,1508407
150775,150840
1507102,1508209
150710,150820
1507409,1503200
150740,150320
1507466,1502905
150746,150290
1507508,1507151
150750,150715
1507961,1507003
150796,150700
1507979,1503903
150797,150390
1508050,1503606
150805,150360
1508357,1500602
150835,150060
1500347,1505437
150034,150543
2500205,2507002
250020,250700
2500502,2506301
250050,250630
2500536,2512507
250053,251250
2500577,2506004
250057,250600
2500734,2509701
250073,250970
2500775,2516201
250077,251620
2500908,2516003
250090,251600
2501005,2516003
250100,251600
2500809,2506301
250080,250630
2501153,2510808
250115,251080
2501203,2506004
250120,250600
2501302,2512507
250130,251250
2501351,2510808
250135,251080
2501534,2506004
250153,250600
2501609,2506004
250160,250600
2501575,2512507
250157,251250
2501708,2512507
250170,251250
2501401,2512903
250140,251290
2501906,2501500
250190,250150
2502003,2504306
250200,250430
2502052,2503704
250205,250370
2502102,2507002
250210,250700
2502151,2512507
250215,251250
2502201,2503704
250220,250370
2502300,2504306
250230,250430
2502409,2507002
250240,250700
2502508,2512507
250250,251250
2502706,2501500
250270,250150
2502805,2513901
250280,251390
2502904,2504306
250290,250430
2503100,2512507
250310,251250
2503308,2503704
250330,250370
2503407,2510808
250340,251080
2503506,2516003
250350,251600
2503555,2510808
250355,251080
2503605,2501500
250360,250150
2503753,2512101
250375,251210
2503803,2509107
250380,250910
2503902,2509701
250390,250970
2504033,2508901
250403,250890
2504074,2509701
250407,250970
2504108,2503704
250410,250370
2504157,2516003
250415,251600
2504207,2510808
250420,251080
2504355,2512507
250435,251250
2504405,2507002
250440,250700
2504504,2512101
250450,251210
2504702,2509701
250470,250970
2504801,2512101
250480,251210
2504850,2509701
250485,250970
2504900,2513703
250490,251370
2505006,2506004
250500,250600
2505204,2506301
250520,250630
2505105,2516003
250510,251600
2505238,2508901
250523,250890
2505303,2507002
250530,250700
2505279,2508901
250527,250890
2505352,2516003
250535,251600
2505402,2510808
250540,251080
2505600,2507002
250560,250700
2505709,2501500
250570,250150
2505808,2506301
250580,250630
2505907,2512101
250590,251210
2506103,2512507
250610,251250
2506202,2506004
250620,250600
2506251,2512507
250625,251250
2506400,2509107
250640,250910
2506509,2512507
250650,251250
2506608,2507002
250660,250700
2502607,2507002
250260,250700
2506707,2510808
250670,251080
2506806,2500304
250680,250030
2507101,2508901
250710,250890
2507200,2512507
250720,251250
2507309,2508901
250730,250890
2507408,2504306
250740,250430
2513653,2516201
251365,251620
2507606,2500304
250760,250030
2507705,2510808
250770,251080
2507804,2510808
250780,251080
2507903,2506905
250790,250690
2508000,2512309
250800,251230
2508109,2512101
250810,251210
2508208,2506301
250820,250630
2508406,2516201
250840,251620
2508505,2510808
250850,251080
2508554,2501500
250855,250150
2508604,2503209
250860,250320
2508802,2510808
250880,251080
2509008,2512309
250900,251230
2509057,2512903
250905,251290
2509156,2516201
250915,251620
2509206,2508307
250920,250830
2509305,2512903
250930,251290
2509339,2500403
250933,250040
2509370,2504306
250937,250430
2509396,2510808
250939,251080
2509404,2506905
250940,250690
2509503,2506004
250950,250600
2509602,2503704
250960,250370
2509800,2509107
250980,250910
2508703,2510808
250870,251080
2509909,2506905
250990,250690
2510006,2516201
251000,251620
2510105,2516003
251010,251600
2510204,2507002
251020,250700
2510303,2506004
251030,250600
2510402,2507002
251040,250700
2510501,2506004
251050,250600
2510600,2509701
251060,250970
2510659,2510808
251065,251080
2510709,2510808
251070,251080
2510907,2513901
251090,251390
2511004,2507002
251100,250700
2511103,2506004
251110,250600
2512721,2508901
251272,250890
2511301,2507002
251130,250700
2511400,2506004
251140,250600
2511509,2506905
251150,250690
2511608,2501500
251160,250150
2511707,2506301
251170,250630
2511806,2506301
251180,250630
2511905,2500601
251190,250060
2512002,2506004
251200,250600
2512036,2516201
251203,251620
2512077,2503704
251207,250370
2512200,2509701
251220,250970
2512408,2508307
251240,250830
2512606,2510808
251260,251080
2512705,2506004
251270,250600
2512788,2512507
251278,251250
2512804,2504306
251280,250430
2512747,2501500
251274,250150
2512754,2508307
251275,250830
2512762,2515302
251276,251530
2513000,2510808
251300,251080
2513109,2506905
251310,250690
2513158,2512507
251315,251250
2513208,2516201
251320,251620
2513307,2503704
251330,250370
2513356,2507002
251335,250700
2513406,2510808
251340,251080
2513802,2510808
251380,251080
2513505,2507002
251350,250700
2513604,2507002
251360,250700
2513851,2510808
251385,251080
2515500,2509701
251550,250970
2515708,2507002
251570,250700
2515807,2500403
251580,250040
2515609,2506301
251560,250630
2515906,2501500
251590,250150
2515930,2506301
251593,250630
2515971,2515302
251597,251530
2516102,2506004
251610,250600
2516151,2506004
251615,250600
2516300,2509701
251630,250970
2513927,2512101
251392,251210
2513968,2512101
251396,251210
2513943,2512507
251394,251250
2513984,2516201
251398,251620
2514206,2516201
251420,251620
2514305,2507002
251430,250700
2514404,2510808
251440,251080
2514503,2503704
251450,250370
2514552,2512309
251455,251230
2514602,2510808
251460,251080
2514651,2513901
251465,251390
2514701,2510808
251470,251080
2514800,2509701
251480,250970
2514453,2506905
251445,250690
2514008,2512507
251400,251250
2500700,2503704
250070,250370
2514107,2509701
251410,250970
2514909,2510808
251490,251080
2515005,2506905
251500,250690
2515104,2508307
251510,250830
2515203,2509701
251520,250970
2515401,2506004
251540,250600
2516409,2501500
251640,250150
2516508,2510808
251650,251080
2516607,2512309
251660,251230
2516706,2510808
251670,251080
2516755,2510808
251675,251080
2516805,2503704
251680,250370
2516904,2516201
251690,251620
2517001,2512507
251700,251250
2517209,2516201
251720,251620
2505501,2512101
250550,251210
2517100,2510808
251710,251080
2517407,2509701
251740,250970
2500106,2512309
250010,251230
2600203,2608750
260020,260875
2600609,2610905
260060,261090
2600906,2604502
260090,260450
2601003,2613206
260100,261320
2601052,2609501
260105,260950
2601300,2602308
260130,260230
2601508,2605004
260150,260500
2601607,2605707
260160,260570
2601805,2613909
260180,261390
2602506,2613602
260250,261360
2602407,2606002
260240,260600
2602704,2616308
260270,261630
2603108,2613107
260310,261310
2603405,2613909
260340,261390
2603306,2608800
260330,260880
2603504,2613305
260350,261330
2603603,2615300
260360,261530
2603801,2603207
260380,260320
2603926,2605707
260392,260570
2603900,2600104
260390,260010
2604155,2614501
260415,261450
2604304,2612208
260430,261220
2604403,2606101
260440,260610
2604700,2613206
260470,261320
2604809,2611804
260480,261180
2604908,2610509
260490,261050
2605152,2608750
260515,260875
2605459,2607653
260545,260765
2605509,2615300
260550,261530
2605806,2616209
260580,261620
2605905,2611804
260590,261180
2606309,2605301
260630,260530
2606507,2602100
260650,260210
2606705,2600807
260670,260080
2606903,2600104
260690,260010
2607109,2614600
260710,261460
2607406,2605707
260740,260570
2607703,2613602
260770,261360
2607802,2604601
260780,260460
2607950,2604205
260795,260420
2608008,2602605
260800,260260
2608057,2611002
260805,261100
2608206,2600401
260820,260040
2608255,2603207
260825,260320
2608305,2608800
260830,260880
2608404,2610202
260840,261020
2608503,2606101
260850,260610
2608453,2604007
260845,260400
2608602,2602100
260860,260210
2608701,2605004
260870,260500
2609105,2609709
260910,260970
2609204,2604205
260920,260420
2609303,2613503
260930,261350
2614303,2605301
261430,260530
2609808,2612604
260980,261260
2610103,2613206
261010,261320
2610301,2603207
261030,260320
2610400,2612208
261040,261220
2611200,2610905
261120,261090
2611408,2605202
261140,260520
2611507,2610202
261150,261020
2611533,2605608
261153,260560
2612000,2601904
261200,260190
2612109,2608107
261210,260810
2612307,2602100
261230,260210
2612406,2610905
261240,261090
2612455,2609907
261245,260990
2612471,2605608
261247,260560
2612554,2615607
261255,261560
2612703,2616209
261270,261620
2612802,2614600
261280,261460
2614006,2612208
261400,261220
2614402,2614600
261440,261460
2612901,2610202
261290,261020
2613404,2601409
261340,260140
2613800,2609006
261380,260900
2614709,2613107
261470,261310
2615102,2602100
261510,260210
2615201,2603009
261520,260300
2615508,2604007
261550,260400
2615706,2605608
261570,260560
2615904,2613602
261590,261360
2616001,2610806
261600,261080
2616100,2612208
261610,261220
2616183,2614501
261618,261450
2616506,2610004
261650,261000
2200053,2207801
220005,220780
2200103,2211001
220010,221100
2200251,2208007
220025,220800
2200277,2208007
220027,220800
2200301,2200400
220030,220040
2200459,2201903
220045,220190
2200509,2203909
220050,220390
2200608,2203909
220060,220390
2200806,2211209
220080,221120
2200707,2210607
220070,221060
2200905,2211308
220090,221130
2200954,2208007
220095,220800
2201002,2203909
220100,220390
2201051,2211308
220105,221130
2201101,2201903
220110,220190
2201150,2211209
220115,221120
2201176,2211308
220117,221130
2201309,2202901
220130,220290
2201408,2200400
220140,220040
2201556,2210003
220155,221000
2201572,2208007
220157,220800
2201606,2200400
220160,220040
2201705,2211209
220170,221120
2201739,2207801
220173,220780
2201770,2201200
220177,220120
2201804,2208007
220180,220800
2201919,2202703
220191,220270
2201929,2210607
220192,221060
2201945,2201200
220194,220120
2201960,2208403
220196,220840
2201988,2210003
220198,221000
2202000,2207702
220200,220770
2202026,2207900
220202,220790
2202059,2201200
220205,220120
2202075,2207009
220207,220700
2202083,2205706
220208,220570
2202091,2208007
220209,220800
2202109,2207009
220210,220700
2202117,2210003
220211,221000
2202133,2208007
220213,220800
2202174,2203701
220217,220370
2202251,2211209
220225,221120
2202307,2210003
220230,221000
2202455,2210003
220245,221000
2202406,2208403
220240,220840
2202505,2210607
220250,221060
2202539,2202703
220253,220270
2202554,2207801
220255,220780
2202604,2202208
220260,220220
2202653,2202703
220265,220270
2202711,2202208
220271,220220
2202729,2202703
220272,220270
2202737,2200400
220273,220040
2202752,2201903
220275,220190
2202778,2207009
220277,220700
2202802,2207801
220280,220780
2202851,2210607
220285,221060
2203008,2202901
220300,220290
2203107,2201903
220310,220190
2203206,2202901
220320,220290
2203230,2201903
220323,220190
2203271,2207801
220327,220780
2203255,2211001
220325,221100
2203305,2211001
220330,221100
2203354,2210607
220335,221060
2203404,2208007
220340,220800
2203453,2210003
220345,221000
2203420,2207900
220342,220790
2203503,2211308
220350,221130
2203602,2201903
220360,220190
2203750,2210607
220375,221060
2203800,2210003
220380,221000
2203859,2208007
220385,220800
2204006,2211308
220400,221130
2204105,2203909
220410,220390
2204154,2208007
220415,220800
2204204,2208007
220420,220800
2204303,2208007
220430,220800
2204352,2208007
220435,220800
2204402,2202901
220440,220290
2204501,2203909
220450,220390
2204550,2201903
220455,220190
2204600,2203909
220460,220390
2204659,2207702
220465,220770
2204709,2211308
220470,221130
2204808,2208007
220480,220800
2204907,2207801
220490,220780
2205003,2208007
220500,220800
2205102,2203909
220510,220390
2205151,2207801
220515,220780
2205201,2208007
220520,220800
2205250,2203909
220525,220390
2205276,2202208
220527,220220
2205300,2203909
220530,220390
2205409,2205805
220540,220580
2205458,2205805
220545,220580
2205359,2210003
220535,221000
2205516,2202208
220551,220220
2205532,2210607
220553,221060
2205524,2202901
220552,220290
2205557,2211100
220555,221110
2205573,2207900
220557,220790
2205565,2207801
220556,220780
2205581,2211001
220558,221100
2205599,2211308
220559,221130
2205540,2211001
220554,221100
2205607,2211209
220560,221120
2205854,2205805
220585,220580
2205904,2211209
220590,221120
2205953,2207801
220595,220780
2206001,2211209
220600,221120
2206050,2208007
220605,220800
2206100,2205805
220610,220580
2206308,2211001
220630,221100
2206357,2207900
220635,220790
2206407,2211001
220640,221100
2206506,2208007
220650,220800
2206605,2202901
220660,220290
2206654,2201903
220665,220190
2206670,2203701
220667,220370
2206696,2205805
220669,220580
2206704,2203909
220670,220390
2206720,2211001
220672,221100
2206753,2202208
220675,220220
2206803,2206209
220680,220620
2207959,2210003
220795,221000
2206902,2211308
220690,221130
2206951,2202208
220695,220220
2207108,2211001
220710,221100
2207207,2208007
220720,220800
2207306,2210003
220730,221000
2207355,2210003
220735,221000
2207405,2201903
220740,220190
2207504,2203909
220750,220390
2207553,2208007
220755,220800
2207603,2202901
220760,220290
2207751,2200400
220775,220040
2207777,2207801
220777,220780
2207793,2200400
220779,220040
2207850,2210003
220785,221000
2207934,2210003
220793,221000
2208106,2211308
220810,221130
2208205,2208007
220820,220800
2208502,2206209
220850,220620
2208551,2211209
220855,221120
2208601,2200400
220860,220040
2208650,2207801
220865,220780
2208700,2201903
220870,220190
2208809,2203909
220880,220390
2208858,2202901
220885,220290
2208874,2210003
220887,221000
2208908,2211209
220890,221120
2209005,2203909
220900,220390
2209104,2208007
220910,220800
2209153,2211308
220915,221130
2209203,2202901
220920,220290
2209302,2201903
220930,220190
2209377,2207009
220937,220700
2209351,2208007
220935,220800
2209401,2208007
220940,220800
2209450,2203909
220945,220390
2209500,2207009
220950,220700
2210623,2202901
221062,220290
2210631,2211209
221063,221120
2210656,2202208
221065,220220
2210805,2210003
221080,221000
2210706,2207801
221070,220780
2210904,2210003
221090,221000
2210938,2208007
221093,220800
2209559,2210607
220955,221060
2209658,2207801
220965,220780
2209708,2207009
220970,220700
2209609,2211308
220960,221130
2209757,2202901
220975,220290
2209807,2203909
220980,220390
2210052,2208304
221005,220830
2210102,2207009
221010,220700
2210201,2208007
221020,220800
2209856,2208007
220985,220800
2209872,2208304
220987,220830
2209906,2200400
220990,220040
2209955,2207009
220995,220700
2209971,2203701
220997,220370
2210300,2208007
221030,220800
2210359,2210607
221035,221060
2210375,2208007
221037,220800
2210383,2211308
221038,221130
2210391,2207009
221039,220700
2210409,2211308
221040,221130
2210508,2211001
221050,221100
2210953,2210607
221095,221060
2210979,2207009
221097,220700
2211506,2208007
221150,220800
2211605,2208007
221160,220800
2211357,2210607
221135,221060
2211407,2207009
221140,220700
2211704,2207009
221170,220700
2200202,2211001
220020,221100
4100103,4102406
410010,410240
4100202,4122206
410020,412220
4100301,4114302
410030,411430
4100459,4128005
410045,412800
4100608,4116901
410060,411690
4128625,4118501
412862,411850
4100707,4128104
410070,412810
4100509,4108809
410050,410880
4100806,4103701
410080,410370
4100905,4118402
410090,411840
4101002,4124400
410100,412440
4101051,4128005
410105,412800
4101101,4102406
410110,410240
4101200,4118204
410120,411820
4101309,4125605
410130,412560
4101655,4111506
410165,411150
4101705,4104303
410170,410430
4101853,4111506
410185,411150
4101903,4109807
410190,410980
4102208,4116901
410220,411690
4102307,4104204
410230,410420
4102505,4104303
410250,410430
4102703,4103602
410270,410360
4102604,4124400
410260,412440
4102752,4124400
410275,412440
4102802,4103701
410280,410370
4102901,4128203
410290,412820
4103008,4108601
410300,410860
4103024,4107207
410302,410720
4103040,4119608
410304,411960
4103057,4104501
410305,410450
4103107,4104006
410310,410400
4103156,4124400
410315,412440
4103206,4112108
410320,411210
4103222,4108403
410322,410840
4103305,4111506
410330,411150
4103354,4128005
410335,412800
4103370,4102000
410337,410200
4103404,4105904
410340,410590
4103453,4102000
410345,410200
4103479,4128104
410347,412810
4103503,4101408
410350,410140
4103800,4112108
410380,411210
4103909,4128005
410390,412800
4103958,4119608
410395,411960
4104055,4120903
410405,412090
4104105,4122305
410410,412230
4104428,4119301
410442,411930
4104451,4113304
410445,411330
4104600,4104501
410460,410450
4104709,4126603
410470,412660
4105003,4120903
410500,412090
4105102,4105904
410510,410590
4105201,4108403
410520,410840
4105607,4105508
410560,410550
4105706,4117602
410570,411760
4106001,4106407
410600,410640
4106100,4109708
410610,410970
4106209,4101804
410620,410180
4106308,4104808
410630,410480
4106456,4117602
410645,411760
4106555,4104303
410655,410430
4106803,4128203
410680,412820
4106571,4107207
410657,410720
4106704,4105904
410670,410590
4106852,4111506
410685,411150
4107009,4109708
410700,410970
4104402,4119608
410440,411960
4105300,4115804
410530,411580
4107157,4123501
410715,412350
4107108,4113502
410710,411350
4107124,4113304
410712,411330
4107256,4128104
410725,412810
4107306,4117503
410730,411750
4128633,4112009
412863,411200
4107504,4104303
410750,410430
4107538,4123501
410753,412350
4107405,4108403
410740,410840
4107520,4128104
410752,412810
4107546,4120903
410754,412090
4107553,4104303
410755,410430
4107603,4111506
410760,411150
4107736,4110706
410773,411070
4107751,4109708
410775,410970
4107850,4108403
410785,410840
4107801,4116901
410780,411690
4107900,4117503
410790,411750
4108007,4103701
410800,410370
4108106,4105904
410810,410590
4108205,4102000
410820,410200
4108452,4105409
410845,410540
4108320,4117909
410832,411790
4107702,4104303
410770,410430
4108502,4128203
410850,412820
4108551,4111506
410855,411150
4108650,4113304
410865,411330
4108700,4111506
410870,411150
4108908,4118402
410890,411840
4108957,4120606
410895,412060
4109005,4124103
410900,412410
4109104,4105508
410910,410550
4109203,4102109
410920,410210
4109302,4120903
410930,412090
4109500,4118204
410950,411820
4109658,4106506
410965,410650
4109757,4120903
410975,412090
4109906,4128104
410990,412810
4110003,4102109
411000,410210
4110052,4128005
411005,412800
4110078,4127106
411007,412710
4110300,4105904
411030,410590
4110409,4105508
411040,410550
4110201,4120606
411020,412060
4110508,4110102
411050,411010
4110607,4117909
411060,411790
4110656,4102000
411065,410200
4110805,4111506
411080,411150
4110904,4105904
411090,410590
4110953,4125704
411095,412570
4111001,4102406
411100,410240
4111100,4117503
411110,411750
4111209,4106506
411120,410650
4111308,4113502
411130,411350
4111605,4117503
411160,411750
4111555,4128104
411155,412810
4111407,4120606
411140,412060
4111704,4109708
411170,410970
4111902,4102109
411190,410210
4112207,4108601
411220,410860
4112306,4109708
411230,410970
4112405,4105508
411240,410550
4112504,4111506
411250,411150
4112603,4105904
411260,410590
4112702,4109807
411270,410980
4112751,4102000
411275,410200
4112801,4126603
411280,412660
4112900,4124103
411290,412410
4112959,4128005
411295,412800
4113007,4105508
411300,410550
4113106,4112108
411310,411210
4113254,4113304
411325,411330
4113403,4106407
411340,410640
4113429,4111506
411342,411150
4113452,4104808
411345,410480
4113601,4105904
411360,410590
4113734,4104303
411373,410430
4113759,4111506
411375,411150
4113809,4105904
411380,410590
4113908,4125605
411390,412560
4114005,4104303
411400,410430
4114351,4108403
411435,410840
4114401,4105409
411440,410540
4114500,4119608
411450,411960
4114708,4128104
411470,412810
4115002,4113502
411500,411350
4115101,4108601
411510,410860
4114906,4101408
411490,410140
4115358,4117909
411535,411790
4115309,4118501
411530,411850
4115408,4108403
411540,410840
4115457,4113304
411545,411330
4115507,4112108
411550,411210
4115606,4115804
411560,411580
4115739,4119608
411573,411960
4115754,4101408
411575,410140
4115853,4114609
411585,411460
4115903,4118402
411590,411840
4116000,4102109
411600,410210
4116059,4123501
411605,412350
4116109,4108601
411610,410860
4116208,4119509
411620,411950
4116307,4102109
411630,410210
4116406,4105904
411640,410590
4116505,4118402
411650,411840
4116604,4106407
411660,410640
4116703,4128005
411670,412800
4116802,4128005
411680,412800
4116950,4107207
411695,410720
4117008,4106407
411700,410640
4117057,4113304
411705,411330
4117107,4113502
411710,411350
4117206,4106605
411720,410660
4117255,4107207
411725,410720
4117214,4106407
411721,410640
4117222,4114609
411722,411460
4117271,4111506
411727,411150
4117297,4112108
411729,411210
4117404,4114104
411740,411410
4117453,4127700
411745,412770
4117800,4119608
411780,411960
4118105,4105904
411810,410590
4118303,4105904
411830,410590
4118006,4118402
411800,411840
4118451,4114609
411845,411460
4118600,4128203
411860,412820
4118709,4128203
411870,412820
4118808,4104303
411880,410430
4118857,4128104
411885,412810
4119251,4124400
411925,412440
4119202,4109708
411920,410970
4119657,4102109
411965,410210
4119103,4122305
411910,412230
4119707,4113502
411970,411350
4119806,4104501
411980,410450
4120002,4103701
412000,410370
4120101,4117701
412010,411770
4120150,4113304
412015,411330
4120200,4113502
412020,411350
4120309,4128203
412030,412820
4120333,4122404
412033,412240
4120358,4124400
412035,412440
4120408,4114104
412040,411410
4120507,4109807
412050,410980
4118907,4128104
411890,412810
4119004,4104501
411900,410450
4120655,4108601
412065,410860
4120705,4126603
412070,412660
4120853,4114609
412085,411460
4121000,4113502
412100,411350
4121109,4104303
412110,410430
4121208,4114302
412120,411430
4121257,4115804
412125,411580
4121307,4109807
412130,410980
4121356,4108601
412135,410860
4121406,4104501
412140,410450
4121505,4110706
412150,411070
4121604,4108403
412160,410840
4121752,4119301
412175,411930
4121802,4111803
412180,411180
4121901,4124103
412190,412410
4122008,4110706
412200,411070
4122107,4101408
412210,410140
4122156,4113304
412215,411330
4122172,4111506
412217,411150
4122503,4119608
412250,411960
4122602,4105508
412260,410550
4122651,4117305
412265,411730
4122701,4102109
412270,410210
4122800,4108403
412280,410840
4122909,4126603
412290,412660
4123006,4107207
412300,410720
4123105,4102406
412310,410240
4123204,4109807
412320,410980
4123303,4113502
412330,411350
4123402,4102109
412340,410210
4123600,4105904
412360,410590
4123709,4113502
412370,411350
4123808,4104501
412380,410450
4123824,4104501
412382,410450
4123857,4119608
412385,411960
4123907,4106407
412390,410640
4123956,4113502
412395,411350
4124020,4104808
412402,410480
4124004,4126603
412400,412660
4124202,4105904
412420,410590
4124301,4106407
412430,410640
4124509,4105904
412450,410590
4126207,4109708
412620,410970
4126272,4105409
412627,410540
4126306,4112009
412630,411200
4126355,4115804
412635,411580
4126405,4106407
412640,410640
4126504,4109807
412650,410980
4126652,4105409
412665,410540
4124608,4118402
412460,411840
4124707,4117305
412470,411730
4125209,4107207
412520,410720
4125308,4114104
412530,411410
4125357,4108809
412535,410880
4125407,4126603
412540,412660
4125456,4123501
412545,412350
4124806,4105409
412480,410540
4124905,4118402
412490,411840
4125001,4111506
412500,411150
4125100,4125605
412510,412560
4125555,4105508
412555,410550
4125753,4127700
412575,412770
4125803,4112108
412580,411210
4125902,4113502
412590,411350
4126009,4106407
412600,410640
4126108,4105508
412610,410550
4126678,4101408
412667,410140
4126702,4118402
412670,411840
4126801,4106605
412680,410660
4126900,4113502
412690,411350
4127007,4110102
412700,411010
4127205,4105508
412720,410550
4127304,4118402
412730,411840
4127403,4108809
412740,410880
4127502,4127106
412750,412710
4127601,4114302
412760,411430
4127809,4126603
412780,412660
4127858,4120903
412785,412090
4127882,4122206
412788,412220
4127908,4106605
412790,410660
4127957,4102000
412795,410200
4127965,4109401
412796,410940
4128302,4116901
412830,411690
4128401,4106407
412840,410640
4128534,4127106
412853,412710
4128559,4115804
412855,411580
4128609,4107207
412860,410720
4128658,4113304
412865,411330
4128708,4118501
412870,411850
4128500,4126603
412850,412660
4128807,4128104
412880,412810
4101150,4114104
410115,411410
3300159,3302106
330015,330210
3300225,3306008
330022,330600
3300902,3304805
330090,330480
3301108,3301504
330110,330150
3300936,3304151
330093,330415
3301157,3304805
330115,330480
3301207,3301504
330120,330150
3300951,3306008
330095,330600
3301603,3300506
330160,330050
3301801,3303609
330180,330360
3302056,3304805
330205,330480
3302304,3303005
330230,330300
3302452,3301504
330245,330150
3302809,3303609
330280,330360
3303104,3302205
330310,330220
3304102,3302205
330410,330220
3304128,3304110
330412,330411
3304409,3300407
330440,330040
3304508,3306107
330450,330610
3304607,3301405
330460,330140
3305406,3305158
330540,330515
3305703,3300506
330570,330050
3305133,3302205
330513,330220
3305307,3301504
330530,330150
3305901,3301405
330590,330140
3306156,3302205
330615,330220
2400109,2403103
240010,240310
2400307,2407203
240030,240720
2400505,2409407
240050,240940
2400604,2409407
240060,240940
2400703,2407203
240070,240720
2400802,2400208
240080,240020
2400901,2409407
240090,240940
2401206,2404200
240120,240420
2401503,2411205
240150,241120
2401404,2402204
240140,240220
2401602,2405801
240160,240580
2401651,2403103
240165,240310
2401701,2407104
240170,240710
2401800,2407807
240180,240780
2401859,2405801
240185,240580
2401909,2405801
240190,240580
2401305,2400208
240130,240020
2402105,2411205
240210,241120
2402303,2401008
240230,240100
2402501,2400208
240250,240020
2402402,2408904
240240,240890
2402709,2403103
240270,240310
2402808,2411205
240280,241120
2402907,2412500
240290,241250
2403004,2408904
240300,240890
2403202,2412500
240320,241250
2403301,2409407
240330,240940
2403400,2408904
240340,240890
2403509,2404200
240350,240420
2403707,2401008
240370,240100
2403756,2400208
240375,240020
2403806,2403103
240380,240310
2403905,2409407
240390,240940
2404002,2409407
240400,240940
2404101,2407203
240410,240720
2404309,2408003
240430,240800
2404408,2401107
240440,240110
2404507,2407203
240450,240720
2404606,2407104
240460,240710
2404705,2400208
240470,240020
2404804,2402006
240480,240200
2404853,2400208
240485,240020
2404903,2401008
240490,240100
2405108,2405801
240510,240580
2405207,2401008
240520,240100
2405306,2411502
240530,241150
2405405,2411205
240540,241120
2405504,2405801
240550,240580
2405603,2402006
240560,240200
2405702,2408904
240570,240890
2405009,2411205
240500,241120
2406007,2409407
240600,240940
2405900,2409407
240590,240940
2406106,2402006
240610,240200
2406155,2411502
240615,241150
2406502,2403103
240650,240310
2406601,2407807
240660,240780
2406205,2411502
240620,241150
2406304,2407807
240630,240780
2406403,2411205
240640,241120
2406700,2405801
240670,240580
2406809,2411205
240680,241120
2406908,2409407
240690,240940
2407005,2412500
240700,241250
2407252,2412500
240725,241250
2407302,2409407
240730,240940
2407401,2409407
240740,240940
2407500,2403608
240750,240360
2407609,2401008
240760,240100
2407708,2408300
240770,240830
2407906,2411205
240790,241120
2408409,2401008
240840,240100
2408508,2408904
240850,240890
2408607,2412500
240860,241250
2408805,2405801
240880,240580
2408706,2400208
240870,240020
2409100,2411502
240910,241150
2409209,2411502
240920,241150
2409308,2401008
240930,240100
2409506,2405801
240950,240580
2409605,2405801
240960,240580
2409704,2407203
240970,240720
2409803,2402204
240980,240220
2409902,2407203
240990,240720
2410009,2409407
241000,240940
2410207,2409407
241020,240940
2410256,2407203
241025,240720
2410108,2405801
241010,240580
2410405,2402600
241040,240260
2410504,2409407
241050,240940
2410603,2401008
241060,240100
2410702,2409407
241070,240940
2410801,2409407
241080,240940
2410900,2405801
241090,240580
2408953,2414407
240895,241440
2411007,2401008
241100,240100
2411106,2411205
241110,241120
2409332,2405801
240933,240580
2411403,2403103
241140,240310
2411429,2408904
241142,240890
2413102,2411502
241310,241150
2413201,2408201
241320,240820
2410306,2411502
241030,241150
2413409,2402006
241340,240200
2413300,2411502
241330,241150
2413359,2401107
241335,240110
2413508,2411502
241350,241150
2413557,2409407
241355,240940
2413607,2401008
241360,240100
2411601,2405801
241160,240580
2411700,2411205
241170,241120
2411809,2402006
241180,240200
2411908,2409407
241190,240940
2412302,2411502
241230,241150
2412401,2402006
241240,240200
2412104,2402006
241210,240200
2412559,2414407
241255,241440
2412609,2405801
241260,240580
2412708,2407104
241270,240710
2412807,2400208
241280,240020
2412906,2411205
241290,241120
2413003,2403103
241300,240310
2413706,2411205
241370,241120
2413805,2409407
241380,240940
2413904,2402600
241390,240260
2414001,2411205
241400,241120
2414100,2409407
241410,240940
2414159,2403103
241415,240310
2411056,2401107
241105,240110
2414209,2404200
241420,240420
2414308,2402006
241430,240200
2414456,2400208
241445,240020
2414506,2401008
241450,240100
2414605,2400208
241460,240020
2414753,2412500
241475,241250
2414803,2407807
241480,240780
2415008,2402204
241500,240220
2414902,2409407
241490,240940
2414704,2411502
241470,241150
2400406,2409407
240040,240940
1100379,1100015
110037,110001
1100403,1100023
110040,110002
1100346,1100320
110034,110032
1100031,1100304
110003,110030
1100601,1100114
110060,110011
1100700,1100452
110070,110045
1100908,1100288
110090,110028
1100056,1100304
110005,110030
1100924,1100304
110092,110030
1100064,1100304
110006,110030
1100072,1100304
110007,110030
1100080,1100320
110008,110032
1100940,1100130
110094,110013
1101005,1100114
110100,110011
1101104,1100809
110110,110080
1101203,1100049
110120,110004
1101302,1100155
110130,110015
1101401,1100023
110140,110002
1100148,1100015
110014,110001
1101435,1100155
110143,110015
1100502,1100288
110050,110028
1101450,1100015
110145,110001
1101468,1100304
110146,110030
1100254,1100122
110025,110012
1101476,1100189
110147,110018
1100262,1100023
110026,110002
1100296,1100288
110029,110028
1101500,1100320
110150,110032
1101484,1100288
110148,110028
1101492,1100320
110149,110032
1101559,1100155
110155,110015
1101609,1100114
110160,110011
1101708,1100155
110170,110015
1101757,1100130
110175,110013
1101807,1100155
110180,110015
1400027,1400050
140002,140005
1400159,1400100
140015,140010
1400175,1400100
140017,140010
1400233,1400472
140023,140047
1400282,1400209
140028,140020
1400308,1400100
140030,140010
1400407,1400100
140040,140010
1400456,1400050
140045,140005
1400506,1400472
140050,140047
1400605,1400472
140060,140047
1400704,1400100
140070,140010
4300034,4301602
430003,430160
4300109,4304200
430010,430420
4300208,4310207
430020,431020
4300307,4317202
430030,431720
4300455,4321808
430045,432180
4300471,4320107
430047,432010
4300505,4308508
430050,430850
4300554,4310009
430055,431000
4300570,4307906
430057,430790
4300638,4303509
430063,430350
4300646,4308508
430064,430850
4300661,4313300
430066,431330
4300703,4309407
430070,430940
4300802,4308201
430080,430820
4300851,4303509
430085,430350
4300877,4313060
430087,431306
4300901,4307005
430090,430700
4301305,4311007
430130,431100
4301073,4304507
430107,430450
4301057,4321501
430105,432150
4301206,4304200
430120,430420
4301107,4306767
430110,430676
4301404,4309407
430140,430940
4301503,4310207
430150,431020
4301636,4321600
430163,432160
4301958,4320107
430195,432010
4301859,4308508
430185,430850
4301875,4322400
430187,432240
4301909,4309308
430190,430930
4301925,4307005
430192,430700
4301800,4311304
430180,431130
4302006,4320800
430200,432080
4301651,4304804
430165,430480
4301701,4307005
430170,430700
4301750,4306767
430175,430676
4302055,4307005
430205,430700
4302154,4313706
430215,431370
4302204,4321808
430220,432180
4302220,4306106
430222,430610
4302238,4306106
430223,430610
4302253,4308607
430225,430860
4302303,4322509
430230,432250
4302352,4319505
430235,431950
4302378,4321907
430237,432190
4302402,4307807
430240,430780
4302451,4322608
430245,432260
4302501,4318903
430250,431890
4302584,4310207
430258,431020
4302600,4321907
430260,432190
4302659,4312401
430265,431240
4302709,4318408
430270,431840
4302907,4316402
430290,431640
4303202,4320909
430320,432090
4303301,4318903
430330,431890
4303400,4308508
430340,430850
4303558,4311809
430355,431180
4303608,4321501
430360,432150
4303673,4319000
430367,431900
4303707,4317202
430370,431720
4303806,4307005
430380,430700
4304002,4321907
430400,432190
4304101,4310009
430410,431000
4304358,4301602
430435,430160
4304614,4301008
430461,430100
4304689,4314803
430468,431480
4304697,4306809
430469,430680
4304671,4317608
430467,431760
4304622,4311304
430462,431130
4304655,4317400
430465,431740
4304713,4317608
430471,431760
4304853,4307005
430485,430700
4304903,4311809
430490,431180
4304952,4311304
430495,431130
4305009,4310207
430500,431020
4305116,4307005
430511,430700
4305124,4304663
430512,430466
4305132,4304200
430513,430420
4305157,4313706
430515,431370
4305173,4303509
430517,430350
4305207,4318903
430520,431890
4305306,4320107
430530,432010
4305371,4320909
430537,432090
4305405,4321808
430540,432180
4305447,4303509
430544,430350
4305439,4317301
430543,431730
4305454,4321600
430545,432160
4305504,4320909
430550,432090
4305587,4321451
430558,432145
4305603,4310009
430560,431000
4305702,4313904
430570,431390
4305801,4320107
430580,432010
4305835,4306809
430583,430680
4305850,4304705
430585,430470
4305871,4310207
430587,431020
4305900,4321907
430590,432190
4305934,4308607
430593,430860
4305959,4322806
430595,432280
4305975,4314100
430597,431410
4306007,4321907
430600,432190
4306056,4303509
430605,430350
4306072,4308508
430607,430850
4306130,4307005
430613,430700
4306205,4307807
430620,430780
4304309,4317202
430430,431720
4306304,4311809
430630,431180
4306320,4321907
430632,432190
4306353,4318903
430635,431890
4306379,4316907
430637,431690
4306429,4313706
430642,431370
4306452,4309407
430645,430940
4306502,4303509
430650,430350
4306551,4321501
430655,432150
4306700,4316907
430670,431690
4306734,4321808
430673,432180
4306759,4306809
430675,430680
4306924,4320107
430692,432010
4306957,4307005
430695,430700
4306932,4317509
430693,431750
4306973,4307005
430697,430700
4307054,4304705
430705,430470
4307203,4307005
430720,430700
4307302,4308508
430730,430850
4307401,4311304
430740,431130
4307450,4321907
430745,432190
4307500,4310009
430750,431000
4307559,4320909
430755,432090
4307815,4310009
430781,431000
4307831,4310207
430783,431020
4307864,4313300
430786,431330
4308003,4316907
430800,431690
4308052,4307005
430805,430700
4308078,4321451
430807,432145
4308102,4319505
430810,431950
4308250,4320909
430825,432090
4308300,4320800
430830,432080
4308409,4319604
430840,431960
4308433,4301008
430843,430100
4308458,4310009
430845,431000
4308656,4318002
430865,431800
4308706,4307005
430870,430700
4308805,4322004
430880,432200
4308854,4311809
430885,431180
4308904,4307005
430890,430700
4309001,4317202
430900,431720
4309050,4309209
430905,430920
4309159,4304200
430915,430420
4309126,4308508
430912,430850
4309258,4313300
430925,431330
4309506,4317202
430950,431720
4309555,4319505
430955,431950
4307104,4311007
430710,431100
4309571,4304200
430957,430420
4309605,4321808
430960,432180
4309654,4301602
430965,430160
4309704,4321907
430970,432190
4309753,4304200
430975,430420
4309803,4320909
430980,432090
4309902,4311304
430990,431130
4309951,4320800
430995,432080
4310306,4309407
431030,430940
4310363,4321451
431036,432145
4310405,4321808
431040,432180
4310413,4321808
431041,432180
4310462,4314100
431046,431410
4310439,4308201
431043,430820
4310504,4308508
431050,430850
4310538,4316907
431053,431690
4310553,4318903
431055,431890
4310579,4309407
431057,430940
4310652,4304630
431065,430463
4310702,4307005
431070,430700
4310751,4316907
431075,431690
4310850,4313706
431085,431370
4310876,4310009
431087,431000
4310900,4307005
431090,430700
4311106,4317400
431110,431740
4311122,4318200
431112,431820
4311130,4322202
431113,432220
4311155,4310207
431115,431020
4311205,4322202
431120,432220
4311239,4304200
431123,430420
4311270,4310009
431127,431000
4311254,4304200
431125,430420
4311429,4313706
431142,431370
4311502,4302808
431150,430280
4311601,4313706
431160,431370
4311627,4310801
431162,431080
4311643,4313201
431164,431320
4311700,4307005
431170,430700
4311734,4321501
431173,432150
4311759,4300406
431175,430040
4311775,4304630
431177,430463
4311791,4312401
431179,431240
4311908,4307005
431190,430700
4311981,4306767
431198,430676
4312005,4307005
431200,430700
4312054,4301008
431205,430100
4312104,4317400
431210,431740
4312138,4311809
431213,431180
4312153,4322608
431215,432260
4312179,4317509
431217,431750
4312203,4307005
431220,430700
4311718,4310603
431171,431060
4312252,4318408
431225,431840
4312302,4321907
431230,432190
4312351,4311809
431235,431180
4312377,4322509
431237,432250
4312385,4302105
431238,430210
4312427,4320800
431242,432080
4312443,4321501
431244,432150
4312450,4304507
431245,430450
4312476,4306403
431247,430640
4312500,4303509
431250,430350
4312617,4322509
431261,432250
4312625,4311304
431262,431130
4312609,4306809
431260,430680
4312674,4311809
431267,431180
4312708,4307005
431270,430700
4312757,4311809
431275,431180
4312807,4313300
431280,431330
4312906,4313300
431290,431330
4312955,4320107
431295,432010
4313003,4306809
431300,430680
4313011,4321808
431301,432180
4313037,4317400
431303,431740
4313102,4316907
431310,431690
4313086,4308201
431308,430820
4313334,4313904
431333,431390
4313359,4322806
431335,432280
4313490,4320107
431349,432010
4313391,4304200
431339,430420
4313425,4317202
431342,431720
4313441,4308508
431344,430850
4313466,4320107
431346,432010
4312658,4304705
431265,430470
4313607,4320909
431360,432090
4313656,4313508
431365,431350
4313805,4308508
431380,430850
4313953,4315701
431395,431570
4314001,4313300
431400,431330
4314027,4304200
431402,430420
4314035,4319505
431403,431950
4314068,4304200
431406,430420
4314076,4316808
431407,431680
4314134,4307005
431413,430700
4314159,4321451
431415,432145
4314175,4301602
431417,430160
4314209,4304663
431420,430466
4314308,4313904
431430,431390
4314423,4313201
431442,431320
4314456,4308508
431445,430850
4314472,4322202
431447,432220
4314464,4311304
431446,431130
4314498,4308508
431449,430850
4314506,4304507
431450,430450
4314548,4302105
431454,430210
4314555,4318903
431455,431890
4314605,4304507
431460,430450
4314704,4308508
431470,430850
4314787,4307005
431478,430700
4314779,4320107
431477,432010
4315008,4317202
431500,431720
4315057,4317202
431505,431720
4315073,4317202
431507,431720
4315107,4318903
431510,431890
4315131,4306809
431513,430680
4314753,4321451
431475,432145
4315149,4310801
431514,431080
4315156,4301008
431515,430100
4315172,4313300
431517,431330
4315206,4309407
431520,430940
4315313,4307005
431531,430700
4315321,4322202
431532,432220
4315354,4310009
431535,431000
4315404,4321907
431540,432190
4315453,4306809
431545,430680
4315503,4319604
431550,431960
4315552,4308508
431555,430850
4315750,4316006
431575,431600
4315800,4306809
431580,430680
4315909,4308508
431590,430850
4315958,4318903
431595,431890
4316105,4320107
431610,432010
4316204,4320107
431620,432010
4316303,4318903
431630,431890
4316428,4313706
431642,431370
4316436,4310009
431643,431000
4316451,4310009
431645,431000
4316477,4318903
431647,431890
4316501,4304804
431650,430480
4316600,4320909
431660,432090
4316709,4313904
431670,431390
4316733,4320909
431673,432090
4316758,4311403
431675,431140
4316972,4318309
431697,431830
4316956,4313060
431695,431306
4317251,4306809
431725,430680
4317004,4302808
431700,430280
4317707,4318903
431770,431890
4317558,4311809
431755,431180
4317756,4304705
431775,430470
4317806,4321808
431780,432180
4317905,4317202
431790,431720
4317954,4311304
431795,431130
4320206,4308508
432020,430850
4320230,4321907
432023,432190
4320263,4304200
432026,430420
4320305,4310009
432030,431000
4320321,4317202
432032,431720
4320354,4303509
432035,430350
4320404,4309407
432040,430940
4320503,4320909
432050,432090
4320552,4306767
432055,430676
4320578,4317509
432057,431750
4320602,4307005
432060,430700
4320651,4316907
432065,431690
4320677,4322707
432067,432270
4320701,4304200
432070,430420
4318051,4311809
431805,431180
4318101,4317400
431810,431740
4318440,4313300
431844,431330
4318457,4313706
431845,431370
4318465,4320800
431846,432080
4318481,4310801
431848,431080
4318499,4321808
431849,432180
4318606,4311304
431860,431130
4318614,4319505
431861,431950
4318622,4321501
431862,432150
4318424,4320909
431842,432090
4318432,4316907
431843,431690
4319109,4321808
431910,432180
4319125,4316907
431912,431690
4319158,4317509
431915,431750
4319208,4318903
431920,431890
4319307,4318903
431930,431890
4319356,4304804
431935,430480
4319364,4313706
431936,431370
4319372,4318903
431937,431890
4319406,4316907
431940,431690
4319703,4307005
431970,430700
4319711,4306809
431971,430680
4319737,4321808
431973,432180
4319752,4304804
431975,430480
4319802,4317400
431980,431740
4320453,4322608
432045,432260
4320859,4312401
432085,431240
4321006,4310009
432100,431000
4321105,4303509
432110,430350
4321329,4308508
432132,430850
4321352,4303509
432135,430350
4321402,4321907
432140,432190
4321436,4304630
432143,430463
4321469,4320800
432146,432080
4321477,4321907
432147,432190
4321493,4316907
432149,431690
4321626,4301008
432162,430100
4321956,4320107
432195,432010
4321634,4307005
432163,430700
4321667,4321501
432166,432150
4321832,4304630
432183,430463
4321857,4320107
432185,432010
4322103,4317202
432210,431720
4322152,4320800
432215,432080
4322186,4311304
432218,431130
4322251,4319505
432225,431950
4322301,4317202
432230,431720
4322327,4318804
432232,431880
4322343,4317202
432234,431720
4322376,4317400
432237,431740
4322350,4309407
432235,430940
4322541,4313201
432254,431320
4322525,4322608
432252,432260
4322533,4304200
432253,430420
4322558,4311809
432255,431180
4322855,4306809
432285,430680
4322905,4307005
432290,430700
4323101,4308508
432310,430850
4323200,4304705
432320,430470
4323309,4322806
432330,432280
4323358,4320909
432335,432090
4323408,4311809
432340,431180
4323457,4319604
432345,431960
4323507,4308508
432350,430850
4323606,4309407
432360,430940
4323705,4321907
432370,432190
4323754,4317509
432375,431750
4323770,4321451
432377,432145
4323804,4304630
432380,430463
4300059,4320909
430005,432090
4301552,4307005
430155,430700
4200051,4203600
420005,420360
4200101,4219507
420010,421950
4200200,4208500
420020,420850
4200309,4214805
420030,421480
4200705,4208500
420070,420850
4200754,4204301
420075,420430
4200804,4217204
420080,421720
4200903,4215703
420090,421570
4201000,4203600
420100,420360
4201109,4202800
420110,420280
4201208,4202305
420120,420230
4201257,4207502
420125,420750
4201273,4204301
420127,420430
4201505,4202800
420150,420280
4201604,4219309
420160,421930
4201653,4219705
420165,421970
4201703,4207502
420170,420750
4201802,4208500
420180,420850
4201901,4214805
420190,421480
4201950,4201406
420195,420140
4202057,4201307
420205,420130
4202073,4217709
420207,421770
4220000,4207007
422000,420700
4202081,4217204
420208,421720
4202099,4217204
420209,421720
4202131,4203808
420213,420380
4202156,4217204
420215,421720
4202206,4218202
420220,421820
4202438,4209300
420243,420930
4202503,4216503
420250,421650
4202537,4219507
420253,421950
4202578,4210506
420257,421050
4202602,4208500
420260,420850
4202701,4206306
420270,420630
4202859,4214805
420285,421480
4202875,4204806
420287,420480
4203105,4210506
420310,421050
4203154,4203006
420315,420300
4203303,4215802
420330,421580
4203402,4209300
420340,420930
4203501,4216909
420350,421690
4203709,4216305
420370,421630
4203253,4209300
420325,420930
4204004,4209003
420400,420900
4204103,4204202
420410,420420
4204152,4203600
420415,420360
4204178,4209300
420417,420930
4204194,4208500
420419,420850
4204251,4219002
420425,421900
4204350,4219705
420435,421970
4204400,4219705
420440,421970
4204459,4216909
420445,421690
4204558,4209300
420455,420930
4204509,4217402
420450,421740
4204707,4210506
420470,421050
4204756,4212908
420475,421290
4204905,4217204
420490,421720
4205001,4217204
420500,421720
4205100,4214003
420510,421400
4205159,4218202
420515,421820
4205175,4219507
420517,421950
4205191,4217709
420519,421770
4205209,4206702
420520,420670
4205308,4219507
420530,421950
4205357,4210506
420535,421050
4205431,4212908
420543,421290
4205555,4205506
420555,420550
4205605,4216909
420560,421690
4205803,4208450
420580,420845
4206009,4218004
420600,421800
4206207,4202800
420620,420280
4206108,4202800
420610,420280
4206405,4217204
420640,421720
4206603,4217204
420660,421720
4206652,4204202
420665,420420
4206751,4219309
420675,421930
4206801,4206702
420680,420670
4206900,4214003
420690,421400
4207106,4205902
420710,420590
4207205,4209409
420720,420940
4207403,4208500
420740,420850
4207577,4219309
420757,421930
4207601,4203907
420760,420390
4207650,4217204
420765,421720
4207684,4219507
420768,421950
4207700,4204301
420770,420430
4207759,4210506
420775,421050
4207809,4204301
420780,420430
4207858,4212908
420785,421290
4207908,4213609
420790,421360
4208401,4217204
420840,421720
4208005,4204301
420800,420430
4208609,4209003
420860,420900
4208708,4217709
420870,421770
4208955,4212908
420895,421290
4209151,4214003
420915,421400
4209177,4216909
420917,421690
4209201,4206702
420920,420670
4209458,4219705
420945,421970
4209508,4214805
420950,421480
4209607,4211702
420960,421170
4209706,4205506
420970,420550
4209805,4208500
420980,420850
4209854,4204301
420985,420430
4209904,4214805
420990,421480
4210001,4205902
421000,420590
4210035,4209003
421003,420900
4210050,4219309
421005,421930
4210209,4216305
421020,421630
4210308,4203808
421030,420380
4210407,4201406
421040,420140
4210555,4219705
421055,421970
4210605,4208906
421060,420890
4210704,4213609
421070,421360
4210803,4205456
421080,420545
4210852,4214805
421085,421480
4210902,4212908
421090,421290
4211009,4217204
421100,421720
4211058,4205506
421105,420550
4211108,4208104
421110,420810
4211256,4205456
421125,420545
4211207,4207007
421120,420700
4211405,4212908
421140,421290
4211454,4212908
421145,421290
4211504,4216305
421150,421630
4211603,4205456
421160,420545
4211652,4216909
421165,421690
4211751,4209300
421175,420930
4211801,4203907
421180,420390
4211850,4219507
421185,421950
4211876,4204202
421187,420420
4211892,4209300
421189,420930
4212007,4216909
421200,421690
4212056,4209300
421205,420930
4212106,4212908
421210,421290
4212205,4208104
421220,420810
4212239,4217204
421223,421720
4212254,4217709
421225,421770
4212270,4219507
421227,421950
4212304,4205704
421230,420570
4212403,4211702
421240,421170
4212601,4204301
421260,420430
4212650,4203956
421265,420395
4212700,4208500
421270,420850
4213005,4219309
421300,421930
4213104,4203907
421310,420390
4213153,4204202
421315,420420
4213302,4204806
421330,420480
4213351,4204806
421335,420480
4213401,4219507
421340,421950
4213708,4214805
421370,421480
4213807,4217709
421380,421770
4213906,4204301
421390,420430
4214102,4208500
421410,420850
4214151,4217204
421415,421720
4214201,4212908
421420,421290
4214300,4215703
421430,421570
4214904,4202800
421490,420280
4215059,4216503
421505,421650
4214409,4203006
421440,420300
4214508,4214003
421450,421400
4214607,4214805
421460,421480
4214706,4213203
421470,421320
4215075,4210506
421507,421050
4215109,4207502
421510,420750
4215208,4210506
421520,421050
4215307,4214003
421530,421400
4215356,4210506
421535,421050
4215406,4219309
421540,421930
4215455,4208807
421545,420880
4215505,4204806
421550,420480
4215554,4217204
421555,421720
4215604,4202800
421560,420280
4215653,4217709
421565,421770
4215679,4214003
421567,421400
4215687,4210506
421568,421050
4215695,4216909
421569,421690
4217303,4212908
421730,421290
4217501,4204301
421750,420430
4217550,4210506
421755,421050
4217600,4204608
421760,420460
4217758,4212908
421775,421290
4215752,4216909
421575,421690
4215901,4215703
421590,421570
4216008,4212908
421600,421290
4216057,4204806
421605,420480
4216107,4219507
421610,421950
4216701,4217204
421670,421720
4216800,4209300
421680,420930
4216354,4202107
421635,420210
4216255,4217204
421625,421720
4216404,4217709
421640,421770
4217006,4202800
421700,420280
4217105,4202800
421710,420280
4217154,4210506
421715,421050
4217253,4215703
421725,421570
4217808,4214805
421780,421480
4217907,4219309
421790,421930
4217956,4210506
421795,421050
4218103,4201406
421810,420140
4218251,4203006
421825,420300
4218350,4219002
421835,421900
4218509,4209003
421850,420900
4218400,4208807
421840,420880
4218608,4214805
421860,421480
4218301,4203808
421830,420380
4218756,4217204
421875,421720
4218806,4201406
421880,420140
4218855,4212908
421885,421290
4218905,4216503
421890,421650
4218954,4216503
421895,421650
4219150,4203600
421915,420360
4219176,4209003
421917,420900
4219101,4219507
421910,421950
4219200,4208500
421920,420850
4219358,4214003
421935,421400
4219408,4214003
421940,421400
4219606,4219507
421960,421950
4219853,4203907
421985,420390
4200408,4209003
420040,420900
4200556,4212908
420055,421290
4200606,4215703
420060,421570
4200507,4212908
420050,421290
2800100,2805703
280010,280570
2800407,2800670
280040,280067
2800506,2802908
280050,280290
2800704,2805703
280070,280570
2801009,2802908
280100,280290
2801108,2800209
280110,280020
2801405,2804508
280140,280450
2801504,2801306
280150,280130
2801603,2805703
280160,280570
2801702,2807600
280170,280760
2801900,2804607
280190,280460
2802007,2803609
280200,280360
2802205,2804508
280220,280450
2802304,2802908
280230,280290
2802403,2805604
280240,280560
2802502,2801306
280250,280130
2802601,2800209
280260,280020
2802700,2805703
280270,280570
2802809,2807600
280280,280760
2803104,2800209
280310,280020
2803302,2801306
280330,280130
2803401,2805703
280340,280570
2803708,2802908
280370,280290
2803807,2800209
280380,280020
2803906,2802908
280390,280290
2804003,2803609
280400,280360
2804102,2802908
280410,280290
2804201,2804508
280420,280450
2804300,2801306
280430,280130
2804409,2805703
280440,280570
2804458,2804508
280445,280450
2804706,2800209
280470,280020
2804904,2805703
280490,280570
2805000,2807105
280500,280710
2805109,2800670
280510,280067
2805208,2807105
280520,280710
2805307,2800605
280530,280060
2805901,2803609
280590,280360
2805802,2800670
280580,280067
2806008,2802908
280600,280290
2806107,2803609
280610,280360
2806305,2802106
280630,280210
2806503,2803609
280650,280360
2806404,2805703
280640,280570
2806602,2804805
280660,280480
2807204,2801306
280720,280130
2806800,2803500
280680,280350
2806909,2805703
280690,280570
2807006,2804508
280700,280450
2807303,2805703
280730,280570
2807501,2803005
280750,280300
3500204,3525706
350020,352570
3500758,3522307
350075,352230
3500808,3501301
350080,350130
3500907,3533908
350090,353390
3501004,3505906
350100,350590
3501103,3537305
350110,353730
3501152,3528403
350115,352840
3501509,3516705
350150,351670
3501806,3557105
350180,355710
3502002,3513702
350200,351370
3502309,3507506
350230,350750
3502408,3539202
350240,353920
3502606,3546603
350260,354660
3503000,3520103
350300,352010
3503109,3504503
350310,350450
3503158,3513405
350315,351340
3503356,3555000
350335,355500
3503406,3505203
350340,350520
3503505,3513405
350350,351340
3503604,3550100
350360,355010
3503703,3511102
350370,351110
3503950,3546603
350395,354660
3504206,3524808
350420,352480
3504404,3541604
350440,354160
3504305,3538907
350430,353890
3504701,3538907
350470,353890
3504909,3513405
350490,351340
3505104,3537305
350510,353730
3505351,3502705
350535,350270
3505401,3509254
350540,350925
3505005,3553807
350500,355380
3506201,3556305
350620,355630
3506300,3546405
350630,354640
3506409,3506508
350640,350650
3506706,3503208
350670,350320
3506805,3525300
350680,352530
3506904,3507506
350690,350750
3507159,3523206
350715,352320
3507308,3505203
350730,350520
3507407,3533502
350740,353350
3507456,3500709
350745,350070
3507209,3535507
350720,353550
3507704,3506508
350770,350650
3507753,3506508
350775,350650
3508108,3506508
350810,350650
3508207,3520103
350820,352010
3504800,3530300
350480,353030
3508306,3506003
350830,350600
3508702,3549706
350870,354970
3508801,3527108
350880,352710
3508900,3529203
350890,352920
3509106,3541307
350910,354130
3509304,3533908
350930,353390
3509452,3502200
350945,350220
3509809,3510005
350980,351000
3509908,3509254
350990,350925
3509957,3508603
350995,350860
3510153,3534708
351015,353470
3510708,3557105
351070,355710
3511003,3502101
351100,350210
3511201,3511102
351120,351110
3511300,3517505
351130,351750
3511607,3554003
351160,355400
3511706,3550407
351170,355040
3557204,3546405
355720,354640
3511904,3506508
351190,350650
3512001,3505500
351200,350550
3512100,3517406
351210,351740
3512308,3526407
351230,352640
3512506,3506508
351250,350650
3512605,3553807
351260,355380
3512704,3543907
351270,354390
3512902,3553401
351290,355340
3513207,3516200
351320,351620
3513306,3504008
351330,350400
3510906,3509403
351090,350940
3510104,3553708
351010,355370
3513850,3524808
351385,352480
3513900,3549706
351390,354970
3514007,3529302
351400,352930
3514205,3524808
351420,352480
3514304,3507902
351430,350790
3514502,3516705
351450,351670
3514601,3551702
351460,355170
3514700,3504008
351470,350400
3514809,3509254
351480,350925
3514908,3531803
351490,353180
3514924,3511102
351492,351110
3514957,3511102
351495,351110
3515129,3501301
351512,350130
3515152,3503802
351515,350380
3515194,3546405
351519,354640
3557303,3530706
355730,353070
3515202,3524808
351520,352480
3515301,3539202
351530,353920
3515350,3554300
351535,355430
3515400,3538808
351540,353880
3515608,3531308
351560,353130
3515657,3516705
351565,351670
3515806,3526001
351580,352600
3515905,3557105
351590,355710
3516101,3510005
351610,351000
3516002,3500105
351600,350010
3516507,3518206
351650,351820
3516804,3557105
351680,355710
3516853,3529302
351685,352930
3516903,3515509
351690,351550
3517000,3527108
351700,352710
3517109,3537305
351710,353730
3517307,3527108
351730,352710
3517208,3527108
351720,352710
3517604,3510203
351760,351020
3517901,3533908
351790,353390
3518008,3515509
351800,351550
3518107,3538907
351810,353890
3517802,3530102
351780,353010
3518503,3502200
351850,350220
3517703,3524105
351770,352410
3518859,3518602
351885,351860
3518909,3524808
351890,352480
3516606,3516705
351660,351670
3519006,3555000
351900,355500
3519055,3524709
351905,352470
3519105,3519600
351910,351960
3519204,3505807
351920,350580
3519253,3511409
351925,351140
3519501,3534708
351950,353470
3519402,3504602
351940,350460
3519808,3517505
351980,351750
3519907,3542206
351990,354220
3520202,3546801
352020,354680
3520426,3520301
352042,352030
3520608,3542404
352060,354240
3520707,3515509
352070,351550
3520806,3527405
352080,352740
3520905,3546405
352090,354640
3521101,3543907
352110,354390
3521150,3549805
352115,354980
3521200,3502705
352120,350270
3521309,3549409
352130,354940
3521606,3526001
352160,352600
3521507,3533502
352150,353350
3521705,3522406
352170,352240
3521903,3511102
352190,351110
3522000,3505203
352200,350520
3522158,3502705
352215,350270
3522653,3502705
352265,350270
3522802,3553807
352280,355380
3523008,3520442
352300,352044
3522901,3536703
352290,353670
3523305,3537602
352330,353760
3523503,3507506
352350,350750
3523602,3548906
352360,354890
3523701,3516200
352370,351620
3523800,3510807
352380,351080
3524204,3505500
352420,350550
3524501,3530300
352450,353030
3524600,3509254
352460,350925
3524907,3508504
352490,350850
3525409,3524105
352540,352410
3525508,3538600
352550,353860
3525607,3542206
352560,354220
3525854,3526407
352585,352640
3526100,3542602
352610,354260
3525805,3516705
352580,351670
3526308,3513603
352630,351360
3526605,3513405
352660,351340
3526506,3530102
352650,353010
3527009,3551603
352700,355160
3527256,3502804
352725,350280
3527504,3516705
352750,351670
3527702,3555000
352770,355500
3527801,3529005
352780,352900
3527900,3535507
352790,353550
3527603,3513108
352760,351310
3528007,3526803
352800,352680
3528106,3531407
352810,353140
3528205,3515509
352820,351550
3528304,3557105
352830,355710
3528601,3511409
352860,351140
3528700,3541505
352870,354150
3528809,3535507
352880,353550
3528858,3511102
352885,351110
3529104,3546603
352910,354660
3528908,3500105
352890,350010
3529500,3525706
352950,352570
3529609,3515509
352960,351550
3529658,3524808
352965,352480
3529708,3524105
352970,352410
3529807,3514106
352980,351410
3530003,3515509
353000,351550
3529906,3542602
352990,354260
3530201,3554300
353020,355430
3530409,3553401
353040,355340
3530904,3510401
353090,351040
3531209,3551603
353120,355160
3531506,3506102
353150,350610
3531605,3514403
353160,351440
3531704,3508504
353170,350850
3531001,3531407
353100,353140
3532009,3523404
353200,352340
3532058,3518602
353205,351860
3532108,3502101
353210,350210
3532157,3542404
353215,354240
3532207,3539202
353220,353920
3532306,3510500
353230,351050
3532405,3507100
353240,350710
3532504,3531407
353250,353140
3532603,3557105
353260,355710
3532702,3531407
353270,353140
3532801,3504602
353280,350460
3532827,3522406
353282,352240
3532843,3546603
353284,354660
3532868,3502804
353286,350280
3532900,3519600
353290,351960
3533007,3517505
353300,351750
3533106,3514403
353310,351440
3533205,3502101
353320,350210
3533304,3502804
353330,350280
3533254,3511102
353325,351110
3533601,3534302
353360,353430
3533700,3529005
353370,352900
3534005,3517505
353400,351750
3534104,3540002
353410,354000
3534203,3553401
353420,355340
3534500,3540002
353450,354000
3534807,3514403
353480,351440
3534757,3515509
353475,351550
3534906,3526001
353490,352600
3535002,3553401
353500,355340
3535101,3511102
353510,351110
3535200,3524808
353520,352480
3535309,3510005
353530,351000
3535408,3514403
353540,351440
3535606,3549904
353560,354990
3535804,3502200
353580,350220
3535903,3524808
353590,352480
3536000,3534609
353600,353460
3535705,3511102
353570,351110
3536109,3507506
353610,350750
3536208,3542602
353620,354260
3536257,3557105
353625,355710
3536307,3516200
353630,351620
3536406,3514403
353640,351440
3536570,3506003
353657,350600
3536604,3553401
353660,355340
3536802,3507605
353680,350760
3536901,3515509
353690,351550
3537008,3516200
353700,351620
3537156,3504008
353715,350400
3537206,3537602
353720,353760
3537503,3526407
353750,352640
3537701,3534609
353770,353460
3538105,3511102
353810,351110
3538204,3507605
353820,350760
3538303,3541505
353830,354150
3538501,3527207
353850,352720
3539004,3506102
353900,350610
3539103,3502754
353910,350275
3539400,3506003
353940,350600
3539608,3525706
353960,352570
3539707,3504008
353970,350400
3539905,3531407
353990,353140
3540101,3538907
354010,353890
3540259,3524808
354025,352480
3540309,3557105
354030,355710
3540408,3524808
354040,352480
3540507,3526407
354050,352640
3540804,3504602
354080,350460
3540853,3527405
354085,352740
3540903,3518602
354090,351860
3541059,3550100
354105,355010
3541109,3538907
354110,353890
3541208,3501301
354120,350130
3541653,3554003
354165,355400
3541703,3542206
354170,354220
3541802,3555000
354180,355500
3541901,3513405
354190,351340
3542008,3540002
354200,354000
3542107,3510401
354210,351040
3542305,3508504
354230,350850
3542503,3538907
354250,353890
3542701,3516200
354270,351620
3542800,3502705
354280,350270
3542909,3519303
354290,351930
3543006,3522406
354300,352240
3543105,3516200
354310,351620
3543253,3510203
354325,351020
3543204,3534708
354320,353470
3543238,3541505
354323,354150
3543600,3520103
354360,352010
3543709,3501707
354370,350170
3543808,3534609
354380,353460
3544202,3557105
354420,355710
3543501,3523206
354350,352320
3544251,3554300
354425,355430
3544301,3540754
354430,354075
3544509,3546603
354450,354660
3544400,3518206
354440,351820
3544608,3527108
354460,352710
3544707,3534609
354470,353460
3544806,3533502
354480,353350
3544905,3534302
354490,353430
3545001,3506607
354500,350660
3545100,3534609
354510,353460
3545159,3544004
354515,354400
3545407,3534708
354540,353470
3545506,3539202
354550,353920
3545605,3511102
354560,351110
3545704,3546603
354570,354660
3546009,3524402
354600,352440
3546108,3546603
354610,354660
3546207,3526704
354620,352670
3546256,3509403
354625,350940
3546504,3553708
354650,355370
3546900,3501707
354690,350170
3547007,3550407
354700,355040
3547106,3514403
354710,351440
3547403,3546603
354740,354660
3547650,3524808
354765,352480
3547205,3546603
354720,354660
3547700,3501301
354770,350130
3547908,3509403
354790,350940
3548054,3502804
354805,350280
3548104,3515186
354810,351518
3548203,3509700
354820,350970
3548302,3501301
354830,350130
3548401,3555000
354840,355500
3551108,3510302
355110,351030
3551207,3538808
355120,353880
3551306,3531407
355130,353140
3551405,3551504
355140,355150
3551801,3542602
355180,354260
3551900,3533908
355190,353390
3552007,3513405
355200,351340
3552304,3537404
355230,353740
3552551,3537404
355255,353740
3548609,3509700
354860,350970
3549003,3524808
354900,352480
3549508,3549409
354950,354940
3549607,3513405
354960,351340
3549201,3515509
354920,351550
3549250,3515509
354925,351550
3549300,3514403
354930,351440
3549953,3515103
354995,351510
3550001,3555406
355000,355540
3550506,3546405
355050,354640
3550803,3549706
355080,354970
3550902,3547601
355090,354760
3552601,3511102
355260,351110
3552700,3519600
355270,351960
3552908,3542404
355290,354240
3553005,3553807
355300,355380
3553104,3531308
355310,353130
3553203,3531308
355320,353130
3553609,3549706
355360,354970
3553500,3537909
355350,353790
3553658,3506102
355365,350610
3553856,3508009
355385,350800
3553906,3539202
355390,353920
3553955,3504008
355395,350400
3554201,3538808
355420,353880
3554409,3506102
355440,350610
3554607,3538808
355460,353880
3554656,3502200
355465,350220
3554706,3507902
355470,350790
3554755,3503208
355475,350320
3554904,3546603
355490,354660
3554953,3501905
355495,350190
3555109,3514403
355510,351440
3555208,3502804
355520,350280
3555307,3524808
355530,352480
3555356,3525706
355535,352570
3555505,3516705
355550,351670
3555604,3517505
355560,351750
3555703,3531407
355570,353140
3555901,3538907
355590,353890
3556008,3533502
355600,353350
3555802,3524808
355580,352480
3556107,3557105
355610,355710
3556354,3507605
355635,350760
3556602,3529005
355660,352900
3556800,3539509
355680,353950
3556909,3531308
355690,353130
3556958,3524808
355695,352480
3557154,3525706
355715,352570
3500402,3549102
350040,354910
3500501,3552106
350050,355210
3500550,3511409
350055,351140
3500600,3550407
350060,355040
3501202,3557105
350120,355710
3501400,3516705
350140,351670
3533809,3511409
353380,351140
1700251,1716109
170025,171610
1700301,1721208
170030,172120
1700350,1709500
170035,170950
1700400,1718204
170040,171820
1700707,1709500
170070,170950
1701002,1721208
170100,172120
1701051,1721208
170105,172120
1701101,1721000
170110,172100
1701309,1702109
170130,170210
1701903,1709302
170190,170930
1702158,1702109
170215,170210
1702000,1709500
170200,170950
1702307,1705508
170230,170550
1702406,1709500
170240,170950
1702554,1702208
170255,170220
1702703,1709500
170270,170950
1702901,1702208
170290,170220
1703008,1702109
170300,170210
1703057,1705508
170305,170550
1703073,1702109
170307,170210
1703107,1716109
170310,171610
1703206,1705508
170320,170550
1703305,1709302
170330,170930
1703602,1705508
170360,170550
1703701,1718204
170370,171820
1703800,1702208
170380,170220
1703826,1702208
170382,170220
1703842,1702109
170384,170210
1703867,1709500
170386,170950
1703883,1702109
170388,170210
1703891,1702208
170389,170220
1703909,1716109
170390,171610
1704105,1709302
170410,170930
1705102,1718204
170510,171820
1704600,1716109
170460,171610
1716703,1709302
171670,170930
1705557,1709500
170555,170950
1705607,1709500
170560,170950
1706001,1705508
170600,170550
1706100,1716109
170610,171610
1706258,1718204
170625,171820
1706506,1721208
170650,172120
1707009,1718204
170700,171820
1707108,1716109
170710,171610
1707207,1709302
170720,170930
1707306,1709500
170730,170950
1707405,1702208
170740,170220
1707652,1709500
170765,170950
1707702,1702109
170770,170210
1708205,1709500
170820,170950
1707553,1718204
170755,171820
1708304,1709302
170830,170930
1709005,1702109
170900,170210
1709807,1718204
170980,171820
1710508,1705508
171050,170550
1710706,1721208
171070,172120
1710904,1705508
171090,170550
1711100,1709302
171110,170930
1711506,1709500
171150,170950
1711803,1705508
171180,170550
1711902,1716109
171190,171610
1711951,1721000
171195,172100
1712009,1721000
171200,172100
1712157,1709500
171215,170950
1712405,1721000
171240,172100
1712454,1721208
171245,172120
1712504,1716109
171250,171610
1712702,1721000
171270,172100
1712801,1721208
171280,172120
1713205,1721000
171320,172100
1713304,1709302
171330,170930
1713700,1716109
171370,171610
1713601,1718204
171360,171820
1713957,1702109
171395,170210
1714203,1718204
171420,171820
1714302,1721208
171430,172120
1714880,1705508
171488,170550
1715002,1716109
171500,171610
1715101,1721000
171510,172100
1715150,1709500
171515,170950
1715259,1718204
171525,171820
1715507,1718204
171550,171820
1715705,1705508
171570,170550
1713809,1721208
171380,172120
1715754,1709500
171575,170950
1716208,1709500
171620,170950
1716307,1705508
171630,170550
1716505,1709302
171650,170930
1716604,1709500
171660,170950
1716653,1709302
171665,170930
1717008,1718204
171700,171820
1717206,1702109
171720,170210
1717503,1716109
171750,171610
1717800,1718204
171780,171820
1717909,1718204
171790,171820
1718006,1718204
171800,171820
1718303,1702208
171830,170220
1718402,1709302
171840,170930
1718451,1716109
171845,171610
1718501,1709302
171850,170930
1718550,1721208
171855,172120
1718758,1709302
171875,170930
1718659,1718204
171865,171820
1718709,1709302
171870,170930
1718808,1702208
171880,170220
1718840,1709500
171884,170950
1718865,1702109
171886,170210
1718881,1709302
171888,170930
1718899,1718204
171889,171820
1718907,1718204
171890,171820
1719004,1721000
171900,172100
1720002,1721208
172000,172120
1720655,1718204
172065,171820
1720853,1709500
172085,170950
1720101,1702208
172010,170220
1720150,1721000
172015,172100
1720200,1702208
172020,170220
1720259,1709500
172025,170950
1720309,1702208
172030,170220
1720499,1709500
172049,170950
1720804,1702208
172080,170220
1708254,1709302
170825,170930
1720903,1718204
172090,171820
1720937,1718204
172093,171820
1720978,1709500
172097,170950
1721109,1721000
172110,172100
1721257,1709302
172125,170930
1721307,1705508
172130,170550
1722081,1702109
172208,170210
1722107,1702109
172210,170210
