01001	Aguascalientes	Aguascalientes	21.5247362	-102.1745768	948990
01002	Asientos	Aguascalientes	22.1417941	-102.0521390	51536
01003	Calvillo	Aguascalientes	21.5048866	-102.4307502	58250
01004	Cosío	Aguascalientes	22.2159071	-102.1800159	17000
01005	Jesús María	Aguascalientes	21.5740582	-102.2036299	129929
01006	Pabellón de Arteaga	Aguascalientes	22.0857126	-102.1635550	47646
01007	Rincón de Romos	Aguascalientes	22.1345239	-102.1923047	57369
01008	San José de Gracia	Aguascalientes	22.0900779	-102.2456281	9552
01009	Tepezalá	Aguascalientes	22.1327220	-102.1001097	22485
01010	El Llano	Aguascalientes	21.5507929	-101.5755106	20853
01011	San Francisco de los Romo	Aguascalientes	22.0420615	-102.1621642	61997
02001	Ensenada	Baja California	31.4832198	-116.3542482	443807
02002	Mexicali	Baja California	32.3828233	-115.2832084	1049792
02003	Tecate	Baja California	32.3421644	-116.3735581	108440
02004	Tijuana	Baja California	32.3156859	-117.0108088	1922523
02005	Playas de Rosarito	Baja California	32.2149263	-117.0316052	126890
02006	San Quintín	Baja California	30.3323347	-115.5620621	117568
03001	Comondú	Baja California Sur	25.0204688	-111.4024022	73021
03002	Mulegé	Baja California Sur	27.2012726	-112.1605789	64022
03003	La Paz	Baja California Sur	24.0855482	-110.1823724	292241
03008	Los Cabos	Baja California Sur	23.0341729	-109.4141097	351111
03009	Loreto	Baja California Sur	26.0046000	-111.2036000	18052
04001	Calkiní	Campeche	20.2216414	-90.0302662	59232
04002	Campeche	Campeche	19.5041331	-90.3222737	294077
04003	Carmen	Campeche	18.3816042	-91.5011220	248845
04004	Champotón	Campeche	19.2122387	-90.4326008	78170
04005	Hecelchakán	Campeche	20.1037078	-90.0804262	31917
04006	Hopelchén	Campeche	19.4443973	-89.5042157	42140
04007	Palizada	Campeche	18.1512954	-92.0527246	8683
04008	Tenabo	Campeche	20.0222837	-90.1332748	11452
04009	Escárcega	Campeche	18.3615533	-90.4355203	59923
04010	Calakmul	Campeche	18.3019335	-89.2350192	31714
04011	Candelaria	Campeche	18.1100422	-91.0246657	46913
04012	Seybaplaya	Campeche	19.3821109	-90.4117884	15297
05001	Abasolo	Coahuila de Zaragoza	27.1055000	-101.2535000	1022
05002	Acuña	Coahuila de Zaragoza	29.1948020	-100.5841730	163058
05003	Allende	Coahuila de Zaragoza	28.2050000	-100.5115000	23056
05004	Arteaga	Coahuila de Zaragoza	25.2702234	-100.5058641	29578
05005	Candela	Coahuila de Zaragoza	26.5025000	-100.3950000	1643
05006	Castaños	Coahuila de Zaragoza	26.4707000	-101.2550000	29128
05007	Cuatro Ciénegas	Coahuila de Zaragoza	26.5912709	-102.0401564	12715
05008	Escobedo	Coahuila de Zaragoza	27.1405000	-101.2445000	3047
05009	Francisco I. Madero	Coahuila de Zaragoza	25.4630000	-103.1623000	59035
05010	Frontera	Coahuila de Zaragoza	26.5534000	-101.2658000	82409
05011	General Cepeda	Coahuila de Zaragoza	25.2247667	-101.2845450	11898
05012	Guerrero	Coahuila de Zaragoza	28.1830306	-100.2243412	1643
05013	Hidalgo	Coahuila de Zaragoza	27.4730050	-99.5233798	1735
05014	Jiménez	Coahuila de Zaragoza	29.0413110	-100.4027219	9502
05015	Juárez	Coahuila de Zaragoza	27.3623423	-100.4337631	1584
05016	Lamadrid	Coahuila de Zaragoza	27.0254577	-101.4736957	1764
05017	Matamoros	Coahuila de Zaragoza	25.3141290	-103.1349381	118337
05018	Monclova	Coahuila de Zaragoza	26.5404472	-101.2502008	237951
05019	Morelos	Coahuila de Zaragoza	28.2436376	-100.5311873	7928
05020	Múzquiz	Coahuila de Zaragoza	27.5239179	-101.3059464	71627
05021	Nadadores	Coahuila de Zaragoza	27.0144510	-101.3531284	6539
05022	Nava	Coahuila de Zaragoza	28.2518749	-100.4603193	33129
05023	Ocampo	Coahuila de Zaragoza	27.1840374	-102.2350657	9642
05024	Parras	Coahuila de Zaragoza	25.2614570	-102.1103008	44472
05025	Piedras Negras	Coahuila de Zaragoza	28.4229135	-100.3142389	176327
05026	Progreso	Coahuila de Zaragoza	27.2544320	-100.5914040	3239
05027	Ramos Arizpe	Coahuila de Zaragoza	25.3235641	-100.5702815	122243
05028	Sabinas	Coahuila de Zaragoza	27.5055998	-101.0711961	64811
05029	Sacramento	Coahuila de Zaragoza	27.0015979	-101.4330129	2471
05030	Saltillo	Coahuila de Zaragoza	25.2517993	-100.5958996	879958
05031	San Buenaventura	Coahuila de Zaragoza	27.0336926	-101.3300103	24759
05032	San Juan de Sabinas	Coahuila de Zaragoza	27.5545805	-101.1811856	42260
05033	San Pedro	Coahuila de Zaragoza	25.4528000	-102.5859365	101041
05034	Sierra Mojada	Coahuila de Zaragoza	27.1712757	-103.4205244	6744
05035	Torreón	Coahuila de Zaragoza	25.3230312	-103.2711018	720848
05036	Viesca	Coahuila de Zaragoza	25.2036979	-102.4822861	20305
05037	Villa Unión	Coahuila de Zaragoza	28.1313792	-100.4330558	6188
05038	Zaragoza	Coahuila de Zaragoza	28.2913355	-100.5503438	13135
06001	Armería	Colima	18.5613462	-103.5753990	27626
06002	Colima	Colima	19.1434520	-103.4341228	157048
06003	Comala	Colima	19.1923515	-103.4531684	21661
06004	Coquimatlán	Colima	19.1205076	-103.4839301	20837
06005	Cuauhtémoc	Colima	19.1943588	-103.3606698	31267
06006	Ixtlahuacán	Colima	19.0004261	-103.4418936	5623
06007	Manzanillo	Colima	19.0311541	-104.1858970	191031
06008	Minatitlán	Colima	19.2309996	-104.0258693	10231
06009	Tecomán	Colima	18.5438175	-103.5225640	116305
06010	Villa de Álvarez	Colima	19.1553195	-103.4412331	149762
07001	Acacoyagua	Chiapas	15.2027475	-92.4028622	17994
07002	Acala	Chiapas	16.3306025	-92.4827030	21187
07003	Acapetahua	Chiapas	15.1658216	-92.4120875	26899
07004	Altamirano	Chiapas	16.4409313	-92.0218937	36160
07005	Amatán	Chiapas	17.2222254	-92.4908843	24512
07006	Amatenango de la Frontera	Chiapas	15.2606038	-92.0654568	31735
07007	Amatenango del Valle	Chiapas	16.3142605	-92.2607766	11283
07008	Angel Albino Corzo	Chiapas	15.5221520	-92.4330287	31947
07009	Arriaga	Chiapas	16.1409834	-93.5358104	41135
07010	Bejucal de Ocampo	Chiapas	15.2719415	-92.0930265	7365
07011	Bella Vista	Chiapas	15.3458791	-92.1441445	20157
07012	Berriozábal	Chiapas	16.4801155	-93.1623777	64632
07013	Bochil	Chiapas	16.5946980	-92.5324788	37263
07014	El Bosque	Chiapas	17.0343957	-92.4317072	24273
07015	Cacahoatán	Chiapas	14.5923239	-92.1005197	50112
07016	Catazajá	Chiapas	17.4341957	-92.0058918	17619
07017	Cintalapa	Chiapas	16.4155256	-93.4313541	88106
07018	Coapilla	Chiapas	17.0750849	-93.0932479	9900
07019	Comitán de Domínguez	Chiapas	16.1508858	-92.0809006	166178
07020	La Concordia	Chiapas	16.0700177	-92.4116562	49920
07021	Copainalá	Chiapas	17.0537000	-93.1238000	22192
07022	Chalchihuitán	Chiapas	16.5748257	-92.3706223	21915
07023	Chamula	Chiapas	16.4715000	-92.4121000	101967
07024	Chanal	Chiapas	16.3936223	-92.1535792	13678
07025	Chapultenango	Chiapas	17.2025442	-93.0748282	7472
07026	Chenalhó	Chiapas	16.5339397	-92.3734133	47371
07027	Chiapa de Corzo	Chiapas	16.4228649	-93.0057453	112075
07028	Chiapilla	Chiapas	16.3413775	-92.4312090	6156
07029	Chicoasén	Chiapas	16.5802118	-93.0618846	5402
07030	Chicomuselo	Chiapas	15.4441770	-92.1659834	36785
07031	Chilón	Chiapas	17.0619769	-92.1617502	137262
07032	Escuintla	Chiapas	15.1909370	-92.3930810	30896
07033	Francisco León	Chiapas	17.2100635	-93.1834407	7245
07034	Frontera Comalapa	Chiapas	15.3936590	-92.0827780	80897
07035	Frontera Hidalgo	Chiapas	14.4640215	-92.1033540	14556
07036	La Grandeza	Chiapas	15.3036469	-92.1333168	7701
07037	Huehuetán	Chiapas	15.0106671	-92.2303051	36333
07038	Huixtán	Chiapas	16.4243742	-92.2716549	22975
07039	Huitiupán	Chiapas	17.1023634	-92.4109355	27893
07040	Huixtla	Chiapas	15.0817839	-92.2756944	53242
07041	La Independencia	Chiapas	16.1514946	-92.0125828	46409
07042	Ixhuatán	Chiapas	17.1735775	-93.0030175	11377
07043	Ixtacomitán	Chiapas	17.2550862	-93.0547661	10961
07044	Ixtapa	Chiapas	16.4812691	-92.5421250	28999
07045	Ixtapangajoya	Chiapas	17.2951140	-93.0005997	6284
07046	Jiquipilas	Chiapas	16.4003797	-93.3901711	41063
07047	Jitotol	Chiapas	17.0404683	-92.5144410	24966
07048	Juárez	Chiapas	17.3629344	-93.1135991	21807
07049	Larráinzar	Chiapas	16.5304006	-92.4247730	31259
07050	La Libertad	Chiapas	17.4124491	-91.4308624	5232
07051	Mapastepec	Chiapas	15.2628083	-92.5329781	46130
07052	Las Margaritas	Chiapas	16.1857410	-91.5853646	141027
07053	Mazapa de Madero	Chiapas	15.2316677	-92.1115845	7901
07054	Mazatán	Chiapas	14.5146891	-92.2658095	28250
07055	Metapa	Chiapas	14.5014331	-92.1127401	5876
07056	Mitontic	Chiapas	16.5152095	-92.3746745	13755
07057	Motozintla	Chiapas	15.2147402	-92.1451880	76398
07058	Nicolás Ruíz	Chiapas	16.2613463	-92.3507250	4765
07059	Ocosingo	Chiapas	16.5428938	-92.0544976	234661
07060	Ocotepec	Chiapas	17.1330105	-93.0951859	14088
07061	Ocozocoautla de Espinosa	Chiapas	16.4541263	-93.2232349	97397
07062	Ostuacán	Chiapas	17.2420128	-93.2013691	18469
07063	Osumacinta	Chiapas	16.5607681	-93.0528814	3983
07064	Oxchuc	Chiapas	16.4710030	-92.2005700	54932
07065	Palenque	Chiapas	17.3032880	-91.5851720	132265
07066	Pantelhó	Chiapas	17.0023971	-92.2810487	26391
07067	Pantepec	Chiapas	17.1117131	-93.0258365	12266
07068	Pichucalco	Chiapas	17.3030783	-93.0703963	31919
07069	Pijijiapan	Chiapas	15.4130025	-93.1233541	51193
07070	El Porvenir	Chiapas	15.2722922	-92.1646705	12263
07071	Villa Comaltitlán	Chiapas	15.1242975	-92.3433687	30297
07072	Pueblo Nuevo Solistahuacán	Chiapas	17.0927245	-92.5350360	29636
07073	Rayón	Chiapas	17.1201812	-93.0040382	10866
07074	Reforma	Chiapas	17.5156923	-93.0849589	44829
07075	Las Rosas	Chiapas	16.2150875	-92.2210490	28829
07076	Sabanilla	Chiapas	17.1700543	-92.3306192	29889
07077	Salto de Agua	Chiapas	17.3325275	-92.2000319	64251
07078	San Cristóbal de las Casas	Chiapas	16.4413280	-92.3815230	215874
07079	San Fernando	Chiapas	16.5218163	-93.1222625	41793
07080	Siltepec	Chiapas	15.3325866	-92.1922296	25937
07081	Simojovel	Chiapas	17.0826974	-92.4254750	52935
07082	Sitalá	Chiapas	17.0130183	-92.1827874	15518
07083	Socoltenango	Chiapas	16.1434618	-92.2101137	19092
07084	Solosuchiapa	Chiapas	17.2543160	-93.0152246	8561
07085	Soyaló	Chiapas	16.5327573	-92.5531044	10890
07086	Suchiapa	Chiapas	16.3719049	-93.0617258	25627
07087	Suchiate	Chiapas	14.4046028	-92.0903392	41672
07088	Sunuapa	Chiapas	17.2921760	-93.1435410	2308
07089	Tapachula	Chiapas	14.5439857	-92.1551552	353706
07090	Tapalapa	Chiapas	17.1124173	-93.0616577	4547
07091	Tapilula	Chiapas	17.1454250	-93.0058530	13592
07092	Tecpatán	Chiapas	17.0813183	-93.1841284	21426
07093	Tenejapa	Chiapas	16.4908460	-92.3023370	48162
07094	Teopisca	Chiapas	16.3229450	-92.2821350	49499
07096	Tila	Chiapas	17.1802285	-92.2533113	83505
07097	Tonalá	Chiapas	16.0528880	-93.4506420	91913
07098	Totolapa	Chiapas	16.3241037	-92.4049354	7211
07099	La Trinitaria	Chiapas	16.0708614	-92.0301690	83111
07100	Tumbalá	Chiapas	17.1642468	-92.1857556	38025
07101	Tuxtla Gutiérrez	Chiapas	16.4514300	-93.0654690	604147
07102	Tuxtla Chico	Chiapas	14.5624683	-92.1008291	41024
07103	Tuzantán	Chiapas	15.0845828	-92.2517834	30302
07104	Tzimol	Chiapas	16.1103233	-92.1116572	16560
07105	Unión Juárez	Chiapas	15.0338546	-92.0455048	16008
07106	Venustiano Carranza	Chiapas	16.2022622	-92.3354487	67292
07107	Villa Corzo	Chiapas	16.1105104	-93.1603661	65643
07108	Villaflores	Chiapas	16.1407749	-93.1603747	109536
07109	Yajalón	Chiapas	17.1026076	-92.2002199	40285
07110	San Lucas	Chiapas	16.3641892	-92.4309632	7526
07111	Zinacantán	Chiapas	16.4536428	-92.4324890	45373
07112	San Juan Cancuc	Chiapas	16.5332076	-92.2219029	37948
07113	Aldama	Chiapas	16.5504144	-92.4117491	8480
07114	Benemérito de las Américas	Chiapas	16.3056981	-90.3911887	23603
07115	Maravilla Tenejapa	Chiapas	16.0825428	-91.1742373	14714
07116	Marqués de Comillas	Chiapas	16.1959280	-90.4555020	12892
07117	Montecristo de Guerrero	Chiapas	15.4138103	-92.3709336	8412
07118	San Andrés Duraznal	Chiapas	17.0755191	-92.4817955	6047
07119	Santiago el Pinar	Chiapas	16.5629177	-92.4252545	4959
07120	Capitán Luis Ángel Vidal	Chiapas	15.3604060	-92.3744751	4315
07121	Rincón Chamula San Pedro	Chiapas	17.1234095	-92.5615253	8718
07122	El Parral	Chiapas	16.2158420	-93.0024160	15587
07123	Emiliano Zapata	Chiapas	16.3221018	-92.5348208	10783
07124	Mezcalapa	Chiapas	17.1121201	-93.3617184	23847
07125	Honduras de la Sierra	Chiapas	15.3522788	-92.2833807	11650
08001	Ahumada	Chihuahua	30.3703842	-106.3044695	14635
08002	Aldama	Chihuahua	28.5018170	-105.5440653	26047
08003	Allende	Chihuahua	26.5621933	-105.2342276	8487
08004	Aquiles Serdán	Chihuahua	28.3540212	-105.5314906	24344
08005	Ascensión	Chihuahua	31.0531834	-107.5945418	26093
08006	Bachíniva	Chihuahua	28.4553034	-107.1515704	5807
08007	Balleza	Chihuahua	26.5714787	-106.2048924	16440
08008	Batopilas de Manuel Gómez Morín	Chihuahua	27.0135948	-107.4422956	11270
08009	Bocoyna	Chihuahua	27.5026674	-107.3521309	23351
08010	Buenaventura	Chihuahua	29.5036271	-107.2816731	25146
08011	Camargo	Chihuahua	27.4141865	-105.1017833	49499
08012	Carichí	Chihuahua	27.5459515	-107.0324517	8113
08013	Casas Grandes	Chihuahua	30.2232533	-107.5655699	11815
08014	Coronado	Chihuahua	26.4415414	-105.0929923	2034
08015	Coyame del Sotol	Chihuahua	29.2743354	-105.0539687	1230
08016	La Cruz	Chihuahua	27.5150000	-105.1147000	3704
08017	Cuauhtémoc	Chihuahua	28.2422722	-106.5157760	180638
08018	Cusihuiriachi	Chihuahua	28.1428000	-106.5012000	5099
08019	Chihuahua	Chihuahua	28.3812458	-106.0434704	937674
08020	Chínipas	Chihuahua	27.2334117	-108.3210425	6222
08021	Delicias	Chihuahua	28.1134613	-105.2815768	150506
08022	Dr. Belisario Domínguez	Chihuahua	28.0916800	-106.2837309	2456
08023	Galeana	Chihuahua	30.0646618	-107.3700279	6656
08024	Santa Isabel	Chihuahua	28.2036045	-106.2204996	3791
08025	Gómez Farías	Chihuahua	29.2125269	-107.4419158	7023
08026	Gran Morelos	Chihuahua	28.1452168	-106.3036444	2448
08027	Guachochi	Chihuahua	26.4908949	-107.0409702	50180
08028	Guadalupe	Chihuahua	31.2324385	-106.0606313	4237
08029	Guadalupe y Calvo	Chihuahua	26.0540257	-106.5751730	50514
08030	Guazapares	Chihuahua	27.1634974	-108.1647841	8196
08031	Guerrero	Chihuahua	28.3253493	-107.2912925	35473
08032	Hidalgo del Parral	Chihuahua	26.5519516	-105.4001716	116662
08033	Huejotitán	Chihuahua	27.0316812	-106.1046043	824
08034	Ignacio Zaragoza	Chihuahua	29.3835564	-107.4551101	5196
08035	Janos	Chihuahua	30.5314127	-108.1123459	11005
08036	Jiménez	Chihuahua	27.0749977	-104.5522716	40859
08037	Juárez	Chihuahua	31.4447275	-106.2906067	1512450
08038	Julimes	Chihuahua	28.2523000	-105.2550000	4980
08039	López	Chihuahua	27.0009000	-105.0159000	4122
08040	Madera	Chihuahua	29.1124000	-108.0829000	25144
08041	Maguarichi	Chihuahua	27.5133490	-107.5938241	1302
08042	Manuel Benavides	Chihuahua	29.0626591	-103.5428137	1178
08043	Matachí	Chihuahua	28.5035622	-107.4516733	2742
08044	Matamoros	Chihuahua	26.4549957	-105.3459988	4314
08045	Meoqui	Chihuahua	28.1604068	-105.2849048	44853
08046	Morelos	Chihuahua	26.4013896	-107.4038092	7266
08047	Moris	Chihuahua	28.0854183	-108.3123655	4447
08048	Namiquipa	Chihuahua	29.1502736	-107.2431938	22712
08049	Nonoava	Chihuahua	27.2819395	-106.4407196	2757
08050	Nuevo Casas Grandes	Chihuahua	30.2450348	-107.5443571	65753
08051	Ocampo	Chihuahua	28.1137804	-108.2200266	8127
08052	Ojinaga	Chihuahua	29.3352202	-104.2456393	24534
08053	Praxedis G. Guerrero	Chihuahua	31.2219444	-106.0019421	5111
08054	Riva Palacio	Chihuahua	28.3245628	-106.3009476	7695
08055	Rosales	Chihuahua	28.1113000	-105.3316000	16776
08056	Rosario	Chihuahua	27.1910707	-106.1743793	2079
08057	San Francisco de Borja	Chihuahua	27.5406556	-106.4105699	2197
08058	San Francisco de Conchos	Chihuahua	27.3518787	-105.2004709	2696
08059	San Francisco del Oro	Chihuahua	26.5132380	-105.5100289	5004
08060	Santa Bárbara	Chihuahua	26.4807560	-105.4905159	11582
08061	Satevó	Chihuahua	27.5721721	-106.0625935	3414
08062	Saucillo	Chihuahua	28.0157628	-105.1716916	29862
08063	Temósachic	Chihuahua	28.5709930	-107.4947422	5320
08064	El Tule	Chihuahua	27.0313005	-106.1558512	1448
08065	Urique	Chihuahua	27.1245773	-107.5451497	17043
08066	Uruachi	Chihuahua	27.5204527	-108.1254702	6512
08067	Valle de Zaragoza	Chihuahua	27.2725674	-105.4839579	4775
09002	Azcapotzalco	Ciudad de México	19.2902770	-99.1103698	432205
09003	Coyoacán	Ciudad de México	19.2100770	-99.0943724	614447
09004	Cuajimalpa de Morelos	Ciudad de México	19.2126461	-99.1759252	217686
09005	Gustavo A. Madero	Ciudad de México	19.2858603	-99.0648495	1173351
09006	Iztacalco	Ciudad de México	19.2345245	-99.0551406	404695
09007	Iztapalapa	Ciudad de México	19.2132414	-99.0533441	1835486
09008	La Magdalena Contreras	Ciudad de México	19.1817633	-99.1429456	247622
09009	Milpa Alta	Ciudad de México	19.1128498	-99.0124139	152685
09010	Álvaro Obregón	Ciudad de México	19.2326902	-99.1143488	759137
09011	Tláhuac	Ciudad de México	19.1614039	-99.0017446	392313
09012	Tlalpan	Ciudad de México	19.1717790	-99.1001654	699928
09013	Xochimilco	Ciudad de México	19.1548463	-99.0617688	442178
09014	Benito Juárez	Ciudad de México	19.2219172	-99.0928272	434153
09015	Cuauhtémoc	Ciudad de México	19.2629928	-99.0906781	545884
09016	Miguel Hidalgo	Ciudad de México	19.2426168	-99.1126716	414470
09017	Venustiano Carranza	Ciudad de México	19.2509343	-99.0649324	443704
10001	Canatlán	Durango	24.3138148	-104.4642145	31454
10002	Canelas	Durango	25.0722695	-106.3244279	4321
10003	Coneto de Comonfort	Durango	24.5844849	-104.4608101	4084
10004	Cuencamé	Durango	24.5215382	-103.4154463	34955
10005	Durango	Durango	24.0126357	-104.4012700	688697
10006	General Simón Bolívar	Durango	24.4120666	-103.1333511	10038
10007	Gómez Palacio	Durango	25.3412386	-103.2947101	372750
10008	Guadalupe Victoria	Durango	24.2647160	-104.0725176	36695
10009	Guanaceví	Durango	25.5553983	-105.5715955	9869
10010	Hidalgo	Durango	26.1505203	-104.5448523	3843
10011	Indé	Durango	25.5443276	-105.1325648	4748
10012	Lerdo	Durango	25.3211586	-103.3129458	163313
10013	Mapimí	Durango	25.4959965	-103.5053497	26932
10014	Mezquital	Durango	23.2824709	-104.2348278	48583
10015	Nazas	Durango	25.1339996	-104.0649691	12894
10016	Nombre de Dios	Durango	23.5053559	-104.1440938	19060
10017	Ocampo	Durango	26.2629623	-105.3023180	8003
10018	El Oro	Durango	25.5657566	-105.2153516	10384
10019	Otáez	Durango	24.4155281	-105.5938607	4924
10020	Pánuco de Coronado	Durango	24.2403688	-104.1909352	12656
10021	Peñón Blanco	Durango	24.4733031	-104.0203360	11118
10022	Poanas	Durango	23.5830332	-104.0238890	25623
10023	Pueblo Nuevo	Durango	23.4641342	-105.2136691	51269
10024	Rodeo	Durango	25.1050587	-104.3337600	12818
10025	San Bernardo	Durango	26.0002834	-105.3123724	2837
10026	San Dimas	Durango	24.0607854	-105.5552482	17333
10027	San Juan de Guadalupe	Durango	24.3751070	-102.4655397	5251
10028	San Juan del Río	Durango	24.4641718	-104.2733212	12013
10029	San Luis del Cordero	Durango	25.2503535	-104.1640030	2103
10030	San Pedro del Gallo	Durango	25.3357110	-104.1734203	1633
10031	Santa Clara	Durango	24.2831598	-103.2126000	6727
10032	Santiago Papasquiaro	Durango	25.0220687	-105.2515402	49207
10033	Súchil	Durango	23.3719787	-103.5518731	6917
10034	Tamazula	Durango	24.5813138	-106.5759766	26300
10035	Tepehuanes	Durango	25.2035551	-105.4322807	11378
10036	Tlahualilo	Durango	26.0626589	-103.2621249	21143
10037	Topia	Durango	25.1232481	-106.3416305	9320
10038	Vicente Guerrero	Durango	23.4352000	-103.5916000	23476
10039	Nuevo Ideal	Durango	24.5317928	-105.0427139	27981
11001	Abasolo	Guanajuato	20.2703240	-101.3142098	92040
11002	Acámbaro	Guanajuato	20.0207369	-100.4309575	108697
11003	San Miguel de Allende	Guanajuato	20.5414446	-100.4248173	174615
11004	Apaseo el Alto	Guanajuato	20.2725817	-100.3717855	63392
11005	Apaseo el Grande	Guanajuato	20.3243023	-100.4117581	117883
11006	Atarjea	Guanajuato	21.1601345	-99.4312962	5296
11007	Celaya	Guanajuato	20.3117486	-100.4848863	521169
11008	Manuel Doblado	Guanajuato	20.4339065	-101.5710045	41240
11009	Comonfort	Guanajuato	20.4312171	-100.4540328	82216
11010	Coroneo	Guanajuato	20.1155000	-100.2152000	11083
11011	Cortazar	Guanajuato	20.2900623	-100.5749424	97928
11012	Cuerámaro	Guanajuato	20.3735322	-101.4013389	30857
11013	Doctor Mora	Guanajuato	21.0833504	-100.1908218	27390
11014	Dolores Hidalgo Cuna de la Independencia Nacional	Guanajuato	21.0933121	-100.5502048	163038
11015	Guanajuato	Guanajuato	21.0057951	-101.1513037	194500
11016	Huanímaro	Guanajuato	20.2205788	-101.2948720	21128
11017	Irapuato	Guanajuato	20.4022085	-101.2053221	592953
11018	Jaral del Progreso	Guanajuato	20.2235460	-101.0350310	38782
11019	Jerécuaro	Guanajuato	20.0900121	-100.3037901	49517
11020	León	Guanajuato	21.0719099	-101.4059519	1721215
11021	Moroleón	Guanajuato	20.0754733	-101.1121151	47261
11022	Ocampo	Guanajuato	21.3854572	-101.2840859	26383
11023	Pénjamo	Guanajuato	20.2554461	-101.4330158	154960
11024	Pueblo Nuevo	Guanajuato	20.3133446	-101.2215049	12403
11025	Purísima del Rincón	Guanajuato	21.0146485	-101.5241157	83842
11026	Romita	Guanajuato	20.5216374	-101.3101622	65766
11027	Salamanca	Guanajuato	20.3407250	-101.1159695	273417
11028	Salvatierra	Guanajuato	20.1258023	-100.5252896	94126
11029	San Diego de la Unión	Guanajuato	21.2758992	-100.5223939	41054
11030	San Felipe	Guanajuato	21.2845609	-101.1257401	119793
11031	San Francisco del Rincón	Guanajuato	21.0107253	-101.5130665	130871
11032	San José Iturbide	Guanajuato	21.0002959	-100.2308593	89558
11033	San Luis de la Paz	Guanajuato	21.1755738	-100.3054452	128536
11034	Santa Catarina	Guanajuato	21.0823559	-100.0400887	5723
11035	Santa Cruz de Juventino Rosas	Guanajuato	20.3835521	-100.5938534	82340
11036	Santiago Maravatío	Guanajuato	20.1020665	-100.5942812	6714
11037	Silao de la Victoria	Guanajuato	20.5640021	-101.2534378	203556
11038	Tarandacuao	Guanajuato	20.0014285	-100.3058783	11304
11039	Tarimoro	Guanajuato	20.1718746	-100.4521391	35905
11040	Tierra Blanca	Guanajuato	21.0600009	-100.0932954	20007
11041	Uriangato	Guanajuato	20.0827642	-101.1040984	61494
11042	Valle de Santiago	Guanajuato	20.2328760	-101.1053147	150054
11043	Victoria	Guanajuato	21.1243820	-100.1257369	21253
11044	Villagrán	Guanajuato	20.3040938	-100.5947410	65791
11045	Xichú	Guanajuato	21.1754988	-100.0334604	11143
11046	Yuriria	Guanajuato	20.1245876	-101.0751360	68741
12001	Acapulco de Juárez	Guerrero	16.5142721	-99.5311608	779566
12002	Ahuacuotzingo	Guerrero	17.4250720	-98.5605668	25205
12003	Ajuchitlán del Progreso	Guerrero	18.0934397	-100.2945805	37655
12004	Alcozauca de Guerrero	Guerrero	17.2748686	-98.2301996	21225
12005	Alpoyeca	Guerrero	17.4012230	-98.3047660	7813
12006	Apaxtla	Guerrero	18.0748282	-99.5556329	11112
12007	Arcelia	Guerrero	18.1856970	-100.1702227	33267
12008	Atenango del Río	Guerrero	18.0615635	-99.0628091	9147
12009	Atlamajalcingo del Monte	Guerrero	17.1841959	-98.3618307	5811
12010	Atlixtac	Guerrero	17.3349245	-98.5559636	28491
12011	Atoyac de Álvarez	Guerrero	17.1245860	-100.2559266	60680
12012	Ayutla de los Libres	Guerrero	16.5755033	-99.0550582	69123
12013	Azoyú	Guerrero	16.4358657	-98.3603927	15099
12014	Benito Juárez	Guerrero	17.0810931	-100.2807205	15442
12015	Buenavista de Cuéllar	Guerrero	18.2728394	-99.2419232	12982
12016	Coahuayutla de José María Izazaga	Guerrero	18.1859022	-101.4404601	12408
12017	Cocula	Guerrero	18.1409119	-99.3940284	15579
12018	Copala	Guerrero	16.3631533	-98.5843045	14463
12019	Copalillo	Guerrero	18.0202945	-99.0230208	15598
12020	Copanatoyac	Guerrero	17.2742641	-98.4248466	21648
12021	Coyuca de Benítez	Guerrero	17.0032406	-100.0521722	73056
12022	Coyuca de Catalán	Guerrero	18.1951670	-100.4154837	38554
12023	Cuajinicuilapa	Guerrero	16.2819148	-98.2500281	26627
12024	Cualác	Guerrero	17.4433942	-98.3938620	7874
12025	Cuautepec	Guerrero	16.4456410	-99.0005564	17024
12026	Cuetzala del Progreso	Guerrero	18.0802909	-99.4953348	8272
12027	Cutzamala de Pinzón	Guerrero	18.2754880	-100.3442646	20537
12028	Chilapa de Álvarez	Guerrero	17.3539236	-99.1039654	123722
12029	Chilpancingo de los Bravo	Guerrero	17.3305938	-99.3003826	283354
12030	Florencio Villarreal	Guerrero	16.4325970	-99.0725634	22250
12031	General Canuto A. Neri	Guerrero	18.2506545	-100.0419386	6278
12032	General Heliodoro Castillo	Guerrero	17.4722013	-99.5841944	37254
12033	Huamuxtitlán	Guerrero	17.4807828	-98.3355032	17488
12034	Huitzuco de los Figueroa	Guerrero	18.1821528	-99.2003491	36593
12035	Iguala de la Independencia	Guerrero	18.2040377	-99.3218126	154173
12036	Igualapa	Guerrero	16.4437368	-98.2835823	11739
12037	Ixcateopan de Cuauhtémoc	Guerrero	18.3008828	-99.4736850	6138
12038	Zihuatanejo de Azueta	Guerrero	17.3901647	-101.3253432	126001
12039	Juan R. Escudero	Guerrero	17.1008416	-99.3119369	26093
12040	Leonardo Bravo	Guerrero	17.3938887	-99.4038426	26357
12041	Malinaltepec	Guerrero	17.1440662	-98.4015987	29625
12042	Mártir de Cuilapan	Guerrero	17.4430931	-99.1945628	18613
12043	Metlatónoc	Guerrero	17.1143340	-98.2425558	18859
12044	Mochitlán	Guerrero	17.2820488	-99.2216660	12402
12045	Olinalá	Guerrero	17.4641996	-98.4428523	28446
12046	Ometepec	Guerrero	16.4106321	-98.2415917	68207
12047	Pedro Ascencio Alquisiras	Guerrero	18.3044511	-99.5313264	7076
12048	Petatlán	Guerrero	17.3217544	-101.1628387	44583
12049	Pilcaya	Guerrero	18.4451302	-99.4034229	12753
12050	Pungarabato	Guerrero	18.2144182	-100.4005667	38482
12051	Quechultenango	Guerrero	17.2433000	-99.1427000	36143
12052	San Luis Acatlán	Guerrero	16.4830899	-98.4401006	46270
12053	San Marcos	Guerrero	16.4750437	-99.2324167	50124
12054	San Miguel Totolapan	Guerrero	18.0940560	-100.2326956	24139
12055	Taxco de Alarcón	Guerrero	18.3326575	-99.3616541	105586
12056	Tecoanapa	Guerrero	16.5919876	-99.1539155	46063
12057	Técpan de Galeana	Guerrero	17.1321391	-100.3756560	65237
12058	Teloloapan	Guerrero	18.2218513	-99.5210462	53817
12059	Tepecoacuilco de Trujano	Guerrero	18.1713163	-99.2800099	30806
12060	Tetipac	Guerrero	18.3857787	-99.3856336	13552
12061	Tixtla de Guerrero	Guerrero	17.3400207	-99.2353777	43171
12062	Tlacoachistlahuaca	Guerrero	16.4835672	-98.1806296	22781
12063	Tlacoapa	Guerrero	17.1535814	-98.4453561	10092
12064	Tlalchapa	Guerrero	18.2431228	-100.2841712	11681
12065	Tlalixtaquilla de Maldonado	Guerrero	17.3428141	-98.2211504	7602
12066	Tlapa de Comonfort	Guerrero	17.3249018	-98.3455698	96125
12067	Tlapehuala	Guerrero	18.1423137	-100.3229667	22209
12068	La Unión de Isidoro Montes de Oca	Guerrero	17.5856400	-101.4820465	26349
12069	Xalpatláhuac	Guerrero	17.2815151	-98.3623217	11966
12070	Xochihuehuetlán	Guerrero	17.5420305	-98.2915581	7862
12071	Xochistlahuaca	Guerrero	16.4732725	-98.1432880	29891
12072	Zapotitlán Tablas	Guerrero	17.2522394	-98.4654152	12004
12073	Zirándaro	Guerrero	18.2844877	-100.5833082	18031
12074	Zitlala	Guerrero	17.4125226	-99.1106892	21977
12075	Eduardo Neri	Guerrero	17.3911510	-99.3133372	53126
12076	Acatepec	Guerrero	17.1930788	-98.5437201	40197
12077	Marquelia	Guerrero	16.3459930	-98.4904267	14280
12078	Cochoapa el Grande	Guerrero	17.1134681	-98.2719007	21241
12079	José Joaquín de Herrera	Guerrero	17.2655414	-99.0127796	18381
12080	Juchitán	Guerrero	16.3737454	-98.3812169	7559
12081	Iliatenco	Guerrero	17.0243911	-98.4108921	11679
13001	Acatlán	Hidalgo	20.0845251	-98.2618139	22268
13002	Acaxochitlán	Hidalgo	20.0931296	-98.1211679	46065
13003	Actopan	Hidalgo	20.1608709	-98.5634442	61002
13004	Agua Blanca de Iturbide	Hidalgo	20.2058214	-98.2122990	10313
13005	Ajacuba	Hidalgo	20.0533090	-99.0719677	18872
13006	Alfajayucan	Hidalgo	20.2435896	-99.2058521	19162
13007	Almoloya	Hidalgo	19.4211950	-98.2411855	12546
13008	Apan	Hidalgo	19.4236000	-98.2707000	46681
13009	El Arenal	Hidalgo	20.1317126	-98.5439764	19836
13010	Atitalaquia	Hidalgo	20.0332957	-99.1316063	31525
13011	Atlapexco	Hidalgo	21.0101610	-98.2053472	19812
13012	Atotonilco el Grande	Hidalgo	20.1712774	-98.4008622	30135
13013	Atotonilco de Tula	Hidalgo	20.0027960	-99.1312687	62470
13014	Calnali	Hidalgo	20.5349840	-98.3500716	16150
13015	Cardonal	Hidalgo	20.3648199	-99.0701448	19431
13016	Cuautepec de Hinojosa	Hidalgo	20.0207692	-98.1835057	60421
13017	Chapantongo	Hidalgo	20.1707136	-99.2447632	12967
13018	Chapulhuacán	Hidalgo	21.0933904	-98.5416515	22903
13019	Chilcuautla	Hidalgo	20.1951462	-99.1354288	18909
13020	Eloxochitlán	Hidalgo	20.4448183	-98.4832907	2593
13021	Emiliano Zapata	Hidalgo	19.3925230	-98.3250698	15175
13022	Epazoyucan	Hidalgo	20.0104878	-98.3810353	16285
13023	Francisco I. Madero	Hidalgo	20.1442668	-99.0520017	36248
13024	Huasca de Ocampo	Hidalgo	20.1213000	-98.3439413	17607
13025	Huautla	Hidalgo	21.0152992	-98.1712555	20673
13026	Huazalingo	Hidalgo	20.5849089	-98.3027894	12766
13027	Huehuetla	Hidalgo	20.2737100	-98.0442328	22846
13028	Huejutla de Reyes	Hidalgo	21.0821163	-98.2514142	126781
13029	Huichapan	Hidalgo	20.2231127	-99.3904250	47425
13030	Ixmiquilpan	Hidalgo	20.2905524	-99.1307585	98654
13031	Jacala de Ledezma	Hidalgo	21.0029867	-99.1118848	12290
13032	Jaltocán	Hidalgo	21.0759275	-98.3217966	10523
13033	Juárez Hidalgo	Hidalgo	20.4701380	-98.4943900	2895
13034	Lolotla	Hidalgo	20.5028192	-98.4302240	9474
13035	Metepec	Hidalgo	20.1418277	-98.1919792	13078
13036	San Agustín Metzquititlán	Hidalgo	20.3157367	-98.3819036	9449
13037	Metztitlán	Hidalgo	20.3540920	-98.4550920	20962
13038	Mineral del Chico	Hidalgo	20.1256054	-98.4352424	8878
13039	Mineral del Monte	Hidalgo	20.0825768	-98.4017508	14324
13040	La Misión	Hidalgo	21.0557910	-99.0723472	9819
13041	Mixquiahuala de Juárez	Hidalgo	20.1345768	-99.1249673	47222
13042	Molango de Escamilla	Hidalgo	20.4711394	-98.4350929	11578
13043	Nicolás Flores	Hidalgo	20.4604000	-99.0902000	6265
13044	Nopala de Villagrán	Hidalgo	20.1506805	-99.3839258	16948
13045	Omitlán de Juárez	Hidalgo	20.1010200	-98.3855100	9295
13046	San Felipe Orizatlán	Hidalgo	21.1015397	-98.3628135	38492
13047	Pacula	Hidalgo	21.0302955	-99.1745957	4748
13048	Pachuca de Soto	Hidalgo	20.0720495	-98.4413202	314331
13049	Pisaflores	Hidalgo	21.1141215	-99.0021590	18723
13050	Progreso de Obregón	Hidalgo	20.1453503	-99.1121692	23641
13051	Mineral de la Reforma	Hidalgo	20.0420537	-98.4145725	202749
13052	San Agustín Tlaxiaca	Hidalgo	20.0656379	-98.5312399	38891
13053	San Bartolo Tutotepec	Hidalgo	20.2356914	-98.1207415	17699
13054	San Salvador	Hidalgo	20.1704445	-99.0056174	36796
13055	Santiago de Anaya	Hidalgo	20.2257295	-98.5750229	18329
13056	Santiago Tulantepec de Lugo Guerrero	Hidalgo	20.0221095	-98.2125223	39561
13057	Singuilucan	Hidalgo	19.5803000	-98.3102000	15142
13058	Tasquillo	Hidalgo	20.3306380	-99.1845202	17441
13059	Tecozautla	Hidalgo	20.3201942	-99.3805726	38010
13060	Tenango de Doria	Hidalgo	20.2017000	-98.1336223	17503
13061	Tepeapulco	Hidalgo	19.4708426	-98.3313182	56245
13062	Tepehuacán de Guerrero	Hidalgo	21.0050704	-98.5037438	31235
13063	Tepeji del Río de Ocampo	Hidalgo	19.5418782	-99.2030531	90546
13064	Tepetitlán	Hidalgo	20.1113015	-99.2249218	10830
13065	Tetepango	Hidalgo	20.0609558	-99.0922044	11768
13066	Villa de Tezontepec	Hidalgo	19.5247499	-98.4909444	13032
13067	Tezontepec de Aldama	Hidalgo	20.1133942	-99.1621658	55134
13068	Tianguistengo	Hidalgo	20.4341565	-98.3751064	14340
13069	Tizayuca	Hidalgo	19.5027920	-98.5853703	168302
13070	Tlahuelilpan	Hidalgo	20.0750258	-99.1404847	19067
13071	Tlahuiltepa	Hidalgo	20.5526087	-98.5700724	9086
13072	Tlanalapa	Hidalgo	19.4904419	-98.3614087	11113
13073	Tlanchinol	Hidalgo	20.5921644	-98.3937024	37722
13074	Tlaxcoapan	Hidalgo	20.0529812	-99.1317736	28626
13075	Tolcayuca	Hidalgo	19.5723728	-98.5518340	21362
13076	Tula de Allende	Hidalgo	20.0318791	-99.2035480	115107
13077	Tulancingo de Bravo	Hidalgo	20.0450178	-98.2205062	168369
13078	Xochiatipan	Hidalgo	20.5007740	-98.1704313	18260
13079	Xochicoatlán	Hidalgo	20.4636677	-98.4047007	7015
13080	Yahualica	Hidalgo	20.5705936	-98.2258322	24674
13081	Zacualtipán de Ángeles	Hidalgo	20.3842653	-98.3913057	38155
13082	Zapotlán de Juárez	Hidalgo	19.5826570	-98.5142778	21443
13083	Zempoala	Hidalgo	19.5455428	-98.4005270	57906
13084	Zimapán	Hidalgo	20.4417048	-99.2259207	39927
14001	Acatic	Jalisco	20.4646000	-102.5419000	23175
14002	Acatlán de Juárez	Jalisco	20.2517000	-103.3514000	25250
14003	Ahualulco de Mercado	Jalisco	20.4202000	-103.5830000	23630
14004	Amacueca	Jalisco	20.0038000	-103.3546000	5743
14005	Amatitán	Jalisco	20.5006000	-103.4348000	16490
14006	Ameca	Jalisco	20.3255000	-104.0235000	60386
14007	San Juanito de Escobedo	Jalisco	20.4801683	-104.0003549	9433
14008	Arandas	Jalisco	20.4220000	-102.2025000	80609
14009	El Arenal	Jalisco	20.4634000	-103.4138000	21115
14010	Atemajac de Brizuela	Jalisco	20.0822018	-103.4328328	7758
14011	Atengo	Jalisco	20.1632000	-104.1404000	5599
14012	Atenguillo	Jalisco	20.2453000	-104.2933000	4176
14013	Atotonilco el Alto	Jalisco	20.3302000	-102.3015000	64009
14014	Atoyac	Jalisco	20.0038000	-103.3059000	8689
14015	Autlán de Navarro	Jalisco	19.4617000	-104.2155000	64931
14016	Ayotlán	Jalisco	20.3141000	-102.1942000	41552
14017	Ayutla	Jalisco	20.0745000	-104.2052000	12880
14018	La Barca	Jalisco	20.1725000	-102.3231000	67937
14019	Bolaños	Jalisco	21.4951132	-103.4653399	7043
14020	Cabo Corrientes	Jalisco	20.1906000	-105.1926000	10940
14021	Casimiro Castillo	Jalisco	19.3613000	-104.2605000	20548
14022	Cihuatlán	Jalisco	19.1418036	-104.3346792	40139
14023	Zapotlán el Grande	Jalisco	19.4231000	-103.2751000	115141
14024	Cocula	Jalisco	20.2203000	-103.4927000	29267
14025	Colotlán	Jalisco	22.0702000	-103.1553000	19689
14026	Concepción de Buenos Aires	Jalisco	19.5843000	-103.1526000	6334
14027	Cuautitlán de García Barragán	Jalisco	19.2659000	-104.2125000	18370
14028	Cuautla	Jalisco	20.1205000	-104.2427000	2166
14029	Cuquío	Jalisco	20.5539000	-103.0126000	17820
14030	Chapala	Jalisco	20.1736000	-103.1123000	55196
14031	Chimaltitán	Jalisco	21.4643915	-103.4650541	3270
14032	Chiquilistlán	Jalisco	20.0519000	-103.5129000	5983
14033	Degollado	Jalisco	20.2651000	-102.0806000	21226
14034	Ejutla	Jalisco	19.5423000	-104.0943000	1981
14035	Encarnación de Díaz	Jalisco	21.3128000	-102.1359000	53039
14036	Etzatlán	Jalisco	20.4602000	-104.0442000	20011
14037	El Grullo	Jalisco	19.4827000	-104.1256000	25920
14038	Guachinango	Jalisco	20.3435000	-104.2238000	4199
14039	Guadalajara	Jalisco	20.4035000	-103.2032000	1385629
14040	Hostotipaquillo	Jalisco	21.0329000	-104.0301000	8732
14041	Huejúcar	Jalisco	22.2144000	-103.1242000	5920
14042	Huejuquilla el Alto	Jalisco	22.3743000	-103.5339000	10015
14043	La Huerta	Jalisco	19.2906000	-104.3836000	23258
14044	Ixtlahuacán de los Membrillos	Jalisco	20.2056890	-103.1134678	67969
14045	Ixtlahuacán del Río	Jalisco	20.5151000	-103.1421000	20465
14046	Jalostotitlán	Jalisco	21.1007000	-102.2740000	32678
14047	Jamay	Jalisco	20.1740199	-102.4234981	24894
14048	Jesús María	Jalisco	20.3627000	-102.1312000	18982
14049	Jilotlán de los Dolores	Jalisco	19.2214000	-103.0111000	9425
14050	Jocotepec	Jalisco	20.1704000	-103.2531000	47105
14051	Juanacatlán	Jalisco	20.3034000	-103.1002000	30855
14052	Juchitlán	Jalisco	20.0501880	-104.0546497	5534
14053	Lagos de Moreno	Jalisco	21.2123000	-101.5545000	172403
14054	El Limón	Jalisco	19.4928000	-104.0908000	5368
14055	Magdalena	Jalisco	20.5423000	-103.5834000	21781
14056	Santa María del Oro	Jalisco	19.3515000	-102.5430000	1815
14057	La Manzanilla de la Paz	Jalisco	20.0016000	-103.0900000	4099
14058	Mascota	Jalisco	20.3132000	-104.4656000	14451
14059	Mazamitla	Jalisco	19.5502000	-103.0113000	14043
14060	Mexticacán	Jalisco	21.1547000	-102.4640000	5307
14061	Mezquitic	Jalisco	22.2324000	-103.4341241	22083
14062	Mixtlán	Jalisco	20.2626000	-104.2432000	3638
14063	Ocotlán	Jalisco	20.2105000	-102.4605000	106050
14064	Ojuelos de Jalisco	Jalisco	21.5151000	-101.3536000	33588
14065	Pihuamo	Jalisco	19.1508781	-103.2230135	11386
14066	Poncitlán	Jalisco	20.2253000	-102.5527000	53659
14067	Puerto Vallarta	Jalisco	20.3649000	-105.1338000	291839
14068	Villa Purificación	Jalisco	19.4309000	-104.3618000	11303
14069	Quitupan	Jalisco	19.5539545	-102.5219749	7734
14070	El Salto	Jalisco	20.3110000	-103.1054000	232852
14071	San Cristóbal de la Barranca	Jalisco	21.0240000	-103.2545000	2924
14072	San Diego de Alejandría	Jalisco	20.5935000	-101.5937000	7609
14073	San Juan de los Lagos	Jalisco	21.1452000	-102.1958000	72230
14074	San Julián	Jalisco	21.0035000	-102.1051000	16792
14075	San Marcos	Jalisco	20.4724000	-104.1151000	3791
14076	San Martín de Bolaños	Jalisco	21.4100803	-103.4851116	3095
14077	San Martín Hidalgo	Jalisco	20.2606000	-103.5543000	28102
14078	San Miguel el Alto	Jalisco	21.0150000	-102.2353000	31965
14079	Gómez Farías	Jalisco	19.4740000	-103.2823000	16431
14080	San Sebastián del Oeste	Jalisco	20.4539000	-104.5106000	5086
14081	Santa María de los Ángeles	Jalisco	22.1024000	-103.1323000	3515
14082	Sayula	Jalisco	19.5301000	-103.3550000	37186
14083	Tala	Jalisco	20.3909000	-103.4210000	87690
14084	Talpa de Allende	Jalisco	20.2253000	-104.4905000	14997
14085	Tamazula de Gordiano	Jalisco	19.4035000	-103.1500000	38955
14086	Tapalpa	Jalisco	19.5644000	-103.4515000	21245
14087	Tecalitlán	Jalisco	19.2810000	-103.1824000	16705
14088	Tecolotlán	Jalisco	20.1213000	-104.0242000	16603
14089	Techaluta de Montenegro	Jalisco	20.0427000	-103.3306000	4072
14090	Tenamaxtlán	Jalisco	20.1307000	-104.0937000	7302
14091	Teocaltiche	Jalisco	21.2604000	-102.3413000	39839
14092	Teocuitatlán de Corona	Jalisco	20.0536000	-103.2248000	11039
14093	Tepatitlán de Morelos	Jalisco	20.4903000	-102.4526000	150190
14094	Tequila	Jalisco	20.5245982	-103.5008328	44353
14095	Teuchitlán	Jalisco	20.4107000	-103.5057000	9647
14096	Tizapán el Alto	Jalisco	20.0931000	-103.0221000	22758
14097	Tlajomulco de Zúñiga	Jalisco	20.2825000	-103.2635000	727750
14098	San Pedro Tlaquepaque	Jalisco	20.3819000	-103.1826000	687127
14099	Tolimán	Jalisco	19.3600000	-103.5452000	11219
14100	Tomatlán	Jalisco	19.5629490	-105.1442981	36316
14101	Tonalá	Jalisco	20.3724000	-103.1444000	569913
14102	Tonaya	Jalisco	19.4703000	-103.5815000	5961
14103	Tonila	Jalisco	19.2439000	-103.3258000	7565
14104	Totatiche	Jalisco	21.5543000	-103.2637000	4180
14105	Tototlán	Jalisco	20.3237009	-102.4721183	23573
14106	Tuxcacuesco	Jalisco	19.4149991	-103.5900913	5482
14107	Tuxcueca	Jalisco	20.0920000	-103.1102000	6702
14108	Tuxpan	Jalisco	19.3316000	-103.2220000	37518
14109	Unión de San Antonio	Jalisco	21.0741000	-102.0026000	19069
14110	Unión de Tula	Jalisco	19.5716000	-104.1552000	13799
14111	Valle de Guadalupe	Jalisco	21.0038153	-102.3703961	6627
14112	Valle de Juárez	Jalisco	19.5601000	-102.5625000	6151
14113	San Gabriel	Jalisco	19.4452018	-103.4559249	16548
14114	Villa Corona	Jalisco	20.2459000	-103.3941000	19063
14115	Villa Guerrero	Jalisco	21.5859000	-103.3548000	5525
14116	Villa Hidalgo	Jalisco	21.4028000	-102.3507000	20088
14117	Cañadas de Obregón	Jalisco	21.0855000	-102.4107000	4388
14118	Yahualica de González Gallo	Jalisco	21.1057000	-102.5314000	22394
14119	Zacoalco de Torres	Jalisco	20.1343000	-103.3355000	30472
14120	Zapopan	Jalisco	20.4315463	-103.2320356	1476491
14121	Zapotiltic	Jalisco	19.3732000	-103.2445000	33713
14122	Zapotitlán de Vadillo	Jalisco	19.3253311	-103.4845746	7466
14123	Zapotlán del Rey	Jalisco	20.2759000	-102.5534000	19279
14124	Zapotlanejo	Jalisco	20.3721000	-103.0351000	64806
14125	San Ignacio Cerro Gordo	Jalisco	20.4435000	-102.3210000	18341
15001	Acambay de Ruíz Castañeda	México	19.5722423	-99.5038515	67872
15002	Acolman	México	19.3807832	-98.5442860	171507
15003	Aculco	México	20.0557790	-99.4940766	49266
15004	Almoloya de Alquisiras	México	18.5202038	-99.5337681	15333
15005	Almoloya de Juárez	México	19.2209455	-99.4530787	174587
15006	Almoloya del Río	México	19.0933791	-99.2919830	12694
15007	Amanalco	México	19.1508557	-100.0111935	23675
15008	Amatepec	México	18.4100566	-100.1109772	25244
15009	Amecameca	México	19.0743266	-98.4611318	53441
15010	Apaxco	México	19.5831169	-99.1026986	31898
15011	Atenco	México	19.3333621	-98.5448051	75489
15012	Atizapán	México	19.1036328	-99.2916591	12984
15013	Atizapán de Zaragoza	México	19.3235414	-99.1406147	523674
15014	Atlacomulco	México	19.4800103	-99.5227314	109384
15015	Atlautla	México	19.0151099	-98.4657599	31900
15016	Axapusco	México	19.4328049	-98.4529989	29128
15017	Ayapango	México	19.0737997	-98.4809020	10053
15018	Calimaya	México	19.0947610	-99.3707195	68489
15019	Capulhuac	México	19.1135244	-99.2751870	36921
15020	Coacalco de Berriozábal	México	19.3745476	-99.0615758	293444
15021	Coatepec Harinas	México	18.5532558	-99.4606667	38643
15022	Cocotitlán	México	19.1351080	-98.5143027	15107
15023	Coyotepec	México	19.4631827	-99.1228729	40885
15024	Cuautitlán	México	19.3954221	-99.1043069	178847
15025	Chalco	México	19.1540074	-98.5344357	400057
15026	Chapa de Mota	México	19.4848475	-99.3133582	31737
15027	Chapultepec	México	19.1204185	-99.3342742	12772
15028	Chiautla	México	19.3255147	-98.5252856	30045
15029	Chicoloapan	México	19.2500355	-98.5407244	200750
15030	Chiconcuac	México	19.3309800	-98.5343105	27692
15031	Chimalhuacán	México	19.2500867	-98.5643077	705193
15032	Donato Guerra	México	19.1830720	-100.0838981	37436
15033	Ecatepec de Morelos	México	19.3556650	-99.0256971	1645352
15034	Ecatzingo	México	18.5731374	-98.4509353	10827
15035	Huehuetoca	México	19.5001038	-99.1214897	163244
15036	Hueypoxtla	México	19.5425342	-99.0442132	46757
15037	Huixquilucan	México	19.2136648	-99.2106090	284965
15038	Isidro Fabela	México	19.3320129	-99.2502568	11929
15039	Ixtapaluca	México	19.1847176	-98.5303290	542211
15040	Ixtapan de la Sal	México	18.5040580	-99.4032962	36911
15041	Ixtapan del Oro	México	19.1544136	-100.1551176	6475
15042	Ixtlahuaca	México	19.3411330	-99.4609362	160139
15043	Xalatlaco	México	19.1103792	-99.2449450	30687
15044	Jaltenco	México	19.4507996	-99.0538513	28217
15045	Jilotepec	México	19.5710204	-99.3158183	87671
15046	Jilotzingo	México	19.3220105	-99.2349686	19877
15047	Jiquipilco	México	19.3327356	-99.3630959	76826
15048	Jocotitlán	México	19.4242544	-99.4708871	69264
15049	Joquicingo	México	19.0257222	-99.3154544	15428
15050	Juchitepec	México	19.0606883	-98.5251296	27116
15051	Lerma	México	19.1707344	-99.3042541	170327
15052	Malinalco	México	18.5708430	-99.2951235	28155
15053	Melchor Ocampo	México	19.4237490	-99.0836450	61220
15054	Metepec	México	19.1508712	-99.3616170	242307
15055	Mexicaltzingo	México	19.1239994	-99.3512674	13807
15056	Morelos	México	19.4713122	-99.4003973	33164
15057	Naucalpan de Juárez	México	19.2843690	-99.1359585	834434
15058	Nezahualcóyotl	México	19.2431548	-99.0105520	1077208
15059	Nextlalpan	México	19.4423519	-99.0449215	57082
15060	Nicolás Romero	México	19.3732574	-99.1857233	430601
15061	Nopaltepec	México	19.4643674	-98.4234359	10351
15062	Ocoyoacac	México	19.1609411	-99.2720503	72103
15063	Ocuilan	México	18.5844731	-99.2500999	36223
15064	El Oro	México	19.4807715	-100.0750393	36937
15065	Otumba	México	19.4159473	-98.4527699	36331
15066	Otzoloapan	México	19.0702670	-100.1751762	4891
15067	Otzolotepec	México	19.2458343	-99.3330922	88783
15068	Ozumba	México	19.0221037	-98.4743402	30785
15069	Papalotla	México	19.3348159	-98.5129553	4862
15070	La Paz	México	19.2130193	-98.5835766	304088
15071	Polotitlán	México	20.1325714	-99.4853082	14985
15072	Rayón	México	19.0852838	-99.3454261	15972
15073	San Antonio la Isla	México	19.0950758	-99.3409609	31962
15074	San Felipe del Progreso	México	19.4250127	-99.5711860	144924
15075	San Martín de las Pirámides	México	19.4217436	-98.5004288	29182
15076	San Mateo Atenco	México	19.1551000	-99.3147000	97418
15077	San Simón de Guerrero	México	19.0123120	-100.0026201	6692
15078	Santo Tomás	México	19.1058700	-100.1535212	9729
15079	Soyaniquilpan de Juárez	México	20.0050008	-99.3140426	14323
15080	Sultepec	México	18.5130765	-99.5759147	24145
15081	Tecámac	México	19.4236746	-98.5801713	547503
15082	Tejupilco	México	18.5420507	-100.0912250	79282
15083	Temamatla	México	19.1209866	-98.5211648	14130
15084	Temascalapa	México	19.4940288	-98.5402996	43593
15085	Temascalcingo	México	19.5457281	-100.0014690	66414
15086	Temascaltepec	México	19.0235069	-100.0228894	35014
15087	Temoaya	México	19.2812050	-99.3541662	105766
15088	Tenancingo	México	18.5742589	-99.3537830	104677
15089	Tenango del Aire	México	19.0925212	-98.5140664	11359
15090	Tenango del Valle	México	19.0613539	-99.3529670	90518
15091	Teoloyucan	México	19.4443676	-99.1059034	65459
15092	Teotihuacán	México	19.4107726	-98.5207060	58507
15093	Tepetlaoxtoc	México	19.3424115	-98.4910987	32564
15094	Tepetlixpa	México	19.0146254	-98.4910949	20500
15095	Tepotzotlán	México	19.4249601	-99.1324652	103696
15096	Tequixquiac	México	19.5436996	-99.0856087	39489
15097	Texcaltitlán	México	18.5549402	-99.5621396	18482
15098	Texcalyacac	México	19.0756019	-99.3011049	5736
15099	Texcoco	México	19.3048383	-98.5253344	277562
15100	Tezoyuca	México	19.3525125	-98.5430613	47044
15101	Tianguistenco	México	19.1052371	-99.2802780	84259
15102	Timilpan	México	19.5234209	-99.4401604	16414
15103	Tlalmanalco	México	19.1221252	-98.4809193	49196
15104	Tlalnepantla de Baz	México	19.3218684	-99.1142714	672202
15105	Tlatlaya	México	18.3704230	-100.1228192	31762
15106	Toluca	México	19.1736557	-99.3926340	910608
15107	Tonatico	México	18.4807270	-99.4015366	12912
15108	Tultepec	México	19.4107973	-99.0742979	157645
15109	Tultitlán	México	19.3851048	-99.1009102	516341
15110	Valle de Bravo	México	19.1139821	-100.0753785	61590
15111	Villa de Allende	México	19.2224300	-100.0857682	53275
15112	Villa del Carbón	México	19.4339318	-99.2747087	51498
15113	Villa Guerrero	México	18.5742151	-99.3831199	69086
15114	Villa Victoria	México	19.2630752	-99.5942181	108196
15115	Xonacatlán	México	19.2415909	-99.3149425	54633
15116	Zacazonapan	México	19.0428046	-100.1522017	5109
15117	Zacualpan	México	18.4307213	-99.4632238	13522
15118	Zinacantepec	México	19.1705663	-99.4406135	203872
15119	Zumpahuacán	México	18.5027340	-99.3508144	18833
15120	Zumpango	México	19.4749643	-99.0602282	280455
15121	Cuautitlán Izcalli	México	19.3925184	-99.1233430	555163
15122	Valle de Chalco Solidaridad	México	19.1643554	-98.5636415	391731
15123	Luvianos	México	18.5513736	-100.1758007	28822
15124	San José del Rincón	México	19.3939755	-100.0907001	100082
15125	Tonanitla	México	19.4117382	-99.0315702	14883
16001	Acuitzio	Michoacán de Ocampo	19.2946507	-101.1958265	11301
16002	Aguililla	Michoacán de Ocampo	18.4403233	-102.4718167	14754
16003	Álvaro Obregón	Michoacán de Ocampo	19.4934701	-101.0218546	23000
16004	Angamacutiro	Michoacán de Ocampo	20.0858756	-101.4229919	14943
16005	Angangueo	Michoacán de Ocampo	19.3711399	-100.1707841	10892
16006	Apatzingán	Michoacán de Ocampo	19.0514018	-102.2118952	126191
16007	Aporo	Michoacán de Ocampo	19.4015010	-100.2440060	3529
16008	Aquila	Michoacán de Ocampo	18.3556899	-103.3017115	24676
16009	Ario	Michoacán de Ocampo	19.1228106	-101.4233818	36268
16010	Arteaga	Michoacán de Ocampo	18.2120498	-102.1724225	20332
16011	Briseñas	Michoacán de Ocampo	20.1616443	-102.3339807	11681
16012	Buenavista	Michoacán de Ocampo	19.1242247	-102.3516407	45538
16013	Carácuaro	Michoacán de Ocampo	19.0102310	-101.0737167	9176
16014	Coahuayana	Michoacán de Ocampo	18.4208908	-103.3946553	17022
16015	Coalcomán de Vázquez Pallares	Michoacán de Ocampo	18.4637556	-103.0934397	19633
16016	Coeneo	Michoacán de Ocampo	19.4915541	-101.3501503	20965
16017	Contepec	Michoacán de Ocampo	19.5718969	-100.0952046	35070
16018	Copándaro	Michoacán de Ocampo	19.5337766	-101.1255098	9484
16019	Cotija	Michoacán de Ocampo	19.4837027	-102.4220959	20198
16020	Cuitzeo	Michoacán de Ocampo	19.5805569	-101.0822503	29910
16021	Charapan	Michoacán de Ocampo	19.3900609	-102.1509856	13539
16022	Charo	Michoacán de Ocampo	19.4448013	-101.0246726	25138
16023	Chavinda	Michoacán de Ocampo	20.0024979	-102.2730905	10417
16024	Cherán	Michoacán de Ocampo	19.4115546	-101.5717338	20586
16025	Chilchota	Michoacán de Ocampo	19.5057145	-102.0709974	40560
16026	Chinicuila	Michoacán de Ocampo	18.4529405	-103.2204081	4773
16027	Chucándiro	Michoacán de Ocampo	19.5359874	-101.2000209	4944
16028	Churintzio	Michoacán de Ocampo	20.0903455	-102.0357314	5233
16029	Churumuco	Michoacán de Ocampo	18.3952408	-101.3847589	12342
16030	Ecuandureo	Michoacán de Ocampo	20.0945416	-102.1140439	11850
16031	Epitacio Huerta	Michoacán de Ocampo	20.0804882	-100.1737399	16112
16032	Erongarícuaro	Michoacán de Ocampo	19.3517710	-101.4312310	15715
16033	Gabriel Zamora	Michoacán de Ocampo	19.0935294	-102.0314274	21466
16034	Hidalgo	Michoacán de Ocampo	19.4121663	-100.3318581	125712
16035	La Huacana	Michoacán de Ocampo	18.5746393	-101.4831922	30627
16036	Huandacareo	Michoacán de Ocampo	19.5919336	-101.1633072	11644
16037	Huaniqueo	Michoacán de Ocampo	19.5356383	-101.3018545	7945
16038	Huetamo	Michoacán de Ocampo	18.3735133	-100.5359009	41973
16039	Huiramba	Michoacán de Ocampo	19.3247332	-101.2616774	9015
16040	Indaparapeo	Michoacán de Ocampo	19.4724214	-100.5806575	18385
16041	Irimbo	Michoacán de Ocampo	19.4150955	-100.2844762	16043
16042	Ixtlán	Michoacán de Ocampo	20.1006118	-102.2340646	14302
16043	Jacona	Michoacán de Ocampo	19.5722759	-102.1821684	68781
16044	Jiménez	Michoacán de Ocampo	19.5520159	-101.4457454	12946
16045	Jiquilpan	Michoacán de Ocampo	19.5922989	-102.4306828	36158
16046	Juárez	Michoacán de Ocampo	19.1844193	-100.2558049	14936
16047	Jungapeo	Michoacán de Ocampo	19.2731411	-100.2940603	19834
16048	Lagunillas	Michoacán de Ocampo	19.3352643	-101.2453205	5745
16049	Madero	Michoacán de Ocampo	19.2331634	-101.1639416	19086
16050	Maravatío	Michoacán de Ocampo	19.5330025	-100.2630002	89311
16051	Marcos Castellanos	Michoacán de Ocampo	19.5924857	-103.0117415	13983
16052	Lázaro Cárdenas	Michoacán de Ocampo	17.5744403	-102.1152731	196003
16053	Morelia	Michoacán de Ocampo	19.4212182	-101.1131367	849053
16054	Morelos	Michoacán de Ocampo	20.0015307	-101.2444589	7983
16055	Múgica	Michoacán de Ocampo	19.0143697	-102.0512243	45732
16056	Nahuatzen	Michoacán de Ocampo	19.3914664	-101.5501693	32598
16057	Nocupétaro	Michoacán de Ocampo	19.0235868	-101.0944025	8196
16058	Nuevo Parangaricutiro	Michoacán de Ocampo	19.2459918	-102.0747567	20981
16059	Nuevo Urecho	Michoacán de Ocampo	19.0957140	-101.5207849	9027
16060	Numarán	Michoacán de Ocampo	20.1517639	-101.5649910	9437
16061	Ocampo	Michoacán de Ocampo	19.3501852	-100.2021415	24774
16062	Pajacuarán	Michoacán de Ocampo	20.0700818	-102.3355848	21028
16063	Panindícuaro	Michoacán de Ocampo	19.5902252	-101.4541255	14889
16064	Parácuaro	Michoacán de Ocampo	19.0844783	-102.1312173	26832
16065	Paracho	Michoacán de Ocampo	19.3850268	-102.0254483	39657
16066	Pátzcuaro	Michoacán de Ocampo	19.3048952	-101.3636419	98382
16067	Penjamillo	Michoacán de Ocampo	20.0616086	-101.5601217	16621
16068	Peribán	Michoacán de Ocampo	19.3114617	-102.2458278	29389
16069	La Piedad	Michoacán de Ocampo	20.2029221	-102.0121194	106490
16070	Purépero	Michoacán de Ocampo	19.5435867	-102.0024266	15503
16071	Puruándiro	Michoacán de Ocampo	20.0519195	-101.3054721	69260
16072	Queréndaro	Michoacán de Ocampo	19.4836099	-100.5300555	13961
16073	Quiroga	Michoacán de Ocampo	19.3949630	-101.3126413	27176
16074	Cojumatlán de Régules	Michoacán de Ocampo	20.0708394	-102.5103618	10553
16075	Los Reyes	Michoacán de Ocampo	19.3520307	-102.2828844	78935
16076	Sahuayo	Michoacán de Ocampo	20.0327662	-102.4300470	78477
16077	San Lucas	Michoacán de Ocampo	18.3529079	-100.4705108	17677
16078	Santa Ana Maya	Michoacán de Ocampo	20.0030210	-101.0118346	12812
16079	Salvador Escalante	Michoacán de Ocampo	19.2421905	-101.3823272	49896
16080	Senguio	Michoacán de Ocampo	19.4400027	-100.2108666	19833
16081	Susupuato	Michoacán de Ocampo	19.1254555	-100.2430001	9076
16082	Tacámbaro	Michoacán de Ocampo	19.1407932	-101.2726381	79540
16083	Tancítaro	Michoacán de Ocampo	19.2014991	-102.2146923	33453
16084	Tangamandapio	Michoacán de Ocampo	19.5714382	-102.2558082	31716
16085	Tangancícuaro	Michoacán de Ocampo	19.5317644	-102.1230432	35256
16086	Tanhuato	Michoacán de Ocampo	20.1701720	-102.1939507	15534
16087	Taretan	Michoacán de Ocampo	19.2004424	-101.5504455	15589
16088	Tarímbaro	Michoacán de Ocampo	19.4744396	-101.1035011	114513
16089	Tepalcatepec	Michoacán de Ocampo	19.1128920	-102.5037348	24074
16090	Tingambato	Michoacán de Ocampo	19.3006818	-101.5112515	16325
16091	Tingüindín	Michoacán de Ocampo	19.4420227	-102.2859100	14934
16092	Tiquicheo de Nicolás Romero	Michoacán de Ocampo	18.5401762	-100.4411234	12836
16093	Tlalpujahua	Michoacán de Ocampo	19.4819095	-100.1024934	28556
16094	Tlazazalca	Michoacán de Ocampo	19.5816450	-102.0324046	6420
16095	Tocumbo	Michoacán de Ocampo	19.4211854	-102.3115456	12325
16096	Tumbiscatío	Michoacán de Ocampo	18.3129284	-102.2230081	5971
16097	Turicato	Michoacán de Ocampo	19.0313529	-101.2511258	29056
16098	Tuxpan	Michoacán de Ocampo	19.3404658	-100.2749602	25757
16099	Tuzantla	Michoacán de Ocampo	19.1227383	-100.3423030	14329
16100	Tzintzuntzan	Michoacán de Ocampo	19.3731577	-101.3437024	14911
16101	Tzitzio	Michoacán de Ocampo	19.3507836	-100.5528745	8855
16102	Uruapan	Michoacán de Ocampo	19.2515195	-102.0346077	356786
16103	Venustiano Carranza	Michoacán de Ocampo	20.0657507	-102.3908500	23469
16104	Villamar	Michoacán de Ocampo	20.0115081	-102.3544803	15864
16105	Vista Hermosa	Michoacán de Ocampo	20.1623214	-102.2825126	20982
16106	Yurécuaro	Michoacán de Ocampo	20.2027920	-102.1656731	32303
16107	Zacapu	Michoacán de Ocampo	19.4907027	-101.4734295	76829
16108	Zamora	Michoacán de Ocampo	19.5900886	-102.1709448	204860
16109	Zináparo	Michoacán de Ocampo	20.1023480	-101.5955587	3232
16110	Zinapécuaro	Michoacán de Ocampo	19.5136989	-100.4939299	49005
16111	Ziracuaretiro	Michoacán de Ocampo	19.2501694	-101.5436678	18402
16112	Zitácuaro	Michoacán de Ocampo	19.2613849	-100.2126950	157056
16113	José Sixto Verduzco	Michoacán de Ocampo	20.1807863	-101.3548681	26213
17001	Amacuzac	Morelos	18.3600006	-99.2210251	17598
17002	Atlatlahucan	Morelos	18.5610575	-98.5357031	25232
17003	Axochiapan	Morelos	18.3008663	-98.4514683	39174
17004	Ayala	Morelos	18.4601512	-98.5855710	89834
17005	Coatlán del Río	Morelos	18.4439068	-99.2605282	10520
17006	Cuautla	Morelos	18.4846038	-98.5718953	187118
17007	Cuernavaca	Morelos	18.5518418	-99.1405629	378476
17008	Emiliano Zapata	Morelos	18.5027543	-99.1059674	107053
17009	Huitzilac	Morelos	19.0144519	-99.1602830	24515
17010	Jantetelco	Morelos	18.4254741	-98.4638283	18402
17011	Jiutepec	Morelos	18.5255108	-99.1037914	215357
17012	Jojutla	Morelos	18.3659639	-99.1051757	57682
17013	Jonacatepec de Leandro Valle	Morelos	18.4050485	-98.4811603	16694
17014	Mazatepec	Morelos	18.4359464	-99.2201099	9653
17015	Miacatlán	Morelos	18.4611937	-99.2136955	15802
17016	Ocuituco	Morelos	18.5239694	-98.4632511	19219
17017	Puente de Ixtla	Morelos	18.3700750	-99.1925325	40018
17018	Temixco	Morelos	18.5042984	-99.1326915	122263
17019	Tepalcingo	Morelos	18.3541051	-98.5039684	28122
17020	Tepoztlán	Morelos	18.5911246	-99.0604417	54987
17021	Tetecala	Morelos	18.4344282	-99.2354899	7617
17022	Tetela del Volcán	Morelos	18.5336690	-98.4348236	14853
17023	Tlalnepantla	Morelos	19.0028537	-98.5950468	7943
17024	Tlaltizapán de Zapata	Morelos	18.4058664	-99.0705444	52399
17025	Tlaquiltenango	Morelos	18.3748108	-99.0945584	33789
17026	Tlayacapan	Morelos	18.5723822	-98.5859223	19408
17027	Totolapan	Morelos	18.5914004	-98.5517180	12750
17028	Xochitepec	Morelos	18.4654716	-99.1353266	73539
17029	Yautepec	Morelos	18.5309822	-99.0338715	105780
17030	Yecapixtla	Morelos	18.5300311	-98.5205317	56083
17031	Zacatepec	Morelos	18.3919469	-99.1139404	36094
17032	Zacualpan de Amilpas	Morelos	18.4703815	-98.4555523	9965
17033	Temoac	Morelos	18.4620334	-98.4640955	16574
17034	Coatetelco	Morelos	18.4349749	-99.1937407	11347
17035	Xoxocotla	Morelos	18.4111662	-99.1441621	27805
17036	Hueyapan	Morelos	18.5306484	-98.4126463	7855
18001	Acaponeta	Nayarit	22.2921795	-105.2136663	37232
18002	Ahuacatlán	Nayarit	21.0302113	-104.2904792	15393
18003	Amatlán de Cañas	Nayarit	20.4828016	-104.2419400	11536
18004	Compostela	Nayarit	21.1415107	-104.5402150	77436
18005	Huajicori	Nayarit	22.3814139	-105.1911946	12230
18006	Ixtlán del Río	Nayarit	21.0206199	-104.2208080	29299
18007	Jala	Nayarit	21.0617356	-104.2617580	19321
18008	Xalisco	Nayarit	21.2637274	-104.5359048	65229
18009	Del Nayar	Nayarit	22.1504050	-104.3104593	47550
18010	Rosamorada	Nayarit	22.0721163	-105.1214869	33567
18011	Ruíz	Nayarit	21.5700910	-105.0842204	24096
18012	San Blas	Nayarit	21.3230257	-105.1709767	41518
18013	San Pedro Lagunillas	Nayarit	21.1318862	-104.4503995	7683
18014	Santa María del Oro	Nayarit	21.1959482	-104.3513944	24911
18015	Santiago Ixcuintla	Nayarit	21.4830009	-105.1221760	93981
18016	Tecuala	Nayarit	22.2342148	-105.2721722	37135
18017	Tepic	Nayarit	21.3026687	-104.5337677	425924
18018	Tuxpan	Nayarit	21.5641245	-105.1753114	30064
18019	La Yesca	Nayarit	21.1907987	-104.0035150	13719
18020	Bahía de Banderas	Nayarit	20.4824336	-105.1452527	187632
19001	Abasolo	Nuevo León	25.5643215	-100.2359958	2974
19002	Agualeguas	Nuevo León	26.1839293	-99.3221801	3382
19003	Los Aldamas	Nuevo León	26.0350916	-99.1148240	1407
19004	Allende	Nuevo León	25.1712840	-100.0029966	35289
19005	Anáhuac	Nuevo León	27.1426330	-100.0756770	18030
19006	Apodaca	Nuevo León	25.4652660	-100.1121220	656464
19007	Aramberri	Nuevo León	24.0602110	-99.4905040	14992
19008	Bustamante	Nuevo León	26.3204790	-100.3009740	3661
19009	Cadereyta Jiménez	Nuevo León	25.3527630	-100.0005740	122337
19010	El Carmen	Nuevo León	25.5556020	-100.2150840	104478
19011	Cerralvo	Nuevo León	26.0523530	-99.3653040	7340
19012	Ciénega de Flores	Nuevo León	25.5707450	-100.1005190	68747
19013	China	Nuevo León	25.4221290	-99.1421540	9930
19014	Doctor Arroyo	Nuevo León	23.4028890	-100.1056120	36088
19015	Doctor Coss	Nuevo León	25.5533230	-99.1103740	1360
19016	Doctor González	Nuevo León	25.5131786	-99.5630728	3256
19017	Galeana	Nuevo León	24.4934560	-100.0438740	40903
19018	García	Nuevo León	25.4801770	-100.3507690	397205
19019	San Pedro Garza García	Nuevo León	25.3954610	-100.2408880	132169
19020	General Bravo	Nuevo León	25.4735870	-99.1052440	5506
19021	General Escobedo	Nuevo León	25.4828750	-100.1921510	481213
19022	General Terán	Nuevo León	25.1525870	-99.4108930	14109
19023	General Treviño	Nuevo León	26.1337090	-99.2902690	1808
19024	General Zaragoza	Nuevo León	23.5823740	-99.4620610	6282
19025	General Zuazua	Nuevo León	25.5349120	-100.0629690	102149
19026	Guadalupe	Nuevo León	25.4038370	-100.1535630	643143
19027	Los Herreras	Nuevo León	25.5420180	-99.2411870	1959
19028	Higueras	Nuevo León	25.5743040	-100.0051660	1386
19029	Hualahuises	Nuevo León	24.5304710	-99.4023620	7026
19030	Iturbide	Nuevo León	24.4333520	-99.5418940	3298
19031	Juárez	Nuevo León	25.3846410	-100.0527170	471523
19032	Lampazos de Naranjo	Nuevo León	27.0131124	-100.3015565	5351
19033	Linares	Nuevo León	24.5134750	-99.3404330	84666
19034	Marín	Nuevo León	25.5245488	-100.0202575	5119
19035	Melchor Ocampo	Nuevo León	26.0330690	-99.3232220	1483
19036	Mier y Noriega	Nuevo León	23.2523230	-100.0710810	7652
19037	Mina	Nuevo León	26.0004520	-100.3154640	6048
19038	Montemorelos	Nuevo León	25.1121310	-99.4937050	67428
19039	Monterrey	Nuevo León	25.3952910	-100.1839210	1142994
19040	Parás	Nuevo León	26.2954740	-99.3131520	906
19041	Pesquería	Nuevo León	25.4659730	-100.0313240	147624
19042	Los Ramones	Nuevo León	25.4147010	-99.3726510	5389
19043	Rayones	Nuevo León	25.0105240	-100.0423570	2377
19044	Sabinas Hidalgo	Nuevo León	26.2954130	-100.1052130	34709
19045	Salinas Victoria	Nuevo León	25.5734440	-100.1729420	86766
19046	San Nicolás de los Garza	Nuevo León	25.4518910	-100.1722510	412199
19047	Hidalgo	Nuevo León	25.5832340	-100.2648820	16086
19048	Santa Catarina	Nuevo León	25.4027710	-100.2742290	306322
19049	Santiago	Nuevo León	25.2537560	-100.0910840	46784
19050	Vallecillo	Nuevo León	26.3934822	-99.5922486	1552
19051	Villaldama	Nuevo León	26.2953610	-100.2528420	3573
20001	Abejones	Oaxaca	17.2608708	-96.3629427	841
20002	Acatlán de Pérez Figueroa	Oaxaca	18.3218828	-96.3627396	45167
20003	Asunción Cacalotepec	Oaxaca	17.0206951	-95.5723622	2547
20004	Asunción Cuyotepeji	Oaxaca	17.5551242	-97.4027669	1107
20005	Asunción Ixtaltepec	Oaxaca	16.3013823	-95.0325362	15261
20006	Asunción Nochixtlán	Oaxaca	17.2732171	-97.1330715	20464
20007	Asunción Ocotlán	Oaxaca	16.4533045	-96.4316772	2395
20008	Asunción Tlacolulita	Oaxaca	16.1800947	-95.4334699	734
20009	Ayotzintepec	Oaxaca	17.4036151	-96.0759775	6857
20010	El Barrio de la Soledad	Oaxaca	16.4814166	-95.0643884	13474
20011	Calihualá	Oaxaca	17.3158287	-98.1642154	1402
20012	Candelaria Loxicha	Oaxaca	15.5534804	-96.2930908	11166
20013	Ciénega de Zimatlán	Oaxaca	16.5349517	-96.4559826	3043
20014	Ciudad Ixtepec	Oaxaca	16.3403714	-95.0555365	28082
20015	Coatecas Altas	Oaxaca	16.3212332	-96.3953930	5356
20016	Coicoyán de las Flores	Oaxaca	17.1622434	-98.1633940	9563
20017	La Compañía	Oaxaca	16.3329629	-96.4911927	3607
20018	Concepción Buenavista	Oaxaca	17.5242720	-97.2400839	752
20019	Concepción Pápalo	Oaxaca	17.5028915	-96.5252897	2754
20020	Constancia del Rosario	Oaxaca	17.0216159	-97.5629249	4847
20021	Cosolapa	Oaxaca	18.3606433	-96.4056590	14488
20022	Cosoltepec	Oaxaca	18.0831117	-97.4726419	803
20023	Cuilápam de Guerrero	Oaxaca	16.5945605	-96.4650128	26882
20024	Cuyamecalco Villa de Zaragoza	Oaxaca	17.5754299	-96.4952955	3644
20025	Chahuites	Oaxaca	16.1715392	-94.1144966	11356
20026	Chalcatongo de Hidalgo	Oaxaca	17.0155304	-97.3415562	9035
20027	Chiquihuitlán de Benito Juárez	Oaxaca	17.5943582	-96.4443611	2179
20028	Heroica Ciudad de Ejutla de Crespo	Oaxaca	16.3351392	-96.4354842	23148
20029	Eloxochitlán de Flores Magón	Oaxaca	18.1036771	-96.5233927	4215
20030	El Espinal	Oaxaca	16.2908555	-95.0234210	8730
20031	Tamazulápam del Espíritu Santo	Oaxaca	17.0315969	-96.0354382	7185
20032	Fresnillo de Trujano	Oaxaca	17.5428845	-98.0810684	1077
20033	Guadalupe Etla	Oaxaca	17.1017893	-96.4838072	2929
20034	Guadalupe de Ramírez	Oaxaca	17.4521782	-98.0951819	1288
20035	Guelatao de Juárez	Oaxaca	17.1905424	-96.2937260	657
20036	Guevea de Humboldt	Oaxaca	16.4733411	-95.2205001	5256
20037	Mesones Hidalgo	Oaxaca	16.5455280	-97.5759564	4424
20038	Villa Hidalgo	Oaxaca	17.1109197	-96.1043804	1885
20039	Heroica Ciudad de Huajuapan de León	Oaxaca	17.4824614	-97.4634449	78313
20040	Huautepec	Oaxaca	18.0607121	-96.4750275	6385
20041	Huautla de Jiménez	Oaxaca	18.0749358	-96.5046182	31710
20042	Ixtlán de Juárez	Oaxaca	17.1953503	-96.2916086	8385
20043	Juchitán de Zaragoza	Oaxaca	16.2559907	-95.0117879	113570
20044	Loma Bonita	Oaxaca	18.0635536	-95.5247914	40934
20045	Magdalena Apasco	Oaxaca	17.1431427	-96.4915927	7888
20046	Magdalena Jaltepec	Oaxaca	17.1925034	-97.1316596	2943
20047	Santa Magdalena Jicotlán	Oaxaca	17.4825260	-97.2814349	81
20048	Magdalena Mixtepec	Oaxaca	16.5346002	-96.5427820	1433
20049	Magdalena Ocotlán	Oaxaca	16.4234039	-96.4244515	1184
20050	Magdalena Peñasco	Oaxaca	17.1410507	-97.3305539	3750
20051	Magdalena Teitipac	Oaxaca	16.5423834	-96.3331459	4764
20052	Magdalena Tequisistlán	Oaxaca	16.2356101	-95.3610474	5996
20053	Magdalena Tlacotepec	Oaxaca	16.3014278	-95.1211901	1297
20054	Magdalena Zahuatlán	Oaxaca	17.2318332	-97.1344476	404
20055	Mariscala de Juárez	Oaxaca	17.5137820	-98.0829834	3739
20056	Mártires de Tacubaya	Oaxaca	16.3216749	-98.1503285	1446
20057	Matías Romero Avendaño	Oaxaca	16.5240402	-95.0231738	38183
20058	Mazatlán Villa de Flores	Oaxaca	18.0157232	-96.5449396	12722
20059	Miahuatlán de Porfirio Díaz	Oaxaca	16.1942519	-96.3547487	50375
20060	Mixistlán de la Reforma	Oaxaca	17.0848617	-96.0643301	2487
20061	Monjas	Oaxaca	16.2201870	-96.3812371	2893
20062	Natividad	Oaxaca	17.1748752	-96.2559857	498
20063	Nazareno Etla	Oaxaca	17.1040764	-96.4926406	4293
20064	Nejapa de Madero	Oaxaca	16.3629453	-95.5849619	8494
20065	Ixpantepec Nieves	Oaxaca	17.3024070	-98.0241502	1079
20066	Santiago Niltepec	Oaxaca	16.3343536	-94.3646815	5342
20067	Oaxaca de Juárez	Oaxaca	17.0335975	-96.4331621	270955
20068	Ocotlán de Morelos	Oaxaca	16.4729906	-96.4030232	23751
20069	La Pe	Oaxaca	16.3747851	-96.4758767	3052
20070	Pinotepa de Don Luis	Oaxaca	16.2542390	-97.5838767	6416
20071	Pluma Hidalgo	Oaxaca	15.5533046	-96.2509996	3255
20072	San José del Progreso	Oaxaca	16.4106461	-96.4107903	8059
20073	Putla Villa de Guerrero	Oaxaca	17.0134339	-97.5541350	34652
20074	Santa Catarina Quioquitani	Oaxaca	16.1856355	-96.1705873	456
20075	Reforma de Pineda	Oaxaca	16.2357548	-94.2730362	2660
20076	La Reforma	Oaxaca	16.3723933	-97.5040192	3411
20077	Reyes Etla	Oaxaca	17.1220002	-96.4836334	4370
20078	Rojas de Cuauhtémoc	Oaxaca	17.0029821	-96.3707126	1301
20079	Salina Cruz	Oaxaca	16.1033186	-95.1131771	84438
20080	San Agustín Amatengo	Oaxaca	16.3035796	-96.4721570	1593
20081	San Agustín Atenango	Oaxaca	17.3642117	-98.0054657	1871
20082	San Agustín Chayuco	Oaxaca	16.2408576	-97.4827066	4163
20083	San Agustín de las Juntas	Oaxaca	17.0041976	-96.4241189	11391
20084	San Agustín Etla	Oaxaca	17.1120699	-96.4551927	4168
20085	San Agustín Loxicha	Oaxaca	16.0059791	-96.3700352	26194
20086	San Agustín Tlacotepec	Oaxaca	17.1213264	-97.3104440	1032
20087	San Agustín Yatareni	Oaxaca	17.0452363	-96.4005222	5521
20088	San Andrés Cabecera Nueva	Oaxaca	16.5318296	-97.4051564	2881
20089	San Andrés Dinicuiti	Oaxaca	17.4117213	-97.4336304	2308
20090	San Andrés Huaxpaltepec	Oaxaca	16.1944566	-97.5458856	6234
20091	San Andrés Huayápam	Oaxaca	17.0609156	-96.3958461	6279
20092	San Andrés Ixtlahuaca	Oaxaca	17.0415148	-96.4930637	1776
20093	San Andrés Lagunas	Oaxaca	17.3427936	-97.3121884	518
20094	San Andrés Nuxiño	Oaxaca	17.1418089	-97.0618976	1850
20095	San Andrés Paxtlán	Oaxaca	16.1256289	-96.3027288	4562
20096	San Andrés Sinaxtla	Oaxaca	17.2806607	-97.1701720	756
20097	San Andrés Solaga	Oaxaca	17.1615701	-96.1412821	1771
20098	San Andrés Teotilálpam	Oaxaca	17.5714871	-96.3923718	4233
20099	San Andrés Tepetlapa	Oaxaca	17.3957000	-98.2330072	381
20100	San Andrés Yaá	Oaxaca	17.1733282	-96.0913018	393
20101	San Andrés Zabache	Oaxaca	16.3600535	-96.5127848	748
20102	San Andrés Zautla	Oaxaca	17.1110996	-96.5148564	5326
20103	San Antonino Castillo Velasco	Oaxaca	16.4811619	-96.4104704	6064
20104	San Antonino el Alto	Oaxaca	16.4856522	-97.0145748	2705
20105	San Antonino Monte Verde	Oaxaca	17.3201009	-97.4314266	7678
20106	San Antonio Acutla	Oaxaca	17.4438508	-97.3001098	249
20107	San Antonio de la Cal	Oaxaca	17.0152728	-96.4157423	26282
20108	San Antonio Huitepec	Oaxaca	16.5538393	-97.0850719	2936
20109	San Antonio Nanahuatípam	Oaxaca	18.0749078	-97.0725121	1232
20110	San Antonio Sinicahua	Oaxaca	17.0905665	-97.3404654	1668
20111	San Antonio Tepetlapa	Oaxaca	16.3232499	-98.0358414	4873
20112	San Baltazar Chichicápam	Oaxaca	16.4543550	-96.2922850	2576
20113	San Baltazar Loxicha	Oaxaca	16.0423880	-96.4725155	3169
20114	San Baltazar Yatzachi el Bajo	Oaxaca	17.1341364	-96.1311320	674
20115	San Bartolo Coyotepec	Oaxaca	16.5729813	-96.4227541	10391
20116	San Bartolomé Ayautla	Oaxaca	18.0154481	-96.4017432	4131
20117	San Bartolomé Loxicha	Oaxaca	15.5813403	-96.4239656	2213
20118	San Bartolomé Quialana	Oaxaca	16.5406795	-96.3004342	2389
20119	San Bartolomé Yucuañe	Oaxaca	17.1433169	-97.2652546	735
20120	San Bartolomé Zoogocho	Oaxaca	17.1426839	-96.1434982	449
20121	San Bartolo Soyaltepec	Oaxaca	17.3526307	-97.1832165	596
20122	San Bartolo Yautepec	Oaxaca	16.2550669	-95.5823204	653
20123	San Bernardo Mixtepec	Oaxaca	16.4928778	-96.5355199	2829
20124	San Blas Atempa	Oaxaca	16.1934759	-95.1339165	19696
20125	San Carlos Yautepec	Oaxaca	16.3002184	-96.0624133	11662
20126	San Cristóbal Amatlán	Oaxaca	16.1906269	-96.2436058	5396
20127	San Cristóbal Amoltepec	Oaxaca	17.1704318	-97.3411469	1252
20128	San Cristóbal Lachirioag	Oaxaca	17.2009498	-96.0954170	1342
20129	San Cristóbal Suchixtlahuaca	Oaxaca	17.4339194	-97.2159961	356
20130	San Dionisio del Mar	Oaxaca	16.1913941	-94.4525212	5180
20131	San Dionisio Ocotepec	Oaxaca	16.4751916	-96.2345734	11411
20132	San Dionisio Ocotlán	Oaxaca	16.4447199	-96.4051007	1380
20133	San Esteban Atatlahuca	Oaxaca	17.0359578	-97.4039970	3934
20134	San Felipe Jalapa de Díaz	Oaxaca	18.0416617	-96.3210014	28500
20135	San Felipe Tejalápam	Oaxaca	17.0641043	-96.5111727	8231
20136	San Felipe Usila	Oaxaca	17.5245822	-96.3142107	12191
20137	San Francisco Cahuacuá	Oaxaca	16.5336827	-97.1820139	3450
20138	San Francisco Cajonos	Oaxaca	17.1019539	-96.1505272	451
20139	San Francisco Chapulapa	Oaxaca	17.5627425	-96.4515867	2195
20140	San Francisco Chindúa	Oaxaca	17.2542891	-97.1846047	812
20141	San Francisco del Mar	Oaxaca	16.1400407	-94.3756193	8710
20142	San Francisco Huehuetlán	Oaxaca	18.1151339	-96.5652157	842
20143	San Francisco Ixhuatán	Oaxaca	16.2108484	-94.2901782	9461
20144	San Francisco Jaltepetongo	Oaxaca	17.2308571	-97.1546273	1075
20145	San Francisco Lachigoló	Oaxaca	17.0041065	-96.3554659	5215
20146	San Francisco Logueche	Oaxaca	16.2108206	-96.2240723	2803
20147	San Francisco Nuxaño	Oaxaca	17.2250999	-97.2038223	376
20148	San Francisco Ozolotepec	Oaxaca	16.0601941	-96.1314455	2182
20149	San Francisco Sola	Oaxaca	16.3053879	-96.5827841	2019
20150	San Francisco Telixtlahuaca	Oaxaca	17.1747744	-96.5415888	13856
20151	San Francisco Teopan	Oaxaca	17.5104062	-97.2933112	312
20152	San Francisco Tlapancingo	Oaxaca	17.2902846	-98.1608071	2472
20153	San Gabriel Mixtepec	Oaxaca	16.0539922	-97.0446197	4910
20154	San Ildefonso Amatlán	Oaxaca	16.2002741	-96.2929603	2329
20155	San Ildefonso Sola	Oaxaca	16.3111324	-96.5901203	1060
20156	San Ildefonso Villa Alta	Oaxaca	17.2020438	-96.0910852	3677
20157	San Jacinto Amilpas	Oaxaca	17.0602904	-96.4545222	16827
20158	San Jacinto Tlacotepec	Oaxaca	16.3113323	-97.2309594	2233
20159	San Jerónimo Coatlán	Oaxaca	16.1357797	-96.5209459	5537
20160	San Jerónimo Silacayoapilla	Oaxaca	17.4834669	-97.5045357	1429
20161	San Jerónimo Sosola	Oaxaca	17.2159613	-97.0157412	2730
20162	San Jerónimo Taviche	Oaxaca	16.4249246	-96.3539348	2046
20163	San Jerónimo Tecóatl	Oaxaca	18.1000890	-96.5447520	1577
20164	San Jorge Nuchita	Oaxaca	17.3921435	-98.0622068	2881
20165	San José Ayuquila	Oaxaca	17.5630436	-97.5809386	1629
20166	San José Chiltepec	Oaxaca	17.5643269	-96.1013932	11310
20167	San José del Peñasco	Oaxaca	16.1857814	-96.3004971	2149
20168	San José Estancia Grande	Oaxaca	16.2154732	-98.1504628	938
20169	San José Independencia	Oaxaca	18.1423366	-96.3846062	4251
20170	San José Lachiguiri	Oaxaca	16.2243593	-96.2011157	3700
20171	San José Tenango	Oaxaca	18.0902743	-96.4301951	18102
20172	San Juan Achiutla	Oaxaca	17.2039281	-97.3031943	408
20173	San Juan Atepec	Oaxaca	17.2535014	-96.3220877	1457
20174	Ánimas Trujano	Oaxaca	16.5919976	-96.4247506	4564
20175	San Juan Bautista Atatlahuca	Oaxaca	17.3151945	-96.4947787	1424
20176	San Juan Bautista Coixtlahuaca	Oaxaca	17.4328716	-97.1925763	2725
20177	San Juan Bautista Cuicatlán	Oaxaca	17.4805573	-96.5734440	10365
20178	San Juan Bautista Guelache	Oaxaca	17.1335563	-96.4642617	6692
20179	San Juan Bautista Jayacatlán	Oaxaca	17.2524616	-96.4921254	1447
20180	San Juan Bautista Lo de Soto	Oaxaca	16.3041453	-98.2048489	2344
20181	San Juan Bautista Suchitepec	Oaxaca	17.5821784	-97.3935352	453
20182	San Juan Bautista Tlacoatzintepec	Oaxaca	17.5133989	-96.3513515	2181
20183	San Juan Bautista Tlachichilco	Oaxaca	17.3721172	-98.2038375	1475
20184	San Juan Bautista Tuxtepec	Oaxaca	18.0452193	-96.0706534	159452
20185	San Juan Cacahuatepec	Oaxaca	16.3649442	-98.0921931	8939
20186	San Juan Cieneguilla	Oaxaca	17.5105971	-98.1650752	524
20187	San Juan Coatzóspam	Oaxaca	18.0258919	-96.4547969	1808
20188	San Juan Colorado	Oaxaca	16.2734797	-97.5714361	9609
20189	San Juan Comaltepec	Oaxaca	17.2017447	-95.5836647	3116
20190	San Juan Cotzocón	Oaxaca	17.0950408	-95.4656317	22444
20191	San Juan Chicomezúchil	Oaxaca	17.1720311	-96.2941701	296
20192	San Juan Chilateca	Oaxaca	16.4942664	-96.4019238	1522
20193	San Juan del Estado	Oaxaca	17.1624702	-96.4757382	2807
20194	San Juan del Río	Oaxaca	16.5257097	-96.0937693	1372
20195	San Juan Diuxi	Oaxaca	17.1653434	-97.2227273	1056
20196	San Juan Evangelista Analco	Oaxaca	17.2420978	-96.3216620	407
20197	San Juan Guelavía	Oaxaca	16.5724348	-96.3244995	3288
20198	San Juan Guichicovi	Oaxaca	16.5746184	-95.0542339	29802
20199	San Juan Ihualtepec	Oaxaca	17.4423430	-98.1719846	494
20200	San Juan Juquila Mixes	Oaxaca	16.5608279	-95.5507745	3703
20201	San Juan Juquila Vijanos	Oaxaca	17.2113728	-96.1814453	1880
20202	San Juan Lachao	Oaxaca	16.0930738	-97.0730390	4577
20203	San Juan Lachigalla	Oaxaca	16.3530407	-96.3255835	3538
20204	San Juan Lajarcia	Oaxaca	16.3030398	-95.5532126	634
20205	San Juan Lalana	Oaxaca	17.2815208	-95.5247579	16989
20206	San Juan de los Cués	Oaxaca	18.0248938	-97.0334789	2421
20207	San Juan Mazatlán	Oaxaca	17.0152045	-95.2647281	19032
20208	San Juan Mixtepec	Oaxaca	17.1820614	-97.4953209	6941
20209	San Juan Mixtepec	Oaxaca	16.1639142	-96.1758120	607
20210	San Juan Ñumí	Oaxaca	17.2353842	-97.4223117	5773
20211	San Juan Ozolotepec	Oaxaca	16.0758827	-96.1533456	3411
20212	San Juan Petlapa	Oaxaca	17.2809488	-96.0212603	3117
20213	San Juan Quiahije	Oaxaca	16.1806762	-97.1900646	4203
20214	San Juan Quiotepec	Oaxaca	17.3602748	-96.3517382	2033
20215	San Juan Sayultepec	Oaxaca	17.2712536	-97.1705066	879
20216	San Juan Tabaá	Oaxaca	17.1818669	-96.1225568	1241
20217	San Juan Tamazola	Oaxaca	17.0937579	-97.1336777	3325
20218	San Juan Teita	Oaxaca	17.0542942	-97.2451527	544
20219	San Juan Teitipac	Oaxaca	16.5603836	-96.3630634	2668
20220	San Juan Tepeuxila	Oaxaca	17.4322372	-96.5027970	2692
20221	San Juan Teposcolula	Oaxaca	17.3302193	-97.2528484	1494
20222	San Juan Yaeé	Oaxaca	17.2544714	-96.1701844	1426
20223	San Juan Yatzona	Oaxaca	17.2408728	-96.1009280	440
20224	San Juan Yucuita	Oaxaca	17.3044112	-97.1613290	643
20225	San Lorenzo	Oaxaca	16.2339344	-97.5229410	5903
20226	San Lorenzo Albarradas	Oaxaca	16.5426012	-96.1534734	2971
20227	San Lorenzo Cacaotepec	Oaxaca	17.0745691	-96.4807184	18339
20228	San Lorenzo Cuaunecuiltitla	Oaxaca	18.1223230	-96.5447006	833
20229	San Lorenzo Texmelúcan	Oaxaca	16.3507766	-97.1156308	9148
20230	San Lorenzo Victoria	Oaxaca	17.4006082	-98.0712985	932
20231	San Lucas Camotlán	Oaxaca	16.5635386	-95.4247319	3187
20232	San Lucas Ojitlán	Oaxaca	18.0327011	-96.2351946	22185
20233	San Lucas Quiaviní	Oaxaca	16.5341287	-96.2805139	1720
20234	San Lucas Zoquiápam	Oaxaca	18.0810175	-96.5423144	7163
20235	San Luis Amatlán	Oaxaca	16.2321926	-96.2949826	3829
20236	San Marcial Ozolotepec	Oaxaca	16.0521325	-96.2421210	1372
20237	San Marcos Arteaga	Oaxaca	17.4310570	-97.5140098	1568
20238	San Martín de los Cansecos	Oaxaca	16.3923315	-96.4344419	994
20239	San Martín Huamelúlpam	Oaxaca	17.2350654	-97.3608466	1000
20240	San Martín Itunyoso	Oaxaca	17.1344468	-97.5253317	2749
20241	San Martín Lachilá	Oaxaca	16.3639112	-96.5057738	1034
20242	San Martín Peras	Oaxaca	17.2137838	-98.1418400	12436
20243	San Martín Tilcajete	Oaxaca	16.5132213	-96.4144057	1975
20244	San Martín Toxpalan	Oaxaca	18.0602607	-97.0332498	3934
20245	San Martín Zacatepec	Oaxaca	17.4828607	-98.0339112	1324
20246	San Mateo Cajonos	Oaxaca	17.0942395	-96.1232312	611
20247	Capulálpam de Méndez	Oaxaca	17.1823115	-96.2645527	1619
20248	San Mateo del Mar	Oaxaca	16.1234921	-94.5854811	15571
20249	San Mateo Yoloxochitlán	Oaxaca	18.0837230	-96.5206294	3831
20250	San Mateo Etlatongo	Oaxaca	17.2453410	-97.1618264	1239
20251	San Mateo Nejápam	Oaxaca	17.3920117	-98.2501178	1217
20252	San Mateo Peñasco	Oaxaca	17.0902860	-97.3201122	2384
20253	San Mateo Piñas	Oaxaca	15.5958230	-96.2006681	2021
20254	San Mateo Río Hondo	Oaxaca	16.0839228	-96.2654414	3207
20255	San Mateo Sindihui	Oaxaca	17.0015237	-97.2104440	1977
20256	San Mateo Tlapiltepec	Oaxaca	17.4838119	-97.2552258	229
20257	San Melchor Betaza	Oaxaca	17.1508625	-96.0915679	1052
20258	San Miguel Achiutla	Oaxaca	17.1822508	-97.2921746	698
20259	San Miguel Ahuehuetitlán	Oaxaca	17.4016852	-98.1915069	2142
20260	San Miguel Aloápam	Oaxaca	17.2446486	-96.4129273	2191
20261	San Miguel Amatitlán	Oaxaca	17.5328999	-98.0132044	6932
20262	San Miguel Amatlán	Oaxaca	17.1631889	-96.2818299	991
20263	San Miguel Coatlán	Oaxaca	16.1146728	-96.4138811	3184
20264	San Miguel Chicahua	Oaxaca	17.3812994	-97.1141579	2169
20265	San Miguel Chimalapa	Oaxaca	16.4252069	-94.4452377	6711
20266	San Miguel del Puerto	Oaxaca	15.5517880	-96.1029468	8551
20267	San Miguel del Río	Oaxaca	17.1917968	-96.3409195	245
20268	San Miguel Ejutla	Oaxaca	16.3449390	-96.4421392	1149
20269	San Miguel el Grande	Oaxaca	17.0248268	-97.3719810	4313
20270	San Miguel Huautla	Oaxaca	17.4444957	-97.0815070	1311
20271	San Miguel Mixtepec	Oaxaca	16.4641165	-96.5726367	3194
20272	San Miguel Panixtlahuaca	Oaxaca	16.1536112	-97.2246716	6252
20273	San Miguel Peras	Oaxaca	16.5616522	-97.0035880	3818
20274	San Miguel Piedras	Oaxaca	16.5958860	-97.1357719	1328
20275	San Miguel Quetzaltepec	Oaxaca	16.5831752	-95.4542049	7286
20276	San Miguel Santa Flor	Oaxaca	17.5515900	-96.4757482	691
20277	Villa Sola de Vega	Oaxaca	16.3053129	-96.5840850	12350
20278	San Miguel Soyaltepec	Oaxaca	18.1425338	-96.2412893	38682
20279	San Miguel Suchixtepec	Oaxaca	16.0538416	-96.2759073	2932
20280	Villa Talea de Castro	Oaxaca	17.2136010	-96.1459716	2011
20281	San Miguel Tecomatlán	Oaxaca	17.2338557	-97.1604768	305
20282	San Miguel Tenango	Oaxaca	16.1602357	-95.3533078	653
20283	San Miguel Tequixtepec	Oaxaca	17.4810300	-97.2029959	1044
20284	San Miguel Tilquiápam	Oaxaca	16.4654992	-96.3453603	3141
20285	San Miguel Tlacamama	Oaxaca	16.2500223	-98.0347581	3668
20286	San Miguel Tlacotepec	Oaxaca	17.2713047	-98.0026060	3100
20287	San Miguel Tulancingo	Oaxaca	17.4504465	-97.2629439	307
20288	San Miguel Yotao	Oaxaca	17.2213672	-96.2014047	585
20289	San Nicolás	Oaxaca	16.2457440	-96.4426966	1214
20290	San Nicolás Hidalgo	Oaxaca	17.4658510	-98.0833300	1043
20291	San Pablo Coatlán	Oaxaca	16.1326319	-96.4658796	4308
20292	San Pablo Cuatro Venados	Oaxaca	16.5857747	-96.5327995	1510
20293	San Pablo Etla	Oaxaca	17.0843820	-96.4552164	17116
20294	San Pablo Huitzo	Oaxaca	17.1638522	-96.5304184	7035
20295	San Pablo Huixtepec	Oaxaca	16.4936251	-96.4651618	10020
20296	San Pablo Macuiltianguis	Oaxaca	17.3203446	-96.3312821	955
20297	San Pablo Tijaltepec	Oaxaca	17.0103569	-97.2959865	2751
20298	San Pablo Villa de Mitla	Oaxaca	16.5518695	-96.2143757	13587
20299	San Pablo Yaganiza	Oaxaca	17.0845897	-96.1346469	1125
20300	San Pedro Amuzgos	Oaxaca	16.3914055	-98.0523737	6632
20301	San Pedro Apóstol	Oaxaca	16.4406526	-96.4333720	1594
20302	San Pedro Atoyac	Oaxaca	16.2920704	-97.5913118	4559
20303	San Pedro Cajonos	Oaxaca	17.1007214	-96.1538301	1081
20304	San Pedro Coxcaltepec Cántaros	Oaxaca	17.2955858	-97.0808928	716
20305	San Pedro Comitancillo	Oaxaca	16.2925093	-95.0935560	4333
20306	San Pedro el Alto	Oaxaca	16.0201016	-96.2825401	4654
20307	San Pedro Huamelula	Oaxaca	16.0144515	-95.4007881	9735
20308	San Pedro Huilotepec	Oaxaca	16.1437166	-95.0910564	3307
20309	San Pedro Ixcatlán	Oaxaca	18.0844377	-96.3038240	10368
20310	San Pedro Ixtlahuaca	Oaxaca	17.0347794	-96.4912339	14552
20311	San Pedro Jaltepetongo	Oaxaca	17.4116259	-97.0205785	483
20312	San Pedro Jicayán	Oaxaca	16.2707871	-98.0054715	11279
20313	San Pedro Jocotipac	Oaxaca	17.4606816	-97.0448704	730
20314	San Pedro Juchatengo	Oaxaca	16.2027428	-97.0514357	1755
20315	San Pedro Mártir	Oaxaca	16.4440162	-96.4243985	1899
20316	San Pedro Mártir Quiechapa	Oaxaca	16.2454817	-96.1451139	738
20317	San Pedro Mártir Yucuxaco	Oaxaca	17.2557462	-97.3636273	1257
20318	San Pedro Mixtepec	Oaxaca	15.5857517	-97.0501795	49780
20319	San Pedro Mixtepec	Oaxaca	16.1618475	-96.1658072	972
20320	San Pedro Molinos	Oaxaca	17.0616702	-97.3228048	706
20321	San Pedro Nopala	Oaxaca	17.4822658	-97.3228704	751
20322	San Pedro Ocopetatillo	Oaxaca	18.1105770	-96.5447352	786
20323	San Pedro Ocotepec	Oaxaca	16.5719507	-95.5048304	2404
20324	San Pedro Pochutla	Oaxaca	15.4446827	-96.2754829	48204
20325	San Pedro Quiatoni	Oaxaca	16.4659519	-96.0153584	11930
20326	San Pedro Sochiápam	Oaxaca	17.4930506	-96.3951841	5052
20327	San Pedro Tapanatepec	Oaxaca	16.2202095	-94.1137854	15479
20328	San Pedro Taviche	Oaxaca	16.3816255	-96.3215352	1441
20329	San Pedro Teozacoalco	Oaxaca	17.0101654	-97.1709953	1153
20330	San Pedro Teutila	Oaxaca	17.5837302	-96.4220417	4296
20331	San Pedro Tidaá	Oaxaca	17.2026751	-97.2238182	982
20332	San Pedro Topiltepec	Oaxaca	17.2613924	-97.2037364	373
20333	San Pedro Totolápam	Oaxaca	16.3959200	-96.1806865	3294
20334	Villa de Tututepec	Oaxaca	16.0747621	-97.3630749	50541
20335	San Pedro Yaneri	Oaxaca	17.2509681	-96.2116454	867
20336	San Pedro Yólox	Oaxaca	17.3518369	-96.3305672	1697
20337	San Pedro y San Pablo Ayutla	Oaxaca	17.0137743	-96.0437494	5616
20338	Villa de Etla	Oaxaca	17.1227101	-96.4802086	10361
20339	San Pedro y San Pablo Teposcolula	Oaxaca	17.3043451	-97.2917479	4353
20340	San Pedro y San Pablo Tequixtepec	Oaxaca	18.0338362	-97.4304246	1747
20341	San Pedro Yucunama	Oaxaca	17.3339615	-97.2857328	241
20342	San Raymundo Jalpan	Oaxaca	16.5813427	-96.4519792	4105
20343	San Sebastián Abasolo	Oaxaca	16.5940830	-96.3519893	1999
20344	San Sebastián Coatlán	Oaxaca	16.1204531	-96.4939141	2809
20345	San Sebastián Ixcapa	Oaxaca	16.3237202	-98.0840154	4188
20346	San Sebastián Nicananduta	Oaxaca	17.3104429	-97.4059766	1542
20347	San Sebastián Río Hondo	Oaxaca	16.1058190	-96.2750618	4202
20348	San Sebastián Tecomaxtlahuaca	Oaxaca	17.2045083	-98.0152226	8192
20349	San Sebastián Teitipac	Oaxaca	16.5705129	-96.3650468	2189
20350	San Sebastián Tutla	Oaxaca	17.0330514	-96.4019633	16878
20351	San Simón Almolongas	Oaxaca	16.2426667	-96.4310820	2802
20352	San Simón Zahuatlán	Oaxaca	17.4943872	-98.0016302	4940
20353	Santa Ana	Oaxaca	16.2026297	-96.4303396	2406
20354	Santa Ana Ateixtlahuaca	Oaxaca	18.1238082	-96.5422979	477
20355	Santa Ana Cuauhtémoc	Oaxaca	17.5901828	-96.4740914	681
20356	Santa Ana del Valle	Oaxaca	16.5941377	-96.2818029	2179
20357	Santa Ana Tavela	Oaxaca	16.3916739	-95.5441643	848
20358	Santa Ana Tlapacoyan	Oaxaca	16.4438412	-96.5013502	1958
20359	Santa Ana Yareni	Oaxaca	17.2352036	-96.3638806	637
20360	Santa Ana Zegache	Oaxaca	16.5016351	-96.4333380	3981
20361	Santa Catalina Quierí	Oaxaca	16.1919924	-96.1557089	825
20362	Santa Catarina Cuixtla	Oaxaca	16.1815824	-96.3841078	1495
20363	Santa Catarina Ixtepeji	Oaxaca	17.1555976	-96.3342117	2675
20364	Santa Catarina Juquila	Oaxaca	16.1413234	-97.1732902	18654
20365	Santa Catarina Lachatao	Oaxaca	17.1606411	-96.2822563	1059
20366	Santa Catarina Loxicha	Oaxaca	16.0410216	-96.4517516	3676
20367	Santa Catarina Mechoacán	Oaxaca	16.2003961	-97.5009693	4582
20368	Santa Catarina Minas	Oaxaca	16.4645083	-96.3655642	2067
20369	Santa Catarina Quiané	Oaxaca	16.5249102	-96.4426691	2193
20370	Santa Catarina Tayata	Oaxaca	17.2052097	-97.3330164	662
20371	Santa Catarina Ticuá	Oaxaca	17.0416449	-97.3205491	986
20372	Santa Catarina Yosonotú	Oaxaca	17.0113979	-97.3943660	1316
20373	Santa Catarina Zapoquila	Oaxaca	18.0352407	-97.3605959	403
20374	Santa Cruz Acatepec	Oaxaca	18.0949542	-96.5231149	1645
20375	Santa Cruz Amilpas	Oaxaca	17.0331320	-96.4102462	13200
20376	Santa Cruz de Bravo	Oaxaca	17.3452946	-98.1326361	365
20377	Santa Cruz Itundujia	Oaxaca	16.5229749	-97.3937985	10860
20378	Santa Cruz Mixtepec	Oaxaca	16.4732794	-96.5256666	3720
20379	Santa Cruz Nundaco	Oaxaca	17.1026901	-97.4323474	2951
20380	Santa Cruz Papalutla	Oaxaca	16.5734159	-96.3505681	2242
20381	Santa Cruz Tacache de Mina	Oaxaca	17.4939581	-98.0902835	2940
20382	Santa Cruz Tacahua	Oaxaca	16.5508044	-97.2931797	1182
20383	Santa Cruz Tayata	Oaxaca	17.2127968	-97.3406942	595
20384	Santa Cruz Xitla	Oaxaca	16.1920772	-96.4023264	4794
20385	Santa Cruz Xoxocotlán	Oaxaca	17.0138213	-96.4403689	100402
20386	Santa Cruz Zenzontepec	Oaxaca	16.3206472	-97.2942284	19079
20387	Santa Gertrudis	Oaxaca	16.4711741	-96.4749961	2891
20388	Santa Inés del Monte	Oaxaca	16.5532760	-96.5142073	2809
20389	Santa Inés Yatzeche	Oaxaca	16.4831224	-96.4522767	908
20390	Santa Lucía del Camino	Oaxaca	17.0350825	-96.4140838	50362
20391	Santa Lucía Miahuatlán	Oaxaca	16.1111303	-96.3705560	3375
20392	Santa Lucía Monteverde	Oaxaca	16.5816648	-97.3958690	6726
20393	Santa Lucía Ocotlán	Oaxaca	16.4431884	-96.4049426	4173
20394	Santa María Alotepec	Oaxaca	17.0531544	-95.5116458	2796
20395	Santa María Apazco	Oaxaca	17.3804500	-97.0601393	1629
20396	Santa María la Asunción	Oaxaca	18.0629607	-96.4909715	3259
20397	Heroica Ciudad de Tlaxiaco	Oaxaca	17.1602891	-97.4049770	40123
20398	Ayoquezco de Aldama	Oaxaca	16.4108396	-96.5035212	4874
20399	Santa María Atzompa	Oaxaca	17.0610316	-96.4645340	41921
20400	Santa María Camotlán	Oaxaca	17.5358418	-97.4136168	1713
20401	Santa María Colotepec	Oaxaca	15.5352052	-96.5618920	27046
20402	Santa María Cortijo	Oaxaca	16.2702889	-98.1708579	1067
20403	Santa María Coyotepec	Oaxaca	16.5801778	-96.4224251	3751
20404	Santa María Chachoápam	Oaxaca	17.3130560	-97.1700618	761
20405	Villa de Chilapa de Díaz	Oaxaca	17.3517984	-97.3754884	1815
20406	Santa María Chilchotla	Oaxaca	18.1403265	-96.4949946	21469
20407	Santa María Chimalapa	Oaxaca	16.5435712	-94.4058880	9578
20408	Santa María del Rosario	Oaxaca	17.2106341	-97.3537753	499
20409	Santa María del Tule	Oaxaca	17.0248126	-96.3811732	8939
20410	Santa María Ecatepec	Oaxaca	16.1703057	-95.5252069	3418
20411	Santa María Guelacé	Oaxaca	17.0003156	-96.3610188	908
20412	Santa María Guienagati	Oaxaca	16.4416738	-95.2116149	3178
20413	Santa María Huatulco	Oaxaca	15.5010001	-96.1919535	50862
20414	Santa María Huazolotitlán	Oaxaca	16.1808000	-97.5446300	11995
20415	Santa María Ipalapa	Oaxaca	16.3810387	-98.0201766	4878
20416	Santa María Ixcatlán	Oaxaca	17.5105735	-97.1125735	461
20417	Santa María Jacatepec	Oaxaca	17.5136478	-96.1240768	9682
20418	Santa María Jalapa del Marqués	Oaxaca	16.2624235	-95.2636161	11735
20419	Santa María Jaltianguis	Oaxaca	17.2156206	-96.3141777	592
20420	Santa María Lachixío	Oaxaca	16.4339922	-97.0109159	1679
20421	Santa María Mixtequilla	Oaxaca	16.2225350	-95.1537704	4690
20422	Santa María Nativitas	Oaxaca	17.3941380	-97.2005234	603
20423	Santa María Nduayaco	Oaxaca	17.2441432	-97.2946814	453
20424	Santa María Ozolotepec	Oaxaca	16.0751027	-96.2212240	3793
20425	Santa María Pápalo	Oaxaca	17.4702976	-96.4750483	2058
20426	Santa María Peñoles	Oaxaca	17.0444094	-97.0008804	8967
20427	Santa María Petapa	Oaxaca	16.4920745	-95.0712139	16706
20428	Santa María Quiegolani	Oaxaca	16.1637968	-96.0307211	2224
20429	Santa María Sola	Oaxaca	16.3400297	-97.0047210	1516
20430	Santa María Tataltepec	Oaxaca	17.0832852	-97.2342416	317
20431	Santa María Tecomavaca	Oaxaca	17.5722526	-97.0127974	1830
20432	Santa María Temaxcalapa	Oaxaca	17.2251958	-96.0944920	903
20433	Santa María Temaxcaltepec	Oaxaca	16.0947192	-97.1140758	2694
20434	Santa María Teopoxco	Oaxaca	18.0959973	-96.5718501	3985
20435	Santa María Tepantlali	Oaxaca	16.5951047	-96.0036433	3576
20436	Santa María Texcatitlán	Oaxaca	17.4246458	-97.0400082	896
20437	Santa María Tlahuitoltepec	Oaxaca	17.0551133	-96.0347708	9653
20438	Santa María Tlalixtac	Oaxaca	17.5706038	-96.4417071	1839
20439	Santa María Tonameca	Oaxaca	15.4449702	-96.3243315	25347
20440	Santa María Totolapilla	Oaxaca	16.3611622	-95.3731637	812
20441	Santa María Xadani	Oaxaca	16.2137083	-95.0111461	9234
20442	Santa María Yalina	Oaxaca	17.1425695	-96.1546013	250
20443	Santa María Yavesía	Oaxaca	17.1403175	-96.2546256	434
20444	Santa María Yolotepec	Oaxaca	16.5236497	-97.3019181	481
20445	Santa María Yosoyúa	Oaxaca	17.0712669	-97.3053252	1699
20446	Santa María Yucuhiti	Oaxaca	17.0105494	-97.4610232	6008
20447	Santa María Zacatepec	Oaxaca	16.4550020	-97.5923559	17100
20448	Santa María Zaniza	Oaxaca	16.3918351	-97.2018757	2469
20449	Santa María Zoquitlán	Oaxaca	16.3330095	-96.2110336	3294
20450	Santiago Amoltepec	Oaxaca	16.3827260	-97.2941290	13855
20451	Santiago Apoala	Oaxaca	17.3854969	-97.0813003	1019
20452	Santiago Apóstol	Oaxaca	16.4815347	-96.4320690	4421
20453	Santiago Astata	Oaxaca	15.5915472	-95.4033116	3918
20454	Santiago Atitlán	Oaxaca	17.0614304	-95.5644869	3556
20455	Santiago Ayuquililla	Oaxaca	17.5606381	-97.5729744	2904
20456	Santiago Cacaloxtepec	Oaxaca	17.4312857	-97.4425751	1667
20457	Santiago Camotlán	Oaxaca	17.2646561	-96.1104762	3346
20458	Santiago Comaltepec	Oaxaca	17.3350852	-96.3252127	1157
20459	Villa de Santiago Chazumba	Oaxaca	18.1119566	-97.4049943	4877
20460	Santiago Choápam	Oaxaca	17.2138203	-95.5521444	5242
20461	Santiago del Río	Oaxaca	17.2721511	-98.0518745	527
20462	Santiago Huajolotitlán	Oaxaca	17.4935939	-97.4354361	4600
20463	Santiago Huauclilla	Oaxaca	17.2703027	-97.0417498	525
20464	Santiago Ihuitlán Plumas	Oaxaca	17.5054508	-97.2547075	341
20465	Santiago Ixcuintepec	Oaxaca	16.5605302	-95.3723180	1636
20466	Santiago Ixtayutla	Oaxaca	16.3354023	-97.3907088	13880
20467	Santiago Jamiltepec	Oaxaca	16.1646050	-97.4910856	19112
20468	Santiago Jocotepec	Oaxaca	17.3208447	-95.5639898	14198
20469	Santiago Juxtlahuaca	Oaxaca	17.2007045	-98.0044818	34735
20470	Santiago Lachiguiri	Oaxaca	16.4111251	-95.3157570	4394
20471	Santiago Lalopa	Oaxaca	17.2504654	-96.1454932	431
20472	Santiago Laollaga	Oaxaca	16.3505592	-95.1216485	3361
20473	Santiago Laxopa	Oaxaca	17.1311127	-96.1848227	1291
20474	Santiago Llano Grande	Oaxaca	16.2921935	-98.1722807	3440
20475	Santiago Matatlán	Oaxaca	16.5157958	-96.2300324	10175
20476	Santiago Miltepec	Oaxaca	17.5905040	-97.4121439	421
20477	Santiago Minas	Oaxaca	16.2534260	-97.1341352	1327
20478	Santiago Nacaltepec	Oaxaca	17.3019707	-96.5459384	1599
20479	Santiago Nejapilla	Oaxaca	17.2513022	-97.2221419	174
20480	Santiago Nundiche	Oaxaca	17.1954452	-97.4024594	1351
20481	Santiago Nuyoó	Oaxaca	17.0054621	-97.4559541	1898
20482	Santiago Pinotepa Nacional	Oaxaca	16.2020433	-98.0301251	55840
20483	Santiago Suchilquitongo	Oaxaca	17.1449653	-96.5225270	10886
20484	Santiago Tamazola	Oaxaca	17.4009512	-98.1314881	4458
20485	Santiago Tapextla	Oaxaca	16.2027492	-98.2650907	3134
20486	Villa Tejúpam de la Unión	Oaxaca	17.4001515	-97.2824675	2419
20487	Santiago Tenango	Oaxaca	17.1929714	-97.0014773	1966
20488	Santiago Tepetlapa	Oaxaca	17.4657345	-97.2405530	130
20489	Santiago Tetepec	Oaxaca	16.1920175	-97.4453714	4909
20490	Santiago Texcalcingo	Oaxaca	18.1229504	-96.5807569	2974
20491	Santiago Textitlán	Oaxaca	16.4133808	-97.1537153	4930
20492	Santiago Tilantongo	Oaxaca	17.1659078	-97.2023293	2764
20493	Santiago Tillo	Oaxaca	17.2737026	-97.1911004	545
20494	Santiago Tlazoyaltepec	Oaxaca	17.0136847	-96.5943783	6300
20495	Santiago Xanica	Oaxaca	16.0034088	-96.1329734	3029
20496	Santiago Xiacuí	Oaxaca	17.1735231	-96.2553861	1893
20497	Santiago Yaitepec	Oaxaca	16.1332056	-97.1609695	4233
20498	Santiago Yaveo	Oaxaca	17.2008982	-95.4202490	7593
20499	Santiago Yolomécatl	Oaxaca	17.2815358	-97.3411101	1922
20500	Santiago Yosondúa	Oaxaca	16.5224158	-97.3435792	7991
20501	Santiago Yucuyachi	Oaxaca	17.3629525	-98.1147058	998
20502	Santiago Zacatepec	Oaxaca	17.0933823	-95.5453864	5089
20503	Santiago Zoochila	Oaxaca	17.1314038	-96.1431699	425
20504	Nuevo Zoquiápam	Oaxaca	17.1728758	-96.3711943	1590
20505	Santo Domingo Ingenio	Oaxaca	16.3518572	-94.4607068	7681
20506	Santo Domingo Albarradas	Oaxaca	17.0404957	-96.1200338	798
20507	Santo Domingo Armenta	Oaxaca	16.1958700	-98.2241348	3155
20508	Santo Domingo Chihuitán	Oaxaca	16.3530790	-95.0944530	1618
20509	Santo Domingo de Morelos	Oaxaca	15.4958816	-96.4005075	11384
20510	Santo Domingo Ixcatlán	Oaxaca	16.5450136	-97.3154961	760
20511	Santo Domingo Nuxaá	Oaxaca	17.1318830	-97.0714556	3335
20512	Santo Domingo Ozolotepec	Oaxaca	16.0903125	-96.1837438	1101
20513	Santo Domingo Petapa	Oaxaca	16.4914409	-95.0825521	9027
20514	Santo Domingo Roayaga	Oaxaca	17.2015470	-96.0652462	941
20515	Santo Domingo Tehuantepec	Oaxaca	16.1955410	-95.1355377	67739
20516	Santo Domingo Teojomulco	Oaxaca	16.3521850	-97.1334275	5260
20517	Santo Domingo Tepuxtepec	Oaxaca	16.5724794	-96.0319463	6029
20518	Santo Domingo Tlatayápam	Oaxaca	17.2426884	-97.2049283	113
20519	Santo Domingo Tomaltepec	Oaxaca	17.0337511	-96.3727687	3386
20520	Santo Domingo Tonalá	Oaxaca	17.4028602	-97.5750156	7393
20521	Santo Domingo Tonaltepec	Oaxaca	17.3639086	-97.2136296	250
20522	Santo Domingo Xagacía	Oaxaca	17.0919953	-96.1604661	1205
20523	Santo Domingo Yanhuitlán	Oaxaca	17.3140954	-97.2032314	1633
20524	Santo Domingo Yodohino	Oaxaca	17.3700791	-97.4058880	327
20525	Santo Domingo Zanatepec	Oaxaca	16.2858093	-94.2114052	12483
20526	Santos Reyes Nopala	Oaxaca	16.0624352	-97.0840009	16688
20527	Santos Reyes Pápalo	Oaxaca	17.4816764	-96.5139160	2490
20528	Santos Reyes Tepejillo	Oaxaca	17.2615921	-97.5617961	904
20529	Santos Reyes Yucuná	Oaxaca	17.4639867	-98.0016296	1474
20530	Santo Tomás Jalieza	Oaxaca	16.5039762	-96.4015719	3923
20531	Santo Tomás Mazaltepec	Oaxaca	17.1024696	-96.5217520	2612
20532	Santo Tomás Ocotepec	Oaxaca	17.0842916	-97.4544285	4066
20533	Santo Tomás Tamazulapan	Oaxaca	16.1619324	-96.3508984	2726
20534	San Vicente Coatlán	Oaxaca	16.2312788	-96.5041835	3512
20535	San Vicente Lachixío	Oaxaca	16.4215636	-97.0110304	3227
20536	San Vicente Nuñú	Oaxaca	17.2724339	-97.2632221	449
20537	Silacayoápam	Oaxaca	17.3005210	-98.0833307	6710
20538	Sitio de Xitlapehua	Oaxaca	16.2103730	-96.3157371	713
20539	Soledad Etla	Oaxaca	17.1018063	-96.4914725	6348
20540	Villa de Tamazulápam del Progreso	Oaxaca	17.4023026	-97.3422253	8326
20541	Tanetze de Zaragoza	Oaxaca	17.2236239	-96.1808050	1558
20542	Taniche	Oaxaca	16.3401072	-96.4512893	887
20543	Tataltepec de Valdés	Oaxaca	16.1823063	-97.3245850	6386
20544	Teococuilco de Marcos Pérez	Oaxaca	17.2107161	-96.3653800	1032
20545	Teotitlán de Flores Magón	Oaxaca	18.0756404	-97.0414535	10099
20546	Teotitlán del Valle	Oaxaca	17.0146486	-96.3108215	6392
20547	Teotongo	Oaxaca	17.4334764	-97.3212165	1005
20548	Tepelmeme Villa de Morelos	Oaxaca	17.5229302	-97.2143913	1960
20549	Heroica Villa Tezoatlán de Segura y Luna, Cuna de la Independencia de Oaxaca	Oaxaca	17.3916079	-97.4830016	11465
20550	San Jerónimo Tlacochahuaya	Oaxaca	17.0031921	-96.3451865	5764
20551	Tlacolula de Matamoros	Oaxaca	16.5720246	-96.2845174	30254
20552	Tlacotepec Plumas	Oaxaca	17.5102798	-97.2558185	410
20553	Tlalixtac de Cabrera	Oaxaca	17.0428144	-96.3854301	12067
20554	Totontepec Villa de Morelos	Oaxaca	17.1531082	-96.0138477	5904
20555	Trinidad Zaachila	Oaxaca	16.5516418	-96.4555236	3419
20556	La Trinidad Vista Hermosa	Oaxaca	17.4621469	-97.3020705	306
20557	Unión Hidalgo	Oaxaca	16.2822166	-94.4944180	14542
20558	Valerio Trujano	Oaxaca	17.4618172	-96.5848795	1376
20559	San Juan Bautista Valle Nacional	Oaxaca	17.4629832	-96.1814561	23067
20560	Villa Díaz Ordaz	Oaxaca	16.5954773	-96.2557133	6467
20561	Yaxe	Oaxaca	16.4330456	-96.2820923	2954
20562	Magdalena Yodocono de Porfirio Díaz	Oaxaca	17.2306338	-97.2117914	1682
20563	Yogana	Oaxaca	16.2740370	-96.4718796	1245
20564	Yutanduchi de Guerrero	Oaxaca	17.0222039	-97.1750996	1195
20565	Villa de Zaachila	Oaxaca	16.5702584	-96.4502118	46464
20566	San Mateo Yucutindoo	Oaxaca	16.5234931	-97.1419959	3144
20567	Zapotitlán Lagunas	Oaxaca	17.4519713	-98.2322469	3382
20568	Zapotitlán Palmas	Oaxaca	17.5323506	-97.4905333	1695
20569	Santa Inés de Zaragoza	Oaxaca	17.1342605	-97.0933206	1454
20570	Zimatlán de Álvarez	Oaxaca	16.5200070	-96.4708279	22093
21001	Acajete	Puebla	19.0617785	-97.5709774	72894
21002	Acateno	Puebla	20.0747659	-97.1237453	9170
21003	Acatlán	Puebla	18.1208285	-98.0254981	37955
21004	Acatzingo	Puebla	18.5846038	-97.4707655	63743
21005	Acteopan	Puebla	18.4554073	-98.4255049	3070
21006	Ahuacatlán	Puebla	20.0019678	-97.5138516	14542
21007	Ahuatlán	Puebla	18.3422840	-98.1518828	3162
21008	Ahuazotepec	Puebla	20.0245768	-98.0944451	11439
21009	Ahuehuetitla	Puebla	18.1238763	-98.1316879	2207
21010	Ajalpan	Puebla	18.2239132	-97.1529896	74768
21011	Albino Zertuche	Puebla	18.0102198	-98.3224572	1885
21012	Aljojuca	Puebla	19.0601463	-97.3152807	6591
21013	Altepexi	Puebla	18.2200361	-97.1757047	22629
21014	Amixtlán	Puebla	20.0257973	-97.4756101	4812
21015	Amozoc	Puebla	19.0240606	-98.0241701	125876
21016	Aquixtla	Puebla	19.4748080	-97.5611903	9021
21017	Atempan	Puebla	19.5023640	-97.2733403	29742
21018	Atexcal	Puebla	18.2354063	-97.4412541	3859
21019	Atlixco	Puebla	18.5431854	-98.2603003	141793
21020	Atoyatempan	Puebla	18.4921241	-97.5449499	7704
21021	Atzala	Puebla	18.3241352	-98.3315393	1512
21022	Atzitzihuacán	Puebla	18.4925362	-98.3457510	12857
21023	Atzitzintla	Puebla	18.5350575	-97.1938596	9051
21024	Axutla	Puebla	18.1118794	-98.2321852	976
21025	Ayotoxco de Guerrero	Puebla	20.0549774	-97.2437885	8208
21026	Calpan	Puebla	19.0628577	-98.2733261	15271
21027	Caltepec	Puebla	18.1056308	-97.2845734	4128
21028	Camocuautla	Puebla	20.0218556	-97.4527817	2758
21029	Caxhuacan	Puebla	20.0350249	-97.3623822	3811
21030	Coatepec	Puebla	20.0343722	-97.4356158	772
21031	Coatzingo	Puebla	18.3654516	-98.1027179	2820
21032	Cohetzala	Puebla	18.1223111	-98.4821199	1382
21033	Cohuecan	Puebla	18.4659538	-98.4313760	5403
21034	Coronango	Puebla	19.0751968	-98.1829065	46836
21035	Coxcatlán	Puebla	18.1559519	-97.0849607	20653
21036	Coyomeapan	Puebla	18.1701493	-96.5933001	14806
21037	Coyotepec	Puebla	18.2415897	-97.4950808	2334
21038	Cuapiaxtla de Madero	Puebla	18.5500744	-97.4931071	10542
21039	Cuautempan	Puebla	19.5445498	-97.4746468	9837
21040	Cuautinchán	Puebla	18.5720571	-98.0057515	12340
21041	Cuautlancingo	Puebla	19.0521649	-98.1623916	137435
21042	Cuayuca de Andrade	Puebla	18.2911993	-98.1101912	3315
21043	Cuetzalan del Progreso	Puebla	20.0106673	-97.3114774	49864
21044	Cuyoaco	Puebla	19.3619215	-97.3718665	17139
21045	Chalchicomula de Sesma	Puebla	18.5917736	-97.2654585	47410
21046	Chapulco	Puebla	18.3713757	-97.2440202	8193
21047	Chiautla	Puebla	18.1758744	-98.3610012	21699
21048	Chiautzingo	Puebla	19.1210492	-98.2805733	22039
21049	Chiconcuautla	Puebla	20.0541163	-97.5622652	17382
21050	Chichiquila	Puebla	19.1200927	-97.0403756	26928
21051	Chietla	Puebla	18.3109713	-98.3442069	37030
21052	Chigmecatitlán	Puebla	18.3844038	-98.0432236	1215
21053	Chignahuapan	Puebla	19.5017604	-98.0151511	66464
21054	Chignautla	Puebla	19.4850083	-97.2322523	35223
21055	Chila	Puebla	17.5812057	-97.5141977	5082
21056	Chila de la Sal	Puebla	18.0632760	-98.2903560	1317
21057	Honey	Puebla	20.1421169	-98.1243695	6687
21058	Chilchotla	Puebla	19.1518727	-97.1102016	21002
21059	Chinantla	Puebla	18.1201808	-98.1547390	2846
21060	Domingo Arenas	Puebla	19.0831303	-98.2727033	7982
21061	Eloxochitlán	Puebla	18.2956209	-96.5717414	14461
21062	Epatlán	Puebla	18.3830432	-98.2214840	4943
21063	Esperanza	Puebla	18.5130085	-97.2230455	14766
21064	Francisco Z. Mena	Puebla	20.4401299	-97.5107695	17824
21065	General Felipe Ángeles	Puebla	18.5936267	-97.4231659	22694
21066	Guadalupe	Puebla	18.0529282	-98.0713517	6451
21067	Guadalupe Victoria	Puebla	19.1723231	-97.2033704	18784
21068	Hermenegildo Galeana	Puebla	20.0718241	-97.4440635	7011
21069	Huaquechula	Puebla	18.4614548	-98.3229515	29233
21070	Huatlatlauca	Puebla	18.4043588	-98.0302779	6111
21071	Huauchinango	Puebla	20.1028912	-98.0304824	103946
21072	Huehuetla	Puebla	20.0614895	-97.3729639	17082
21073	Huehuetlán el Chico	Puebla	18.2223401	-98.4116613	9760
21074	Huejotzingo	Puebla	19.0932379	-98.2429272	90794
21075	Hueyapan	Puebla	19.5257209	-97.2645106	13080
21076	Hueytamalco	Puebla	19.5622124	-97.1720547	27600
21077	Hueytlalpan	Puebla	20.0132640	-97.4155242	5951
21078	Huitzilan de Serdán	Puebla	19.5758364	-97.4137173	15928
21079	Huitziltepec	Puebla	18.4609896	-97.5251000	5782
21080	Atlequizayan	Puebla	20.0050427	-97.3726710	2633
21081	Ixcamilpa de Guerrero	Puebla	18.0137356	-98.4147663	4065
21082	Ixcaquixtla	Puebla	18.2736344	-97.4956451	8804
21083	Ixtacamaxtitlán	Puebla	19.3724972	-97.4859653	25319
21084	Ixtepec	Puebla	20.0129772	-97.3848406	6950
21085	Izúcar de Matamoros	Puebla	18.3608032	-98.2755463	82809
21086	Jalpan	Puebla	20.2848347	-97.5633473	12050
21087	Jolalpan	Puebla	18.1913860	-98.5039471	13308
21088	Jonotla	Puebla	20.0149369	-97.3429657	4457
21089	Jopala	Puebla	20.0946081	-97.4134512	12131
21090	Juan C. Bonilla	Puebla	19.0638502	-98.1944520	23783
21091	Juan Galindo	Puebla	20.1243499	-98.0007711	9828
21092	Juan N. Méndez	Puebla	18.3224016	-97.4620244	5293
21093	Lafragua	Puebla	19.1747917	-97.1756356	7650
21094	Libres	Puebla	19.2753037	-97.4115814	37257
21095	La Magdalena Tlatlauquitepec	Puebla	18.4530672	-98.0602522	650
21096	Mazapiltepec de Juárez	Puebla	19.0709351	-97.4212605	3176
21097	Mixtla	Puebla	18.5411090	-97.5343754	2668
21098	Molcaxac	Puebla	18.4416445	-97.5442694	6668
21099	Cañada Morelos	Puebla	18.4413178	-97.2519545	20659
21100	Naupan	Puebla	20.1342499	-98.0635039	9310
21101	Nauzontla	Puebla	19.5732536	-97.3611231	3317
21102	Nealtican	Puebla	19.0303408	-98.2539829	14075
21103	Nicolás Bravo	Puebla	18.3647604	-97.1820372	6644
21104	Nopalucan	Puebla	19.1257705	-97.4924736	32772
21105	Ocotepec	Puebla	19.3319793	-97.3857183	5077
21106	Ocoyucan	Puebla	18.5836744	-98.1809167	42669
21107	Olintla	Puebla	20.0606400	-97.4105055	11993
21108	Oriental	Puebla	19.2232889	-97.3709663	19903
21109	Pahuatlán	Puebla	20.1632614	-98.0859677	20274
21110	Palmar de Bravo	Puebla	18.5009335	-97.3251024	50226
21111	Pantepec	Puebla	20.3118551	-97.5618567	18528
21112	Petlalcingo	Puebla	18.0455925	-97.5504253	9350
21113	Piaxtla	Puebla	18.1155522	-98.1536521	4627
21114	Puebla	Puebla	19.0238363	-98.1150981	1692181
21115	Quecholac	Puebla	18.5718228	-97.3937615	57992
21116	Quimixtlán	Puebla	19.1511742	-97.0808439	22855
21117	Rafael Lara Grajales	Puebla	19.1331383	-97.4816383	15952
21118	Los Reyes de Juárez	Puebla	18.5648438	-97.4847173	30021
21119	San Andrés Cholula	Puebla	19.0303398	-98.1802360	154448
21120	San Antonio Cañada	Puebla	18.2950418	-97.1724005	5938
21121	San Diego la Mesa Tochimiltzingo	Puebla	18.4834512	-98.1953051	1270
21122	San Felipe Teotlalcingo	Puebla	19.1408609	-98.2943637	11063
21123	San Felipe Tepatlán	Puebla	20.0528808	-97.4746203	3793
21124	San Gabriel Chilac	Puebla	18.1934584	-97.2052734	15954
21125	San Gregorio Atzompa	Puebla	19.0136069	-98.2044756	9671
21126	San Jerónimo Tecuanipan	Puebla	19.0051883	-98.2403445	6597
21127	San Jerónimo Xayacatlán	Puebla	18.1316570	-97.5451614	3606
21128	San José Chiapa	Puebla	19.1431454	-97.4607800	10443
21129	San José Miahuatlán	Puebla	18.1724858	-97.1715558	14018
21130	San Juan Atenco	Puebla	19.0523942	-97.3227037	3604
21131	San Juan Atzompa	Puebla	18.4445937	-98.0127534	975
21132	San Martín Texmelucan	Puebla	19.1658469	-98.2607856	155738
21133	San Martín Totoltepec	Puebla	18.3857132	-98.2047043	692
21134	San Matías Tlalancaleca	Puebla	19.1927938	-98.2953388	20974
21135	San Miguel Ixitlán	Puebla	17.5958265	-97.4624327	526
21136	San Miguel Xoxtla	Puebla	19.1005890	-98.1834916	12461
21137	San Nicolás Buenos Aires	Puebla	19.0942828	-97.3254283	10464
21138	San Nicolás de los Ranchos	Puebla	19.0421321	-98.2908509	11780
21139	San Pablo Anicano	Puebla	18.0728036	-98.0502517	3759
21140	San Pedro Cholula	Puebla	19.0344943	-98.1827021	138433
21141	San Pedro Yeloixtlahuaca	Puebla	18.0701578	-98.0441157	3488
21142	San Salvador el Seco	Puebla	19.0805083	-97.3833899	30639
21143	San Salvador el Verde	Puebla	19.1608474	-98.3101797	34880
21144	San Salvador Huixcolotla	Puebla	18.5514195	-97.4618442	16790
21145	San Sebastián Tlacotepec	Puebla	18.2416726	-96.5102197	13189
21146	Santa Catarina Tlaltempan	Puebla	18.3651345	-98.0447640	749
21147	Santa Inés Ahuatempan	Puebla	18.2445784	-98.0103704	6341
21148	Santa Isabel Cholula	Puebla	18.5940468	-98.2245261	11498
21149	Santiago Miahuatlán	Puebla	18.3311359	-97.2630672	30309
21150	Huehuetlán el Grande	Puebla	18.4417900	-98.1004478	6105
21151	Santo Tomás Hueyotlipan	Puebla	18.5327921	-97.5202032	9315
21152	Soltepec	Puebla	19.0709221	-97.4230401	12631
21153	Tecali de Herrera	Puebla	18.5403717	-97.5808890	23625
21154	Tecamachalco	Puebla	18.5304890	-97.4342298	80771
21155	Tecomatlán	Puebla	18.0639457	-98.1851741	6830
21156	Tehuacán	Puebla	18.2743864	-97.2331196	327312
21157	Tehuitzingo	Puebla	18.1954171	-98.1634054	12672
21158	Tenampulco	Puebla	20.1016749	-97.2419488	6743
21159	Teopantlán	Puebla	18.4247734	-98.1544534	3836
21160	Teotlalco	Puebla	18.2810642	-98.4641767	3689
21161	Tepanco de López	Puebla	18.3318247	-97.3341393	22218
21162	Tepango de Rodríguez	Puebla	20.0010125	-97.4746572	4155
21163	Tepatlaxco de Hidalgo	Puebla	19.0438288	-97.5759821	18854
21164	Tepeaca	Puebla	18.5758078	-97.5419564	84270
21165	Tepemaxalco	Puebla	18.4408172	-98.3744598	1216
21166	Tepeojuma	Puebla	18.4320815	-98.2701039	8918
21167	Tepetzintla	Puebla	19.5801509	-97.5027511	10373
21168	Tepexco	Puebla	18.3829879	-98.4125866	7523
21169	Tepexi de Rodríguez	Puebla	18.3451661	-97.5534285	22331
21170	Tepeyahualco	Puebla	19.2931221	-97.2932106	19200
21171	Tepeyahualco de Cuauhtémoc	Puebla	18.4847337	-97.5240903	3851
21172	Tetela de Ocampo	Puebla	19.4900329	-97.4821500	27216
21173	Teteles de Avila Castillo	Puebla	19.5129844	-97.2725749	6653
21174	Teziutlán	Puebla	19.4904766	-97.2139159	103583
21175	Tianguismanalco	Puebla	18.5839932	-98.2653589	14432
21176	Tilapa	Puebla	18.3529692	-98.3323076	9664
21177	Tlacotepec de Benito Juárez	Puebla	18.4057963	-97.3912743	54757
21178	Tlacuilotepec	Puebla	20.1934555	-98.0408073	15977
21179	Tlachichuca	Puebla	19.0656285	-97.2508807	31639
21180	Tlahuapan	Puebla	19.1949813	-98.3456636	41547
21181	Tlaltenango	Puebla	19.1012084	-98.2039539	7425
21182	Tlanepantla	Puebla	18.5155310	-97.5314629	5390
21183	Tlaola	Puebla	20.0813325	-97.5527403	20433
21184	Tlapacoya	Puebla	20.0723343	-97.5104946	6422
21185	Tlapanalá	Puebla	18.4146119	-98.3216060	10344
21186	Tlatlauquitepec	Puebla	19.5104787	-97.2948011	55576
21187	Tlaxco	Puebla	20.2525734	-98.0143117	4934
21188	Tochimilco	Puebla	18.5334528	-98.3419798	19315
21189	Tochtepec	Puebla	18.5024411	-97.4932696	22454
21190	Totoltepec de Guerrero	Puebla	18.1321148	-97.5118484	1187
21191	Tulcingo	Puebla	18.0242489	-98.2628715	9871
21192	Tuzamapan de Galeana	Puebla	20.0356220	-97.3430368	5924
21193	Tzicatlacoyan	Puebla	18.5028419	-98.0253315	6476
21194	Venustiano Carranza	Puebla	20.3017751	-97.4009780	28395
21195	Vicente Guerrero	Puebla	18.3216338	-97.1208842	26559
21196	Xayacatlán de Bravo	Puebla	18.1408075	-97.5831943	1570
21197	Xicotepec	Puebla	20.1633811	-97.5729317	80591
21198	Xicotlán	Puebla	18.0331475	-98.3129818	1312
21199	Xiutetelco	Puebla	19.4745821	-97.1935464	42943
21200	Xochiapulco	Puebla	19.4916387	-97.3931318	3443
21201	Xochiltepec	Puebla	18.3900099	-98.2036541	3375
21202	Xochitlán de Vicente Suárez	Puebla	19.5805972	-97.3748336	13025
21203	Xochitlán Todos Santos	Puebla	18.4219777	-97.4630277	7178
21204	Yaonáhuac	Puebla	19.5215223	-97.2759206	7926
21205	Yehualtepec	Puebla	18.4735848	-97.3946331	26392
21206	Zacapala	Puebla	18.3526232	-98.0355183	4647
21207	Zacapoaxtla	Puebla	19.5222931	-97.3522393	57887
21208	Zacatlán	Puebla	19.5556514	-97.5736880	87361
21209	Zapotitlán	Puebla	18.1946952	-97.2831515	8595
21210	Zapotitlán de Méndez	Puebla	20.0007643	-97.4254285	5675
21211	Zaragoza	Puebla	19.4617166	-97.3320331	16752
21212	Zautla	Puebla	19.4254447	-97.4020389	20717
21213	Zihuateutla	Puebla	20.1458636	-97.5311028	11967
21214	Zinacatepec	Puebla	18.1959766	-97.1443487	18359
21215	Zongozotla	Puebla	19.5843098	-97.4336270	4539
21216	Zoquiapan	Puebla	20.0035418	-97.3544313	2452
21217	Zoquitlán	Puebla	18.2008617	-97.0102132	20335
22001	Amealco de Bonfil	Querétaro	20.1111198	-100.0839102	66841
22002	Pinal de Amoles	Querétaro	21.0807089	-99.3739145	27365
22003	Arroyo Seco	Querétaro	21.3252931	-99.4120999	13142
22004	Cadereyta de Montes	Querétaro	20.4142084	-99.4856279	69075
22005	Colón	Querétaro	20.4717975	-100.0243550	67121
22006	Corregidora	Querétaro	20.3308769	-100.2645179	212567
22007	Ezequiel Montes	Querétaro	20.3955062	-99.5354260	45141
22008	Huimilpan	Querétaro	20.2230882	-100.1627601	36808
22009	Jalpan de Serra	Querétaro	21.1300488	-99.2822479	27343
22010	Landa de Matamoros	Querétaro	21.1100441	-99.1918893	18794
22011	El Marqués	Querétaro	20.3623651	-100.1951948	231668
22012	Pedro Escobedo	Querétaro	20.3008977	-100.0841029	77404
22013	Peñamiller	Querétaro	21.0313073	-99.4852294	19141
22014	Querétaro	Querétaro	20.3536208	-100.2323846	1049777
22015	San Joaquín	Querétaro	20.5457821	-99.3358893	8359
22016	San Juan del Río	Querétaro	20.2311189	-99.5958674	297804
22017	Tequisquiapan	Querétaro	20.3107743	-99.5301824	72201
22018	Tolimán	Querétaro	20.5429337	-99.5550883	27916
23001	Cozumel	Quintana Roo	20.3013623	-86.5727318	88626
23002	Felipe Carrillo Puerto	Quintana Roo	19.3442636	-88.0247712	83990
23003	Isla Mujeres	Quintana Roo	21.1523649	-86.4445930	22686
23004	Othón P. Blanco	Quintana Roo	18.2938002	-88.1752436	233648
23005	Benito Juárez	Quintana Roo	21.0941098	-86.4929320	911503
23006	José María Morelos	Quintana Roo	19.2506376	-88.4944962	39165
23007	Lázaro Cárdenas	Quintana Roo	21.0605036	-87.2914001	29171
23008	Solidaridad	Quintana Roo	20.3741313	-87.0431800	333800
23009	Tulum	Quintana Roo	20.1238796	-87.2747537	46721
23010	Bacalar	Quintana Roo	18.4034128	-88.2321670	41754
23011	Puerto Morelos	Quintana Roo	20.5054429	-86.5234238	26921
24001	Ahualulco	San Luis Potosí	22.2400358	-101.1000632	18974
24002	Alaquines	San Luis Potosí	22.0740419	-99.3601401	7785
24003	Aquismón	San Luis Potosí	21.3716903	-99.0110327	48359
24004	Armadillo de los Infante	San Luis Potosí	22.1436929	-100.3916829	4013
24005	Cárdenas	San Luis Potosí	22.0003256	-99.3833018	18317
24006	Catorce	San Luis Potosí	23.4125618	-100.5310512	9579
24007	Cedral	San Luis Potosí	23.4909594	-100.4335782	19840
24008	Cerritos	San Luis Potosí	22.2539598	-100.1646548	22075
24009	Cerro de San Pedro	San Luis Potosí	22.1304025	-100.4801665	5050
24010	Ciudad del Maíz	San Luis Potosí	22.2359446	-99.3602065	30320
24011	Ciudad Fernández	San Luis Potosí	21.5636643	-100.0039680	48106
24012	Tancanhuitz	San Luis Potosí	21.3550348	-98.5758996	20300
24013	Ciudad Valles	San Luis Potosí	21.5911532	-99.0107396	179371
24014	Coxcatlán	San Luis Potosí	21.3228114	-98.5412490	15660
24015	Charcas	San Luis Potosí	23.0747346	-101.0648068	21814
24016	Ebano	San Luis Potosí	22.1244421	-98.2240092	40899
24017	Guadalcázar	San Luis Potosí	22.3704481	-100.2358458	25119
24018	Huehuetlán	San Luis Potosí	21.3246497	-98.5758876	15334
24019	Lagunillas	San Luis Potosí	21.3509515	-99.3401091	5453
24020	Matehuala	San Luis Potosí	23.3846894	-100.3839112	102199
24021	Mexquitic de Carmona	San Luis Potosí	22.1559616	-101.0646484	58469
24022	Moctezuma	San Luis Potosí	22.4459617	-101.0508014	19036
24023	Rayón	San Luis Potosí	21.5037405	-99.3843135	15301
24024	Rioverde	San Luis Potosí	21.5556561	-99.5934521	97943
24025	Salinas	San Luis Potosí	22.3740854	-101.4256646	31107
24026	San Antonio	San Luis Potosí	21.3712637	-98.5410251	9382
24027	San Ciro de Acosta	San Luis Potosí	21.3900025	-99.4907266	10215
24028	San Luis Potosí	San Luis Potosí	22.0905958	-100.5837049	911908
24029	San Martín Chalchicuautla	San Luis Potosí	21.2210932	-98.3926058	18468
24030	San Nicolás Tolentino	San Luis Potosí	22.1454725	-100.3307473	4779
24031	Santa Catarina	San Luis Potosí	21.3921971	-99.2944498	12163
24032	Santa María del Río	San Luis Potosí	21.4801579	-100.4413592	39880
24033	Santo Domingo	San Luis Potosí	23.1930915	-101.4410691	10785
24034	San Vicente Tancuayalab	San Luis Potosí	21.4253800	-98.3508584	14945
24035	Soledad de Graciano Sánchez	San Luis Potosí	22.1116373	-100.5614187	332072
24036	Tamasopo	San Luis Potosí	21.5526046	-99.2331775	29184
24037	Tamazunchale	San Luis Potosí	21.1545856	-98.4729463	95037
24038	Tampacán	San Luis Potosí	21.2408308	-98.4339633	14348
24039	Tampamolón Corona	San Luis Potosí	21.3337266	-98.4854412	13603
24040	Tamuín	San Luis Potosí	22.0014928	-98.4630579	36968
24041	Tanlajás	San Luis Potosí	21.3956390	-98.5317053	18208
24042	Tanquián de Escobedo	San Luis Potosí	21.3553117	-98.3943425	13448
24043	Tierra Nueva	San Luis Potosí	21.4002841	-100.3426106	7966
24044	Vanegas	San Luis Potosí	23.5302000	-100.5702000	7557
24045	Venado	San Luis Potosí	22.5552838	-101.0540666	14188
24046	Villa de Arriaga	San Luis Potosí	21.5436489	-101.2300133	18206
24047	Villa de Guadalupe	San Luis Potosí	23.2227929	-100.4528430	9277
24048	Villa de la Paz	San Luis Potosí	23.4031265	-100.4247415	5298
24049	Villa de Ramos	San Luis Potosí	22.4951350	-101.5437718	38389
24050	Villa de Reyes	San Luis Potosí	21.4811248	-100.5556949	52912
24051	Villa Hidalgo	San Luis Potosí	22.2655294	-100.4043909	15458
24052	Villa Juárez	San Luis Potosí	22.1923554	-100.1559936	10304
24053	Axtla de Terrazas	San Luis Potosí	21.2611000	-98.5230000	32544
24054	Xilitla	San Luis Potosí	21.2306694	-98.5922463	49741
24055	Zaragoza	San Luis Potosí	22.0208178	-100.4351480	27386
24056	Villa de Arista	San Luis Potosí	22.3841178	-100.5056472	17258
24057	Matlapa	San Luis Potosí	21.2015016	-98.4936492	28996
24058	El Naranjo	San Luis Potosí	22.3119330	-99.1921034	20959
25001	Ahome	Sinaloa	25.4700301	-108.5939634	459310
25002	Angostura	Sinaloa	25.2151696	-108.0934159	44093
25003	Badiraguato	Sinaloa	25.2145546	-107.3303666	26542
25004	Concordia	Sinaloa	23.1715452	-106.0406999	24899
25005	Cosalá	Sinaloa	24.2440845	-106.4129525	17012
25006	Culiacán	Sinaloa	24.4831709	-107.2337522	1003530
25007	Choix	Sinaloa	26.4225239	-108.1920467	29334
25008	Elota	Sinaloa	23.5455454	-106.5333762	55339
25009	Escuinapa	Sinaloa	22.5006185	-105.4640353	59988
25010	El Fuerte	Sinaloa	26.2517756	-108.3711879	96593
25011	Guasave	Sinaloa	25.3355970	-108.2818543	289370
25012	Mazatlán	Sinaloa	23.1201137	-106.2519997	501441
25013	Mocorito	Sinaloa	25.2854757	-107.5517622	40358
25014	Rosario	Sinaloa	22.5927147	-105.5113524	52345
25015	Salvador Alvarado	Sinaloa	25.2725200	-108.0450520	79492
25016	San Ignacio	Sinaloa	23.5624993	-106.2531789	19505
25017	Sinaloa	Sinaloa	25.4920540	-108.1319365	78670
25018	Navolato	Sinaloa	24.4601988	-107.4148337	149122
26001	Aconchi	Sonora	29.4933141	-110.1342787	2563
26002	Agua Prieta	Sonora	31.1940135	-109.3246865	91929
26003	Alamos	Sonora	27.0126580	-108.5605733	24976
26004	Altar	Sonora	30.4248020	-111.5000859	9492
26005	Arivechi	Sonora	28.5543121	-109.1113531	1177
26006	Arizpe	Sonora	30.2010434	-110.1000511	2788
26007	Atil	Sonora	30.5038360	-111.3502010	626
26008	Bacadéhuachi	Sonora	29.4832665	-109.0826683	979
26009	Bacanora	Sonora	28.5902625	-109.2401445	759
26010	Bacerac	Sonora	30.2119000	-108.5547277	1221
26011	Bacoachi	Sonora	30.3758938	-109.5808427	1475
26012	Bácum	Sonora	27.3302082	-110.0457629	23151
26013	Banámichi	Sonora	30.0027992	-110.1255990	1825
26014	Baviácora	Sonora	29.4254846	-110.0954188	3191
26015	Bavispe	Sonora	30.2848444	-108.5627683	1169
26016	Benjamín Hill	Sonora	30.1001787	-111.0704518	4988
26017	Caborca	Sonora	30.4250666	-112.0854077	89122
26018	Cajeme	Sonora	27.2947360	-109.5557778	436484
26019	Cananea	Sonora	30.5857550	-110.1806017	39451
26020	Carbó	Sonora	29.4104879	-110.5715953	4946
26021	La Colorada	Sonora	28.4810483	-110.3450395	1848
26022	Cucurpe	Sonora	30.1945091	-110.4221192	863
26023	Cumpas	Sonora	29.5936829	-109.4656989	5829
26024	Divisaderos	Sonora	29.3654250	-109.2814416	753
26025	Empalme	Sonora	27.5727381	-110.4857576	51431
26026	Etchojoa	Sonora	26.5439000	-109.3731000	61309
26027	Fronteras	Sonora	30.5353685	-109.3336028	9041
26028	Granados	Sonora	29.5144256	-109.1837880	1009
26029	Guaymas	Sonora	27.5523695	-110.5322001	156863
26030	Hermosillo	Sonora	29.0429610	-110.5730469	936263
26031	Huachinera	Sonora	30.1241336	-108.5731738	1186
26032	Huásabas	Sonora	29.5415077	-109.1805290	888
26033	Huatabampo	Sonora	26.4936829	-109.3838952	77682
26034	Huépac	Sonora	29.5440569	-110.1249375	943
26035	Imuris	Sonora	30.4638387	-110.5141539	12536
26036	Magdalena	Sonora	30.3749280	-110.5809856	33049
26037	Mazatán	Sonora	29.0012085	-110.0824795	1101
26038	Moctezuma	Sonora	29.4807847	-109.4049212	5173
26039	Naco	Sonora	31.1953570	-109.5653275	5774
26040	Nácori Chico	Sonora	29.4110769	-108.5842939	1531
26041	Nacozari de García	Sonora	30.2225401	-109.4111293	14369
26042	Navojoa	Sonora	27.0453751	-109.2643966	164387
26043	Nogales	Sonora	31.1933251	-110.5644681	264782
26044	Onavas	Sonora	28.2737941	-109.3146266	365
26045	Opodepe	Sonora	29.5536084	-110.3751914	2438
26046	Oquitoa	Sonora	30.4431394	-111.4405345	496
26047	Pitiquito	Sonora	30.4033585	-112.0314131	9122
26048	Puerto Peñasco	Sonora	31.1824411	-113.3224471	62689
26049	Quiriego	Sonora	27.3113756	-109.1504426	3090
26050	Rayón	Sonora	29.4252123	-110.3424616	1496
26051	Rosario	Sonora	27.5026373	-109.2214772	4830
26052	Sahuaripa	Sonora	29.0322790	-109.1400134	5257
26053	San Felipe de Jesús	Sonora	29.5131047	-110.1427809	369
26054	San Javier	Sonora	28.3543018	-109.4422058	537
26055	San Luis Río Colorado	Sonora	32.2847392	-114.4646648	199021
26056	San Miguel de Horcasitas	Sonora	29.2918576	-110.4337788	10729
26057	San Pedro de la Cueva	Sonora	29.1711335	-109.4409992	1458
26058	Santa Ana	Sonora	30.3238006	-111.0715909	16203
26059	Santa Cruz	Sonora	31.1353528	-110.3545520	1835
26060	Sáric	Sonora	31.0609594	-111.2244664	2058
26061	Soyopa	Sonora	28.4551173	-109.3804673	1368
26062	Suaqui Grande	Sonora	28.2343971	-109.5317530	1114
26063	Tepache	Sonora	29.3203835	-109.3156543	1178
26064	Trincheras	Sonora	30.2355035	-111.3153337	1381
26065	Tubutama	Sonora	30.5305475	-111.2757037	1473
26066	Ures	Sonora	29.2541076	-110.2322497	8548
26067	Villa Hidalgo	Sonora	30.0947182	-109.1911530	1429
26068	Villa Pesqueira	Sonora	29.0705942	-109.5808074	1043
26069	Yécora	Sonora	28.2221701	-108.5533260	4793
26070	General Plutarco Elías Calles	Sonora	31.5159025	-112.5126197	13627
26071	Benito Juárez	Sonora	27.0740116	-109.5033264	21692
26072	San Ignacio Río Muerto	Sonora	27.2441094	-110.1429451	14279
27001	Balancán	Tabasco	17.4801422	-91.3201846	58524
27002	Cárdenas	Tabasco	17.5921948	-93.2236680	243229
27003	Centla	Tabasco	18.3148399	-92.3907874	107731
27004	Centro	Tabasco	17.5916215	-92.5509898	683607
27005	Comalcalco	Tabasco	18.1557773	-93.1330062	214877
27006	Cunduacán	Tabasco	18.0355308	-93.1027481	137257
27007	Emiliano Zapata	Tabasco	17.4440496	-91.4554293	32181
27008	Huimanguillo	Tabasco	17.5006628	-93.2326769	190885
27009	Jalapa	Tabasco	17.4311025	-92.4843817	37749
27010	Jalpa de Méndez	Tabasco	18.1036651	-93.0345348	91185
27011	Jonuta	Tabasco	18.0526542	-92.0819425	30798
27012	Macuspana	Tabasco	17.4523153	-92.3538654	158601
27013	Nacajuca	Tabasco	18.1007886	-93.0112154	150300
27014	Paraíso	Tabasco	18.2344772	-93.1251253	96741
27015	Tacotalpa	Tabasco	17.3530453	-92.4934622	47905
27016	Teapa	Tabasco	17.3253824	-92.5710780	58718
27017	Tenosique	Tabasco	17.2838979	-91.2533412	62310
28001	Abasolo	Tamaulipas	24.0339012	-98.2227404	9822
28002	Aldama	Tamaulipas	22.5509502	-98.0425367	28725
28003	Altamira	Tamaulipas	22.2329591	-97.5612073	269790
28004	Antiguo Morelos	Tamaulipas	22.3257912	-99.0501022	8850
28005	Burgos	Tamaulipas	24.5647903	-98.4756436	4256
28006	Bustamante	Tamaulipas	23.2607718	-99.4528109	7542
28007	Camargo	Tamaulipas	26.1900206	-98.5009559	16546
28008	Casas	Tamaulipas	23.4337682	-98.4416231	4143
28009	Ciudad Madero	Tamaulipas	22.1446603	-97.5013200	205933
28010	Cruillas	Tamaulipas	24.4518615	-98.3204352	1671
28011	Gómez Farías	Tamaulipas	22.5311239	-99.0139991	8288
28012	González	Tamaulipas	22.4938384	-98.2533488	41470
28013	Güémez	Tamaulipas	23.5508907	-99.0029987	15032
28014	Guerrero	Tamaulipas	26.3358864	-99.1339468	3803
28015	Gustavo Díaz Ordaz	Tamaulipas	26.1402280	-98.3525015	15677
28016	Hidalgo	Tamaulipas	24.1449000	-99.2617000	17012
28017	Jaumave	Tamaulipas	23.2418433	-99.2232430	15994
28018	Jiménez	Tamaulipas	24.1252176	-98.2908536	6375
28019	Llera	Tamaulipas	23.1908256	-99.0125069	14645
28020	Mainero	Tamaulipas	24.3332543	-99.3645677	2048
28021	El Mante	Tamaulipas	22.4438397	-98.5818185	106144
28022	Matamoros	Tamaulipas	25.5247695	-97.3017361	541979
28023	Méndez	Tamaulipas	25.0659573	-98.3510382	4280
28024	Mier	Tamaulipas	26.2549693	-99.0855299	6385
28025	Miguel Alemán	Tamaulipas	26.2403664	-99.0133993	26237
28026	Miquihuana	Tamaulipas	23.3426221	-99.4515110	3704
28027	Nuevo Laredo	Tamaulipas	27.2910649	-99.3030574	425058
28028	Nuevo Morelos	Tamaulipas	22.3204094	-99.1316798	3810
28029	Ocampo	Tamaulipas	22.5042145	-99.2009686	13190
28030	Padilla	Tamaulipas	24.0255675	-98.5401059	13618
28031	Palmillas	Tamaulipas	23.1806333	-99.3251142	1917
28032	Reynosa	Tamaulipas	26.0532460	-98.1641265	704767
28033	Río Bravo	Tamaulipas	25.5851587	-98.0524498	132484
28034	San Carlos	Tamaulipas	24.3454385	-98.5637086	7411
28035	San Fernando	Tamaulipas	24.5055241	-98.0934635	51405
28036	San Nicolás	Tamaulipas	24.4137106	-98.4943483	926
28037	Soto la Marina	Tamaulipas	23.4601339	-98.1222284	23673
28038	Tampico	Tamaulipas	22.1257817	-97.5130192	297562
28039	Tula	Tamaulipas	22.5948757	-99.4246792	28230
28040	Valle Hermoso	Tamaulipas	25.4025679	-97.4844835	60055
28041	Victoria	Tamaulipas	23.4351791	-99.0904501	349688
28042	Villagrán	Tamaulipas	24.2823488	-99.2917198	5361
28043	Xicoténcatl	Tamaulipas	22.5948378	-98.5644438	22229
29001	Amaxac de Guerrero	Tlaxcala	19.2101029	-98.1010450	11403
29002	Apetatitlán de Antonio Carvajal	Tlaxcala	19.1956137	-98.1148558	16003
29003	Atlangatepec	Tlaxcala	19.3156342	-98.1230724	7087
29004	Atltzayanca	Tlaxcala	19.2552911	-97.4747515	18111
29005	Apizaco	Tlaxcala	19.2458805	-98.0826202	80725
29006	Calpulalpan	Tlaxcala	19.3518693	-98.3413712	51172
29007	El Carmen Tequexquitla	Tlaxcala	19.1928510	-97.3932973	17332
29008	Cuapiaxtla	Tlaxcala	19.1747978	-97.4609751	16222
29009	Cuaxomulco	Tlaxcala	19.2120906	-98.0611240	5928
29010	Chiautempan	Tlaxcala	19.1850328	-98.1134661	73215
29011	Muñoz de Domingo Arenas	Tlaxcala	19.2833779	-98.1231989	4755
29012	Españita	Tlaxcala	19.2744278	-98.2525704	9416
29013	Huamantla	Tlaxcala	19.1845575	-97.5523170	98764
29014	Hueyotlipan	Tlaxcala	19.2811957	-98.2054593	15190
29015	Ixtacuixtla de Mariano Matamoros	Tlaxcala	19.1935925	-98.2237614	38970
29016	Ixtenco	Tlaxcala	19.1504119	-97.5342400	7504
29017	Mazatecochco de José María Morelos	Tlaxcala	19.1047013	-98.1126446	11592
29018	Contla de Juan Cuamatzi	Tlaxcala	19.2004264	-98.1004463	38579
29019	Tepetitla de Lardizábal	Tlaxcala	19.1603108	-98.2255232	22274
29020	Sanctórum de Lázaro Cárdenas	Tlaxcala	19.2933737	-98.2819348	9432
29021	Nanacamilpa de Mariano Arista	Tlaxcala	19.2935376	-98.3210833	18686
29022	Acuamanala de Miguel Hidalgo	Tlaxcala	19.1328829	-98.1202927	6432
29023	Natívitas	Tlaxcala	19.1404230	-98.1854699	26309
29024	Panotla	Tlaxcala	19.1854465	-98.1602039	28357
29025	San Pablo del Monte	Tlaxcala	19.0711056	-98.1013497	82688
29026	Santa Cruz Tlaxcala	Tlaxcala	19.2120863	-98.0901367	24116
29027	Tenancingo	Tlaxcala	19.0851928	-98.1209108	12974
29028	Teolocholco	Tlaxcala	19.1439820	-98.1132465	25257
29029	Tepeyanco	Tlaxcala	19.1444042	-98.1409727	13328
29030	Terrenate	Tlaxcala	19.2838775	-97.5508777	15475
29031	Tetla de la Solidaridad	Tlaxcala	19.2629096	-98.0614588	35284
29032	Tetlatlahuca	Tlaxcala	19.1353902	-98.1744622	13561
29033	Tlaxcala	Tlaxcala	19.1859590	-98.1415505	99896
29034	Tlaxco	Tlaxcala	19.3653602	-98.0709124	45438
29035	Tocatlán	Tlaxcala	19.2325627	-98.0154952	6294
29036	Totolac	Tlaxcala	19.1932319	-98.1530288	22529
29037	Ziltlaltépec de Trinidad Sánchez Santos	Tlaxcala	19.1217027	-97.5431523	9207
29038	Tzompantepec	Tlaxcala	19.2233824	-98.0528217	18006
29039	Xaloztoc	Tlaxcala	19.2415049	-98.0255763	25607
29040	Xaltocan	Tlaxcala	19.2525712	-98.1238336	10601
29041	Papalotla de Xicohténcatl	Tlaxcala	19.1011469	-98.1216511	33499
29042	Xicohtzinco	Tlaxcala	19.1030122	-98.1401400	14197
29043	Yauhquemehcan	Tlaxcala	19.2418036	-98.1102439	42242
29044	Zacatelco	Tlaxcala	19.1258140	-98.1424815	45717
29045	Benito Juárez	Tlaxcala	19.3504249	-98.2534887	6211
29046	Emiliano Zapata	Tlaxcala	19.3331701	-97.5501922	4951
29047	Lázaro Cárdenas	Tlaxcala	19.3219550	-97.5859486	3534
29048	La Magdalena Tlaltelulco	Tlaxcala	19.1638478	-98.1141862	19036
29049	San Damián Texóloc	Tlaxcala	19.1642354	-98.1704646	5884
29050	San Francisco Tetlanohcan	Tlaxcala	19.1536282	-98.0948781	11761
29051	San Jerónimo Zacualpan	Tlaxcala	19.1430163	-98.1545422	4092
29052	San José Teacalco	Tlaxcala	19.2008535	-98.0351923	6436
29053	San Juan Huactzinco	Tlaxcala	19.1416604	-98.1501082	7688
29054	San Lorenzo Axocomanitla	Tlaxcala	19.1330805	-98.1455946	5689
29055	San Lucas Tecopilco	Tlaxcala	19.2905961	-98.1523552	3077
29056	Santa Ana Nopalucan	Tlaxcala	19.1759408	-98.2003081	7952
29057	Santa Apolonia Teacalco	Tlaxcala	19.1413806	-98.1831209	4636
29058	Santa Catarina Ayometla	Tlaxcala	19.1159708	-98.1251906	9463
29059	Santa Cruz Quilehtla	Tlaxcala	19.1247447	-98.1319264	7750
29060	Santa Isabel Xiloxoxtla	Tlaxcala	19.1605032	-98.1248809	5443
30001	Acajete	Veracruz de Ignacio de la Llave	19.3513108	-97.0037633	9701
30002	Acatlán	Veracruz de Ignacio de la Llave	19.4148927	-96.5031829	3441
30003	Acayucan	Veracruz de Ignacio de la Llave	17.5655761	-94.5449935	80815
30004	Actopan	Veracruz de Ignacio de la Llave	19.3014584	-96.3700773	41742
30005	Acula	Veracruz de Ignacio de la Llave	18.3021710	-95.4628502	5253
30006	Acultzingo	Veracruz de Ignacio de la Llave	18.4307546	-97.1810214	23100
30007	Camarón de Tejeda	Veracruz de Ignacio de la Llave	19.0116229	-96.3653912	6538
30008	Alpatláhuac	Veracruz de Ignacio de la Llave	19.0711823	-97.0535347	10338
30009	Alto Lucero de Gutiérrez Barrios	Veracruz de Ignacio de la Llave	19.3724689	-96.4401030	28184
30010	Altotonga	Veracruz de Ignacio de la Llave	19.4558136	-97.1443894	64234
30011	Alvarado	Veracruz de Ignacio de la Llave	18.4627399	-95.4550145	57035
30012	Amatitlán	Veracruz de Ignacio de la Llave	18.2556438	-95.4359806	7866
30013	Naranjos Amatlán	Veracruz de Ignacio de la Llave	21.2048849	-97.4110506	26843
30014	Amatlán de los Reyes	Veracruz de Ignacio de la Llave	18.5051282	-96.5455742	46955
30015	Angel R. Cabada	Veracruz de Ignacio de la Llave	18.3543734	-95.2633811	33839
30016	La Antigua	Veracruz de Ignacio de la Llave	19.2200589	-96.2217002	28682
30017	Apazapan	Veracruz de Ignacio de la Llave	19.1913521	-96.4307138	4709
30018	Aquila	Veracruz de Ignacio de la Llave	18.4744647	-97.1829244	1978
30019	Astacinga	Veracruz de Ignacio de la Llave	18.3400588	-97.0607474	6909
30020	Atlahuilco	Veracruz de Ignacio de la Llave	18.4150738	-97.0526468	11577
30021	Atoyac	Veracruz de Ignacio de la Llave	18.5451439	-96.4641786	23461
30022	Atzacan	Veracruz de Ignacio de la Llave	18.5425084	-97.0502057	22651
30023	Atzalan	Veracruz de Ignacio de la Llave	19.4720673	-97.1438914	49180
30024	Tlaltetela	Veracruz de Ignacio de la Llave	19.1852775	-96.5409308	16485
30025	Ayahualulco	Veracruz de Ignacio de la Llave	19.2105708	-97.0855692	27217
30026	Banderilla	Veracruz de Ignacio de la Llave	19.3529784	-96.5627184	25993
30027	Benito Juárez	Veracruz de Ignacio de la Llave	20.5311619	-98.1219601	16120
30028	Boca del Río	Veracruz de Ignacio de la Llave	19.0619580	-96.0623945	144550
30029	Calcahualco	Veracruz de Ignacio de la Llave	19.0720248	-97.0506950	13701
30030	Camerino Z. Mendoza	Veracruz de Ignacio de la Llave	18.4815267	-97.1104982	41835
30031	Carrillo Puerto	Veracruz de Ignacio de la Llave	18.4759609	-96.3415815	18888
30032	Catemaco	Veracruz de Ignacio de la Llave	18.2528613	-95.0644421	49451
30033	Cazones de Herrera	Veracruz de Ignacio de la Llave	20.4211826	-97.1844354	24421
30034	Cerro Azul	Veracruz de Ignacio de la Llave	21.1129280	-97.4432347	25011
30035	Citlaltépetl	Veracruz de Ignacio de la Llave	21.1942485	-97.5245390	11165
30036	Coacoatzintla	Veracruz de Ignacio de la Llave	19.3911182	-96.5642507	11018
30037	Coahuitlán	Veracruz de Ignacio de la Llave	20.1630222	-97.4253549	8176
30038	Coatepec	Veracruz de Ignacio de la Llave	19.2716778	-96.5736987	93911
30039	Coatzacoalcos	Veracruz de Ignacio de la Llave	18.0816378	-94.2710805	310698
30040	Coatzintla	Veracruz de Ignacio de la Llave	20.2856508	-97.2738815	55016
30041	Coetzala	Veracruz de Ignacio de la Llave	18.4708291	-96.5500092	2355
30042	Colipa	Veracruz de Ignacio de la Llave	19.5526399	-96.4336228	5743
30043	Comapa	Veracruz de Ignacio de la Llave	19.0952664	-96.5310433	19876
30044	Córdoba	Veracruz de Ignacio de la Llave	18.5339782	-96.5607257	204721
30045	Cosamaloapan de Carpio	Veracruz de Ignacio de la Llave	18.2153186	-95.4746891	54737
30046	Cosautlán de Carvajal	Veracruz de Ignacio de la Llave	19.1957517	-96.5928912	16167
30047	Coscomatepec	Veracruz de Ignacio de la Llave	19.0422434	-97.0247114	59471
30048	Cosoleacaque	Veracruz de Ignacio de la Llave	17.5954942	-94.3808499	130903
30049	Cotaxtla	Veracruz de Ignacio de la Llave	18.5007893	-96.2343511	22050
30050	Coxquihui	Veracruz de Ignacio de la Llave	20.1105054	-97.3510574	16333
30051	Coyutla	Veracruz de Ignacio de la Llave	20.1449638	-97.3927710	23096
30052	Cuichapa	Veracruz de Ignacio de la Llave	18.4624636	-96.5209206	11869
30053	Cuitláhuac	Veracruz de Ignacio de la Llave	18.4852342	-96.4320362	28075
30054	Chacaltianguis	Veracruz de Ignacio de la Llave	18.1819211	-95.5029005	11461
30055	Chalma	Veracruz de Ignacio de la Llave	21.1230208	-98.2351371	13527
30056	Chiconamel	Veracruz de Ignacio de la Llave	21.1350000	-98.2734247	6610
30057	Chiconquiaco	Veracruz de Ignacio de la Llave	19.4431546	-96.4907710	13881
30058	Chicontepec	Veracruz de Ignacio de la Llave	20.5819110	-98.1042039	53858
30059	Chinameca	Veracruz de Ignacio de la Llave	18.0104000	-94.4059000	22638
30060	Chinampa de Gorostiza	Veracruz de Ignacio de la Llave	21.2134558	-97.4407217	16283
30061	Las Choapas	Veracruz de Ignacio de la Llave	17.5433573	-94.0524994	81080
30062	Chocamán	Veracruz de Ignacio de la Llave	19.0039136	-97.0159655	20839
30063	Chontla	Veracruz de Ignacio de la Llave	21.1736365	-97.5529747	13359
30064	Chumatlán	Veracruz de Ignacio de la Llave	20.1227117	-97.3540691	4008
30065	Emiliano Zapata	Veracruz de Ignacio de la Llave	19.2859154	-96.4753100	85489
30066	Espinal	Veracruz de Ignacio de la Llave	20.1533942	-97.2354652	26830
30067	Filomeno Mata	Veracruz de Ignacio de la Llave	20.1200887	-97.4213459	19179
30068	Fortín	Veracruz de Ignacio de la Llave	18.5413187	-96.5957644	66372
30069	Gutiérrez Zamora	Veracruz de Ignacio de la Llave	20.2706956	-97.0515237	24085
30070	Hidalgotitlán	Veracruz de Ignacio de la Llave	17.4615660	-94.3847459	18275
30071	Huatusco	Veracruz de Ignacio de la Llave	19.0849097	-96.5802459	59920
30072	Huayacocotla	Veracruz de Ignacio de la Llave	20.3214198	-98.2844947	21796
30073	Hueyapan de Ocampo	Veracruz de Ignacio de la Llave	18.0906689	-95.0833664	41670
30074	Huiloapan de Cuauhtémoc	Veracruz de Ignacio de la Llave	18.4859678	-97.0921311	7293
30075	Ignacio de la Llave	Veracruz de Ignacio de la Llave	18.4327500	-95.5908287	16525
30076	Ilamatlán	Veracruz de Ignacio de la Llave	20.4651532	-98.2635710	13377
30077	Isla	Veracruz de Ignacio de la Llave	18.0139050	-95.3139461	42807
30078	Ixcatepec	Veracruz de Ignacio de la Llave	21.1415484	-98.0021427	12379
30079	Ixhuacán de los Reyes	Veracruz de Ignacio de la Llave	19.2121405	-97.0655007	11387
30080	Ixhuatlán del Café	Veracruz de Ignacio de la Llave	19.0304164	-96.5903570	23132
30081	Ixhuatlancillo	Veracruz de Ignacio de la Llave	18.5352525	-97.0856165	27295
30082	Ixhuatlán del Sureste	Veracruz de Ignacio de la Llave	18.0121913	-94.2337419	15831
30083	Ixhuatlán de Madero	Veracruz de Ignacio de la Llave	20.4121772	-98.0045181	50836
30084	Ixmatlahuacan	Veracruz de Ignacio de la Llave	18.2654847	-95.4947575	5574
30085	Ixtaczoquitlán	Veracruz de Ignacio de la Llave	18.5103839	-97.0347042	74004
30086	Jalacingo	Veracruz de Ignacio de la Llave	19.4821478	-97.1831254	46794
30087	Xalapa	Veracruz de Ignacio de la Llave	19.3137505	-96.5521521	488531
30088	Jalcomulco	Veracruz de Ignacio de la Llave	19.1954068	-96.4542561	5054
30089	Jáltipan	Veracruz de Ignacio de la Llave	17.5757845	-94.4318245	38669
30090	Jamapa	Veracruz de Ignacio de la Llave	19.0231295	-96.1426127	11132
30091	Jesús Carranza	Veracruz de Ignacio de la Llave	17.2605737	-95.0134509	28524
30092	Xico	Veracruz de Ignacio de la Llave	19.2516570	-97.0026038	39623
30093	Jilotepec	Veracruz de Ignacio de la Llave	19.3640694	-96.5701007	16585
30094	Juan Rodríguez Clara	Veracruz de Ignacio de la Llave	17.5938413	-95.2404874	38367
30095	Juchique de Ferrer	Veracruz de Ignacio de la Llave	19.5028180	-96.4141029	15059
30096	Landero y Coss	Veracruz de Ignacio de la Llave	19.4406691	-96.5105716	1543
30097	Lerdo de Tejada	Veracruz de Ignacio de la Llave	18.3741519	-95.3123599	19123
30098	Magdalena	Veracruz de Ignacio de la Llave	18.4538122	-97.0243683	3299
30099	Maltrata	Veracruz de Ignacio de la Llave	18.4837443	-97.1641894	18327
30100	Manlio Fabio Altamirano	Veracruz de Ignacio de la Llave	19.0539963	-96.1959629	23918
30101	Mariano Escobedo	Veracruz de Ignacio de la Llave	18.5446388	-97.0748087	38670
30102	Martínez de la Torre	Veracruz de Ignacio de la Llave	20.0424196	-97.0313824	108842
30103	Mecatlán	Veracruz de Ignacio de la Llave	20.1238360	-97.4054264	12799
30104	Mecayapan	Veracruz de Ignacio de la Llave	18.1317246	-94.5015515	17134
30105	Medellín de Bravo	Veracruz de Ignacio de la Llave	19.0333266	-96.0929419	95202
30106	Miahuatlán	Veracruz de Ignacio de la Llave	19.4226854	-96.5211480	4841
30107	Las Minas	Veracruz de Ignacio de la Llave	19.4127327	-97.0846021	2934
30108	Minatitlán	Veracruz de Ignacio de la Llave	17.5927519	-94.3254399	144776
30109	Misantla	Veracruz de Ignacio de la Llave	19.5543084	-96.5109850	65761
30110	Mixtla de Altamirano	Veracruz de Ignacio de la Llave	18.3544226	-96.5933842	12125
30111	Moloacán	Veracruz de Ignacio de la Llave	17.5919579	-94.2049495	16493
30112	Naolinco	Veracruz de Ignacio de la Llave	19.3918963	-96.5225232	22835
30113	Naranjal	Veracruz de Ignacio de la Llave	18.4838974	-96.5740828	4614
30114	Nautla	Veracruz de Ignacio de la Llave	20.1233090	-96.4626930	10130
30115	Nogales	Veracruz de Ignacio de la Llave	18.4921134	-97.0945203	37314
30116	Oluta	Veracruz de Ignacio de la Llave	17.5541467	-94.5348998	17027
30117	Omealca	Veracruz de Ignacio de la Llave	18.4450299	-96.4710331	23773
30118	Orizaba	Veracruz de Ignacio de la Llave	18.5103459	-97.0556092	123182
30119	Otatitlán	Veracruz de Ignacio de la Llave	18.1036165	-96.0204468	5651
30120	Oteapan	Veracruz de Ignacio de la Llave	17.5958212	-94.3959722	10343
30121	Ozuluama de Mascareñas	Veracruz de Ignacio de la Llave	21.3940538	-97.5101823	22756
30122	Pajapan	Veracruz de Ignacio de la Llave	18.1542277	-94.4130425	18051
30123	Pánuco	Veracruz de Ignacio de la Llave	22.0313005	-98.1052699	96185
30124	Papantla	Veracruz de Ignacio de la Llave	20.2648237	-97.1921897	159910
30125	Paso del Macho	Veracruz de Ignacio de la Llave	18.5819758	-96.4328240	31894
30126	Paso de Ovejas	Veracruz de Ignacio de la Llave	19.1706169	-96.2618430	33442
30127	La Perla	Veracruz de Ignacio de la Llave	18.5539429	-97.0802485	28258
30128	Perote	Veracruz de Ignacio de la Llave	19.3338352	-97.1438659	77432
30129	Platón Sánchez	Veracruz de Ignacio de la Llave	21.1623512	-98.2226923	18053
30130	Playa Vicente	Veracruz de Ignacio de la Llave	17.4955678	-95.4843404	39327
30131	Poza Rica de Hidalgo	Veracruz de Ignacio de la Llave	20.3202715	-97.2636841	189457
30132	Las Vigas de Ramírez	Veracruz de Ignacio de la Llave	19.3818527	-97.0612160	20300
30133	Pueblo Viejo	Veracruz de Ignacio de la Llave	22.1101078	-97.5012034	57909
30134	Puente Nacional	Veracruz de Ignacio de la Llave	19.1938547	-96.2853900	23544
30135	Rafael Delgado	Veracruz de Ignacio de la Llave	18.4837878	-97.0424375	24127
30136	Rafael Lucio	Veracruz de Ignacio de la Llave	19.3535180	-96.5922410	8343
30137	Los Reyes	Veracruz de Ignacio de la Llave	18.4021280	-97.0239327	6308
30138	Río Blanco	Veracruz de Ignacio de la Llave	18.5019914	-97.0822290	41795
30139	Saltabarranca	Veracruz de Ignacio de la Llave	18.3524865	-95.3154764	6126
30140	San Andrés Tenejapan	Veracruz de Ignacio de la Llave	18.4719329	-97.0535611	3134
30141	San Andrés Tuxtla	Veracruz de Ignacio de la Llave	18.2655206	-95.1245255	162428
30142	San Juan Evangelista	Veracruz de Ignacio de la Llave	17.5309788	-95.0824288	32631
30143	Santiago Tuxtla	Veracruz de Ignacio de la Llave	18.2756314	-95.1806313	57085
30144	Sayula de Alemán	Veracruz de Ignacio de la Llave	17.5251490	-94.5736392	32400
30145	Soconusco	Veracruz de Ignacio de la Llave	17.5746370	-94.5251783	16574
30146	Sochiapa	Veracruz de Ignacio de la Llave	19.1135863	-96.5626324	3925
30147	Soledad Atzompa	Veracruz de Ignacio de la Llave	18.4519134	-97.0857888	24578
30148	Soledad de Doblado	Veracruz de Ignacio de la Llave	19.0241085	-96.2523841	28130
30149	Soteapan	Veracruz de Ignacio de la Llave	18.1346236	-94.5221923	34385
30150	Tamalín	Veracruz de Ignacio de la Llave	21.2016579	-97.4847628	11631
30151	Tamiahua	Veracruz de Ignacio de la Llave	21.1647071	-97.2647489	21902
30152	Tampico Alto	Veracruz de Ignacio de la Llave	22.0646966	-97.4805850	11561
30153	Tancoco	Veracruz de Ignacio de la Llave	21.1710972	-97.4729109	5795
30154	Tantima	Veracruz de Ignacio de la Llave	21.1946693	-97.4959852	11991
30155	Tantoyuca	Veracruz de Ignacio de la Llave	21.2106531	-98.1347710	99959
30156	Tatatila	Veracruz de Ignacio de la Llave	19.4136445	-97.0643711	6041
30157	Castillo de Teayo	Veracruz de Ignacio de la Llave	20.4459039	-97.3757898	20145
30158	Tecolutla	Veracruz de Ignacio de la Llave	20.2838613	-97.0030423	24551
30159	Tehuipango	Veracruz de Ignacio de la Llave	18.3103936	-97.0322058	29686
30160	Álamo Temapache	Veracruz de Ignacio de la Llave	20.5501713	-97.4031913	107270
30161	Tempoal	Veracruz de Ignacio de la Llave	21.3120210	-98.2317251	34408
30162	Tenampa	Veracruz de Ignacio de la Llave	19.1454798	-96.5305473	6448
30163	Tenochtitlán	Veracruz de Ignacio de la Llave	19.4836479	-96.5458917	5040
30164	Teocelo	Veracruz de Ignacio de la Llave	19.2310502	-96.5819837	16957
30165	Tepatlaxco	Veracruz de Ignacio de la Llave	19.0402442	-96.5031339	8925
30166	Tepetlán	Veracruz de Ignacio de la Llave	19.4025928	-96.4745552	9405
30167	Tepetzintla	Veracruz de Ignacio de la Llave	21.0958008	-97.5103807	14619
30168	Tequila	Veracruz de Ignacio de la Llave	18.4347299	-97.0409929	16343
30169	José Azueta	Veracruz de Ignacio de la Llave	18.0432286	-95.4228674	22709
30170	Texcatepec	Veracruz de Ignacio de la Llave	20.3505350	-98.2152432	10824
30171	Texhuacán	Veracruz de Ignacio de la Llave	18.3714297	-97.0219440	5575
30172	Texistepec	Veracruz de Ignacio de la Llave	17.5339146	-94.4854752	19925
30173	Tezonapa	Veracruz de Ignacio de la Llave	18.3624505	-96.4115121	54537
30174	Tierra Blanca	Veracruz de Ignacio de la Llave	18.2650816	-96.2137133	95602
30175	Tihuatlán	Veracruz de Ignacio de la Llave	20.4300020	-97.3216602	92726
30176	Tlacojalpan	Veracruz de Ignacio de la Llave	18.1351188	-95.5651459	4489
30177	Tlacolulan	Veracruz de Ignacio de la Llave	19.3953491	-97.0004935	11685
30178	Tlacotalpan	Veracruz de Ignacio de la Llave	18.3647778	-95.3922720	12898
30179	Tlacotepec de Mejía	Veracruz de Ignacio de la Llave	19.1131683	-96.5011427	4284
30180	Tlachichilco	Veracruz de Ignacio de la Llave	20.3717647	-98.1156575	10900
30181	Tlalixcoyan	Veracruz de Ignacio de la Llave	18.4807781	-96.0339197	37795
30182	Tlalnelhuayocan	Veracruz de Ignacio de la Llave	19.3353055	-96.5826029	19664
30183	Tlapacoyan	Veracruz de Ignacio de la Llave	19.5745548	-97.1245107	61377
30184	Tlaquilpa	Veracruz de Ignacio de la Llave	18.3644174	-97.0707971	7933
30185	Tlilapan	Veracruz de Ignacio de la Llave	18.4820684	-97.0556610	5548
30186	Tomatlán	Veracruz de Ignacio de la Llave	19.0153542	-97.0036938	7197
30187	Tonayán	Veracruz de Ignacio de la Llave	19.4058405	-96.5517425	6105
30188	Totutla	Veracruz de Ignacio de la Llave	19.1240629	-96.5740661	17217
30189	Tuxpan	Veracruz de Ignacio de la Llave	20.5751468	-97.2414138	154600
30190	Tuxtilla	Veracruz de Ignacio de la Llave	18.1420255	-95.5341086	2258
30191	Ursulo Galván	Veracruz de Ignacio de la Llave	19.2423206	-96.2135857	30097
30192	Vega de Alatorre	Veracruz de Ignacio de la Llave	20.0138877	-96.3859154	20204
30193	Veracruz	Veracruz de Ignacio de la Llave	19.1125164	-96.0910899	607209
30194	Villa Aldama	Veracruz de Ignacio de la Llave	19.3855991	-97.1322890	12492
30195	Xoxocotla	Veracruz de Ignacio de la Llave	18.3852099	-97.0906832	5900
30196	Yanga	Veracruz de Ignacio de la Llave	18.5001810	-96.4754593	17902
30197	Yecuatla	Veracruz de Ignacio de la Llave	19.5158271	-96.4634416	11205
30198	Zacualpan	Veracruz de Ignacio de la Llave	20.2601344	-98.2055309	6788
30199	Zaragoza	Veracruz de Ignacio de la Llave	17.5720691	-94.3832689	11899
30200	Zentla	Veracruz de Ignacio de la Llave	19.0655089	-96.5131532	12581
30201	Zongolica	Veracruz de Ignacio de la Llave	18.4000807	-96.5954112	45028
30202	Zontecomatlán de López y Fuentes	Veracruz de Ignacio de la Llave	20.4543133	-98.2034500	14644
30203	Zozocolco de Hidalgo	Veracruz de Ignacio de la Llave	20.0827043	-97.3431848	14524
30204	Agua Dulce	Veracruz de Ignacio de la Llave	18.0817780	-94.0850060	44104
30205	El Higo	Veracruz de Ignacio de la Llave	21.4607443	-98.2713407	19402
30206	Nanchital de Lázaro Cárdenas del Río	Veracruz de Ignacio de la Llave	18.0419709	-94.2440233	29209
30207	Tres Valles	Veracruz de Ignacio de la Llave	18.1427319	-96.0805269	44978
30208	Carlos A. Carrillo	Veracruz de Ignacio de la Llave	18.2218244	-95.4441135	23376
30209	Tatahuicapan de Juárez	Veracruz de Ignacio de la Llave	18.1447210	-94.4536861	15044
30210	Uxpanapa	Veracruz de Ignacio de la Llave	17.1633685	-94.2704798	30891
30211	San Rafael	Veracruz de Ignacio de la Llave	20.1116891	-96.5215435	30351
30212	Santiago Sochiapan	Veracruz de Ignacio de la Llave	17.3949435	-95.4404567	13062
31001	Abalá	Yucatán	20.3851280	-89.4051191	6550
31002	Acanceh	Yucatán	20.4844718	-89.2712768	16772
31003	Akil	Yucatán	20.1601390	-89.2048572	12285
31004	Baca	Yucatán	21.0634374	-89.2357776	6195
31005	Bokobá	Yucatán	21.0024983	-89.1046290	2167
31006	Buctzotz	Yucatán	21.1206828	-88.4740064	9159
31007	Cacalchén	Yucatán	20.5859155	-89.1341448	7490
31008	Calotmul	Yucatán	21.0109442	-88.1037367	3949
31009	Cansahcab	Yucatán	21.0929170	-89.0608429	4466
31010	Cantamayec	Yucatán	20.2814000	-89.0451399	2755
31011	Celestún	Yucatán	20.5136330	-90.2358069	8389
31012	Cenotillo	Yucatán	20.5756778	-88.3615912	3736
31013	Conkal	Yucatán	21.0426018	-89.3116622	16671
31014	Cuncunul	Yucatán	20.3828187	-88.1747873	1714
31015	Cuzamá	Yucatán	20.4429343	-89.1901060	5560
31016	Chacsinkín	Yucatán	20.1021363	-89.0059072	3104
31017	Chankom	Yucatán	20.3406899	-88.3044447	4686
31018	Chapab	Yucatán	20.2731502	-89.2723588	3385
31019	Chemax	Yucatán	20.3918059	-87.5614381	38934
31020	Chicxulub Pueblo	Yucatán	21.0814242	-89.3054274	4497
31021	Chichimilá	Yucatán	20.3752572	-88.1302628	9406
31022	Chikindzonot	Yucatán	20.2001159	-88.2911348	4363
31023	Chocholá	Yucatán	20.4500833	-89.4950515	4863
31024	Chumayel	Yucatán	20.2546325	-89.1809069	3244
31025	Dzán	Yucatán	20.2315951	-89.2807934	6003
31026	Dzemul	Yucatán	21.1241411	-89.1831730	3622
31027	Dzidzantún	Yucatán	21.1448042	-89.0234710	8345
31028	Dzilam de Bravo	Yucatán	21.2335625	-88.5330767	2936
31029	Dzilam González	Yucatán	21.1648450	-88.5547066	6240
31030	Dzitás	Yucatán	20.5023516	-88.3140160	4015
31031	Dzoncauich	Yucatán	21.0744990	-88.5327352	2818
31032	Espita	Yucatán	21.0039789	-88.1824561	16779
31033	Halachó	Yucatán	20.2839885	-90.0456024	21255
31034	Hocabá	Yucatán	20.4858464	-89.1442357	6514
31035	Hoctún	Yucatán	20.5154764	-89.1207437	6384
31036	Homún	Yucatán	20.4422255	-89.1708716	8090
31037	Huhí	Yucatán	20.4329966	-89.0943916	5250
31038	Hunucmá	Yucatán	21.0058155	-89.5237386	35137
31039	Ixil	Yucatán	21.0910801	-89.2852360	4186
31040	Izamal	Yucatán	20.5558791	-89.0110973	28555
31041	Kanasín	Yucatán	20.5604703	-89.3329014	141939
31042	Kantunil	Yucatán	20.4747184	-89.0211469	5553
31043	Kaua	Yucatán	20.3712308	-88.2452620	3405
31044	Kinchil	Yucatán	20.5459263	-89.5651298	7530
31045	Kopomá	Yucatán	20.3856292	-89.5358293	2677
31046	Mama	Yucatán	20.2838633	-89.2156086	3296
31047	Maní	Yucatán	20.2315725	-89.2334695	5968
31048	Maxcanú	Yucatán	20.3506214	-90.0002305	23991
31049	Mayapán	Yucatán	20.2807479	-89.1254616	3965
31050	Mérida	Yucatán	20.5803134	-89.3727810	995129
31051	Mocochá	Yucatán	21.0620464	-89.2707400	3430
31052	Motul	Yucatán	21.0543982	-89.1702129	37804
31053	Muna	Yucatán	20.2902232	-89.4248159	13494
31054	Muxupip	Yucatán	21.0234163	-89.1947608	2990
31055	Opichén	Yucatán	20.3302345	-89.5122480	7080
31056	Oxkutzcab	Yucatán	20.1806957	-89.2507506	33854
31057	Panabá	Yucatán	21.1748700	-88.1616260	7766
31058	Peto	Yucatán	20.0733306	-88.5526347	25954
31059	Progreso	Yucatán	21.1657278	-89.3948942	66008
31060	Quintana Roo	Yucatán	20.5201875	-88.3754304	976
31061	Río Lagartos	Yucatán	21.3551902	-88.0928719	3974
31062	Sacalum	Yucatán	20.2944985	-89.3528195	4962
31063	Samahil	Yucatán	20.5300303	-89.5319736	5631
31064	Sanahcat	Yucatán	20.4616544	-89.1253138	1701
31065	San Felipe	Yucatán	21.3403356	-88.1355428	2118
31066	Santa Elena	Yucatán	20.1944031	-89.3835734	4220
31067	Seyé	Yucatán	20.5013152	-89.2220110	10053
31068	Sinanché	Yucatán	21.1332142	-89.1108820	3206
31069	Sotuta	Yucatán	20.3542064	-89.0024140	8967
31070	Sucilá	Yucatán	21.0922196	-88.1850178	3971
31071	Sudzal	Yucatán	20.5219544	-88.5919651	1949
31072	Suma	Yucatán	21.0511369	-89.0853803	1857
31073	Tahdziú	Yucatán	20.1213754	-88.5641653	5854
31074	Tahmek	Yucatán	20.5231926	-89.1520861	3774
31075	Teabo	Yucatán	20.2401480	-89.1705709	6921
31076	Tecoh	Yucatán	20.4430214	-89.2827488	17939
31077	Tekal de Venegas	Yucatán	21.0050661	-88.5649219	2683
31078	Tekantó	Yucatán	21.0041930	-89.0621902	3747
31079	Tekax	Yucatán	20.1212473	-89.1718197	45062
31080	Tekit	Yucatán	20.3200576	-89.1959141	11020
31081	Tekom	Yucatán	20.3608009	-88.1551976	3355
31082	Telchac Pueblo	Yucatán	21.1212056	-89.1616562	3512
31083	Telchac Puerto	Yucatán	21.2034814	-89.1551210	1915
31084	Temax	Yucatán	21.0906628	-88.5619083	7037
31085	Temozón	Yucatán	20.4813249	-88.1204168	16680
31086	Tepakán	Yucatán	21.0257758	-89.0222008	2133
31087	Tetiz	Yucatán	20.5742882	-89.5600416	5464
31088	Teya	Yucatán	21.0254738	-89.0425352	1917
31089	Ticul	Yucatán	20.2354024	-89.3204008	40495
31090	Timucuy	Yucatán	20.4837829	-89.3048618	7503
31091	Tinum	Yucatán	20.4601709	-88.2328455	12700
31092	Tixcacalcupul	Yucatán	20.3213519	-88.1612961	7888
31093	Tixkokob	Yucatán	21.0008937	-89.2342185	18420
31094	Tixmehuac	Yucatán	20.1408595	-89.0632404	5444
31095	Tixpéhual	Yucatán	20.5841406	-89.2630850	5690
31096	Tizimín	Yucatán	21.0836683	-88.0908158	80672
31097	Tunkás	Yucatán	20.5408459	-88.4508206	3684
31098	Tzucacab	Yucatán	20.0418954	-89.0301189	15346
31099	Uayma	Yucatán	20.4304035	-88.1901699	4191
31100	Ucú	Yucatán	21.0154245	-89.4447185	4049
31101	Umán	Yucatán	20.5254804	-89.4453820	69147
31102	Valladolid	Yucatán	20.4123012	-88.1203528	85460
31103	Xocchel	Yucatán	20.5000560	-89.1101390	3451
31104	Yaxcabá	Yucatán	20.3256852	-88.4937942	16350
31105	Yaxkukul	Yucatán	21.0348524	-89.2509258	3293
31106	Yobaín	Yucatán	21.1400483	-89.0659401	2215
32001	Apozol	Zacatecas	21.2815157	-103.0528284	6260
32002	Apulco	Zacatecas	21.2318378	-102.4052352	4942
32003	Atolinga	Zacatecas	21.4825015	-103.2756100	2277
32004	Benito Juárez	Zacatecas	21.3016120	-103.3321421	4493
32005	Calera	Zacatecas	22.5656534	-102.4208145	45759
32006	Cañitas de Felipe Pescador	Zacatecas	23.3625114	-102.4335724	8255
32007	Concepción del Oro	Zacatecas	24.3647408	-101.2513742	12115
32008	Cuauhtémoc	Zacatecas	22.2657186	-102.2100367	13466
32009	Chalchihuites	Zacatecas	23.2838460	-103.5302565	10086
32010	Fresnillo	Zacatecas	23.1029621	-102.5205626	240532
32011	Trinidad García de la Cadena	Zacatecas	21.1235244	-103.2753535	3362
32012	Genaro Codina	Zacatecas	22.2915410	-102.2723666	8168
32013	General Enrique Estrada	Zacatecas	22.5942444	-102.4424047	6644
32014	General Francisco R. Murguía	Zacatecas	23.5940805	-103.0111371	20191
32015	El Plateado de Joaquín Amaro	Zacatecas	21.5611951	-103.0532617	1579
32016	General Pánfilo Natera	Zacatecas	22.3951737	-102.0635724	23526
32017	Guadalupe	Zacatecas	22.4448415	-102.3107686	211740
32018	Huanusco	Zacatecas	21.4619808	-102.5819287	4547
32019	Jalpa	Zacatecas	21.3756061	-102.5833003	25296
32020	Jerez	Zacatecas	22.3857852	-102.5923725	59910
32021	Jiménez del Teul	Zacatecas	23.1514797	-103.4754182	4465
32022	Juan Aldama	Zacatecas	24.1725732	-103.2336925	19749
32023	Juchipila	Zacatecas	21.2441414	-103.0709276	12251
32024	Loreto	Zacatecas	22.1619872	-101.5911630	53709
32025	Luis Moya	Zacatecas	22.2556920	-102.1457298	13184
32026	Mazapil	Zacatecas	24.3817149	-101.3317880	17774
32027	Melchor Ocampo	Zacatecas	24.4954208	-101.3832015	2736
32028	Mezquital del Oro	Zacatecas	21.1300198	-103.2146444	2451
32029	Miguel Auza	Zacatecas	24.1740007	-103.2705218	23713
32030	Momax	Zacatecas	21.5519251	-103.1850311	2446
32031	Monte Escobedo	Zacatecas	22.1810025	-103.3341915	8683
32032	Morelos	Zacatecas	22.5143900	-102.3634326	13207
32033	Moyahua de Estrada	Zacatecas	21.1556137	-103.0956508	4530
32034	Nochistlán de Mejía	Zacatecas	21.2147712	-102.5049794	27945
32035	Noria de Ángeles	Zacatecas	22.2633724	-101.5432026	16284
32036	Ojocaliente	Zacatecas	22.3419080	-102.1510562	44144
32037	Pánuco	Zacatecas	22.5233470	-102.3227182	17577
32038	Pinos	Zacatecas	22.1755831	-101.3430602	72241
32039	Río Grande	Zacatecas	23.4938763	-103.0203594	64535
32040	Sain Alto	Zacatecas	23.3447389	-103.1450925	21844
32041	El Salvador	Zacatecas	24.3114076	-100.5204188	2509
32042	Sombrerete	Zacatecas	23.3752960	-103.3828832	63665
32043	Susticacán	Zacatecas	22.3639920	-103.0558879	1365
32044	Tabasco	Zacatecas	21.5154997	-102.5447005	16588
32045	Tepechitlán	Zacatecas	21.4016054	-103.1939451	8321
32046	Tepetongo	Zacatecas	22.2740553	-103.0852433	6490
32047	Teúl de González Ortega	Zacatecas	21.2750729	-103.2743342	5356
32048	Tlaltenango de Sánchez Román	Zacatecas	21.4658950	-103.1820928	27302
32049	Valparaíso	Zacatecas	22.4618841	-103.3402040	32461
32050	Vetagrande	Zacatecas	22.4958133	-102.3320313	10276
32051	Villa de Cos	Zacatecas	23.1738013	-102.2048798	34623
32052	Villa García	Zacatecas	22.0953633	-101.5722748	19525
32053	Villa González Ortega	Zacatecas	22.3046770	-101.5449538	13208
32054	Villa Hidalgo	Zacatecas	22.2125518	-101.4245356	19446
32055	Villanueva	Zacatecas	22.2115331	-102.5301414	31558
32056	Zacatecas	Zacatecas	22.4633946	-102.3418611	149607
32057	Trancoso	Zacatecas	22.4407401	-102.2157736	20455
32058	Santa María de la Paz	Zacatecas	21.3043842	-103.2425351	2767
