01001	4	Alegría-Dulantzi		01	Álava	16	42.82585	-2.50897	2955
01002	9	Amurrio		01	Álava	16	43.00542	-2.97435	10364
01003	5	Aramaio		01	Álava	16	43.03900	-2.60173	1354
01004	0	Artziniega		01	Álava	16	43.13048	-3.13179	1868
01006	6	Armiñón		01	Álava	16	42.71863	-2.86609	236
01008	8	Arratzua-Ubarrundia		01	Álava	16	42.92427	-2.61436	1056
01009	1	Asparrena		01	Álava	16	42.89996	-2.32653	1609
01010	5	Ayala	Aiara;Ayala/Aiara;Ayala / Aiara	01	Álava	16	43.08162	-3.07509	2921
01011	2	Baños de Ebro	Mañueta;Baños de Ebro/Mañueta;Baños de Ebro / Mañueta	01	Álava	16	42.52975	-2.67886	286
01013	3	Barrundia		01	Álava	16	42.91377	-2.50710	882
01014	8	Berantevilla		01	Álava	16	42.68698	-2.83323	461
01016	4	Bernedo		01	Álava	16	42.70881	-2.52471	541
01017	0	Campezo	Kanpezu;Campezo/Kanpezu;Campezo / Kanpezu	01	Álava	16	42.69412	-2.36442	1073
01018	6	Zigoitia		01	Álava	16	42.97258	-2.72226	1845
01019	9	Kripan		01	Álava	16	42.59340	-2.51248	174
01020	3	Kuartango		01	Álava	16	42.88832	-2.92168	402
01021	0	Elburgo	Burgelu;Elburgo/Burgelu;Elburgo / Burgelu	01	Álava	16	42.86505	-2.54720	642
01022	5	Elciego		01	Álava	16	42.50293	-2.61990	971
01023	1	Elvillar	Bilar;Elvillar/Bilar;Elvillar / Bilar	01	Álava	16	42.55800	-2.53830	315
01027	8	Iruraiz-Gauna		01	Álava	16	42.82001	-2.49002	559
01028	4	Labastida	Bastida;Labastida/Bastida;Labastida / Bastida	01	Álava	16	42.60614	-2.81351	1558
01030	1	Lagrán		01	Álava	16	42.62619	-2.61364	177
01031	8	Laguardia		01	Álava	16	42.55207	-2.58333	1459
01032	3	Lanciego	Lantziego;Lanciego/Lantziego;Lanciego / Lantziego	01	Álava	16	42.53770	-2.50112	700
01033	9	Lapuebla de Labarca		01	Álava	16	42.49478	-2.57030	895
01034	4	Leza		01	Álava	16	42.56622	-2.63320	205
01036	0	Laudio	Llodio;Laudio/Llodio;Laudio / Llodio	01	Álava	16	43.14391	-2.97390	18077
01037	6	Arraia-Maeztu		01	Álava	16	42.74284	-2.44683	812
01039	5	Moreda de Álava	Moreda Araba;Moreda de Álava/Moreda Araba;Moreda de Álava / Moreda Araba	01	Álava	16	42.53151	-2.41729	218
01041	6	Navaridas		01	Álava	16	42.54325	-2.62932	192
01042	1	Okondo		01	Álava	16	43.15000	-3.03333	1184
01043	7	Oyón-Oion		01	Álava	16	42.53958	-2.43656	3476
01044	2	Peñacerrada-Urizaharra		01	Álava	16	42.64208	-2.70290	332
01046	8	Erriberagoitia	Ribera Alta;Erriberagoitia/Ribera Alta;Erriberagoitia / Ribera Alta	01	Álava	16	42.79984	-2.93462	839
01047	4	Ribera Baja	Erriberabeitia;Ribera Baja/Erriberabeitia;Ribera Baja / Erriberabeitia	01	Álava	16	42.72319	-2.89734	1477
01049	3	Añana		01	Álava	16	42.82068	-2.99465	141
01051	3	Agurain	Salvatierra;Agurain/Salvatierra;Agurain / Salvatierra	01	Álava	16	42.85092	-2.39008	5189
01052	8	Samaniego		01	Álava	16	42.56947	-2.67114	292
01053	4	San Millán	Donemiliaga;San Millán/Donemiliaga;San Millán / Donemiliaga	01	Álava	16	42.92552	-2.42733	701
01054	9	Urkabustaiz		01	Álava	16	42.97660	-2.91625	1470
01055	2	Valdegovía	Gaubea;Valdegovía/Gaubea;Valdegovía / Gaubea	01	Álava	16	42.85110	-3.10121	1064
01056	5	Harana	Valle de Arana;Harana/Valle de Arana;Harana / Valle de Arana	01	Álava	16	42.76048	-2.32204	212
01057	1	Villabuena de Álava	Eskuernaga;Villabuena de Álava/Eskuernaga;Villabuena de Álava / Eskuernaga	01	Álava	16	42.54606	-2.66539	276
01058	7	Legutio		01	Álava	16	42.98289	-2.64518	2094
01059	0	Vitoria-Gasteiz	Vitoria;Gasteiz;Vitoria Gasteiz	01	Álava	16	42.84627	-2.67225	260699
01060	4	Yécora	Iekora;Yécora/Iekora;Yécora / Iekora	01	Álava	16	42.55691	-2.46343	278
01061	1	Zalduondo		01	Álava	16	42.90178	-2.33978	195
01062	6	Zambrana		01	Álava	16	42.65866	-2.82778	452
01063	2	Zuia		01	Álava	16	42.96032	-2.83791	2350
01901	5	Iruña Oka	Iruña de Oca;Iruña Oka/Iruña de Oca;Iruña Oka / Iruña de Oca	01	Álava	16	42.82931	-2.81194	3704
01902	0	Lantarón		01	Álava	16	42.75891	-3.03037	929
02001	9	Abengibre		02	Albacete	08	39.21526	-1.54843	753
02002	4	Alatoz		02	Albacete	08	39.08200	-1.37081	504
02003	0	Albacete		02	Albacete	08	38.97386	-1.85307	175400
02004	5	Albatana		02	Albacete	08	38.57240	-1.50588	644
02005	8	Alborea		02	Albacete	08	39.29477	-1.37254	672
02006	1	Alcadozo		02	Albacete	08	38.66248	-2.05668	635
02007	7	Alcalá del Júcar		02	Albacete	08	39.19313	-1.43017	1130
02008	3	Alcaraz		02	Albacete	08	38.68524	-2.52205	1283
02009	6	Almansa		02	Albacete	08	38.83324	-1.12445	24615
02010	0	Alpera		02	Albacete	08	38.97601	-1.25947	2278
02011	7	Ayna		02	Albacete	08	38.55111	-2.14865	577
02012	2	Balazote		02	Albacete	08	38.88508	-2.14901	2356
02013	8	Balsa de Ves		02	Albacete	08	39.27336	-1.20802	121
02014	3	El Ballestero	Ballestero, El	02	Albacete	08	38.85143	-2.46877	411
02015	6	Barrax		02	Albacete	08	39.04370	-2.21347	1838
02016	9	Bienservida		02	Albacete	08	38.52977	-2.64798	548
02017	5	Bogarra		02	Albacete	08	38.58349	-2.23443	727
02018	1	Bonete		02	Albacete	08	38.88857	-1.30014	950
02019	4	El Bonillo	Bonillo, El	02	Albacete	08	38.93698	-2.58731	2645
02020	8	Carcelén		02	Albacete	08	39.10992	-1.28877	483
02021	5	Casas de Juan Núñez		02	Albacete	08	39.09333	-1.55946	1409
02022	0	Casas de Lázaro		02	Albacete	08	38.79722	-2.24934	298
02023	6	Casas de Ves		02	Albacete	08	39.26148	-1.28893	519
02024	1	Casas-Ibáñez		02	Albacete	08	39.33320	-1.44083	4616
02025	4	Caudete		02	Albacete	08	38.70622	-1.04109	10439
02026	7	Cenizate		02	Albacete	08	39.30350	-1.65630	1163
02027	3	Corral-Rubio		02	Albacete	08	38.81106	-1.44696	303
02028	9	Cotillas		02	Albacete	08	38.42669	-2.49891	123
02029	2	Chinchilla de Monte-Aragón		02	Albacete	08	38.86461	-1.59322	4614
02030	6	Elche de la Sierra		02	Albacete	08	38.44268	-2.09755	3603
02031	3	Férez		02	Albacete	08	38.38270	-1.94759	604
02032	8	Fuensanta		02	Albacete	08	39.24140	-2.06734	282
02033	4	Fuente-Álamo		02	Albacete	08	38.69692	-1.43300	2422
02034	9	Fuentealbilla		02	Albacete	08	39.23290	-1.58619	1804
02035	2	La Gineta	Gineta, La	02	Albacete	08	39.13807	-1.99701	2656
02036	5	Golosalvo		02	Albacete	08	39.23738	-1.63451	79
02037	1	Hellín		02	Albacete	08	38.45000	-1.75000	30836
02038	7	La Herrera	Herrera, La	02	Albacete	08	38.93109	-2.09676	308
02039	0	Higueruela		02	Albacete	08	38.96084	-1.40114	1133
02040	4	Hoya-Gonzalo		02	Albacete	08	38.95014	-1.55521	582
02041	1	Jorquera		02	Albacete	08	39.15628	-1.54245	356
02042	6	Letur		02	Albacete	08	38.35012	-2.12950	911
02043	2	Lezuza		02	Albacete	08	38.96051	-2.32408	1281
02044	7	Liétor		02	Albacete	08	38.51133	-1.94306	1052
02045	0	Madrigueras		02	Albacete	08	39.22554	-1.81371	4670
02046	3	Mahora		02	Albacete	08	39.19352	-1.71149	1465
02047	9	Masegoso		02	Albacete	08	38.73185	-2.33574	117
02048	5	Minaya		02	Albacete	08	39.21557	-2.31107	1381
02049	8	Molinicos		02	Albacete	08	38.50406	-2.29608	754
02050	1	Montalvos		02	Albacete	08	39.18333	-2.02014	74
02051	8	Montealegre del Castillo		02	Albacete	08	38.73753	-1.29664	2051
02052	3	Motilleja		02	Albacete	08	39.16392	-1.78538	673
02053	9	Munera		02	Albacete	08	39.08589	-2.43347	3351
02054	4	Navas de Jorquera		02	Albacete	08	39.27947	-1.72045	521
02055	7	Nerpio		02	Albacete	08	38.15928	-2.36911	1136
02056	0	Ontur		02	Albacete	08	38.62846	-1.47099	1895
02057	6	Ossa de Montiel		02	Albacete	08	38.97631	-2.76454	2233
02058	2	Paterna del Madera		02	Albacete	08	38.58943	-2.34524	328
02059	5	Peñascosa		02	Albacete	08	38.66150	-2.33545	329
02060	9	Peñas de San Pedro		02	Albacete	08	38.71565	-2.02895	1488
02061	6	Pétrola		02	Albacete	08	38.79949	-1.51389	660
02062	1	Povedilla		02	Albacete	08	38.71007	-2.62143	374
02063	7	Pozohondo		02	Albacete	08	38.69865	-1.91144	1544
02064	2	Pozo-Lorente		02	Albacete	08	39.06694	-1.49790	398
02065	5	Pozuelo		02	Albacete	08	38.81655	-2.09100	455
02066	8	La Recueja	Recueja, La	02	Albacete	08	39.15363	-1.45930	215
02067	4	Riópar		02	Albacete	08	38.47147	-2.43553	1344
02068	0	Robledo		02	Albacete	08	38.78098	-2.40414	382
02069	3	La Roda	Roda, La	02	Albacete	08	39.18041	-2.19224	15643
02070	7	Salobre		02	Albacete	08	38.57617	-2.53978	442
02071	4	San Pedro		02	Albacete	08	38.79819	-2.19192	1155
02072	9	Socovos		02	Albacete	08	38.34959	-1.91030	1643
02073	5	Tarazona de la Mancha		02	Albacete	08	39.21230	-1.94905	6100
02074	0	Tobarra		02	Albacete	08	38.62707	-1.68061	8006
02075	3	Valdeganga		02	Albacete	08	39.14212	-1.67104	1970
02076	6	Vianos		02	Albacete	08	38.58109	-2.50660	317
02077	2	Villa de Ves		02	Albacete	08	39.19887	-1.25763	51
02078	8	Villalgordo del Júcar		02	Albacete	08	39.31687	-2.05922	1159
02079	1	Villamalea		02	Albacete	08	39.36888	-1.52645	4083
02080	5	Villapalacios		02	Albacete	08	38.57892	-2.62942	539
02081	2	Villarrobledo		02	Albacete	08	39.19657	-2.60463	25400
02082	7	Villatoya		02	Albacete	08	39.33238	-1.32934	114
02083	3	Villavaliente		02	Albacete	08	39.11440	-1.47340	190
02084	8	Villaverde de Guadalimar		02	Albacete	08	38.46144	-2.51042	325
02085	1	Viveros		02	Albacete	08	38.80684	-2.57423	293
02086	4	Yeste		02	Albacete	08	38.31521	-2.30886	2471
02901	0	Pozo Cañada		02	Albacete	08	38.78381	-1.76012	2704
03001	5	L'Atzúbia	Atzúbia, l'	03	Alicante	10	38.85201	-0.16648	589
03002	0	Agost		03	Alicante	10	38.44858	-0.61758	5225
03003	6	Agres		03	Alicante	10	38.78738	-0.51236	623
03004	1	Aigües		03	Alicante	10	38.50918	-0.36232	1199
03005	4	Albatera		03	Alicante	10	38.21847	-0.89699	13566
03006	7	Alcalalí		03	Alicante	10	38.74824	-0.03312	1428
03007	3	Alcosser		03	Alicante	10	38.78858	-0.40343	263
03008	9	Alcoleja		03	Alicante	10	38.66992	-0.32382	184
03009	2	Alcoi	Alcoy;Alcoi/Alcoy;Alcoi / Alcoy	03	Alicante	10	38.68388	-0.51902	61468
03010	6	Alfafara		03	Alicante	10	38.78063	-0.57340	419
03011	3	L'Alfàs del Pi	Alfàs del Pi, l'	03	Alicante	10	38.57971	-0.10265	21080
03012	8	Algorfa		03	Alicante	10	38.06655	-0.77543	3788
03013	4	Algueña		03	Alicante	10	38.35281	-0.99899	1328
03014	9	Alacant	Alicante;Alacant/Alicante;Alacant / Alicante	03	Alicante	10	38.35323	-0.48134	366221
03015	2	Almoradí		03	Alicante	10	38.09719	-0.79365	22965
03016	5	Almudaina		03	Alicante	10	38.76870	-0.36139	128
03017	1	L'Alqueria d'Asnar	Alqueria d'Asnar, l'	03	Alicante	10	38.77024	-0.41883	519
03018	7	Altea		03	Alicante	10	38.59836	-0.05210	24592
03019	0	Aspe		03	Alicante	10	38.33424	-0.79451	22397
03020	4	Balones		03	Alicante	10	38.74044	-0.32947	132
03021	1	Banyeres de Mariola		03	Alicante	10	38.71887	-0.65600	7347
03022	6	Benasau		03	Alicante	10	38.69566	-0.33936	174
03023	2	Beneixama		03	Alicante	10	38.71761	-0.75648	1696
03024	7	Benejúzar		03	Alicante	10	38.07367	-0.83195	5811
03025	0	Benferri		03	Alicante	10	38.15379	-0.98058	2099
03026	3	Beniarbeig		03	Alicante	10	38.81926	-0.00612	2499
03027	9	Beniardà		03	Alicante	10	38.69400	-0.21239	226
03028	5	Beniarrés		03	Alicante	10	38.82915	-0.36888	1117
03029	8	Benigembla		03	Alicante	10	38.75116	-0.10686	590
03030	2	Benidoleig		03	Alicante	10	38.79771	-0.02990	1245
03031	9	Benidorm		03	Alicante	10	38.54371	-0.12049	77327
03032	4	Benifallim		03	Alicante	10	38.65461	-0.40832	130
03033	0	Benifato		03	Alicante	10	38.66585	-0.23703	162
03034	5	Benijófar		03	Alicante	10	38.08134	-0.74477	3679
03035	8	Benilloba		03	Alicante	10	38.70840	-0.39441	744
03036	1	Benillup		03	Alicante	10	38.76118	-0.38242	110
03037	7	Benimantell		03	Alicante	10	38.65624	-0.19861	548
03038	3	Benimarfull		03	Alicante	10	38.77471	-0.38798	465
03039	6	Benimassot		03	Alicante	10	38.74949	-0.29352	85
03040	0	Benimeli		03	Alicante	10	38.83221	-0.03523	474
03041	7	Benissa		03	Alicante	10	38.70055	0.05356	12471
03042	2	El Poble Nou de Benitatxell	Benitachell;Poble Nou de Benitatxell, el/Benitachell;Poble Nou de Benitatxell, el;El Poble Nou de Benitatxell/Benitachell;El Poble Nou de Benitatxell / Benitachell	03	Alicante	10	38.71303	0.15465	4911
03043	8	Biar		03	Alicante	10	38.65829	-0.75227	3677
03044	3	Bigastro		03	Alicante	10	38.06146	-0.89400	7537
03045	6	Bolulla		03	Alicante	10	38.69504	-0.12840	490
03046	9	Busot		03	Alicante	10	38.50243	-0.42664	3782
03047	5	Calp		03	Alicante	10	38.64590	0.04738	27616
03048	1	Callosa d'en Sarrià		03	Alicante	10	38.64937	-0.09824	8182
03049	4	Callosa de Segura		03	Alicante	10	38.12429	-0.87839	19988
03050	7	El Campello	Campello, el	03	Alicante	10	38.46546	-0.36398	31419
03051	4	El Camp de Mirra	Campo de Mirra;Camp de Mirra, el/Campo de Mirra;Camp de Mirra, el;El Camp de Mirra/Campo de Mirra;El Camp de Mirra / Campo de Mirra	03	Alicante	10	38.70001	-0.79462	447
03052	9	Cañada		03	Alicante	10	38.67674	-0.81413	1213
03053	5	Castalla		03	Alicante	10	38.56672	-0.64583	11908
03054	0	Castell de Castells		03	Alicante	10	38.73781	-0.19534	443
03055	3	Catral		03	Alicante	10	38.15798	-0.79689	9600
03056	6	Cocentaina		03	Alicante	10	38.73374	-0.43853	11498
03057	2	Confrides		03	Alicante	10	38.67085	-0.27639	293
03058	8	Cox		03	Alicante	10	38.14754	-0.89086	7722
03059	1	Crevillent		03	Alicante	10	38.23031	-0.81508	30921
03060	5	Quatretondeta		03	Alicante	10	38.72457	-0.31943	130
03061	2	Daya Nueva		03	Alicante	10	38.10897	-0.76863	1885
03062	7	Daya Vieja		03	Alicante	10	38.10776	-0.73164	698
03063	3	Dénia		03	Alicante	10	38.82771	0.06777	47261
03064	8	Dolores		03	Alicante	10	38.13537	-0.75870	8326
03065	1	Elx	Elche;Elx/Elche;Elx / Elche	03	Alicante	10	38.26905	-0.70797	245557
03066	4	Elda		03	Alicante	10	38.47576	-0.79645	55222
03067	0	Fageca		03	Alicante	10	38.73988	-0.27845	100
03068	6	Famorca		03	Alicante	10	38.72859	-0.23428	44
03069	9	Finestrat		03	Alicante	10	38.56151	-0.19913	9919
03070	3	Formentera del Segura		03	Alicante	10	38.09233	-0.73441	4868
03071	0	Gata de Gorgos		03	Alicante	10	38.77579	0.08111	6773
03072	5	Gaianes		03	Alicante	10	38.81408	-0.40729	577
03073	1	Gorga		03	Alicante	10	38.72433	-0.37613	286
03074	6	Granja de Rocamora		03	Alicante	10	38.15559	-0.87106	2728
03075	9	El Castell de Guadalest	Castell de Guadalest, el	03	Alicante	10	38.66938	-0.17715	284
03076	2	Guardamar del Segura		03	Alicante	10	38.07861	-0.65357	18564
03077	8	El Fondó de les Neus	Hondón de las Nieves;Fondó de les Neus, el/Hondón de las Nieves;Fondó de les Neus, el;El Fondó de les Neus/Hondón de las Nieves;El Fondó de les Neus / Hondón de las Nieves	03	Alicante	10	38.30756	-0.89019	2738
03078	4	Hondón de los Frailes		03	Alicante	10	38.27350	-0.92809	1334
03079	7	Ibi		03	Alicante	10	38.62556	-0.55926	24500
03080	1	Jacarilla		03	Alicante	10	38.06080	-0.86443	2176
03081	8	Xaló		03	Alicante	10	38.72159	-0.03660	3104
03082	3	Xàbia	Jávea;Xàbia/Jávea;Xàbia / Jávea	03	Alicante	10	38.76439	0.19166	30642
03083	9	Xixona	Jijona;Xixona/Jijona;Xixona / Jijona	03	Alicante	10	38.55494	-0.47922	7669
03084	4	L'Orxa	Lorcha;Orxa, l'/Lorcha;Orxa, l';L'Orxa/Lorcha;L'Orxa / Lorcha	03	Alicante	10	38.85519	-0.32090	589
03085	7	Llíber		03	Alicante	10	38.71888	0.00820	882
03086	0	Millena		03	Alicante	10	38.73730	-0.37901	265
03088	2	Monforte del Cid		03	Alicante	10	38.36863	-0.70440	9283
03089	5	Monòver	Monóvar;Monòver/Monóvar;Monòver / Monóvar	03	Alicante	10	38.42809	-0.92208	13116
03090	9	Mutxamel		03	Alicante	10	38.42593	-0.45693	28621
03091	6	Murla		03	Alicante	10	38.76482	-0.07755	574
03092	1	Muro de Alcoy		03	Alicante	10	38.78855	-0.42816	9372
03093	7	Novelda		03	Alicante	10	38.37757	-0.78442	26606
03094	2	La Nucia	Nucia, la	03	Alicante	10	38.61352	-0.12772	19121
03095	5	Ondara		03	Alicante	10	38.82796	0.01571	7717
03096	8	Onil		03	Alicante	10	38.62438	-0.67257	8114
03097	4	Orba		03	Alicante	10	38.79344	-0.07022	2399
03098	0	Orxeta		03	Alicante	10	38.54839	-0.28825	906
03099	3	Orihuela		03	Alicante	10	38.02738	-0.91361	84560
03100	7	Parcent		03	Alicante	10	38.74319	-0.07414	1037
03101	4	Pedreguer		03	Alicante	10	38.80725	0.04220	8849
03102	9	Pego		03	Alicante	10	38.85266	-0.09004	10791
03103	5	Penàguila		03	Alicante	10	38.66181	-0.37532	305
03104	0	Petrer		03	Alicante	10	38.49125	-0.73836	34022
03105	3	El Pinós	Pinoso;Pinós, el/Pinoso;Pinós, el;El Pinós/Pinoso;El Pinós / Pinoso	03	Alicante	10	38.41230	-1.04024	8523
03106	6	Planes		03	Alicante	10	38.79271	-0.34540	697
03107	2	Polop		03	Alicante	10	38.61835	-0.14550	5828
03109	1	Rafal		03	Alicante	10	38.10739	-0.84765	4849
03110	5	El Ràfol d'Almúnia	Ràfol d'Almúnia, el	03	Alicante	10	38.83030	-0.04473	734
03111	2	Redován		03	Alicante	10	38.12261	-0.91879	8283
03112	7	Relleu		03	Alicante	10	38.58897	-0.31028	1375
03113	3	Rojales		03	Alicante	10	38.07395	-0.71889	17652
03114	8	La Romana	Romana, la	03	Alicante	10	38.35678	-0.89666	2729
03115	1	Sagra		03	Alicante	10	38.81639	-0.05977	441
03116	4	Salinas		03	Alicante	10	38.51838	-0.90658	1828
03117	0	Sanet y Negrals		03	Alicante	10	38.81173	-0.02742	712
03118	6	San Fulgencio		03	Alicante	10	38.12751	-0.70345	9769
03119	9	Sant Joan d'Alacant		03	Alicante	10	38.40752	-0.42613	26834
03120	3	San Miguel de Salinas		03	Alicante	10	37.99772	-0.79052	7177
03121	0	Santa Pola		03	Alicante	10	38.20344	-0.57742	39709
03122	5	Sant Vicent del Raspeig	San Vicente del Raspeig;Sant Vicent del Raspeig/San Vicente del Raspeig;Sant Vicent del Raspeig / San Vicente del Raspeig	03	Alicante	10	38.43428	-0.54963	60247
03123	1	Sax		03	Alicante	10	38.54320	-0.80276	10346
03124	6	Sella		03	Alicante	10	38.61890	-0.28003	621
03125	9	Senija		03	Alicante	10	38.73628	0.04638	698
03127	8	Tàrbena		03	Alicante	10	38.71004	-0.09151	662
03128	4	Teulada		03	Alicante	10	38.70283	0.12442	12912
03129	7	Tibi		03	Alicante	10	38.53237	-0.59557	1757
03130	1	Tollos		03	Alicante	10	38.76137	-0.24512	32
03131	8	Tormos		03	Alicante	10	38.80537	-0.06262	323
03132	3	La Torre de les Maçanes	Torremanzanas;Torre de les Maçanes, la/Torremanzanas;Torre de les Maçanes, la;La Torre de les Maçanes/Torremanzanas;La Torre de les Maçanes / Torremanzanas	03	Alicante	10	38.60895	-0.40081	749
03133	9	Torrevieja		03	Alicante	10	37.98956	-0.67491	98533
03134	4	La Vall d'Alcalà	Vall d'Alcalà, la	03	Alicante	10	38.79009	-0.25014	159
03135	7	La Vall d'Ebo	Vall d'Ebo, la	03	Alicante	10	38.80409	-0.18622	231
03136	0	La Vall de Gallinera	Vall de Gallinera, la	03	Alicante	10	38.82466	-0.21741	583
03137	6	La Vall de Laguar	Vall de Laguar, la	03	Alicante	10	38.76872	-0.12202	905
03138	2	El Verger	Verger, el	03	Alicante	10	38.85382	0.00057	5508
03139	5	La Vila Joiosa	Villajoyosa;Vila Joiosa, la/Villajoyosa;Vila Joiosa, la;La Vila Joiosa/Villajoyosa;La Vila Joiosa / Villajoyosa	03	Alicante	10	38.51124	-0.23209	37449
03140	9	Villena		03	Alicante	10	38.64191	-0.94476	34712
03901	6	Els Poblets	Poblets, els	03	Alicante	10	38.85799	0.01854	2757
03902	1	Pilar de la Horadada		03	Alicante	10	37.89933	-0.80797	24316
03903	7	Los Montesinos	Montesinos, Los	03	Alicante	10	38.03047	-0.75255	5786
03904	2	San Isidro		03	Alicante	10	38.17652	-0.84897	2337
04001	0	Abla		04	Almería	01	37.15566	-2.76444	1268
04002	5	Abrucena		04	Almería	01	37.15126	-2.81620	1241
04003	1	Adra		04	Almería	01	36.76592	-3.05470	25501
04004	6	Albanchez		04	Almería	01	37.28666	-2.15997	688
04005	9	Alboloduy		04	Almería	01	37.06595	-2.62118	579
04006	2	Albox		04	Almería	01	37.38434	-2.13959	12799
04007	8	Alcolea		04	Almería	01	36.93131	-3.01237	829
04008	4	Alcóntar		04	Almería	01	37.31516	-2.62088	545
04009	7	Alcudia de Monteagud		04	Almería	01	37.24224	-2.25065	115
04010	1	Alhabia		04	Almería	01	36.99123	-2.56365	743
04011	8	Alhama de Almería		04	Almería	01	36.95601	-2.57386	3975
04012	3	Alicún		04	Almería	01	36.95240	-2.60257	206
04013	9	Almería		04	Almería	01	36.87557	-2.34230	205468
04014	4	Almócita		04	Almería	01	36.97573	-2.80798	208
04015	7	Alsodux		04	Almería	01	37.01877	-2.56431	126
04016	0	Antas		04	Almería	01	37.25959	-1.96846	3472
04017	6	Arboleas		04	Almería	01	37.34852	-2.08197	4215
04018	2	Armuña de Almanzora		04	Almería	01	37.35852	-2.41689	371
04019	5	Bacares		04	Almería	01	37.24702	-2.48293	226
04020	9	Bayárcal		04	Almería	01	37.05115	-2.99419	294
04021	6	Bayarque		04	Almería	01	37.31852	-2.45577	215
04022	1	Bédar		04	Almería	01	37.17796	-1.99762	953
04023	7	Beires		04	Almería	01	37.02945	-2.81014	140
04024	2	Benahadux		04	Almería	01	36.91957	-2.46414	4901
04026	8	Benitagla		04	Almería	01	37.23545	-2.22493	63
04027	4	Benizalón		04	Almería	01	37.20811	-2.20936	242
04028	0	Bentarique		04	Almería	01	36.99441	-2.62241	223
04029	3	Berja		04	Almería	01	36.83951	-2.96874	13120
04030	7	Canjáyar		04	Almería	01	37.00347	-2.73871	1139
04031	4	Cantoria		04	Almería	01	37.32998	-2.16057	3592
04032	9	Carboneras		04	Almería	01	37.00153	-1.92125	8458
04033	5	Castro de Filabres		04	Almería	01	37.18376	-2.45118	101
04034	0	Cóbdar		04	Almería	01	37.25341	-2.19306	169
04035	3	Cuevas del Almanzora		04	Almería	01	37.30148	-1.78345	15526
04036	6	Chercos		04	Almería	01	37.26296	-2.26719	301
04037	2	Chirivel		04	Almería	01	37.60800	-2.28227	1619
04038	8	Dalías		04	Almería	01	36.85347	-2.82607	4196
04041	2	Enix		04	Almería	01	36.85925	-2.58586	612
04043	3	Felix		04	Almería	01	36.86811	-2.70967	771
04044	8	Fines		04	Almería	01	37.36802	-2.26719	2404
04045	1	Fiñana		04	Almería	01	37.18473	-2.85826	1956
04046	4	Fondón		04	Almería	01	36.98187	-2.85868	1152
04047	0	Gádor		04	Almería	01	36.96104	-2.51221	3130
04048	6	Los Gallardos	Gallardos, Los	04	Almería	01	37.14843	-1.95826	3110
04049	9	Garrucha		04	Almería	01	37.18743	-1.83493	10845
04050	2	Gérgal		04	Almería	01	37.13197	-2.54244	1211
04051	9	Huécija		04	Almería	01	36.95188	-2.62899	526
04052	4	Huércal de Almería		04	Almería	01	36.87908	-2.45538	18660
04053	0	Huércal-Overa		04	Almería	01	37.41010	-1.96127	20860
04054	5	Íllar		04	Almería	01	36.98688	-2.64056	492
04055	8	Instinción		04	Almería	01	36.97525	-2.66777	507
04056	1	Laroya		04	Almería	01	37.28882	-2.33957	197
04057	7	Laujar de Andarax		04	Almería	01	37.00886	-2.90310	1674
04058	3	Líjar		04	Almería	01	37.28717	-2.22566	378
04059	6	Lubrín		04	Almería	01	37.21976	-2.06612	1434
04060	0	Lucainena de las Torres		04	Almería	01	37.04937	-2.14245	722
04061	7	Lúcar		04	Almería	01	37.43700	-2.43463	829
04062	2	Macael		04	Almería	01	37.30974	-2.30119	5436
04063	8	María		04	Almería	01	37.72980	-2.22323	1202
04064	3	Mojácar		04	Almería	01	37.12145	-1.85515	7680
04065	6	Nacimiento		04	Almería	01	37.14750	-2.65932	485
04066	9	Níjar		04	Almería	01	36.96114	-2.20036	33319
04067	5	Ohanes		04	Almería	01	37.06455	-2.76203	553
04068	1	Olula de Castro		04	Almería	01	37.16661	-2.48174	175
04069	4	Olula del Río		04	Almería	01	37.38300	-2.30667	6506
04070	8	Oria		04	Almería	01	37.49657	-2.31794	2219
04071	5	Padules		04	Almería	01	36.96889	-2.76968	438
04072	0	Partaloa		04	Almería	01	37.41209	-2.22914	836
04073	6	Paterna del Río		04	Almería	01	37.05246	-2.94807	399
04074	1	Pechina		04	Almería	01	36.95006	-2.39951	4552
04075	4	Pulpí		04	Almería	01	37.36450	-1.66723	12214
04076	7	Purchena		04	Almería	01	37.34204	-2.35184	1563
04077	3	Rágol		04	Almería	01	37.01253	-2.69511	297
04078	9	Rioja		04	Almería	01	36.97706	-2.44373	1609
04079	2	Roquetas de Mar		04	Almería	01	36.80286	-2.59980	111240
04080	6	Santa Cruz de Marchena		04	Almería	01	37.03788	-2.58576	236
04081	3	Santa Fe de Mondújar		04	Almería	01	36.97643	-2.53247	503
04082	8	Senés		04	Almería	01	37.20543	-2.33962	279
04083	4	Serón		04	Almería	01	37.34873	-2.55926	2151
04084	9	Sierro		04	Almería	01	37.29491	-2.39338	364
04085	2	Somontín		04	Almería	01	37.42270	-2.38829	497
04086	5	Sorbas		04	Almería	01	37.09503	-2.07457	2564
04087	1	Suflí		04	Almería	01	37.32477	-2.38351	224
04088	7	Tabernas		04	Almería	01	37.04822	-2.36265	3991
04089	0	Taberno		04	Almería	01	37.48069	-2.05506	955
04090	4	Tahal		04	Almería	01	37.21230	-2.29781	355
04091	1	Terque		04	Almería	01	36.92013	-2.65134	393
04092	6	Tíjola		04	Almería	01	37.39172	-2.48873	3573
04093	2	Turre		04	Almería	01	37.11143	-1.95523	4361
04094	7	Turrillas		04	Almería	01	37.02872	-2.26891	256
04095	0	Uleila del Campo		04	Almería	01	37.19463	-2.18699	815
04096	3	Urrácal		04	Almería	01	37.39393	-2.34576	340
04097	9	Velefique		04	Almería	01	37.19868	-2.39703	230
04098	5	Vélez-Blanco		04	Almería	01	37.77008	-2.09012	1928
04099	8	Vélez-Rubio		04	Almería	01	37.59485	-2.05476	6685
04100	2	Vera		04	Almería	01	37.20536	-1.84358	20282
04101	9	Viator		04	Almería	01	36.90468	-2.39454	6339
04102	4	Vícar		04	Almería	01	36.81925	-2.67696	29342
04103	0	Zurgena		04	Almería	01	37.35882	-2.03480	3059
04901	1	Las Tres Villas	Tres Villas, Las	04	Almería	01	37.15945	-2.72162	547
04902	6	El Ejido	Ejido, El	04	Almería	01	36.72291	-2.80475	91440
04903	2	La Mojonera	Mojonera, La	04	Almería	01	36.78243	-2.68459	8793
04904	7	Balanegra		04	Almería	01	36.75009	-2.91069	3055
05001	3	Adanero		05	Ávila	07	40.94239	-4.59522	207
05002	8	La Adrada	Adrada, La	05	Ávila	07	40.30783	-4.65527	2853
05005	2	Albornos		05	Ávila	07	40.83155	-4.87867	170
05007	1	Aldeanueva de Santa Cruz		05	Ávila	07	40.37587	-5.42613	100
05008	7	Aldeaseca		05	Ávila	07	41.04462	-4.80059	211
05010	4	La Aldehuela	Aldehuela, La	05	Ávila	07	40.41681	-5.40313	141
05012	6	Amavida		05	Ávila	07	40.57687	-5.05507	131
05013	2	El Arenal	Arenal, El	05	Ávila	07	40.27881	-5.07829	961
05014	7	Arenas de San Pedro		05	Ávila	07	40.16809	-5.09567	6460
05015	0	Arevalillo		05	Ávila	07	40.59229	-5.37408	58
05016	3	Arévalo		05	Ávila	07	41.04084	-4.71695	7851
05017	9	Aveinte		05	Ávila	07	40.78650	-4.83331	67
05018	5	Avellaneda		05	Ávila	07	40.38765	-5.38513	23
05019	8	Ávila		05	Ávila	07	40.66864	-4.66064	59107
05021	9	El Barco de Ávila	Barco de Ávila, El	05	Ávila	07	40.36180	-5.52063	2308
05022	4	El Barraco	Barraco, El	05	Ávila	07	40.45119	-4.58922	2086
05023	0	Barromán		05	Ávila	07	41.05614	-4.92936	174
05024	5	Becedas		05	Ávila	07	40.38874	-5.63624	146
05025	8	Becedillas		05	Ávila	07	40.55523	-5.31301	70
05026	1	Bercial de Zapardiel		05	Ávila	07	41.04376	-4.97126	166
05027	7	Las Berlanas	Berlanas, Las	05	Ávila	07	40.80455	-4.76597	323
05029	6	Bernuy-Zapardiel		05	Ávila	07	40.96919	-4.93508	79
05030	0	Berrocalejo de Aragona		05	Ávila	07	40.69725	-4.59042	55
05033	8	Blascomillán		05	Ávila	07	40.82876	-5.12318	169
05034	3	Blasconuño de Matacabras		05	Ávila	07	41.14368	-4.99037	14
05035	6	Blascosancho		05	Ávila	07	40.87724	-4.64031	85
05036	9	El Bohodón	Bohodón, El	05	Ávila	07	40.91728	-4.73102	104
05037	5	Bohoyo		05	Ávila	07	40.29457	-5.39831	205
05038	1	Bonilla de la Sierra		05	Ávila	07	40.56221	-5.23602	139
05039	4	Brabos		05	Ávila	07	40.76040	-4.92669	34
05040	8	Bularros		05	Ávila	07	40.72808	-4.82914	55
05041	5	Burgohondo		05	Ávila	07	40.38784	-4.78088	1269
05042	0	Cabezas de Alambre		05	Ávila	07	40.93463	-4.83267	152
05043	6	Cabezas del Pozo		05	Ávila	07	40.99936	-4.96569	80
05044	1	Cabezas del Villar		05	Ávila	07	40.70604	-5.19549	217
05045	4	Cabizuela		05	Ávila	07	40.90023	-4.80413	89
05046	7	Canales		05	Ávila	07	40.99669	-4.90408	42
05047	3	Candeleda		05	Ávila	07	40.17037	-5.28659	5003
05048	9	Cantiveros		05	Ávila	07	40.95570	-4.95219	102
05049	2	Cardeñosa		05	Ávila	07	40.73964	-4.72573	430
05051	2	La Carrera	Carrera, La	05	Ávila	07	40.35452	-5.56214	155
05052	7	Casas del Puerto		05	Ávila	07	40.52499	-5.16808	80
05053	3	Casasola		05	Ávila	07	40.66966	-4.81790	67
05054	8	Casavieja		05	Ávila	07	40.30107	-4.77060	1362
05055	1	Casillas		05	Ávila	07	40.33078	-4.56935	673
05056	4	Castellanos de Zapardiel		05	Ávila	07	41.07874	-4.90429	106
05057	0	Cebreros		05	Ávila	07	40.45267	-4.43431	3345
05058	6	Cepeda la Mora		05	Ávila	07	40.44611	-5.04581	63
05059	9	Cillán		05	Ávila	07	40.69999	-4.98911	84
05060	3	Cisla		05	Ávila	07	40.96937	-5.01561	107
05061	0	La Colilla	Colilla, La	05	Ávila	07	40.64409	-4.75503	375
05062	5	Collado de Contreras		05	Ávila	07	40.88322	-4.92872	147
05063	1	Collado del Mirón		05	Ávila	07	40.55292	-5.36141	18
05064	6	Constanzana		05	Ávila	07	40.92994	-4.88176	104
05065	9	Crespos		05	Ávila	07	40.86350	-4.96848	463
05066	2	Cuevas del Valle		05	Ávila	07	40.29154	-5.02589	506
05067	8	Chamartín		05	Ávila	07	40.71716	-4.94843	61
05069	7	Donjimeno		05	Ávila	07	40.96197	-4.85036	69
05070	1	Donvidas		05	Ávila	07	41.08090	-4.80263	31
05072	3	Espinosa de los Caballeros		05	Ávila	07	41.01591	-4.67837	104
05073	9	Flores de Ávila		05	Ávila	07	40.94211	-5.08348	262
05074	4	Fontiveros		05	Ávila	07	40.92300	-4.96189	715
05075	7	Fresnedilla		05	Ávila	07	40.23897	-4.65330	92
05076	0	El Fresno	Fresno, El	05	Ávila	07	40.62398	-4.74942	579
05077	6	Fuente el Saúz		05	Ávila	07	40.97387	-4.89958	146
05078	2	Fuentes de Año		05	Ávila	07	41.02512	-4.91127	90
05079	5	Gallegos de Altamiros		05	Ávila	07	40.70682	-4.90814	61
05080	9	Gallegos de Sobrinos		05	Ávila	07	40.70194	-5.14117	42
05081	6	Garganta del Villar		05	Ávila	07	40.45287	-5.11771	37
05082	1	Gavilanes		05	Ávila	07	40.26222	-4.85843	523
05083	7	Gemuño		05	Ávila	07	40.58982	-4.77405	147
05084	2	Gilbuena		05	Ávila	07	40.42206	-5.59201	45
05085	5	Gil García		05	Ávila	07	40.27329	-5.58690	45
05086	8	Gimialcón		05	Ávila	07	40.86915	-5.12704	73
05087	4	Gotarrendura		05	Ávila	07	40.82791	-4.73180	173
05088	0	Grandes y San Martín		05	Ávila	07	40.76423	-4.96053	34
05089	3	Guisando		05	Ávila	07	40.21493	-5.14093	458
05090	7	Gutierre-Muñoz		05	Ávila	07	40.96676	-4.65727	63
05092	9	Hernansancho		05	Ávila	07	40.85967	-4.72938	140
05093	5	Herradón de Pinares		05	Ávila	07	40.58703	-4.53648	526
05094	0	Herreros de Suso		05	Ávila	07	40.80355	-5.04351	141
05095	3	Higuera de las Dueñas		05	Ávila	07	40.23477	-4.61454	250
05096	6	La Hija de Dios	Hija de Dios, La	05	Ávila	07	40.51757	-4.96589	79
05097	2	La Horcajada	Horcajada, La	05	Ávila	07	40.43892	-5.47383	434
05099	1	Horcajo de las Torres		05	Ávila	07	41.06344	-5.11082	425
05100	5	El Hornillo	Hornillo, El	05	Ávila	07	40.26225	-5.12397	263
05101	2	Hoyocasero		05	Ávila	07	40.43741	-4.99503	294
05102	7	El Hoyo de Pinares	Hoyo de Pinares, El	05	Ávila	07	40.50704	-4.39821	2179
05103	3	Hoyorredondo		05	Ávila	07	40.46443	-5.41203	57
05104	8	Hoyos del Collado		05	Ávila	07	40.36384	-5.19919	28
05105	1	Hoyos del Espino		05	Ávila	07	40.34099	-5.17618	350
05106	4	Hoyos de Miguel Muñoz		05	Ávila	07	40.39137	-5.07453	24
05107	0	Hurtumpascual		05	Ávila	07	40.68121	-5.10261	41
05108	6	Junciana		05	Ávila	07	40.41572	-5.56522	40
05109	9	Langa		05	Ávila	07	41.00380	-4.85420	441
05110	3	Lanzahíta		05	Ávila	07	40.19051	-4.93340	771
05112	5	El Losar del Barco	Losar del Barco, El	05	Ávila	07	40.40255	-5.53094	99
05113	1	Los Llanos de Tormes	Llanos de Tormes, Los	05	Ávila	07	40.33213	-5.47368	57
05114	6	Madrigal de las Altas Torres		05	Ávila	07	41.10574	-5.01940	1281
05115	9	Maello		05	Ávila	07	40.82112	-4.56262	713
05116	2	Malpartida de Corneja		05	Ávila	07	40.51652	-5.34848	89
05117	8	Mamblas		05	Ávila	07	41.00774	-5.02329	191
05118	4	Mancera de Arriba		05	Ávila	07	40.79245	-5.14494	66
05119	7	Manjabálago y Ortigosa de Rioalmar		05	Ávila	07	40.67919	-5.06487	22
05120	1	Marlín		05	Ávila	07	40.71431	-4.82422	29
05121	8	Martiherrero		05	Ávila	07	40.68232	-4.78500	372
05122	3	Martínez		05	Ávila	07	40.63092	-5.35497	109
05123	9	Mediana de Voltoya		05	Ávila	07	40.70942	-4.55666	117
05124	4	Medinilla		05	Ávila	07	40.45398	-5.59463	79
05125	7	Mengamuñoz		05	Ávila	07	40.49922	-5.01194	60
05126	0	Mesegar de Corneja		05	Ávila	07	40.51601	-5.30564	62
05127	6	Mijares		05	Ávila	07	40.27198	-4.82856	718
05128	2	Mingorría		05	Ávila	07	40.76719	-4.68053	422
05129	5	El Mirón	Mirón, El	05	Ávila	07	40.55893	-5.39626	93
05130	9	Mironcillo		05	Ávila	07	40.55832	-4.81869	110
05131	6	Mirueña de los Infanzones		05	Ávila	07	40.73660	-5.07524	86
05132	1	Mombeltrán		05	Ávila	07	40.15144	-4.93596	922
05133	7	Monsalupe		05	Ávila	07	40.77031	-4.78908	64
05134	2	Moraleja de Matacabras		05	Ávila	07	41.11640	-4.94488	55
05135	5	Muñana		05	Ávila	07	40.60141	-5.01443	499
05136	8	Muñico		05	Ávila	07	40.71326	-5.03538	77
05138	0	Muñogalindo		05	Ávila	07	40.59869	-4.90778	299
05139	3	Muñogrande		05	Ávila	07	40.81449	-4.93752	76
05140	7	Muñomer del Peco		05	Ávila	07	40.86874	-4.88735	113
05141	4	Muñopepe		05	Ávila	07	40.63283	-4.81528	95
05142	9	Muñosancho		05	Ávila	07	40.92098	-5.02973	87
05143	5	Muñotello		05	Ávila	07	40.54480	-5.03014	50
05144	0	Narrillos del Álamo		05	Ávila	07	40.57620	-5.46841	56
05145	3	Narrillos del Rebollar		05	Ávila	07	40.68016	-4.95980	34
05147	2	Narros del Castillo		05	Ávila	07	40.85216	-5.04852	151
05148	8	Narros del Puerto		05	Ávila	07	40.54012	-4.99212	26
05149	1	Narros de Saldueña		05	Ávila	07	40.87491	-4.86452	102
05151	1	Navacepedilla de Corneja		05	Ávila	07	40.48725	-5.16415	99
05152	6	Nava de Arévalo		05	Ávila	07	40.99043	-4.75789	647
05153	2	Nava del Barco		05	Ávila	07	40.26607	-5.55814	81
05154	7	Navadijos		05	Ávila	07	40.43032	-5.08218	29
05155	0	Navaescurial		05	Ávila	07	40.46890	-5.26321	54
05156	3	Navahondilla		05	Ávila	07	40.33866	-4.48771	359
05157	9	Navalacruz		05	Ávila	07	40.45183	-4.97887	192
05158	5	Navalmoral		05	Ávila	07	40.46403	-4.73763	445
05159	8	Navalonguilla		05	Ávila	07	40.23389	-5.52747	182
05160	2	Navalosa		05	Ávila	07	40.39284	-4.89310	314
05161	9	Navalperal de Pinares		05	Ávila	07	40.58666	-4.44624	840
05162	4	Navalperal de Tormes		05	Ávila	07	40.34542	-5.28234	73
05163	0	Navaluenga		05	Ávila	07	40.39647	-4.70147	2135
05164	5	Navaquesera		05	Ávila	07	40.42438	-4.91491	38
05165	8	Navarredonda de Gredos		05	Ávila	07	40.34817	-5.11563	451
05166	1	Navarredondilla		05	Ávila	07	40.44103	-4.83094	146
05167	7	Navarrevisca		05	Ávila	07	40.35780	-4.86407	281
05168	3	Las Navas del Marqués	Navas del Marqués, Las	05	Ávila	07	40.59497	-4.34626	5670
05169	6	Navatalgordo		05	Ávila	07	40.41015	-4.85154	230
05170	0	Navatejares		05	Ávila	07	40.32199	-5.53518	48
05171	7	Neila de San Miguel		05	Ávila	07	40.42706	-5.65387	66
05172	2	Niharra		05	Ávila	07	40.59248	-4.84284	167
05173	8	Ojos-Albos		05	Ávila	07	40.72193	-4.51504	89
05174	3	Orbita		05	Ávila	07	40.99167	-4.65968	70
05175	6	El Oso	Oso, El	05	Ávila	07	40.84570	-4.77385	125
05176	9	Padiernos		05	Ávila	07	40.62201	-4.86640	277
05177	5	Pajares de Adaja		05	Ávila	07	40.91240	-4.64910	123
05178	1	Palacios de Goda		05	Ávila	07	41.10417	-4.75866	396
05179	4	Papatrigo		05	Ávila	07	40.86786	-4.83676	215
05180	8	El Parral	Parral, El	05	Ávila	07	40.79363	-4.98645	64
05181	5	Pascualcobo		05	Ávila	07	40.64564	-5.26683	38
05182	0	Pedro Bernardo		05	Ávila	07	40.23585	-4.90440	743
05183	6	Pedro-Rodríguez		05	Ávila	07	40.94047	-4.78136	131
05184	1	Peguerinos		05	Ávila	07	40.65732	-4.23348	283
05185	4	Peñalba de Ávila		05	Ávila	07	40.80195	-4.71573	104
05186	7	Piedrahíta		05	Ávila	07	40.47430	-5.33113	1637
05187	3	Piedralaves		05	Ávila	07	40.32081	-4.71402	2183
05188	9	Poveda		05	Ávila	07	40.57129	-5.08246	30
05189	2	Poyales del Hoyo		05	Ávila	07	40.17305	-5.15773	498
05190	6	Pozanco		05	Ávila	07	40.80216	-4.66195	57
05191	3	Pradosegar		05	Ávila	07	40.54111	-5.07419	109
05192	8	Puerto Castilla		05	Ávila	07	40.27333	-5.63868	99
05193	4	Rasueros		05	Ávila	07	41.01677	-5.07171	150
05194	9	Riocabado		05	Ávila	07	40.84271	-4.80050	129
05195	2	Riofrío		05	Ávila	07	40.54473	-4.75625	188
05196	5	Rivilla de Barajas		05	Ávila	07	40.87602	-5.01409	59
05197	1	Salobral		05	Ávila	07	40.61022	-4.80430	109
05198	7	Salvadiós		05	Ávila	07	40.88964	-5.07124	67
05199	0	San Bartolomé de Béjar		05	Ávila	07	40.39794	-5.67300	44
05200	4	San Bartolomé de Corneja		05	Ávila	07	40.49188	-5.37279	32
05201	1	San Bartolomé de Pinares		05	Ávila	07	40.54293	-4.44840	479
05204	7	Sanchidrián		05	Ávila	07	40.89188	-4.58539	720
05205	0	Sanchorreja		05	Ávila	07	40.68171	-4.87834	77
05206	3	San Esteban de los Patos		05	Ávila	07	40.74151	-4.63061	19
05207	9	San Esteban del Valle		05	Ávila	07	40.28024	-4.96394	735
05208	5	San Esteban de Zapardiel		05	Ávila	07	41.09967	-4.89096	40
05209	8	San García de Ingelmos		05	Ávila	07	40.76510	-5.10831	64
05210	2	San Juan de la Encinilla		05	Ávila	07	40.82253	-4.82928	70
05211	9	San Juan de la Nava		05	Ávila	07	40.46082	-4.68179	422
05212	4	San Juan del Molinillo		05	Ávila	07	40.46553	-4.83503	238
05213	0	San Juan del Olmo		05	Ávila	07	40.64143	-5.04101	73
05214	5	San Lorenzo de Tormes		05	Ávila	07	40.37934	-5.50391	32
05215	8	San Martín de la Vega del Alberche		05	Ávila	07	40.42625	-5.16281	163
05216	1	San Martín del Pimpollar		05	Ávila	07	40.37443	-5.03113	221
05217	7	San Miguel de Corneja		05	Ávila	07	40.49611	-5.27369	65
05218	3	San Miguel de Serrezuela		05	Ávila	07	40.69301	-5.27359	103
05219	6	San Pascual		05	Ávila	07	40.89784	-4.72977	44
05220	0	San Pedro del Arroyo		05	Ávila	07	40.79125	-4.86735	516
05221	7	Santa Cruz del Valle		05	Ávila	07	40.21518	-4.99381	295
05222	2	Santa Cruz de Pinares		05	Ávila	07	40.53172	-4.58493	169
05224	3	Santa María del Arroyo		05	Ávila	07	40.60054	-4.93991	103
05225	6	Santa María del Berrocal		05	Ávila	07	40.50615	-5.41107	372
05226	9	Santa María de los Caballeros		05	Ávila	07	40.39177	-5.44599	53
05227	5	Santa María del Tiétar		05	Ávila	07	40.30976	-4.55127	582
05228	1	Santiago del Collado		05	Ávila	07	40.42769	-5.33967	161
05229	4	Santo Domingo de las Posadas		05	Ávila	07	40.80028	-4.64267	71
05230	8	Santo Tomé de Zabarcos		05	Ávila	07	40.78894	-4.90312	70
05231	5	San Vicente de Arévalo		05	Ávila	07	40.96106	-4.78955	171
05232	0	La Serrada	Serrada, La	05	Ávila	07	40.63181	-4.78684	132
05233	6	Serranillos		05	Ávila	07	40.33103	-4.90676	247
05234	1	Sigeres		05	Ávila	07	40.79437	-4.93075	41
05235	4	Sinlabajos		05	Ávila	07	41.07662	-4.83698	134
05236	7	Solana de Ávila		05	Ávila	07	40.33135	-5.63759	95
05237	3	Solana de Rioalmar		05	Ávila	07	40.74145	-5.01967	141
05238	9	Solosancho		05	Ávila	07	40.55520	-4.91135	750
05239	2	Sotalbo		05	Ávila	07	40.51214	-4.86497	234
05240	6	Sotillo de la Adrada		05	Ávila	07	40.29881	-4.59960	5081
05241	3	El Tiemblo	Tiemblo, El	05	Ávila	07	40.39455	-4.47659	4582
05242	8	Tiñosillos		05	Ávila	07	40.95341	-4.71249	732
05243	4	Tolbaños		05	Ávila	07	40.75544	-4.58880	87
05244	9	Tormellas		05	Ávila	07	40.31307	-5.50742	35
05245	2	Tornadizos de Ávila		05	Ávila	07	40.61295	-4.61782	458
05246	5	Tórtoles		05	Ávila	07	40.57756	-5.27222	37
05247	1	La Torre	Torre, La	05	Ávila	07	40.60523	-4.96017	209
05249	0	Umbrías		05	Ávila	07	40.32063	-5.57040	100
05251	0	Vadillo de la Sierra		05	Ávila	07	40.61302	-5.13156	50
05252	5	Valdecasa		05	Ávila	07	40.66788	-5.01453	54
05253	1	Vega de Santa María		05	Ávila	07	40.83448	-4.65793	88
05254	6	Velayos		05	Ávila	07	40.85081	-4.60462	203
05256	2	Villaflor		05	Ávila	07	40.75475	-4.87645	100
05257	8	Villafranca de la Sierra		05	Ávila	07	40.49042	-5.09790	128
05258	4	Villanueva de Gómez		05	Ávila	07	40.88172	-4.71502	119
05259	7	Villanueva del Aceral		05	Ávila	07	41.04250	-4.86502	86
05260	1	Villanueva del Campillo		05	Ávila	07	40.58569	-5.19019	107
05261	8	Villar de Corneja		05	Ávila	07	40.47704	-5.44121	31
05262	3	Villarejo del Valle		05	Ávila	07	40.32227	-4.99332	304
05263	9	Villatoro		05	Ávila	07	40.53146	-5.10247	150
05264	4	Viñegra de Moraña		05	Ávila	07	40.85562	-4.92742	49
05265	7	Vita		05	Ávila	07	40.82841	-5.00054	81
05266	0	Zapardiel de la Cañada		05	Ávila	07	40.61418	-5.31858	83
05267	6	Zapardiel de la Ribera		05	Ávila	07	40.30797	-5.31848	90
05901	4	San Juan de Gredos		05	Ávila	07	40.33732	-5.24838	219
05902	9	Santa María del Cubillo		05	Ávila	07	40.71908	-4.46655	308
05903	5	Diego del Carpio		05	Ávila	07	40.67223	-5.33284	107
05904	0	Santiago del Tormes		05	Ávila	07	40.34364	-5.37058	104
05905	3	Villanueva de Ávila		05	Ávila	07	40.37284	-4.82395	202
06001	6	Acedera		06	Badajoz	11	39.08012	-5.59190	815
06002	1	Aceuchal		06	Badajoz	11	38.67122	-6.49635	5307
06003	7	Ahillones		06	Badajoz	11	38.24745	-5.89255	793
06004	2	Alange		06	Badajoz	11	38.73566	-6.28791	1802
06005	5	La Albuera	Albuera, La	06	Badajoz	11	38.71132	-6.80411	1995
06006	8	Alburquerque		06	Badajoz	11	39.23266	-6.94665	4928
06007	4	Alconchel		06	Badajoz	11	38.51405	-7.17464	1592
06008	0	Alconera		06	Badajoz	11	38.39846	-6.47478	748
06009	3	Aljucén		06	Badajoz	11	39.05756	-6.33256	252
06010	7	Almendral		06	Badajoz	11	38.60901	-6.84127	1202
06011	4	Almendralejo		06	Badajoz	11	38.71650	-6.40131	34587
06012	9	Arroyo de San Serván		06	Badajoz	11	38.84961	-6.45705	4001
06013	5	Atalaya		06	Badajoz	11	38.33339	-6.48807	258
06014	0	Azuaga		06	Badajoz	11	38.26743	-5.67974	7587
06015	3	Badajoz		06	Badajoz	11	38.88676	-6.96671	150209
06016	6	Barcarrota		06	Badajoz	11	38.50365	-6.88288	3456
06017	2	Baterno		06	Badajoz	11	38.92383	-4.89329	231
06018	8	Benquerencia de la Serena		06	Badajoz	11	38.67308	-5.43402	771
06019	1	Berlanga		06	Badajoz	11	38.28353	-5.86967	2171
06020	5	Bienvenida		06	Badajoz	11	38.31110	-6.21608	1999
06021	2	Bodonal de la Sierra		06	Badajoz	11	38.17497	-6.48378	982
06022	7	Burguillos del Cerro		06	Badajoz	11	38.37361	-6.59407	2940
06023	3	Cabeza del Buey		06	Badajoz	11	38.77337	-5.27196	4489
06024	8	Cabeza la Vaca		06	Badajoz	11	38.09606	-6.38195	1257
06025	1	Calamonte		06	Badajoz	11	38.87635	-6.37974	6104
06026	4	Calera de León		06	Badajoz	11	38.08237	-6.33765	912
06027	0	Calzadilla de los Barros		06	Badajoz	11	38.32024	-6.30184	679
06028	6	Campanario		06	Badajoz	11	38.86956	-5.63910	4702
06029	9	Campillo de Llerena		06	Badajoz	11	38.52695	-5.81025	1321
06030	3	Capilla		06	Badajoz	11	38.79814	-5.05222	142
06031	0	Carmonita		06	Badajoz	11	39.15060	-6.36413	514
06032	5	El Carrascalejo	Carrascalejo, El	06	Badajoz	11	39.02021	-6.33427	80
06033	1	Casas de Don Pedro		06	Badajoz	11	39.15084	-5.29315	1375
06034	6	Casas de Reina		06	Badajoz	11	38.19201	-5.96240	200
06035	9	Castilblanco		06	Badajoz	11	39.31424	-5.08196	820
06036	2	Castuera		06	Badajoz	11	38.78915	-5.46891	5457
06037	8	La Codosera	Codosera, La	06	Badajoz	11	39.22308	-7.19273	1983
06038	4	Cordobilla de Lácara		06	Badajoz	11	39.14463	-6.44336	815
06039	7	La Coronada	Coronada, La	06	Badajoz	11	38.95182	-5.64725	2136
06040	1	Corte de Peleas		06	Badajoz	11	38.73188	-6.65084	1153
06041	8	Cristina		06	Badajoz	11	38.82536	-6.10084	549
06042	3	Cheles		06	Badajoz	11	38.54976	-7.25974	1175
06043	9	Don Álvaro		06	Badajoz	11	38.85649	-6.26676	841
06044	4	Don Benito		06	Badajoz	11	38.98458	-5.86439	37986
06045	7	Entrín Bajo		06	Badajoz	11	38.71614	-6.70319	548
06046	0	Esparragalejo		06	Badajoz	11	38.95478	-6.43197	1506
06047	6	Esparragosa de la Serena		06	Badajoz	11	38.65836	-5.59174	912
06048	2	Esparragosa de Lares		06	Badajoz	11	38.95613	-5.35510	839
06049	5	Feria		06	Badajoz	11	38.50063	-6.54356	1054
06050	8	Fregenal de la Sierra		06	Badajoz	11	38.21585	-6.55239	4715
06051	5	Fuenlabrada de los Montes		06	Badajoz	11	39.12211	-4.89463	1693
06052	0	Fuente de Cantos		06	Badajoz	11	38.22747	-6.26554	4583
06053	6	Fuente del Arco		06	Badajoz	11	38.10911	-5.94770	648
06054	1	Fuente del Maestre		06	Badajoz	11	38.55433	-6.45390	6499
06055	4	Fuentes de León		06	Badajoz	11	38.06459	-6.52004	2118
06056	7	Garbayuela		06	Badajoz	11	39.05735	-5.00763	450
06057	3	Garlitos		06	Badajoz	11	38.89708	-4.99138	510
06058	9	La Garrovilla	Garrovilla, La	06	Badajoz	11	38.93739	-6.48919	2310
06059	2	Granja de Torrehermosa		06	Badajoz	11	38.31665	-5.56741	1913
06060	6	Guareña		06	Badajoz	11	38.89194	-6.13519	6665
06061	3	La Haba	Haba, La	06	Badajoz	11	38.86977	-5.80149	1184
06062	8	Helechosa de los Montes		06	Badajoz	11	39.37657	-4.83345	556
06063	4	Herrera del Duque		06	Badajoz	11	39.25558	-5.02587	3385
06064	9	Higuera de la Serena		06	Badajoz	11	38.64605	-5.77201	881
06065	2	Higuera de Llerena		06	Badajoz	11	38.32460	-5.95949	343
06066	5	Higuera de Vargas		06	Badajoz	11	38.42973	-6.99658	1830
06067	1	Higuera la Real		06	Badajoz	11	38.12566	-6.72651	2186
06068	7	Hinojosa del Valle		06	Badajoz	11	38.47886	-6.17984	472
06069	0	Hornachos		06	Badajoz	11	38.55800	-6.06463	3375
06070	4	Jerez de los Caballeros		06	Badajoz	11	38.34283	-6.81169	9095
06071	1	La Lapa	Lapa, La	06	Badajoz	11	38.46037	-6.52565	298
06072	6	Lobón		06	Badajoz	11	38.83779	-6.62259	2756
06073	2	Llera		06	Badajoz	11	38.44552	-6.06445	781
06074	7	Llerena		06	Badajoz	11	38.23537	-6.07390	5642
06075	0	Magacela		06	Badajoz	11	38.88107	-5.72192	502
06076	3	Maguilla		06	Badajoz	11	38.38111	-5.82525	919
06077	9	Malcocinado		06	Badajoz	11	38.13092	-5.70725	343
06078	5	Malpartida de la Serena		06	Badajoz	11	38.69858	-5.62408	508
06079	8	Manchita		06	Badajoz	11	38.79805	-6.00788	741
06080	2	Medellín		06	Badajoz	11	38.96247	-5.99251	2241
06081	9	Medina de las Torres		06	Badajoz	11	38.32498	-6.42336	1160
06082	4	Mengabril		06	Badajoz	11	38.91920	-5.94162	504
06083	0	Mérida		06	Badajoz	11	38.97398	-6.41296	60225
06084	5	Mirandilla		06	Badajoz	11	39.03027	-6.28019	1232
06085	8	Monesterio		06	Badajoz	11	38.03866	-6.16990	4245
06086	1	Montemolín		06	Badajoz	11	38.12954	-6.16685	1231
06087	7	Monterrubio de la Serena		06	Badajoz	11	38.60899	-5.44556	2157
06088	3	Montijo		06	Badajoz	11	38.94519	-6.57392	15198
06089	6	La Morera	Morera, La	06	Badajoz	11	38.56829	-6.67221	698
06090	0	La Nava de Santiago	Nava de Santiago, La	06	Badajoz	11	39.07625	-6.51479	914
06091	7	Navalvillar de Pela		06	Badajoz	11	39.11472	-5.49277	4303
06092	2	Nogales		06	Badajoz	11	38.59219	-6.74698	632
06093	8	Oliva de la Frontera		06	Badajoz	11	38.25421	-6.98528	4907
06094	3	Oliva de Mérida		06	Badajoz	11	38.74104	-6.05424	1660
06095	6	Olivenza		06	Badajoz	11	38.68316	-7.10300	11789
06096	9	Orellana de la Sierra		06	Badajoz	11	39.01890	-5.50519	250
06097	5	Orellana la Vieja		06	Badajoz	11	39.02438	-5.54863	2580
06098	1	Palomas		06	Badajoz	11	38.70114	-6.16363	651
06099	4	La Parra	Parra, La	06	Badajoz	11	38.52755	-6.60940	1297
06100	8	Peñalsordo		06	Badajoz	11	38.83316	-5.13020	805
06101	5	Peraleda del Zaucejo		06	Badajoz	11	38.47698	-5.56307	465
06102	0	Puebla de Alcocer		06	Badajoz	11	39.07381	-5.09052	1091
06103	6	Puebla de la Calzada		06	Badajoz	11	38.87934	-6.62698	5815
06104	1	Puebla de la Reina		06	Badajoz	11	38.66175	-6.07075	689
06105	4	Puebla del Maestre		06	Badajoz	11	38.08190	-6.06815	653
06106	7	Puebla del Prior		06	Badajoz	11	38.59706	-6.20666	462
06107	3	Puebla de Obando		06	Badajoz	11	39.17971	-6.61970	1809
06108	9	Puebla de Sancho Pérez		06	Badajoz	11	38.39565	-6.36659	2634
06109	2	Quintana de la Serena		06	Badajoz	11	38.76970	-5.73849	4429
06110	6	Reina		06	Badajoz	11	38.14916	-5.95284	144
06111	3	Rena		06	Badajoz	11	39.05051	-5.80018	605
06112	8	Retamal de Llerena		06	Badajoz	11	38.58663	-5.84699	428
06113	4	Ribera del Fresno		06	Badajoz	11	38.57991	-6.23613	3130
06114	9	Risco		06	Badajoz	11	38.88948	-5.12033	126
06115	2	La Roca de la Sierra	Roca de la Sierra, La	06	Badajoz	11	39.08433	-6.65932	1454
06116	5	Salvaleón		06	Badajoz	11	38.51914	-6.78172	1645
06117	1	Salvatierra de los Barros		06	Badajoz	11	38.50132	-6.67167	1546
06118	7	Sancti-Spíritus		06	Badajoz	11	38.92139	-5.17714	141
06119	0	San Pedro de Mérida		06	Badajoz	11	38.95868	-6.17403	859
06120	4	Santa Amalia		06	Badajoz	11	39.02433	-6.03504	3881
06121	1	Santa Marta		06	Badajoz	11	38.61258	-6.62819	4201
06122	6	Los Santos de Maimona	Santos de Maimona, Los	06	Badajoz	11	38.44929	-6.37344	8088
06123	2	San Vicente de Alcántara		06	Badajoz	11	39.33821	-7.02941	5227
06124	7	Segura de León		06	Badajoz	11	38.13158	-6.45579	1758
06125	0	Siruela		06	Badajoz	11	38.99102	-5.06196	1766
06126	3	Solana de los Barros		06	Badajoz	11	38.73669	-6.56650	2522
06127	9	Talarrubias		06	Badajoz	11	39.14880	-5.22143	3251
06128	5	Talavera la Real		06	Badajoz	11	38.85722	-6.72675	5288
06129	8	Táliga		06	Badajoz	11	38.52724	-7.00444	650
06130	2	Tamurejo		06	Badajoz	11	38.99189	-4.95972	190
06131	9	Torre de Miguel Sesmero		06	Badajoz	11	38.64689	-6.75850	1234
06132	4	Torremayor		06	Badajoz	11	38.90954	-6.54723	992
06133	0	Torremejía		06	Badajoz	11	38.79411	-6.37390	2238
06134	5	Trasierra		06	Badajoz	11	38.15577	-6.01318	590
06135	8	Trujillanos		06	Badajoz	11	38.95956	-6.24749	1397
06136	1	Usagre		06	Badajoz	11	38.34973	-6.15509	1698
06137	7	Valdecaballeros		06	Badajoz	11	39.26585	-5.19803	1036
06138	3	Valdetorres		06	Badajoz	11	38.91045	-6.06044	1105
06139	6	Valencia de las Torres		06	Badajoz	11	38.40841	-5.99098	486
06140	0	Valencia del Mombuey		06	Badajoz	11	38.24780	-7.10416	703
06141	7	Valencia del Ventoso		06	Badajoz	11	38.27422	-6.48785	1870
06142	2	Valverde de Burguillos		06	Badajoz	11	38.32597	-6.53814	260
06143	8	Valverde de Leganés		06	Badajoz	11	38.66416	-6.97977	4230
06144	3	Valverde de Llerena		06	Badajoz	11	38.20656	-5.80497	560
06145	6	Valverde de Mérida		06	Badajoz	11	38.90134	-6.22025	1002
06146	9	Valle de la Serena		06	Badajoz	11	38.70015	-5.81145	1075
06147	5	Valle de Matamoros		06	Badajoz	11	38.38595	-6.79660	337
06148	1	Valle de Santa Ana		06	Badajoz	11	38.36692	-6.78251	1090
06149	4	Villafranca de los Barros		06	Badajoz	11	38.55622	-6.33636	12284
06150	7	Villagarcía de la Torre		06	Badajoz	11	38.30804	-6.06704	909
06151	4	Villagonzalo		06	Badajoz	11	38.84622	-6.21051	1226
06152	9	Villalba de los Barros		06	Badajoz	11	38.61633	-6.51558	1429
06153	5	Villanueva de la Serena		06	Badajoz	11	39.00931	-5.73039	25773
06154	0	Villanueva del Fresno		06	Badajoz	11	38.38752	-7.16544	3247
06155	3	Villar del Rey		06	Badajoz	11	39.11894	-6.81627	2064
06156	6	Villar de Rena		06	Badajoz	11	39.09442	-5.79925	1326
06157	2	Villarta de los Montes		06	Badajoz	11	39.21825	-4.75255	375
06158	8	Zafra		06	Badajoz	11	38.44471	-6.45720	16735
06159	1	Zahínos		06	Badajoz	11	38.32820	-6.98567	2766
06160	5	Zalamea de la Serena		06	Badajoz	11	38.65252	-5.71566	3371
06161	2	Zarza-Capilla		06	Badajoz	11	38.75562	-5.13479	295
06162	7	La Zarza	Zarza, La	06	Badajoz	11	38.80084	-6.27056	3339
06901	7	Valdelacalzada		06	Badajoz	11	38.89476	-6.70026	2743
06902	2	Pueblonuevo del Guadiana		06	Badajoz	11	38.93744	-6.76594	1955
06903	8	Guadiana		06	Badajoz	11	38.92863	-6.69127	2444
07001	2	Alaró		07	Illes Balears	04	39.70405	2.78980	6121
07002	7	Alaior		07	Illes Balears	04	39.91296	4.14708	10217
07003	3	Alcúdia		07	Illes Balears	04	39.85263	3.11917	21907
07004	8	Algaida		07	Illes Balears	04	39.55822	2.89395	6357
07005	1	Andratx		07	Illes Balears	04	39.57467	2.41884	12195
07006	4	Artà		07	Illes Balears	04	39.69196	3.34907	8629
07007	0	Banyalbufar		07	Illes Balears	04	39.68635	2.51390	573
07008	6	Binissalem		07	Illes Balears	04	39.68711	2.84168	9350
07009	9	Búger		07	Illes Balears	04	39.75768	2.98506	1215
07010	3	Bunyola		07	Illes Balears	04	39.69530	2.69865	7642
07011	0	Calvià		07	Illes Balears	04	39.56335	2.50299	53793
07012	5	Campanet		07	Illes Balears	04	39.77368	2.96455	2859
07013	1	Campos		07	Illes Balears	04	39.43076	3.01781	12485
07014	6	Capdepera		07	Illes Balears	04	39.70177	3.43233	13135
07015	9	Ciutadella de Menorca		07	Illes Balears	04	39.99968	3.83504	32431
07016	2	Consell		07	Illes Balears	04	39.66766	2.81138	4521
07017	8	Costitx		07	Illes Balears	04	39.65566	2.94794	1591
07018	4	Deià		07	Illes Balears	04	39.74739	2.64723	741
07019	7	Escorca		07	Illes Balears	04	39.82037	2.86838	199
07020	1	Esporles		07	Illes Balears	04	39.66908	2.57728	5264
07021	8	Estellencs		07	Illes Balears	04	39.65272	2.48081	369
07022	3	Felanitx		07	Illes Balears	04	39.46986	3.14655	19146
07023	9	Ferreries		07	Illes Balears	04	39.99463	3.99902	5170
07024	4	Formentera		07	Illes Balears	04	38.71905	1.45871	11661
07025	7	Fornalutx		07	Illes Balears	04	39.78173	2.74010	743
07026	0	Eivissa		07	Illes Balears	04	38.90894	1.43577	55337
07027	6	Inca		07	Illes Balears	04	39.71868	2.90588	36262
07028	2	Lloret de Vistalegre		07	Illes Balears	04	39.61759	2.97249	1691
07029	5	Lloseta		07	Illes Balears	04	39.71785	2.86589	6463
07030	9	Llubí		07	Illes Balears	04	39.69900	3.00450	2589
07031	6	Llucmajor		07	Illes Balears	04	39.49003	2.88983	40502
07032	1	Maó		07	Illes Balears	04	39.88811	4.26330	30666
07033	7	Manacor		07	Illes Balears	04	39.56881	3.20857	49153
07034	2	Mancor de la Vall		07	Illes Balears	04	39.74844	2.87134	1692
07035	5	Maria de la Salut		07	Illes Balears	04	39.66227	3.07102	2461
07036	8	Marratxí		07	Illes Balears	04	39.64165	2.75225	40422
07037	4	Es Mercadal	Mercadal, Es	07	Illes Balears	04	40.01455	4.10906	6459
07038	0	Montuïri		07	Illes Balears	04	39.56640	2.98060	3289
07039	3	Muro		07	Illes Balears	04	39.73495	3.05424	8398
07040	7	Palma	Palma de Mallorca	07	Illes Balears	04	39.56951	2.64745	434786
07041	4	Petra		07	Illes Balears	04	39.61309	3.11119	3231
07042	9	Pollença		07	Illes Balears	04	39.87612	3.01536	17807
07043	5	Porreres		07	Illes Balears	04	39.51358	3.02021	5892
07044	0	Sa Pobla	Pobla, Sa	07	Illes Balears	04	39.76784	3.02158	14990
07045	3	Puigpunyent		07	Illes Balears	04	39.62414	2.52591	2049
07046	6	Sant Antoni de Portmany		07	Illes Balears	04	38.98183	1.30136	29132
07047	2	Sencelles		07	Illes Balears	04	39.64522	2.89631	3973
07048	8	Sant Josep de sa Talaia		07	Illes Balears	04	38.92055	1.29364	29761
07049	1	Sant Joan		07	Illes Balears	04	39.59537	3.03772	2336
07050	4	Sant Joan de Labritja		07	Illes Balears	04	39.09662	1.50903	7046
07051	1	Sant Llorenç des Cardassar		07	Illes Balears	04	39.60870	3.28268	9231
07052	6	Sant Lluís		07	Illes Balears	04	39.82970	4.25575	7312
07053	2	Santa Eugènia		07	Illes Balears	04	39.62278	2.83739	1902
07054	7	Santa Eulària des Riu		07	Illes Balears	04	38.98453	1.53195	42479
07055	0	Santa Margalida		07	Illes Balears	04	39.70382	3.10432	14056
07056	3	Santa María del Camí		07	Illes Balears	04	39.65117	2.77027	7744
07057	9	Santanyí		07	Illes Balears	04	39.35378	3.12819	13067
07058	5	Selva		07	Illes Balears	04	39.75399	2.89962	4326
07059	8	Ses Salines	Salines, Ses	07	Illes Balears	04	39.33699	3.05158	5248
07060	2	Sineu		07	Illes Balears	04	39.64271	3.00819	4537
07061	9	Sóller		07	Illes Balears	04	39.76543	2.71388	13882
07062	4	Son Servera		07	Illes Balears	04	39.62014	3.35877	12417
07063	0	Valldemossa		07	Illes Balears	04	39.71003	2.62037	2038
07064	5	Es Castell	Castell, Es	07	Illes Balears	04	39.87951	4.28544	7774
07065	8	Vilafranca de Bonany		07	Illes Balears	04	39.56878	3.08613	3929
07901	3	Ariany		07	Illes Balears	04	39.64978	3.10922	1072
07902	8	Es Migjorn Gran	Migjorn Gran, Es	07	Illes Balears	04	39.93952	4.03469	1765
08001	8	Abrera		08	Barcelona	09	41.51604	1.90175	13227
08002	3	Aguilar de Segarra		08	Barcelona	09	41.72974	1.61586	292
08003	9	Alella		08	Barcelona	09	41.49451	2.29322	10262
08004	4	Alpens		08	Barcelona	09	42.11758	2.09702	267
08005	7	L'Ametlla del Vallès	Ametlla del Vallès, L'	08	Barcelona	09	41.67863	2.25072	9474
08006	0	Arenys de Mar		08	Barcelona	09	41.58066	2.55023	17042
08007	6	Arenys de Munt		08	Barcelona	09	41.61262	2.52950	9558
08008	2	Argençola		08	Barcelona	09	41.59486	1.46953	245
08009	5	Argentona		08	Barcelona	09	41.56077	2.39533	12891
08010	9	Artés		08	Barcelona	09	41.80039	1.95467	6225
08011	6	Avià		08	Barcelona	09	42.06421	1.82914	2267
08012	1	Avinyó		08	Barcelona	09	41.85752	1.97721	2322
08013	7	Avinyonet del Penedès		08	Barcelona	09	41.35988	1.77820	1782
08014	2	Aiguafreda		08	Barcelona	09	41.76657	2.25228	2569
08015	5	Badalona		08	Barcelona	09	41.44826	2.24842	231542
08016	8	Bagà		08	Barcelona	09	42.27878	1.83499	2161
08017	4	Balenyà		08	Barcelona	09	41.81623	2.23331	4021
08018	0	Balsareny		08	Barcelona	09	41.86528	1.87023	3380
08019	3	Barcelona		08	Barcelona	09	41.39942	2.12804	1731649
08020	7	Begues		08	Barcelona	09	41.32690	1.89649	7561
08021	4	Bellprat		08	Barcelona	09	41.51204	1.45289	69
08022	9	Berga		08	Barcelona	09	42.10306	1.84330	17473
08023	5	Bigues i Riells del Fai		08	Barcelona	09	41.68586	2.20357	10139
08024	0	Borredà		08	Barcelona	09	42.13477	1.99179	433
08025	3	El Bruc	Bruc, El	08	Barcelona	09	41.61475	1.75852	2290
08026	6	El Brull	Brull, El	08	Barcelona	09	41.81521	2.30249	296
08027	2	Les Cabanyes	Cabanyes, Les	08	Barcelona	09	41.37379	1.69027	1060
08028	8	Cabrera d'Anoia		08	Barcelona	09	41.49068	1.72016	1772
08029	1	Cabrera de Mar		08	Barcelona	09	41.52959	2.39905	5045
08030	5	Cabrils		08	Barcelona	09	41.53058	2.37118	7765
08031	2	Calaf		08	Barcelona	09	41.73161	1.51131	3644
08032	7	Caldes d'Estrac		08	Barcelona	09	41.57088	2.52703	3356
08033	3	Caldes de Montbui		08	Barcelona	09	41.65057	2.14934	18567
08034	8	Calders		08	Barcelona	09	41.76756	1.96810	1122
08035	1	Calella		08	Barcelona	09	41.62270	2.64436	20864
08036	4	Calonge de Segarra		08	Barcelona	09	41.75691	1.48322	179
08037	0	Calldetenes		08	Barcelona	09	41.92387	2.28172	2733
08038	6	Callús		08	Barcelona	09	41.79992	1.78720	2180
08039	9	Campins		08	Barcelona	09	41.72418	2.47423	586
08040	3	Canet de Mar		08	Barcelona	09	41.60141	2.57661	15198
08041	0	Canovelles		08	Barcelona	09	41.62598	2.27275	17473
08042	5	Cànoves i Samalús		08	Barcelona	09	41.69317	2.35073	3399
08043	1	Canyelles		08	Barcelona	09	41.28457	1.72672	5505
08044	6	Capellades		08	Barcelona	09	41.53010	1.69322	5608
08045	9	Capolat		08	Barcelona	09	42.07790	1.75301	93
08046	2	Cardedeu		08	Barcelona	09	41.64327	2.35065	19046
08047	8	Cardona		08	Barcelona	09	41.91301	1.67481	4553
08048	4	Carme		08	Barcelona	09	41.53975	1.62104	847
08049	7	Casserres		08	Barcelona	09	42.01192	1.84602	1660
08050	0	Castellar del Riu		08	Barcelona	09	42.12286	1.77249	151
08051	7	Castellar del Vallès		08	Barcelona	09	41.61667	2.08333	25422
08052	2	Castellar de n'Hug		08	Barcelona	09	42.27894	2.00606	166
08053	8	Castellbell i el Vilar		08	Barcelona	09	41.62885	1.86090	4159
08054	3	Castellbisbal		08	Barcelona	09	41.47778	1.98063	13061
08055	6	Castellcir		08	Barcelona	09	41.75431	2.14970	804
08056	9	Castelldefels		08	Barcelona	09	41.27641	1.96791	70057
08057	5	Castell de l'Areny		08	Barcelona	09	42.17155	1.94166	68
08058	1	Castellet i la Gornal		08	Barcelona	09	41.27750	1.63013	2776
08059	4	Castellfollit del Boix		08	Barcelona	09	41.66776	1.67370	467
08060	8	Castellfollit de Riubregós		08	Barcelona	09	41.77069	1.44065	153
08061	5	Castellgalí		08	Barcelona	09	41.67492	1.82103	2413
08062	0	Castellnou de Bages		08	Barcelona	09	41.83832	1.80987	1473
08063	6	Castellolí		08	Barcelona	09	41.59373	1.71158	669
08064	1	Castellterçol		08	Barcelona	09	41.74963	2.09609	2754
08065	4	Castellví de la Marca		08	Barcelona	09	41.33366	1.61265	1721
08066	7	Castellví de Rosanes		08	Barcelona	09	41.44969	1.91679	2171
08067	3	Centelles		08	Barcelona	09	41.79653	2.21615	7864
08068	9	Cervelló		08	Barcelona	09	41.40125	1.95506	9743
08069	2	Collbató		08	Barcelona	09	41.57376	1.82758	4828
08070	6	Collsuspina		08	Barcelona	09	41.82493	2.17306	391
08071	3	Copons		08	Barcelona	09	41.64898	1.51340	352
08072	8	Corbera de Llobregat		08	Barcelona	09	41.42612	1.93460	16010
08073	4	Cornellà de Llobregat		08	Barcelona	09	41.35633	2.07567	92237
08074	9	Cubelles		08	Barcelona	09	41.20668	1.66992	17673
08075	2	Dosrius		08	Barcelona	09	41.61161	2.43918	6287
08076	5	Esparreguera		08	Barcelona	09	41.54698	1.86843	22665
08077	1	Esplugues de Llobregat		08	Barcelona	09	41.37674	2.08637	48221
08078	7	L'Espunyola	Espunyola, L'	08	Barcelona	09	42.04174	1.75294	260
08079	0	L'Estany	Estany, L'	08	Barcelona	09	41.86815	2.10972	390
08080	4	Fígols		08	Barcelona	09	42.17441	1.78234	40
08081	1	Fogars de Montclús		08	Barcelona	09	41.75341	2.43925	494
08082	6	Fogars de la Selva		08	Barcelona	09	41.72315	2.64110	1704
08083	2	Folgueroles		08	Barcelona	09	41.93766	2.31503	2262
08084	7	Fonollosa		08	Barcelona	09	41.76590	1.70096	1570
08085	0	Font-rubí		08	Barcelona	09	41.42068	1.65004	1441
08086	3	Les Franqueses del Vallès	Franqueses del Vallès, Les	08	Barcelona	09	41.62263	2.29305	20881
08087	9	Gallifa		08	Barcelona	09	41.69269	2.11421	171
08088	5	La Garriga	Garriga, La	08	Barcelona	09	41.68649	2.28491	17426
08089	8	Gavà		08	Barcelona	09	41.30138	1.98461	48243
08090	2	Gaià		08	Barcelona	09	41.92513	1.91049	172
08091	9	Gelida		08	Barcelona	09	41.44038	1.86212	8198
08092	4	Gironella		08	Barcelona	09	42.02272	1.88597	5083
08093	0	Gisclareny		08	Barcelona	09	42.26092	1.79821	28
08094	5	La Granada	Granada, La	08	Barcelona	09	41.38103	1.72983	2287
08095	8	Granera		08	Barcelona	09	41.72704	2.06766	84
08096	1	Granollers		08	Barcelona	09	41.60748	2.28481	65341
08097	7	Gualba		08	Barcelona	09	41.74175	2.50395	1766
08098	3	Sant Salvador de Guardiola		08	Barcelona	09	41.66918	1.77219	3612
08099	6	Guardiola de Berguedà		08	Barcelona	09	42.26240	1.88286	964
08100	0	Gurb		08	Barcelona	09	41.96136	2.22271	2741
08101	7	L'Hospitalet de Llobregat	Hospitalet de Llobregat, L'	08	Barcelona	09	41.36578	2.11172	289510
08102	2	Igualada		08	Barcelona	09	41.58760	1.61411	42085
08103	8	Jorba		08	Barcelona	09	41.60329	1.52850	850
08104	3	La Llacuna	Llacuna, La	08	Barcelona	09	41.47872	1.54693	959
08105	6	La Llagosta	Llagosta, La	08	Barcelona	09	41.51649	2.20462	13280
08106	9	Llinars del Vallès		08	Barcelona	09	41.63649	2.39502	10956
08107	5	Lliçà d'Amunt		08	Barcelona	09	41.60743	2.22015	16540
08108	1	Lliçà de Vall		08	Barcelona	09	41.59080	2.24190	6903
08109	4	Lluçà		08	Barcelona	09	42.07432	2.05813	281
08110	8	Malgrat de Mar		08	Barcelona	09	41.65270	2.74479	19714
08111	5	Malla		08	Barcelona	09	41.89308	2.23984	285
08112	0	Manlleu		08	Barcelona	09	41.99930	2.28035	21425
08113	6	Manresa		08	Barcelona	09	41.72405	1.82270	80974
08114	1	Martorell		08	Barcelona	09	41.47880	1.91986	29175
08115	4	Martorelles		08	Barcelona	09	41.52943	2.23988	4992
08116	7	Les Masies de Roda	Masies de Roda, Les	08	Barcelona	09	41.98645	2.32282	758
08117	3	Les Masies de Voltregà	Masies de Voltregà, Les	08	Barcelona	09	42.01944	2.23546	3345
08118	9	El Masnou	Masnou, El	08	Barcelona	09	41.48335	2.31821	24761
08119	2	Masquefa		08	Barcelona	09	41.50471	1.80702	10120
08120	6	Matadepera		08	Barcelona	09	41.63171	2.01558	9776
08121	3	Mataró		08	Barcelona	09	41.54980	2.44975	131683
08122	8	Mediona		08	Barcelona	09	41.47842	1.62237	2658
08123	4	Molins de Rei		08	Barcelona	09	41.42348	2.04057	27300
08124	9	Mollet del Vallès		08	Barcelona	09	41.55222	2.20901	52990
08125	2	Montcada i Reixac		08	Barcelona	09	41.49539	2.18386	37460
08126	5	Montgat		08	Barcelona	09	41.47377	2.28069	12879
08127	1	Monistrol de Montserrat		08	Barcelona	09	41.61888	1.83641	3250
08128	7	Monistrol de Calders		08	Barcelona	09	41.75638	2.01397	764
08129	0	Muntanyola		08	Barcelona	09	41.89835	2.16639	697
08130	4	Montclar		08	Barcelona	09	42.01754	1.76365	132
08131	1	Montesquiu		08	Barcelona	09	42.11462	2.21122	1131
08132	6	Montmajor		08	Barcelona	09	41.98408	1.73917	473
08133	2	Montmaneu		08	Barcelona	09	41.60434	1.40446	181
08134	7	Figaró-Montmany		08	Barcelona	09	41.72021	2.26919	1195
08135	0	Montmeló		08	Barcelona	09	41.55789	2.24799	8886
08136	3	Montornès del Vallès		08	Barcelona	09	41.55011	2.26978	17102
08137	9	Montseny		08	Barcelona	09	41.77831	2.38992	388
08138	5	Moià		08	Barcelona	09	41.81009	2.09581	6828
08139	8	Mura		08	Barcelona	09	41.68879	1.97473	235
08140	2	Navarcles		08	Barcelona	09	41.75619	1.91299	6276
08141	9	Navàs		08	Barcelona	09	41.89768	1.87420	6238
08142	4	La Nou de Berguedà	Nou de Berguedà, La	08	Barcelona	09	42.18741	1.89231	163
08143	0	Òdena		08	Barcelona	09	41.61784	1.63284	3760
08144	5	Olvan		08	Barcelona	09	42.05800	1.91304	924
08145	8	Olèrdola		08	Barcelona	09	41.31667	1.71667	3945
08146	1	Olesa de Bonesvalls		08	Barcelona	09	41.35310	1.84388	2135
08147	7	Olesa de Montserrat		08	Barcelona	09	41.55205	1.91005	24966
08148	3	Olivella		08	Barcelona	09	41.30283	1.79812	4435
08149	6	Olost		08	Barcelona	09	42.00014	2.10050	1209
08150	9	Orís		08	Barcelona	09	42.07279	2.22976	355
08151	6	Oristà		08	Barcelona	09	41.95124	2.07065	555
08152	1	Orpí		08	Barcelona	09	41.52810	1.57848	175
08153	7	Òrrius		08	Barcelona	09	41.55393	2.34958	812
08154	2	Pacs del Penedès		08	Barcelona	09	41.36023	1.65906	932
08155	5	Palafolls		08	Barcelona	09	41.67165	2.72835	10038
08156	8	Palau-solità i Plegamans		08	Barcelona	09	41.57972	2.17966	15614
08157	4	Pallejà		08	Barcelona	09	41.42184	1.97920	12006
08158	0	El Papiol	Papiol, El	08	Barcelona	09	41.44328	2.01406	4404
08159	3	Parets del Vallès		08	Barcelona	09	41.56417	2.23525	18885
08160	7	Perafita		08	Barcelona	09	42.05054	2.10325	433
08161	4	Piera		08	Barcelona	09	41.51328	1.74854	17880
08162	9	Els Hostalets de Pierola	Hostalets de Pierola, Els	08	Barcelona	09	41.53913	1.80150	3258
08163	5	Pineda de Mar		08	Barcelona	09	41.63648	2.66524	30108
08164	0	El Pla del Penedès	Pla del Penedès, El	08	Barcelona	09	41.41642	1.71965	1393
08165	3	La Pobla de Claramunt	Pobla de Claramunt, La	08	Barcelona	09	41.55901	1.67778	2350
08166	6	La Pobla de Lillet	Pobla de Lillet, La	08	Barcelona	09	42.23165	1.98289	1105
08167	2	Polinyà		08	Barcelona	09	41.55986	2.15173	8581
08168	8	Pontons		08	Barcelona	09	41.40683	1.51246	516
08169	1	El Prat de Llobregat	Prat de Llobregat, El	08	Barcelona	09	41.31781	2.09609	66338
08170	5	Els Prats de Rei	Prats de Rei, Els	08	Barcelona	09	41.70509	1.54066	554
08171	2	Prats de Lluçanès		08	Barcelona	09	41.99895	2.02188	2761
08172	7	Premià de Mar		08	Barcelona	09	41.49408	2.35878	29431
08174	8	Puigdàlber		08	Barcelona	09	41.40565	1.69918	621
08175	1	Puig-reig		08	Barcelona	09	41.96265	1.87299	4565
08176	4	Pujalt		08	Barcelona	09	41.70597	1.45636	204
08177	0	La Quar	Quar, La	08	Barcelona	09	42.09900	1.96377	41
08178	6	Rajadell		08	Barcelona	09	41.72790	1.70230	597
08179	9	Rellinars		08	Barcelona	09	41.64712	1.91521	926
08180	3	Ripollet		08	Barcelona	09	41.50121	2.15570	39897
08181	0	La Roca del Vallès	Roca del Vallès, La	08	Barcelona	09	41.60118	2.32741	11014
08182	5	El Pont de Vilomara i Rocafort	Pont de Vilomara i Rocafort, El	08	Barcelona	09	41.70726	1.90889	4193
08183	1	Roda de Ter		08	Barcelona	09	41.98523	2.31270	6937
08184	6	Rubí		08	Barcelona	09	41.49791	2.03573	82823
08185	9	Rubió		08	Barcelona	09	41.65654	1.58631	225
08187	8	Sabadell		08	Barcelona	09	41.54878	2.10137	225368
08188	4	Sagàs		08	Barcelona	09	42.03581	1.94831	154
08189	7	Sant Pere Sallavinera		08	Barcelona	09	41.75637	1.56935	177
08190	1	Saldes		08	Barcelona	09	42.22647	1.73809	302
08191	8	Sallent		08	Barcelona	09	41.84553	1.91903	7030
08192	3	Santpedor		08	Barcelona	09	41.78379	1.82581	7744
08193	9	Sant Iscle de Vallalta		08	Barcelona	09	41.63341	2.56876	1477
08194	4	Sant Adrià de Besòs		08	Barcelona	09	41.42992	2.22035	39323
08195	7	Sant Agustí de Lluçanès		08	Barcelona	09	42.08405	2.13074	106
08196	0	Sant Andreu de la Barca		08	Barcelona	09	41.44982	1.96565	27094
08197	6	Sant Andreu de Llavaneres		08	Barcelona	09	41.57729	2.48824	11938
08198	2	Sant Antoni de Vilamajor		08	Barcelona	09	41.65648	2.39586	6724
08199	5	Sant Bartomeu del Grau		08	Barcelona	09	41.95776	2.16193	933
08200	9	Sant Boi de Llobregat		08	Barcelona	09	41.33750	2.04439	85610
08201	6	Sant Boi de Lluçanès		08	Barcelona	09	42.05005	2.14821	602
08202	1	Sant Celoni		08	Barcelona	09	41.69602	2.53943	18977
08203	7	Sant Cebrià de Vallalta		08	Barcelona	09	41.63167	2.60687	3872
08204	2	Sant Climent de Llobregat		08	Barcelona	09	41.33386	1.98602	4187
08205	5	Sant Cugat del Vallès		08	Barcelona	09	41.45649	2.06962	97983
08206	8	Sant Cugat Sesgarrigues		08	Barcelona	09	41.35564	1.75574	1038
08207	4	Sant Esteve de Palautordera		08	Barcelona	09	41.71182	2.42759	3099
08208	0	Sant Esteve Sesrovires		08	Barcelona	09	41.48789	1.87982	8121
08209	3	Sant Fost de Campsentelles		08	Barcelona	09	41.50612	2.24016	9419
08210	7	Sant Feliu de Codines		08	Barcelona	09	41.70151	2.16518	6827
08211	4	Sant Feliu de Llobregat		08	Barcelona	09	41.40163	2.05577	46781
08212	9	Sant Feliu Sasserra		08	Barcelona	09	41.93421	2.01504	633
08213	5	Sant Fruitós de Bages		08	Barcelona	09	41.74639	1.87443	9333
08214	0	Vilassar de Dalt		08	Barcelona	09	41.52606	2.34705	9404
08215	3	Sant Hipòlit de Voltregà		08	Barcelona	09	42.01739	2.23813	3666
08216	6	Sant Jaume de Frontanyà		08	Barcelona	09	42.18592	2.02011	25
08217	2	Sant Joan Despí		08	Barcelona	09	41.36687	2.05601	35926
08218	8	Sant Joan de Vilatorrada		08	Barcelona	09	41.76917	1.79572	11133
08219	1	Vilassar de Mar		08	Barcelona	09	41.50665	2.38545	21227
08220	5	Sant Julià de Vilatorta		08	Barcelona	09	41.92029	2.32224	3323
08221	2	Sant Just Desvern		08	Barcelona	09	41.39258	2.07915	21037
08222	7	Sant Llorenç d'Hortons		08	Barcelona	09	41.47084	1.83517	2627
08223	3	Sant Llorenç Savall		08	Barcelona	09	41.68574	2.05485	2587
08224	8	Sant Martí de Centelles		08	Barcelona	09	41.76107	2.24859	1263
08225	1	Sant Martí d'Albars		08	Barcelona	09	42.03955	2.07255	135
08226	4	Sant Martí de Tous		08	Barcelona	09	41.55702	1.51498	1269
08227	0	Sant Martí Sarroca		08	Barcelona	09	41.36740	1.61810	3485
08228	6	Sant Martí Sesgueioles		08	Barcelona	09	41.70344	1.49589	353
08229	9	Sant Mateu de Bages		08	Barcelona	09	41.83413	1.69300	641
08230	3	Premià de Dalt		08	Barcelona	09	41.50282	2.34808	10632
08231	0	Sant Pere de Ribes		08	Barcelona	09	41.25782	1.77335	32705
08232	5	Sant Pere de Riudebitlles		08	Barcelona	09	41.45653	1.69783	2516
08233	1	Sant Pere de Torelló		08	Barcelona	09	42.08536	2.32977	2596
08234	6	Sant Pere de Vilamajor		08	Barcelona	09	41.68368	2.38678	5074
08235	9	Sant Pol de Mar		08	Barcelona	09	41.61070	2.61931	5793
08236	2	Sant Quintí de Mediona		08	Barcelona	09	41.45708	1.67172	2580
08237	8	Sant Quirze de Besora		08	Barcelona	09	42.10420	2.22377	2164
08238	4	Sant Quirze del Vallès		08	Barcelona	09	41.53081	2.07727	20209
08239	7	Sant Quirze Safaja		08	Barcelona	09	41.72552	2.18233	663
08240	1	Sant Sadurní d'Anoia		08	Barcelona	09	41.43988	1.78353	12911
08241	8	Sant Sadurní d'Osormort		08	Barcelona	09	41.90433	2.38360	89
08242	3	Marganell		08	Barcelona	09	41.62995	1.79679	309
08243	9	Santa Cecília de Voltregà		08	Barcelona	09	42.00554	2.20587	197
08244	4	Santa Coloma de Cervelló		08	Barcelona	09	41.36718	2.02121	8273
08245	7	Santa Coloma de Gramenet		08	Barcelona	09	41.45251	2.21160	123981
08246	0	Santa Eugènia de Berga		08	Barcelona	09	41.90992	2.28130	2348
08247	6	Santa Eulàlia de Riuprimer		08	Barcelona	09	41.90905	2.18559	1516
08248	2	Santa Eulàlia de Ronçana		08	Barcelona	09	41.64863	2.21602	7953
08249	5	Santa Fe del Penedès		08	Barcelona	09	41.38864	1.72010	365
08250	8	Santa Margarida de Montbui		08	Barcelona	09	41.56193	1.57985	10631
08251	5	Santa Margarida i els Monjos		08	Barcelona	09	41.32002	1.65947	7806
08252	0	Barberà del Vallès		08	Barcelona	09	41.51736	2.13201	33987
08253	6	Santa Maria de Besora		08	Barcelona	09	42.12720	2.26123	164
08254	1	L'Esquirol	Esquirol, L'	08	Barcelona	09	42.03798	2.36468	2301
08255	4	Santa Maria de Merlès		08	Barcelona	09	41.98892	1.96596	179
08256	7	Santa Maria de Martorelles		08	Barcelona	09	41.51912	2.25987	868
08257	3	Santa Maria de Miralles		08	Barcelona	09	41.50448	1.51020	144
08258	9	Santa Maria d'Oló		08	Barcelona	09	41.86715	2.05996	1099
08259	2	Santa Maria de Palautordera		08	Barcelona	09	41.68447	2.44644	10080
08260	6	Santa Perpètua de Mogoda		08	Barcelona	09	41.53366	2.17318	26130
08261	3	Santa Susanna		08	Barcelona	09	41.65432	2.69017	4099
08262	8	Sant Vicenç de Castellet		08	Barcelona	09	41.66893	1.88187	10164
08263	4	Sant Vicenç dels Horts		08	Barcelona	09	41.39298	1.99928	28746
08264	9	Sant Vicenç de Montalt		08	Barcelona	09	41.57747	2.51222	6802
08265	2	Sant Vicenç de Torelló		08	Barcelona	09	42.06350	2.27271	2117
08266	5	Cerdanyola del Vallès		08	Barcelona	09	41.48569	2.12171	58528
08267	1	Sentmenat		08	Barcelona	09	41.60864	2.13534	9548
08268	7	Cercs		08	Barcelona	09	42.12749	1.86782	1236
08269	0	Seva		08	Barcelona	09	41.83696	2.27674	3808
08270	4	Sitges		08	Barcelona	09	41.23561	1.80828	32609
08271	1	Sobremunt		08	Barcelona	09	42.01902	2.17318	90
08272	6	Sora		08	Barcelona	09	42.11083	2.15924	225
08273	2	Subirats		08	Barcelona	09	41.39297	1.78475	3288
08274	7	Súria		08	Barcelona	09	41.83922	1.76856	6200
08275	0	Tavèrnoles		08	Barcelona	09	41.95809	2.35403	354
08276	3	Tagamanent		08	Barcelona	09	41.74010	2.26649	328
08277	9	Talamanca		08	Barcelona	09	41.73014	1.94051	209
08278	5	Taradell		08	Barcelona	09	41.87309	2.28421	6854
08279	8	Terrassa		08	Barcelona	09	41.55876	2.01818	233270
08280	2	Tavertet		08	Barcelona	09	42.00163	2.41173	128
08281	9	Teià		08	Barcelona	09	41.49933	2.32618	6898
08282	4	Tiana		08	Barcelona	09	41.48791	2.27276	9331
08283	0	Tona		08	Barcelona	09	41.84642	2.22507	8527
08284	5	Tordera		08	Barcelona	09	41.68325	2.67582	19039
08285	8	Torelló		08	Barcelona	09	42.04145	2.26102	15334
08286	1	La Torre de Claramunt	Torre de Claramunt, La	08	Barcelona	09	41.53044	1.66117	4158
08287	7	Torrelavit		08	Barcelona	09	41.45000	1.73333	1572
08288	3	Torrelles de Foix		08	Barcelona	09	41.41360	1.56665	2746
08289	6	Torrelles de Llobregat		08	Barcelona	09	41.35921	1.97453	6170
08290	0	Ullastrell		08	Barcelona	09	41.52631	1.95866	2171
08291	7	Vacarisses		08	Barcelona	09	41.60798	1.92277	7729
08292	2	Vallbona d'Anoia		08	Barcelona	09	41.53080	1.70912	1424
08293	8	Vallcebre		08	Barcelona	09	42.21570	1.81709	260
08294	3	Vallgorguina		08	Barcelona	09	41.64930	2.49257	3261
08295	6	Vallirana		08	Barcelona	09	41.37534	1.92423	16245
08296	9	Vallromanes		08	Barcelona	09	41.52963	2.30336	2778
08297	5	Veciana		08	Barcelona	09	41.66023	1.48990	168
08298	1	Vic		08	Barcelona	09	41.92706	2.24971	50796
08299	4	Vilada		08	Barcelona	09	42.13553	1.92844	432
08300	8	Viladecavalls		08	Barcelona	09	41.55651	1.95454	7817
08301	5	Viladecans		08	Barcelona	09	41.30826	2.02765	67587
08302	0	Vilanova del Camí		08	Barcelona	09	41.56251	1.63351	12936
08303	6	Vilanova de Sau		08	Barcelona	09	41.94504	2.42337	325
08304	1	Vilobí del Penedès		08	Barcelona	09	41.38943	1.66971	1154
08305	4	Vilafranca del Penedès		08	Barcelona	09	41.34709	1.70826	42607
08306	7	Vilalba Sasserra		08	Barcelona	09	41.64178	2.46273	794
08307	3	Vilanova i la Geltrú		08	Barcelona	09	41.22231	1.72176	71641
08308	9	Viver i Serrateix		08	Barcelona	09	41.95020	1.79864	178
08901	9	Rupit i Pruit		08	Barcelona	09	42.01649	2.46005	280
08902	4	Vilanova del Vallès		08	Barcelona	09	41.55901	2.30301	5693
08903	0	Sant Julià de Cerdanyola		08	Barcelona	09	42.22512	1.89355	234
08904	5	Badia del Vallès		08	Barcelona	09	41.50993	2.11648	13060
08905	8	La Palma de Cervelló	Palma de Cervelló, La	08	Barcelona	09	41.41031	1.96316	3056
09001	1	Abajas		09	Burgos	07	42.62360	-3.57948	28
09003	2	Adrada de Haza		09	Burgos	07	41.59777	-3.82069	200
09006	3	Aguas Cándidas		09	Burgos	07	42.73254	-3.49680	61
09007	9	Aguilar de Bureba		09	Burgos	07	42.59082	-3.33377	46
09009	8	Albillos		09	Burgos	07	42.27667	-3.79045	220
09010	2	Alcocero de Mola		09	Burgos	07	42.47184	-3.35623	40
09011	9	Alfoz de Bricia		09	Burgos	07	42.90051	-3.87610	68
09012	4	Alfoz de Santa Gadea		09	Burgos	07	42.94467	-3.94480	102
09013	0	Altable		09	Burgos	07	42.59989	-3.07731	44
09014	5	Los Altos	Altos, Los	09	Burgos	07	42.80961	-3.66133	177
09016	1	Ameyugo		09	Burgos	07	42.65864	-3.06260	107
09017	7	Anguix		09	Burgos	07	41.75287	-3.92406	166
09018	3	Aranda de Duero		09	Burgos	07	41.69215	-3.68365	33956
09019	6	Arandilla		09	Burgos	07	41.72568	-3.41830	157
09020	0	Arauzo de Miel		09	Burgos	07	41.87108	-3.36659	260
09021	7	Arauzo de Salce		09	Burgos	07	41.81742	-3.40029	44
09022	2	Arauzo de Torre		09	Burgos	07	41.79543	-3.42194	55
09023	8	Arcos		09	Burgos	07	42.26435	-3.75406	1823
09024	3	Arenillas de Riopisuerga		09	Burgos	07	42.35753	-4.23420	156
09025	6	Arija		09	Burgos	07	42.98267	-3.95128	115
09026	9	Arlanzón		09	Burgos	07	42.34500	-3.41458	425
09027	5	Arraya de Oca		09	Burgos	07	42.40421	-3.38984	49
09029	4	Atapuerca		09	Burgos	07	42.37706	-3.50704	178
09030	8	Los Ausines	Ausines, Los	09	Burgos	07	42.21667	-3.58333	143
09032	0	Avellanosa de Muñó		09	Burgos	07	41.99078	-3.85781	95
09033	6	Bahabón de Esgueva		09	Burgos	07	41.86635	-3.72108	80
09034	1	Los Balbases	Balbases, Los	09	Burgos	07	42.21517	-4.06340	298
09035	4	Baños de Valdearados		09	Burgos	07	41.77049	-3.55416	322
09036	7	Bañuelos de Bureba		09	Burgos	07	42.50209	-3.26762	32
09037	3	Barbadillo de Herreros		09	Burgos	07	42.18854	-3.15542	103
09038	9	Barbadillo del Mercado		09	Burgos	07	42.04671	-3.36631	134
09039	2	Barbadillo del Pez		09	Burgos	07	42.13163	-3.22532	64
09041	3	Barrio de Muñó		09	Burgos	07	42.18245	-4.00072	32
09043	4	Los Barrios de Bureba	Barrios de Bureba, Los	09	Burgos	07	42.65158	-3.36611	179
09044	9	Barrios de Colina		09	Burgos	07	42.38443	-3.42898	55
09045	2	Basconcillos del Tozo		09	Burgos	07	42.68777	-3.94416	276
09046	5	Bascuñana		09	Burgos	07	42.40385	-3.11657	20
09047	1	Belbimbre		09	Burgos	07	42.16275	-4.01474	53
09048	7	Belorado		09	Burgos	07	42.39640	-3.17459	1823
09050	3	Berberana		09	Burgos	07	42.91544	-3.05496	52
09051	0	Berlangas de Roa		09	Burgos	07	41.68768	-3.86083	204
09052	5	Berzosa de Bureba		09	Burgos	07	42.62908	-3.26913	26
09054	6	Bozoó		09	Burgos	07	42.74933	-3.08547	101
09055	9	Brazacorta		09	Burgos	07	41.69351	-3.39729	43
09056	2	Briviesca		09	Burgos	07	42.53004	-3.32483	6728
09057	8	Bugedo		09	Burgos	07	42.65554	-3.01892	193
09058	4	Buniel		09	Burgos	07	42.31083	-3.82359	632
09059	7	Burgos		09	Burgos	07	42.34997	-3.68221	177402
09060	1	Busto de Bureba		09	Burgos	07	42.65649	-3.25496	140
09061	8	Cabañes de Esgueva		09	Burgos	07	41.84203	-3.79141	145
09062	3	Cabezón de la Sierra		09	Burgos	07	41.93365	-3.24527	33
09063	9	Cavia		09	Burgos	07	42.28398	-3.84427	246
09064	4	Caleruega		09	Burgos	07	41.81301	-3.48139	385
09065	7	Campillo de Aranda		09	Burgos	07	41.60574	-3.72833	175
09066	0	Campolara		09	Burgos	07	42.11597	-3.41663	46
09067	6	Canicosa de la Sierra		09	Burgos	07	41.93205	-3.02670	410
09068	2	Cantabrana		09	Burgos	07	42.73870	-3.46718	22
09070	9	Carazo		09	Burgos	07	41.96974	-3.34972	42
09071	6	Carcedo de Bureba		09	Burgos	07	42.57637	-3.50482	36
09072	1	Carcedo de Burgos		09	Burgos	07	42.28633	-3.62343	513
09073	7	Cardeñadijo		09	Burgos	07	42.29644	-3.66489	1445
09074	2	Cardeñajimeno		09	Burgos	07	42.33139	-3.61931	1185
09075	5	Cardeñuela Riopico		09	Burgos	07	42.35956	-3.55974	106
09076	8	Carrias		09	Burgos	07	42.47795	-3.29624	26
09077	4	Cascajares de Bureba		09	Burgos	07	42.68172	-3.23151	25
09078	0	Cascajares de la Sierra		09	Burgos	07	42.06612	-3.39345	25
09079	3	Castellanos de Castro		09	Burgos	07	42.32822	-4.03211	48
09082	9	Castildelgado		09	Burgos	07	42.44149	-3.08633	34
09083	5	Castil de Peones		09	Burgos	07	42.47395	-3.38238	26
09084	0	Castrillo de la Reina		09	Burgos	07	41.98232	-3.22830	159
09085	3	Castrillo de la Vega		09	Burgos	07	41.64945	-3.76789	626
09086	6	Castrillo del Val		09	Burgos	07	42.31513	-3.58354	858
09088	8	Castrillo de Riopisuerga		09	Burgos	07	42.56335	-4.27618	56
09090	5	Castrillo Mota de Judíos		09	Burgos	07	42.30817	-4.17395	48
09091	2	Castrojeriz		09	Burgos	07	42.28804	-4.13781	794
09093	3	Cayuela		09	Burgos	07	42.27274	-3.81758	186
09094	8	Cebrecos		09	Burgos	07	42.00561	-3.59031	60
09095	1	Celada del Camino		09	Burgos	07	42.26340	-3.93456	91
09098	6	Cerezo de Río Tirón		09	Burgos	07	42.50464	-3.13591	467
09100	3	Cerratón de Juarros		09	Burgos	07	42.41725	-3.36620	42
09101	0	Ciadoncha		09	Burgos	07	42.16687	-3.93485	77
09102	5	Cillaperlata		09	Burgos	07	42.77734	-3.37515	31
09103	1	Cilleruelo de Abajo		09	Burgos	07	41.89071	-3.79073	209
09104	6	Cilleruelo de Arriba		09	Burgos	07	41.91013	-3.64880	52
09105	9	Ciruelos de Cervera		09	Burgos	07	41.92435	-3.52673	90
09108	4	Cogollos		09	Burgos	07	42.20080	-3.70066	687
09109	7	Condado de Treviño		09	Burgos	07	42.70000	-2.70000	1468
09110	1	Contreras		09	Burgos	07	42.02804	-3.43392	81
09112	3	Coruña del Conde		09	Burgos	07	41.75902	-3.39688	95
09113	9	Covarrubias		09	Burgos	07	42.03684	-3.54963	501
09114	4	Cubillo del Campo		09	Burgos	07	42.15777	-3.60049	103
09115	7	Cubo de Bureba		09	Burgos	07	42.63824	-3.20694	102
09117	6	La Cueva de Roa	Cueva de Roa, La	09	Burgos	07	41.65660	-3.93958	89
09119	5	Cuevas de San Clemente		09	Burgos	07	42.13031	-3.58080	52
09120	9	Encío		09	Burgos	07	42.68023	-3.13069	37
09122	1	Espinosa de Cervera		09	Burgos	07	41.90230	-3.47361	81
09123	7	Espinosa del Camino		09	Burgos	07	42.40273	-3.28143	43
09124	2	Espinosa de los Monteros		09	Burgos	07	43.12216	-3.60415	1627
09125	5	Estépar		09	Burgos	07	42.27731	-3.89774	646
09127	4	Fontioso		09	Burgos	07	41.91883	-3.74891	52
09128	0	Frandovínez		09	Burgos	07	42.31131	-3.84108	95
09129	3	Fresneda de la Sierra Tirón		09	Burgos	07	42.28232	-3.12887	98
09130	7	Fresneña		09	Burgos	07	42.40581	-3.13130	68
09131	4	Fresnillo de las Dueñas		09	Burgos	07	41.64086	-3.63297	703
09132	9	Fresno de Río Tirón		09	Burgos	07	42.46425	-3.18579	156
09133	5	Fresno de Rodilla		09	Burgos	07	42.42004	-3.48404	49
09134	0	Frías		09	Burgos	07	42.75144	-3.28164	258
09135	3	Fuentebureba		09	Burgos	07	42.63309	-3.23383	58
09136	6	Fuentecén		09	Burgos	07	41.63323	-3.86689	246
09137	2	Fuentelcésped		09	Burgos	07	41.60319	-3.63772	290
09138	8	Fuentelisendo		09	Burgos	07	41.62146	-3.90361	96
09139	1	Fuentemolinos		09	Burgos	07	41.60843	-3.85286	89
09140	5	Fuentenebro		09	Burgos	07	41.51420	-3.75003	137
09141	2	Fuentespina		09	Burgos	07	41.62968	-3.68126	833
09143	3	Galbarros		09	Burgos	07	42.52311	-3.44522	28
09144	8	La Gallega	Gallega, La	09	Burgos	07	41.88856	-3.26187	34
09148	6	Grijalba		09	Burgos	07	42.43113	-4.12673	114
09149	9	Grisaleña		09	Burgos	07	42.59549	-3.26434	58
09151	9	Gumiel de Izán		09	Burgos	07	41.76718	-3.68283	587
09152	4	Gumiel de Mercado		09	Burgos	07	41.73896	-3.80248	376
09154	5	Hacinas		09	Burgos	07	41.98453	-3.28648	145
09155	8	Haza		09	Burgos	07	41.57995	-3.84665	33
09159	6	Hontanas		09	Burgos	07	42.31245	-4.04443	69
09160	0	Hontangas		09	Burgos	07	41.58807	-3.79043	92
09162	2	Hontoria de la Cantera		09	Burgos	07	42.18893	-3.63378	172
09163	8	Hontoria del Pinar		09	Burgos	07	41.86911	-3.14298	613
09164	3	Hontoria de Valdearados		09	Burgos	07	41.76338	-3.49815	152
09166	9	Las Hormazas	Hormazas, Las	09	Burgos	07	42.52827	-3.88995	93
09167	5	Hornillos del Camino		09	Burgos	07	42.33872	-3.92620	44
09168	1	La Horra	Horra, La	09	Burgos	07	41.75091	-3.87547	295
09169	4	Hortigüela		09	Burgos	07	42.06016	-3.44837	103
09170	8	Hoyales de Roa		09	Burgos	07	41.66188	-3.84459	208
09172	0	Huérmeces		09	Burgos	07	42.54580	-3.79356	159
09173	6	Huerta de Arriba		09	Burgos	07	42.09864	-3.08532	121
09174	1	Huerta de Rey		09	Burgos	07	41.82506	-3.32731	889
09175	4	Humada		09	Burgos	07	42.65547	-4.08366	114
09176	7	Hurones		09	Burgos	07	42.40571	-3.61450	59
09177	3	Ibeas de Juarros		09	Burgos	07	42.32632	-3.52798	1492
09178	9	Ibrillos		09	Burgos	07	42.45771	-3.07802	30
09179	2	Iglesiarrubia		09	Burgos	07	41.97113	-3.84833	45
09180	6	Iglesias		09	Burgos	07	42.29814	-3.99053	136
09181	3	Isar		09	Burgos	07	42.36222	-3.92933	279
09182	8	Itero del Castillo		09	Burgos	07	42.28995	-4.24544	74
09183	4	Jaramillo de la Fuente		09	Burgos	07	42.12404	-3.31747	45
09184	9	Jaramillo Quemado		09	Burgos	07	42.09905	-3.35946	12
09189	0	Junta de Traslaloma		09	Burgos	07	43.02944	-3.41005	118
09190	4	Junta de Villalba de Losa		09	Burgos	07	42.95010	-3.06996	79
09191	1	Jurisdicción de Lara		09	Burgos	07	42.13896	-3.46111	39
09192	6	Jurisdicción de San Zadornil		09	Burgos	07	42.83902	-3.15819	62
09194	7	Lerma		09	Burgos	07	42.00025	-3.77105	2629
09195	0	Llano de Bureba		09	Burgos	07	42.62516	-3.44367	45
09196	3	Madrigal del Monte		09	Burgos	07	42.14314	-3.65554	141
09197	9	Madrigalejo del Monte		09	Burgos	07	42.14637	-3.72777	160
09198	5	Mahamud		09	Burgos	07	42.13273	-3.90577	107
09199	8	Mambrilla de Castrejón		09	Burgos	07	41.66993	-3.98577	105
09200	2	Mambrillas de Lara		09	Burgos	07	42.11663	-3.50218	54
09201	9	Mamolar		09	Burgos	07	41.91302	-3.35027	27
09202	4	Manciles		09	Burgos	07	42.45785	-3.94515	21
09206	1	Mazuela		09	Burgos	07	42.20805	-3.91834	55
09208	3	Mecerreyes		09	Burgos	07	42.09641	-3.60824	176
09209	6	Medina de Pomar		09	Burgos	07	42.95252	-3.40831	6190
09211	7	Melgar de Fernamental		09	Burgos	07	42.40673	-4.24776	1496
09213	8	Merindad de Cuesta-Urria		09	Burgos	07	42.86373	-3.37908	263
09214	3	Merindad de Montija		09	Burgos	07	43.06106	-3.48217	723
09215	6	Merindad de Sotoscueva		09	Burgos	07	43.02907	-3.64511	399
09216	9	Merindad de Valdeporres		09	Burgos	07	43.01354	-3.75509	412
09217	5	Merindad de Valdivielso		09	Burgos	07	42.82363	-3.54439	384
09218	1	Milagros		09	Burgos	07	41.58811	-3.68466	409
09219	4	Miranda de Ebro		09	Burgos	07	42.67250	-2.97034	36622
09220	8	Miraveche		09	Burgos	07	42.67902	-3.18700	92
09221	5	Modúbar de la Emparedada		09	Burgos	07	42.26118	-3.65948	773
09223	6	Monasterio de la Sierra		09	Burgos	07	42.05093	-3.18269	38
09224	1	Monasterio de Rodilla		09	Burgos	07	42.46261	-3.48775	171
09225	4	Moncalvillo		09	Burgos	07	41.95625	-3.18768	77
09226	7	Monterrubio de la Demanda		09	Burgos	07	42.15063	-3.10785	55
09227	3	Montorio		09	Burgos	07	42.58570	-3.77535	138
09228	9	Moradillo de Roa		09	Burgos	07	41.54565	-3.78458	167
09229	2	Nava de Roa		09	Burgos	07	41.61578	-3.96261	202
09230	6	Navas de Bureba		09	Burgos	07	42.68738	-3.33374	24
09231	3	Nebreda		09	Burgos	07	41.96221	-3.61708	50
09232	8	Neila		09	Burgos	07	42.05179	-2.97852	113
09235	2	Olmedillo de Roa		09	Burgos	07	41.78062	-3.92104	188
09236	5	Olmillos de Muñó		09	Burgos	07	42.20449	-3.94014	38
09238	7	Oña		09	Burgos	07	42.71766	-3.36910	938
09239	0	Oquillas		09	Burgos	07	41.83675	-3.69332	52
09241	1	Orbaneja Riopico		09	Burgos	07	42.36045	-3.58446	341
09242	6	Padilla de Abajo		09	Burgos	07	42.40901	-4.17678	71
09243	2	Padilla de Arriba		09	Burgos	07	42.43847	-4.19283	86
09244	7	Padrones de Bureba		09	Burgos	07	42.70351	-3.54216	49
09246	3	Palacios de la Sierra		09	Burgos	07	41.97504	-3.11572	662
09247	9	Palacios de Riopisuerga		09	Burgos	07	42.34370	-4.25669	19
09248	5	Palazuelos de la Sierra		09	Burgos	07	42.21610	-3.44722	95
09249	8	Palazuelos de Muñó		09	Burgos	07	42.18665	-3.97910	52
09250	1	Pampliega		09	Burgos	07	42.20595	-3.98581	281
09251	8	Pancorbo		09	Burgos	07	42.66863	-3.13253	431
09253	9	Pardilla		09	Burgos	07	41.55106	-3.71067	109
09255	7	Partido de la Sierra en Tobalina		09	Burgos	07	42.72464	-3.23942	75
09256	0	Pedrosa de Duero		09	Burgos	07	41.73613	-3.99425	458
09257	6	Pedrosa del Páramo		09	Burgos	07	42.44242	-3.97104	88
09258	2	Pedrosa del Príncipe		09	Burgos	07	42.24911	-4.19884	155
09259	5	Pedrosa de Río Úrbel		09	Burgos	07	42.41963	-3.83737	262
09261	6	Peñaranda de Duero		09	Burgos	07	41.68712	-3.45323	470
09262	1	Peral de Arlanza		09	Burgos	07	42.07407	-4.05450	169
09265	5	Piérnigas		09	Burgos	07	42.60293	-3.40338	43
09266	8	Pineda de la Sierra		09	Burgos	07	42.23181	-3.28355	92
09267	4	Pineda Trasmonte		09	Burgos	07	41.90805	-3.68780	95
09268	0	Pinilla de los Barruecos		09	Burgos	07	41.90884	-3.30264	100
09269	3	Pinilla de los Moros		09	Burgos	07	42.08394	-3.30597	30
09270	7	Pinilla Trasmonte		09	Burgos	07	41.88364	-3.62370	152
09272	9	Poza de la Sal		09	Burgos	07	42.66464	-3.50052	278
09273	5	Prádanos de Bureba		09	Burgos	07	42.50064	-3.34429	54
09274	0	Pradoluengo		09	Burgos	07	42.31304	-3.19664	1090
09275	3	Presencio		09	Burgos	07	42.18656	-3.90272	212
09276	6	La Puebla de Arganzón	Puebla de Arganzón, La	09	Burgos	07	42.77147	-2.82212	565
09277	2	Puentedura		09	Burgos	07	42.04382	-3.58612	117
09279	1	Quemada		09	Burgos	07	41.71248	-3.58364	242
09280	5	Quintanabureba		09	Burgos	07	42.58621	-3.36945	29
09281	2	Quintana del Pidio		09	Burgos	07	41.76537	-3.74863	150
09283	3	Quintanaélez		09	Burgos	07	42.67514	-3.30217	44
09287	0	Quintanaortuño		09	Burgos	07	42.45044	-3.68420	297
09288	6	Quintanapalla		09	Burgos	07	42.40914	-3.53228	123
09289	9	Quintanar de la Sierra		09	Burgos	07	42.00277	-3.02753	1474
09292	5	Quintanavides		09	Burgos	07	42.47615	-3.41964	65
09294	6	Quintanilla de la Mata		09	Burgos	07	41.99309	-3.80433	109
09295	9	Quintanilla del Coco		09	Burgos	07	41.99280	-3.52297	50
09297	8	Las Quintanillas	Quintanillas, Las	09	Burgos	07	42.37109	-3.84131	386
09298	4	Quintanilla San García		09	Burgos	07	42.54486	-3.19330	66
09301	8	Quintanilla Vivar		09	Burgos	07	42.41573	-3.68969	890
09302	3	Rabanera del Pinar		09	Burgos	07	41.89701	-3.17870	94
09303	9	Rábanos		09	Burgos	07	42.31306	-3.28413	73
09304	4	Rabé de las Calzadas		09	Burgos	07	42.33362	-3.84568	259
09306	0	Rebolledo de la Torre		09	Burgos	07	42.69250	-4.22327	100
09307	6	Redecilla del Camino		09	Burgos	07	42.41307	-3.06562	98
09308	2	Redecilla del Campo		09	Burgos	07	42.45903	-3.11704	65
09309	5	Regumiel de la Sierra		09	Burgos	07	41.96270	-2.97472	304
09310	9	Reinoso		09	Burgos	07	42.50766	-3.38611	21
09311	6	Retuerta		09	Burgos	07	42.03316	-3.49918	56
09312	1	La Revilla y Ahedo	Revilla y Ahedo, La	09	Burgos	07	42.01187	-3.34651	97
09314	2	Revilla del Campo		09	Burgos	07	42.20437	-3.52963	96
09315	5	Revillarruz		09	Burgos	07	42.23102	-3.66208	621
09316	8	Revilla Vallejera		09	Burgos	07	42.14723	-4.13056	112
09317	4	Rezmondo		09	Burgos	07	42.51373	-4.23051	18
09318	0	Riocavado de la Sierra		09	Burgos	07	42.17395	-3.21967	54
09321	4	Roa		09	Burgos	07	41.71325	-3.92445	2276
09323	5	Rojas		09	Burgos	07	42.58326	-3.43963	62
09325	3	Royuela de Río Franco		09	Burgos	07	42.00213	-3.94338	169
09326	6	Rubena		09	Burgos	07	42.38885	-3.57330	207
09327	2	Rublacedo de Abajo		09	Burgos	07	42.53844	-3.50765	37
09328	8	Rucandio		09	Burgos	07	42.75007	-3.52900	72
09329	1	Salas de Bureba		09	Burgos	07	42.70084	-3.47280	129
09330	5	Salas de los Infantes		09	Burgos	07	42.05072	-3.27220	1959
09332	7	Saldaña de Burgos		09	Burgos	07	42.26911	-3.68499	203
09334	8	Salinillas de Bureba		09	Burgos	07	42.56273	-3.38645	55
09335	1	San Adrián de Juarros		09	Burgos	07	42.27765	-3.45524	84
09337	0	San Juan del Monte		09	Burgos	07	41.67608	-3.51876	163
09338	6	San Mamés de Burgos		09	Burgos	07	42.33691	-3.79329	323
09339	9	San Martín de Rubiales		09	Burgos	07	41.63639	-3.99911	137
09340	3	San Millán de Lara		09	Burgos	07	42.14965	-3.33453	61
09343	1	Santa Cecilia		09	Burgos	07	42.05681	-3.80324	107
09345	9	Santa Cruz de la Salceda		09	Burgos	07	41.59314	-3.58326	148
09346	2	Santa Cruz del Valle Urbión		09	Burgos	07	42.27593	-3.20851	94
09347	8	Santa Gadea del Cid		09	Burgos	07	42.70729	-3.05850	180
09348	4	Santa Inés		09	Burgos	07	42.05627	-3.69370	153
09350	0	Santa María del Campo		09	Burgos	07	42.11354	-3.99637	508
09351	7	Santa María del Invierno		09	Burgos	07	42.43608	-3.43577	70
09352	2	Santa María del Mercadillo		09	Burgos	07	41.86430	-3.57137	119
09353	8	Santa María Ribarredonda		09	Burgos	07	42.62543	-3.17681	97
09354	3	Santa Olalla de Bureba		09	Burgos	07	42.47512	-3.43897	38
09355	6	Santibáñez de Esgueva		09	Burgos	07	41.83143	-3.75316	72
09356	9	Santibáñez del Val		09	Burgos	07	41.97697	-3.48424	64
09358	1	Santo Domingo de Silos		09	Burgos	07	41.96639	-3.43475	251
09360	8	San Vicente del Valle		09	Burgos	07	42.35663	-3.16770	26
09361	5	Sargentes de la Lora		09	Burgos	07	42.73356	-3.90009	130
09362	0	Sarracín		09	Burgos	07	42.24480	-3.70321	261
09363	6	Sasamón		09	Burgos	07	42.41750	-4.04142	898
09365	4	La Sequera de Haza	Sequera de Haza, La	09	Burgos	07	41.56755	-3.81532	28
09366	7	Solarana		09	Burgos	07	41.96866	-3.65778	73
09368	9	Sordillos		09	Burgos	07	42.46203	-4.09678	23
09369	2	Sotillo de la Ribera		09	Burgos	07	41.79670	-3.82783	468
09372	8	Sotragero		09	Burgos	07	42.41053	-3.71218	300
09373	4	Sotresgudo		09	Burgos	07	42.60023	-4.21010	413
09374	9	Susinos del Páramo		09	Burgos	07	42.47143	-3.92272	115
09375	2	Tamarón		09	Burgos	07	42.27385	-3.99193	52
09377	1	Tardajos		09	Burgos	07	42.35151	-3.81622	862
09378	7	Tejada		09	Burgos	07	41.95065	-3.54580	35
09380	4	Terradillos de Esgueva		09	Burgos	07	41.80328	-3.86101	58
09381	1	Tinieblas de la Sierra		09	Burgos	07	42.17420	-3.36970	20
09382	6	Tobar		09	Burgos	07	42.48262	-3.93996	27
09384	7	Tordómar		09	Burgos	07	42.04626	-3.85606	290
09386	3	Torrecilla del Monte		09	Burgos	07	42.10370	-3.67540	79
09387	9	Torregalindo		09	Burgos	07	41.57614	-3.74592	130
09388	5	Torrelara		09	Burgos	07	42.17474	-3.50303	34
09389	8	Torrepadre		09	Burgos	07	42.05670	-3.99740	68
09390	2	Torresandino		09	Burgos	07	41.86169	-3.93898	565
09391	9	Tórtoles de Esgueva		09	Burgos	07	41.82777	-4.02093	362
09392	4	Tosantos		09	Burgos	07	42.41261	-3.24234	48
09394	5	Trespaderne		09	Burgos	07	42.80981	-3.38163	721
09395	8	Tubilla del Agua		09	Burgos	07	42.71990	-3.81775	126
09396	1	Tubilla del Lago		09	Burgos	07	41.80332	-3.58873	164
09398	3	Úrbel del Castillo		09	Burgos	07	42.62108	-3.84195	53
09400	0	Vadocondes		09	Burgos	07	41.63349	-3.57050	368
09403	8	Valdeande		09	Burgos	07	41.82984	-3.52218	103
09405	6	Valdezate		09	Burgos	07	41.59853	-3.93044	115
09406	9	Valdorros		09	Burgos	07	42.17773	-3.71421	377
09407	5	Valmala		09	Burgos	07	42.29008	-3.25341	24
09408	1	Vallarta de Bureba		09	Burgos	07	42.59103	-3.19897	41
09409	4	Valle de Manzanedo		09	Burgos	07	42.89818	-3.71242	115
09410	8	Valle de Mena		09	Burgos	07	43.11112	-3.24417	4155
09411	5	Valle de Oca		09	Burgos	07	42.44170	-3.32411	160
09412	0	Valle de Tobalina		09	Burgos	07	42.81039	-3.27269	877
09413	6	Valle de Valdebezana		09	Burgos	07	42.96575	-3.80688	479
09414	1	Valle de Valdelaguna		09	Burgos	07	42.10040	-3.12917	187
09415	4	Valle de Valdelucio		09	Burgos	07	42.72428	-4.08776	342
09416	7	Valle de Zamanzas		09	Burgos	07	42.85660	-3.74635	46
09417	3	Vallejera		09	Burgos	07	42.18431	-4.15490	38
09418	9	Valles de Palenzuela		09	Burgos	07	42.12347	-4.05964	74
09419	2	Valluércanes		09	Burgos	07	42.57746	-3.11821	70
09421	3	La Vid y Barrios	Vid y Barrios, La	09	Burgos	07	41.62466	-3.49106	237
09422	8	La Vid de Bureba	Vid de Bureba, La	09	Burgos	07	42.63673	-3.29449	26
09423	4	Vileña		09	Burgos	07	42.61724	-3.32302	23
09424	9	Viloria de Rioja		09	Burgos	07	42.41824	-3.10107	38
09425	2	Vilviestre del Pinar		09	Burgos	07	41.93892	-3.06976	511
09427	1	Villadiego		09	Burgos	07	42.54957	-4.00549	1453
09428	7	Villaescusa de Roa		09	Burgos	07	41.72712	-4.02611	95
09429	0	Villaescusa la Sombría		09	Burgos	07	42.41185	-3.40681	61
09430	4	Villaespasa		09	Burgos	07	42.11078	-3.39617	21
09431	1	Villafranca Montes de Oca		09	Burgos	07	42.37776	-3.30846	117
09432	6	Villafruela		09	Burgos	07	41.92486	-3.92250	140
09433	2	Villagalijo		09	Burgos	07	42.34837	-3.19264	52
09434	7	Villagonzalo Pedernales		09	Burgos	07	42.30051	-3.73359	1903
09437	9	Villahoz		09	Burgos	07	42.06854	-3.90475	262
09438	5	Villalba de Duero		09	Burgos	07	41.68010	-3.75172	720
09439	8	Villalbilla de Burgos		09	Burgos	07	42.34732	-3.78016	1554
09440	2	Villalbilla de Gumiel		09	Burgos	07	41.81611	-3.62835	73
09441	9	Villaldemiro		09	Burgos	07	42.24375	-3.97613	92
09442	4	Villalmanzo		09	Burgos	07	42.06960	-3.72651	409
09443	0	Villamayor de los Montes		09	Burgos	07	42.10930	-3.76302	157
09444	5	Villamayor de Treviño		09	Burgos	07	42.46806	-4.13312	59
09445	8	Villambistia		09	Burgos	07	42.41196	-3.25933	44
09446	1	Villamedianilla		09	Burgos	07	42.16692	-4.14402	9
09447	7	Villamiel de la Sierra		09	Burgos	07	42.20073	-3.41016	43
09448	3	Villangómez		09	Burgos	07	42.19047	-3.76954	229
09449	6	Villanueva de Argaño		09	Burgos	07	42.38052	-3.93250	117
09450	9	Villanueva de Carazo		09	Burgos	07	41.98073	-3.31746	24
09451	6	Villanueva de Gumiel		09	Burgos	07	41.74321	-3.62930	281
09454	2	Villanueva de Teba		09	Burgos	07	42.64915	-3.16169	43
09455	5	Villaquirán de la Puebla		09	Burgos	07	42.28277	-4.09893	45
09456	8	Villaquirán de los Infantes		09	Burgos	07	42.22725	-4.00778	154
09458	0	Villariezo		09	Burgos	07	42.26753	-3.73192	731
09460	7	Villasandino		09	Burgos	07	42.37427	-4.10803	179
09463	5	Villasur de Herreros		09	Burgos	07	42.27755	-3.34695	269
09464	0	Villatuelda		09	Burgos	07	41.80124	-3.87434	41
09466	6	Villaverde del Monte		09	Burgos	07	42.13731	-3.84447	112
09467	2	Villaverde-Mogina		09	Burgos	07	42.15121	-4.05022	68
09471	2	Villayerno Morquillas		09	Burgos	07	42.39697	-3.64059	208
09472	7	Villazopeque		09	Burgos	07	42.19769	-4.01593	51
09473	3	Villegas		09	Burgos	07	42.46803	-4.01651	83
09476	4	Villoruebo		09	Burgos	07	42.17308	-3.44569	62
09478	6	Vizcaínos		09	Burgos	07	42.09786	-3.27315	41
09480	3	Zael		09	Burgos	07	42.10995	-3.82807	117
09482	5	Zarzosa de Río Pisuerga		09	Burgos	07	42.54613	-4.25638	29
09483	1	Zazuar		09	Burgos	07	41.67520	-3.55026	198
09485	9	Zuñeda		09	Burgos	07	42.60316	-3.22165	58
09901	2	Quintanilla del Agua y Tordueles		09	Burgos	07	42.03432	-3.63231	336
09902	7	Valle de Santibáñez		09	Burgos	07	42.47735	-3.81911	482
09903	3	Villarcayo de Merindad de Castilla la Vieja		09	Burgos	07	42.94222	-3.56567	4103
09904	8	Valle de las Navas		09	Burgos	07	42.45525	-3.63321	549
09905	1	Valle de Sedano		09	Burgos	07	42.72837	-3.76035	402
09906	4	Merindad de Río Ubierna		09	Burgos	07	42.55017	-3.68128	1400
09907	0	Alfoz de Quintanadueñas		09	Burgos	07	42.40858	-3.74544	2158
09908	6	Valle de Losa		09	Burgos	07	42.99153	-3.21234	486
10001	5	Abadía		10	Cáceres	11	40.28169	-6.00658	337
10002	0	Abertura		10	Cáceres	11	39.27436	-5.80014	362
10003	6	Acebo		10	Cáceres	11	40.21439	-6.70916	567
10004	1	Acehúche		10	Cáceres	11	39.79843	-6.64130	808
10005	4	Aceituna		10	Cáceres	11	40.13808	-6.28943	569
10006	7	Ahigal		10	Cáceres	11	40.16516	-6.20000	1340
10007	3	Albalá		10	Cáceres	11	39.26313	-6.21366	647
10008	9	Alcántara		10	Cáceres	11	39.72319	-6.86220	1329
10009	2	Alcollarín		10	Cáceres	11	39.20795	-5.71462	259
10010	6	Alcuéscar		10	Cáceres	11	39.16095	-6.22443	2447
10011	3	Aldeacentenera		10	Cáceres	11	39.52703	-5.62778	603
10012	8	Aldea del Cano		10	Cáceres	11	39.28707	-6.30964	609
10013	4	La Aldea del Obispo	Aldea del Obispo, La	10	Cáceres	11	39.57898	-5.91690	290
10014	9	Aldeanueva de la Vera		10	Cáceres	11	40.13776	-5.70674	1966
10015	2	Aldeanueva del Camino		10	Cáceres	11	40.25497	-5.92739	696
10016	5	Aldehuela del Jerte		10	Cáceres	11	40.01602	-6.23934	348
10017	1	Alía		10	Cáceres	11	39.43929	-5.16633	722
10018	7	Aliseda		10	Cáceres	11	39.40997	-6.69086	1726
10019	0	Almaraz		10	Cáceres	11	39.80843	-5.66953	1594
10020	4	Almoharín		10	Cáceres	11	39.14942	-6.05374	1771
10021	1	Arroyo de la Luz		10	Cáceres	11	39.51148	-6.57968	5495
10022	6	Arroyomolinos de la Vera		10	Cáceres	11	40.04699	-5.87985	424
10023	2	Arroyomolinos		10	Cáceres	11	39.14454	-6.14508	816
10024	7	Baños de Montemayor		10	Cáceres	11	40.31051	-5.87662	738
10025	0	Barrado		10	Cáceres	11	40.08299	-5.89093	383
10026	3	Belvís de Monroy		10	Cáceres	11	39.81859	-5.60327	774
10027	9	Benquerencia		10	Cáceres	11	39.30677	-6.08433	74
10028	5	Berrocalejo		10	Cáceres	11	39.82237	-5.34874	120
10029	8	Berzocana		10	Cáceres	11	39.47301	-5.51868	375
10030	2	Bohonal de Ibor		10	Cáceres	11	39.79497	-5.45248	488
10031	9	Botija		10	Cáceres	11	39.34365	-6.08623	184
10032	4	Brozas		10	Cáceres	11	39.53885	-6.76718	1718
10033	0	Cabañas del Castillo		10	Cáceres	11	39.53019	-5.50656	406
10034	5	Cabezabellosa		10	Cáceres	11	40.12571	-6.00253	317
10035	8	Cabezuela del Valle		10	Cáceres	11	40.20204	-5.80140	2049
10036	1	Cabrero		10	Cáceres	11	40.11897	-5.89045	353
10037	7	Cáceres		10	Cáceres	11	39.42823	-6.43782	96651
10038	3	Cachorrilla		10	Cáceres	11	39.90761	-6.68222	83
10039	6	Cadalso		10	Cáceres	11	40.23666	-6.54026	394
10040	0	Calzadilla		10	Cáceres	11	40.05405	-6.55910	450
10041	7	Caminomorisco		10	Cáceres	11	40.35377	-6.18432	1097
10042	2	Campillo de Deleitosa		10	Cáceres	11	39.71327	-5.57595	82
10043	8	Campo Lugar		10	Cáceres	11	39.16761	-5.75336	790
10044	3	Cañamero		10	Cáceres	11	39.38150	-5.39417	1578
10045	6	Cañaveral		10	Cáceres	11	39.80769	-6.37171	995
10046	9	Carbajo		10	Cáceres	11	39.62742	-7.17521	183
10047	5	Carcaboso		10	Cáceres	11	40.04416	-6.20982	1076
10048	1	Carrascalejo		10	Cáceres	11	39.63979	-5.21363	223
10049	4	Casar de Cáceres		10	Cáceres	11	39.58011	-6.46187	4511
10050	7	Casar de Palomero		10	Cáceres	11	40.29008	-6.26223	991
10051	4	Casares de las Hurdes		10	Cáceres	11	40.43585	-6.31699	362
10052	9	Casas de Don Antonio		10	Cáceres	11	39.23302	-6.28072	167
10053	5	Casas de Don Gómez		10	Cáceres	11	40.01506	-6.60455	342
10054	0	Casas del Castañar		10	Cáceres	11	40.10188	-5.94120	583
10055	3	Casas del Monte		10	Cáceres	11	40.20437	-5.95319	761
10056	6	Casas de Millán		10	Cáceres	11	39.78612	-6.30286	536
10057	2	Casas de Miravete		10	Cáceres	11	39.74435	-5.77164	106
10058	8	Casatejada		10	Cáceres	11	39.93859	-5.67610	1393
10059	1	Casillas de Coria		10	Cáceres	11	39.96725	-6.66324	354
10060	5	Castañar de Ibor		10	Cáceres	11	39.68103	-5.42836	1020
10061	2	Ceclavín		10	Cáceres	11	39.83254	-6.73220	1769
10062	7	Cedillo		10	Cáceres	11	39.63095	-7.47503	453
10063	3	Cerezo		10	Cáceres	11	40.23445	-6.24035	147
10064	8	Cilleros		10	Cáceres	11	40.07852	-6.82892	1547
10065	1	Collado de la Vera		10	Cáceres	11	40.03590	-5.68148	274
10066	4	Conquista de la Sierra		10	Cáceres	11	39.32814	-5.74500	193
10067	0	Coria		10	Cáceres	11	39.97836	-6.50396	12001
10068	6	Cuacos de Yuste		10	Cáceres	11	40.07200	-5.67925	809
10069	9	La Cumbre	Cumbre, La	10	Cáceres	11	39.45942	-6.00219	815
10070	3	Deleitosa		10	Cáceres	11	39.63343	-5.63998	681
10071	0	Descargamaría		10	Cáceres	11	40.30320	-6.51183	105
10072	5	Eljas		10	Cáceres	11	40.22148	-6.83367	827
10073	1	Escurial		10	Cáceres	11	39.18802	-5.91068	855
10075	9	Fresnedoso de Ibor		10	Cáceres	11	39.68932	-5.52669	236
10076	2	Galisteo		10	Cáceres	11	39.99392	-6.28272	849
10077	8	Garciaz		10	Cáceres	11	39.44870	-5.60754	666
10078	4	La Garganta	Garganta, La	10	Cáceres	11	40.32061	-5.81630	353
10079	7	Garganta la Olla		10	Cáceres	11	40.11966	-5.77609	874
10080	1	Gargantilla		10	Cáceres	11	40.23500	-5.90204	346
10081	8	Gargüera		10	Cáceres	11	40.02230	-5.92884	187
10082	3	Garrovillas de Alconétar		10	Cáceres	11	39.69489	-6.50453	1941
10083	9	Garvín		10	Cáceres	11	39.71419	-5.35519	101
10084	4	Gata		10	Cáceres	11	40.19957	-6.62891	1335
10085	7	El Gordo	Gordo, El	10	Cáceres	11	39.83720	-5.40432	363
10086	0	La Granja	Granja, La	10	Cáceres	11	40.23854	-5.99386	313
10087	6	Guadalupe		10	Cáceres	11	39.44846	-5.31556	1722
10088	2	Guijo de Coria		10	Cáceres	11	40.05686	-6.46120	180
10089	5	Guijo de Galisteo		10	Cáceres	11	40.03726	-6.38759	1460
10090	9	Guijo de Granadilla		10	Cáceres	11	40.20344	-6.13608	497
10091	6	Guijo de Santa Bárbara		10	Cáceres	11	40.16581	-5.64696	386
10092	1	Herguijuela		10	Cáceres	11	39.36500	-5.75501	264
10093	7	Hernán-Pérez		10	Cáceres	11	40.20855	-6.47798	401
10094	2	Herrera de Alcántara		10	Cáceres	11	39.59800	-7.38085	225
10095	5	Herreruela		10	Cáceres	11	39.43999	-6.84648	322
10096	8	Hervás		10	Cáceres	11	40.27635	-5.86769	3898
10097	4	Higuera de Albalat		10	Cáceres	11	39.73914	-5.65793	102
10098	0	Hinojal		10	Cáceres	11	39.70507	-6.34187	391
10099	3	Holguera		10	Cáceres	11	39.89488	-6.35366	588
10100	7	Hoyos		10	Cáceres	11	40.16303	-6.71960	848
10101	4	Huélaga		10	Cáceres	11	40.06013	-6.61067	203
10102	9	Ibahernando		10	Cáceres	11	39.32938	-5.91802	538
10103	5	Jaraicejo		10	Cáceres	11	39.69507	-5.85403	418
10104	0	Jaraíz de la Vera		10	Cáceres	11	40.03407	-5.75231	6831
10105	3	Jarandilla de la Vera		10	Cáceres	11	40.09347	-5.62446	2894
10106	6	Jarilla		10	Cáceres	11	40.16933	-6.00806	127
10107	2	Jerte		10	Cáceres	11	40.22771	-5.74717	1189
10108	8	Ladrillar		10	Cáceres	11	40.44233	-6.18380	177
10109	1	Logrosán		10	Cáceres	11	39.27943	-5.49582	1852
10110	5	Losar de la Vera		10	Cáceres	11	40.14474	-5.57941	2799
10111	2	Madrigal de la Vera		10	Cáceres	11	40.19006	-5.36707	1536
10112	7	Madrigalejo		10	Cáceres	11	39.14955	-5.63741	1710
10113	3	Madroñera		10	Cáceres	11	39.45911	-5.73904	2349
10114	8	Majadas		10	Cáceres	11	39.95503	-5.77591	1281
10115	1	Malpartida de Cáceres		10	Cáceres	11	39.44481	-6.50670	4027
10116	4	Malpartida de Plasencia		10	Cáceres	11	39.93125	-6.04992	4666
10117	0	Marchagaz		10	Cáceres	11	40.27292	-6.27938	231
10118	6	Mata de Alcántara		10	Cáceres	11	39.70765	-6.79011	300
10119	9	Membrío		10	Cáceres	11	39.58694	-7.09533	587
10120	3	Mesas de Ibor		10	Cáceres	11	39.76496	-5.54562	146
10121	0	Miajadas		10	Cáceres	11	39.11794	-5.93960	9396
10122	5	Millanes		10	Cáceres	11	39.85598	-5.56453	239
10123	1	Mirabel		10	Cáceres	11	39.86399	-6.22992	620
10124	6	Mohedas de Granadilla		10	Cáceres	11	40.27195	-6.18477	817
10125	9	Monroy		10	Cáceres	11	39.67833	-6.15391	909
10126	2	Montánchez		10	Cáceres	11	39.12805	-6.26184	1597
10127	8	Montehermoso		10	Cáceres	11	40.04372	-6.33886	5552
10128	4	Moraleja		10	Cáceres	11	40.01622	-6.69770	6562
10129	7	Morcillo		10	Cáceres	11	40.00118	-6.40572	378
10130	1	Navaconcejo		10	Cáceres	11	40.17150	-5.84453	2037
10131	8	Navalmoral de la Mata		10	Cáceres	11	39.93694	-5.56202	17352
10132	3	Navalvillar de Ibor		10	Cáceres	11	39.60071	-5.37411	374
10133	9	Navas del Madroño		10	Cáceres	11	39.66010	-6.62417	1254
10134	4	Navezuelas		10	Cáceres	11	39.50199	-5.42558	668
10135	7	Nuñomoral		10	Cáceres	11	40.40944	-6.24671	1196
10136	0	Oliva de Plasencia		10	Cáceres	11	40.10592	-6.09549	290
10137	6	Palomero		10	Cáceres	11	40.24652	-6.27506	450
10138	2	Pasarón de la Vera		10	Cáceres	11	40.02373	-5.81733	588
10139	5	Pedroso de Acim		10	Cáceres	11	39.85662	-6.40504	90
10140	9	Peraleda de la Mata		10	Cáceres	11	39.87083	-5.46164	1444
10141	6	Peraleda de San Román		10	Cáceres	11	39.75970	-5.38634	268
10142	1	Perales del Puerto		10	Cáceres	11	40.13667	-6.68459	874
10143	7	Pescueza		10	Cáceres	11	39.88357	-6.61875	150
10144	2	La Pesga	Pesga, La	10	Cáceres	11	40.31254	-6.15673	950
10145	5	Piedras Albas		10	Cáceres	11	39.78724	-6.93565	125
10146	8	Pinofranqueado		10	Cáceres	11	40.32632	-6.38246	1783
10147	4	Piornal		10	Cáceres	11	40.11607	-5.83505	1443
10148	0	Plasencia		10	Cáceres	11	40.01244	-6.14341	40132
10149	3	Plasenzuela		10	Cáceres	11	39.38036	-6.05833	536
10150	6	Portaje		10	Cáceres	11	39.88520	-6.55866	379
10151	3	Portezuelo		10	Cáceres	11	39.79304	-6.52345	196
10152	8	Pozuelo de Zarzón		10	Cáceres	11	40.14546	-6.41609	430
10153	4	Puerto de Santa Cruz		10	Cáceres	11	39.29415	-5.86332	268
10154	9	Rebollar		10	Cáceres	11	40.15554	-5.90683	203
10155	2	Riolobos		10	Cáceres	11	39.92538	-6.33451	1173
10156	5	Robledillo de Gata		10	Cáceres	11	40.34144	-6.47074	91
10157	1	Robledillo de la Vera		10	Cáceres	11	40.08844	-5.57981	252
10158	7	Robledillo de Trujillo		10	Cáceres	11	39.26855	-5.97458	394
10159	0	Robledollano		10	Cáceres	11	39.63078	-5.53119	325
10160	4	Romangordo		10	Cáceres	11	39.76908	-5.70911	240
10161	1	Ruanes		10	Cáceres	11	39.33127	-6.01187	82
10162	6	Salorino		10	Cáceres	11	39.48259	-6.99028	522
10163	2	Salvatierra de Santiago		10	Cáceres	11	39.29320	-6.05465	229
10164	7	San Martín de Trevejo		10	Cáceres	11	40.20576	-6.80887	693
10165	0	Santa Ana		10	Cáceres	11	39.33820	-5.96231	302
10166	3	Santa Cruz de la Sierra		10	Cáceres	11	39.34184	-5.83177	317
10167	9	Santa Cruz de Paniagua		10	Cáceres	11	40.20383	-6.31211	286
10168	5	Santa Marta de Magasca		10	Cáceres	11	39.50929	-6.09692	291
10169	8	Santiago de Alcántara		10	Cáceres	11	39.60803	-7.25189	454
10170	2	Santiago del Campo		10	Cáceres	11	39.65775	-6.39427	250
10171	9	Santibáñez el Alto		10	Cáceres	11	40.20156	-6.54169	386
10172	4	Santibáñez el Bajo		10	Cáceres	11	40.16685	-6.24600	711
10173	0	Saucedilla		10	Cáceres	11	39.84923	-5.67305	1002
10174	5	Segura de Toro		10	Cáceres	11	40.21935	-5.93957	190
10175	8	Serradilla		10	Cáceres	11	39.81648	-6.08460	1448
10176	1	Serrejón		10	Cáceres	11	39.81266	-5.81473	410
10177	7	Sierra de Fuentes		10	Cáceres	11	39.43830	-6.26329	2081
10178	3	Talaván		10	Cáceres	11	39.68266	-6.27047	775
10179	6	Talaveruela de la Vera		10	Cáceres	11	40.12099	-5.52016	303
10180	0	Talayuela		10	Cáceres	11	39.99374	-5.60750	7439
10181	7	Tejeda de Tiétar		10	Cáceres	11	39.99393	-5.87045	761
10182	2	Toril		10	Cáceres	11	39.87547	-5.88424	157
10183	8	Tornavacas		10	Cáceres	11	40.24202	-5.67972	989
10184	3	El Torno	Torno, El	10	Cáceres	11	40.12076	-5.95379	805
10185	6	Torrecilla de los Ángeles		10	Cáceres	11	40.25736	-6.41011	642
10186	9	Torrecillas de la Tiesa		10	Cáceres	11	39.59335	-5.76272	1038
10187	5	Torre de Don Miguel		10	Cáceres	11	40.22333	-6.57030	481
10188	1	Torre de Santa María		10	Cáceres	11	39.25371	-6.09473	508
10189	4	Torrejoncillo		10	Cáceres	11	39.90779	-6.46073	2743
10190	8	Torrejón el Rubio		10	Cáceres	11	39.75220	-5.98556	537
10191	5	Torremenga		10	Cáceres	11	40.03579	-5.77924	620
10192	0	Torremocha		10	Cáceres	11	39.32076	-6.18023	742
10193	6	Torreorgaz		10	Cáceres	11	39.35256	-6.26087	1641
10194	1	Torrequemada		10	Cáceres	11	39.34267	-6.22965	564
10195	4	Trujillo		10	Cáceres	11	39.53218	-5.96142	8611
10196	7	Valdastillas		10	Cáceres	11	40.14652	-5.92233	332
10197	3	Valdecañas de Tajo		10	Cáceres	11	39.75131	-5.61893	96
10198	9	Valdefuentes		10	Cáceres	11	39.29149	-6.12579	1074
10199	2	Valdehúncar		10	Cáceres	11	39.82548	-5.52968	188
10200	6	Valdelacasa de Tajo		10	Cáceres	11	39.72389	-5.29294	338
10201	3	Valdemorales		10	Cáceres	11	39.20497	-6.06406	218
10202	8	Valdeobispo		10	Cáceres	11	40.08963	-6.23934	617
10203	4	Valencia de Alcántara		10	Cáceres	11	39.48460	-7.23648	5150
10204	9	Valverde de la Vera		10	Cáceres	11	40.10813	-5.49668	428
10205	2	Valverde del Fresno		10	Cáceres	11	40.15785	-6.92949	2143
10206	5	Viandar de la Vera		10	Cáceres	11	40.13750	-5.54567	216
10207	1	Villa del Campo		10	Cáceres	11	40.15745	-6.47421	435
10208	7	Villa del Rey		10	Cáceres	11	39.66548	-6.80978	118
10209	0	Villamesías		10	Cáceres	11	39.25008	-5.88590	271
10210	4	Villamiel		10	Cáceres	11	40.14846	-6.81584	379
10211	1	Villanueva de la Sierra		10	Cáceres	11	40.20217	-6.41694	478
10212	6	Villanueva de la Vera		10	Cáceres	11	40.16122	-5.41811	2108
10213	2	Villar del Pedroso		10	Cáceres	11	39.67057	-5.25178	547
10214	7	Villar de Plasencia		10	Cáceres	11	40.14700	-6.04393	224
10215	0	Villasbuenas de Gata		10	Cáceres	11	40.15350	-6.62556	481
10216	3	Zarza de Granadilla		10	Cáceres	11	40.26127	-6.08124	1815
10217	9	Zarza de Montánchez		10	Cáceres	11	39.23895	-6.02929	504
10218	5	Zarza la Mayor		10	Cáceres	11	39.90697	-6.83949	1096
10219	8	Zorita		10	Cáceres	11	39.28758	-5.67261	1223
10901	6	Rosalejo		10	Cáceres	11	39.98347	-5.44994	1268
10902	1	Vegaviana		10	Cáceres	11	40.04666	-6.72585	837
10903	7	Alagón del Río		10	Cáceres	11	39.96855	-6.31660	919
10904	2	Tiétar		10	Cáceres	11	40.02883	-5.48454	835
10905	5	Pueblonuevo de Miramontes		10	Cáceres	11	40.05802	-5.37592	762
11001	2	Alcalá de los Gazules		11	Cádiz	01	36.42734	-5.71226	5230
11002	7	Alcalá del Valle		11	Cádiz	01	36.92548	-5.14632	4864
11003	3	Algar		11	Cádiz	01	36.65818	-5.64166	1452
11004	8	Algeciras		11	Cádiz	01	36.10549	-5.45284	126589
11005	1	Algodonales		11	Cádiz	01	36.87921	-5.43102	5425
11006	4	Arcos de la Frontera		11	Cádiz	01	36.73451	-5.71978	31267
11007	0	Barbate		11	Cádiz	01	36.19228	-5.94270	22635
11008	6	Los Barrios	Barrios, Los	11	Cádiz	01	36.21845	-5.53671	24449
11009	9	Benaocaz		11	Cádiz	01	36.70935	-5.45510	742
11010	3	Bornos		11	Cádiz	01	36.84274	-5.71145	7510
11011	0	El Bosque	Bosque, El	11	Cádiz	01	36.74514	-5.51048	2242
11012	5	Cádiz		11	Cádiz	01	36.50088	-6.26843	109950
11013	1	Castellar de la Frontera		11	Cádiz	01	36.31674	-5.45521	2984
11014	6	Conil de la Frontera		11	Cádiz	01	36.28257	-6.08746	24102
11015	9	Chiclana de la Frontera		11	Cádiz	01	36.40149	-6.12788	90864
11016	2	Chipiona		11	Cádiz	01	36.73494	-6.42536	20076
11017	8	Espera		11	Cádiz	01	36.87267	-5.79435	3755
11018	4	El Gastor	Gastor, El	11	Cádiz	01	36.84311	-5.35137	1675
11019	7	Grazalema		11	Cádiz	01	36.76869	-5.39333	1977
11020	1	Jerez de la Frontera		11	Cádiz	01	36.69687	-6.13277	213634
11021	8	Jimena de la Frontera		11	Cádiz	01	36.42221	-5.43205	6719
11022	3	La Línea de la Concepción	Línea de la Concepción, La	11	Cádiz	01	36.18299	-5.34670	64499
11023	9	Medina Sidonia		11	Cádiz	01	36.39688	-5.86750	11838
11024	4	Olvera		11	Cádiz	01	36.95088	-5.28169	7842
11025	7	Paterna de Rivera		11	Cádiz	01	36.52109	-5.84944	5539
11026	0	Prado del Rey		11	Cádiz	01	36.79867	-5.55067	5692
11027	6	El Puerto de Santa María	Puerto de Santa María, El	11	Cádiz	01	36.61260	-6.22965	89983
11028	2	Puerto Real		11	Cádiz	01	36.53221	-6.14715	42527
11029	5	Puerto Serrano		11	Cádiz	01	36.97300	-5.46883	6877
11030	9	Rota		11	Cádiz	01	36.65061	-6.35153	29289
11031	6	San Fernando		11	Cádiz	01	36.44207	-6.20610	93338
11032	1	Sanlúcar de Barrameda		11	Cádiz	01	36.79244	-6.31457	70012
11033	7	San Roque		11	Cádiz	01	36.25319	-5.32916	34310
11034	2	Setenil de las Bodegas		11	Cádiz	01	36.88060	-5.17332	2634
11035	5	Tarifa		11	Cádiz	01	36.08186	-5.66621	18613
11036	8	Torre Alháquime		11	Cádiz	01	36.91158	-5.23210	781
11037	4	Trebujena		11	Cádiz	01	36.87248	-6.21647	6999
11038	0	Ubrique		11	Cádiz	01	36.66530	-5.46784	16615
11039	3	Vejer de la Frontera		11	Cádiz	01	36.26988	-5.97299	13131
11040	7	Villaluenga del Rosario		11	Cádiz	01	36.69085	-5.36573	463
11041	4	Villamartín		11	Cádiz	01	36.85139	-5.59450	12184
11042	9	Zahara		11	Cádiz	01	36.83795	-5.44117	1344
11901	3	Benalup-Casas Viejas		11	Cádiz	01	36.32392	-5.76898	7236
11902	8	San José del Valle		11	Cádiz	01	36.60845	-5.69443	4419
11903	4	San Martín del Tesorillo		11	Cádiz	01	36.34890	-5.31970	2735
12001	7	Atzeneta del Maestrat		12	Castellón	10	40.23446	-0.15227	1284
12002	2	Aín		12	Castellón	10	39.89216	-0.34336	133
12003	8	Albocàsser		12	Castellón	10	40.39540	0.03150	1370
12004	3	Alcalà de Xivert		12	Castellón	10	40.25798	0.26891	7349
12005	6	L'Alcora	Alcora, l'	12	Castellón	10	40.06202	-0.21600	10664
12006	9	Alcudia de Veo		12	Castellón	10	39.92370	-0.34817	200
12007	5	Alfondeguilla		12	Castellón	10	39.83413	-0.27381	881
12008	1	Algimia de Almonacid		12	Castellón	10	39.91573	-0.41970	254
12009	4	Almassora		12	Castellón	10	39.95327	-0.07116	29159
12010	8	Almedíjar		12	Castellón	10	39.87003	-0.40093	288
12011	5	Almenara		12	Castellón	10	39.74993	-0.22771	6813
12012	0	Altura		12	Castellón	10	39.82945	-0.56118	3849
12013	6	Arañuel		12	Castellón	10	40.08643	-0.48406	148
12014	1	Ares del Maestrat		12	Castellón	10	40.43593	-0.09252	181
12015	4	Argelita		12	Castellón	10	40.07120	-0.33577	139
12016	7	Artana		12	Castellón	10	39.89985	-0.24607	1993
12017	3	Ayódar		12	Castellón	10	39.98795	-0.38458	176
12018	9	Azuébar		12	Castellón	10	39.84984	-0.36022	359
12020	6	Barracas		12	Castellón	10	39.98375	-0.68607	188
12021	3	Betxí		12	Castellón	10	39.92152	-0.19592	5659
12022	8	Bejís		12	Castellón	10	39.89833	-0.73632	400
12024	9	Benafer		12	Castellón	10	39.97104	-0.60319	168
12025	2	Benafigos		12	Castellón	10	40.28190	-0.18090	121
12026	5	Benassal		12	Castellón	10	40.38017	-0.18680	1048
12027	1	Benicarló		12	Castellón	10	40.44857	0.41320	30296
12028	7	Benicàssim	Benicasim;Benicàssim/Benicasim;Benicàssim / Benicasim	12	Castellón	10	40.05280	0.06334	20539
12029	0	Benlloc		12	Castellón	10	40.20778	0.05762	1143
12031	1	Borriol		12	Castellón	10	40.04168	-0.08452	6018
12032	6	Borriana	Burriana;Borriana/Burriana;Borriana / Burriana	12	Castellón	10	39.88960	-0.07542	37915
12033	2	Cabanes		12	Castellón	10	40.14574	0.12480	3475
12034	7	Càlig		12	Castellón	10	40.46243	0.35482	2042
12036	3	Canet lo Roig		12	Castellón	10	40.56159	0.23355	715
12037	9	Castell de Cabres		12	Castellón	10	40.67370	0.02894	21
12038	5	Castellfort		12	Castellón	10	40.51925	-0.20581	178
12039	8	Castellnovo		12	Castellón	10	39.84933	-0.45286	912
12040	2	Castelló de la Plana	Castellón de la Plana;Castelló de la Plana/Castellón de la Plana;Castelló de la Plana / Castellón de la Plana;Castellón;Castelló	12	Castellón	10	39.99290	-0.05768	183711
12041	9	Castillo de Villamalefa		12	Castellón	10	40.15558	-0.36832	110
12042	4	Catí		12	Castellón	10	40.47144	0.02309	719
12043	0	Caudiel		12	Castellón	10	39.99483	-0.59233	735
12044	5	Cervera del Maestre		12	Castellón	10	40.43169	0.28503	617
12045	8	Cinctorres		12	Castellón	10	40.57459	-0.21796	433
12046	1	Cirat		12	Castellón	10	40.05167	-0.45596	220
12048	3	Cortes de Arenoso		12	Castellón	10	40.16015	-0.53321	308
12049	6	Costur		12	Castellón	10	40.12989	-0.15656	511
12050	9	Les Coves de Vinromà	Coves de Vinromà, les	12	Castellón	10	40.31747	0.09511	1888
12051	6	Culla		12	Castellón	10	40.30611	-0.13489	503
12052	1	Xert		12	Castellón	10	40.51983	0.15819	702
12053	7	Chilches	Xilxes;Chilches/Xilxes;Chilches / Xilxes	12	Castellón	10	39.77648	-0.17306	3199
12055	5	Xodos	Chodos;Xodos/Chodos;Xodos / Chodos	12	Castellón	10	40.24427	-0.31047	107
12056	8	Chóvar		12	Castellón	10	39.85239	-0.32898	316
12057	4	Eslida		12	Castellón	10	39.88457	-0.30928	815
12058	0	Espadilla		12	Castellón	10	40.02647	-0.36155	101
12059	3	Fanzara		12	Castellón	10	40.01512	-0.31311	295
12060	7	Figueroles		12	Castellón	10	40.13177	-0.21337	525
12061	4	Forcall		12	Castellón	10	40.65993	-0.20992	475
12063	5	Fuente la Reina		12	Castellón	10	40.06101	-0.60842	55
12064	0	Fuentes de Ayódar		12	Castellón	10	40.01935	-0.42518	98
12065	3	Gaibiel		12	Castellón	10	39.93342	-0.50659	200
12067	2	Geldo		12	Castellón	10	39.83756	-0.46495	665
12068	8	Herbers		12	Castellón	10	40.71354	-0.01960	68
12069	1	Higueras		12	Castellón	10	39.98814	-0.50167	54
12070	5	La Jana	Jana, la	12	Castellón	10	40.50485	0.23052	679
12071	2	Jérica		12	Castellón	10	39.89985	-0.58597	1764
12072	7	Llucena	Lucena del Cid;Llucena/Lucena del Cid;Llucena / Lucena del Cid	12	Castellón	10	40.13745	-0.29441	1421
12073	3	Ludiente		12	Castellón	10	40.09805	-0.37270	162
12074	8	La Llosa	Llosa, la	12	Castellón	10	39.76219	-0.19406	1033
12075	1	La Mata de Morella	Mata de Morella, la	12	Castellón	10	40.61151	-0.27231	196
12076	4	Matet		12	Castellón	10	39.94797	-0.45762	94
12077	0	Moncofa		12	Castellón	10	39.79759	-0.14863	8339
12078	6	Montán		12	Castellón	10	40.03350	-0.55273	429
12079	9	Montanejos		12	Castellón	10	40.07040	-0.52861	649
12080	3	Morella		12	Castellón	10	40.58187	-0.07762	2501
12081	0	Navajas		12	Castellón	10	39.88281	-0.49985	906
12082	5	Nules		12	Castellón	10	39.85818	-0.16891	14315
12083	1	Olocau del Rey		12	Castellón	10	40.64106	-0.34144	135
12084	6	Onda		12	Castellón	10	39.99149	-0.22714	26190
12085	9	Orpesa	Oropesa del Mar;Orpesa/Oropesa del Mar;Orpesa / Oropesa del Mar	12	Castellón	10	40.08254	0.12788	12640
12087	8	Palanques		12	Castellón	10	40.71328	-0.18356	34
12088	4	Pavías		12	Castellón	10	39.97050	-0.47466	72
12089	7	Peníscola	Peñíscola;Peníscola/Peñíscola;Peníscola / Peñíscola	12	Castellón	10	40.33590	0.36126	8774
12090	1	Pina de Montalgrao		12	Castellón	10	40.02940	-0.66030	121
12091	8	Portell de Morella		12	Castellón	10	40.52972	-0.26252	155
12092	3	Puebla de Arenoso		12	Castellón	10	40.10569	-0.57173	169
12093	9	La Pobla de Benifassà	Pobla de Benifassà, la	12	Castellón	10	40.69089	0.19528	229
12094	4	La Pobla Tornesa	Pobla Tornesa, la	12	Castellón	10	40.10760	-0.01259	1322
12095	7	Ribesalbes		12	Castellón	10	40.02450	-0.26996	1191
12096	0	Rossell		12	Castellón	10	40.61959	0.23146	910
12097	6	Sacañet		12	Castellón	10	39.84665	-0.73009	67
12098	2	La Salzadella	Salzadella, la	12	Castellón	10	40.42919	0.12954	671
12099	5	Sant Jordi	San Jorge;Sant Jordi/San Jorge;Sant Jordi / San Jorge	12	Castellón	10	40.53303	0.36281	1554
12100	9	Sant Mateu		12	Castellón	10	40.47961	0.15583	2021
12101	6	San Rafael del Río		12	Castellón	10	40.59350	0.33932	532
12102	1	Santa Magdalena de Pulpis		12	Castellón	10	40.38276	0.27968	771
12103	7	La Serratella	Serratella, la	12	Castellón	10	40.30324	0.02209	113
12104	2	Segorbe		12	Castellón	10	39.81381	-0.45211	9805
12105	5	Sierra Engarcerán		12	Castellón	10	40.27379	-0.02213	1039
12106	8	Soneja		12	Castellón	10	39.82466	-0.38412	1521
12107	4	Sot de Ferrer		12	Castellón	10	39.79427	-0.40299	492
12108	0	Suera	Sueras;Suera/Sueras;Suera / Sueras	12	Castellón	10	39.95197	-0.35996	593
12109	3	Tales		12	Castellón	10	39.94444	-0.29853	827
12110	7	Teresa		12	Castellón	10	39.87833	-0.67850	254
12111	4	Tírig		12	Castellón	10	40.43355	0.07058	417
12112	9	Todolella		12	Castellón	10	40.64643	-0.26372	136
12113	5	Toga		12	Castellón	10	40.05173	-0.37275	106
12114	0	Torás		12	Castellón	10	39.93290	-0.69608	271
12115	3	El Toro	Toro, El	12	Castellón	10	39.96519	-0.77385	256
12116	6	Torralba del Pinar		12	Castellón	10	39.99791	-0.45164	57
12117	2	Torreblanca		12	Castellón	10	40.20327	0.21790	5744
12118	8	Torrechiva		12	Castellón	10	40.05210	-0.40093	106
12119	1	La Torre d'en Besora	Torre d'en Besora, la	12	Castellón	10	40.33456	-0.07342	164
12120	5	La Torre d'en Doménec	Torre d'en Doménec, la	12	Castellón	10	40.26906	0.07231	177
12121	2	Traiguera		12	Castellón	10	40.54905	0.31818	1302
12122	7	Les Useres	Useras;Useres, les/Useras;Useres, les;Les Useres/Useras;Les Useres / Useras	12	Castellón	10	40.18188	-0.13581	954
12123	3	Vallat		12	Castellón	10	40.03620	-0.33666	66
12124	8	Vall d'Alba		12	Castellón	10	40.18031	-0.03223	3218
12125	1	Vall de Almonacid		12	Castellón	10	39.90000	-0.45488	284
12126	4	La Vall d'Uixó	Vall d'Uixó, la	12	Castellón	10	39.82357	-0.24727	32242
12127	0	Vallibona		12	Castellón	10	40.60370	0.07652	63
12128	6	Vilafamés		12	Castellón	10	40.11417	-0.08312	1962
12129	9	Vilafranca	Villafranca del Cid;Vilafranca/Villafranca del Cid;Vilafranca / Villafranca del Cid	12	Castellón	10	40.43085	-0.26507	2115
12130	3	Villahermosa del Río		12	Castellón	10	40.19614	-0.41687	473
12131	0	Villamalur		12	Castellón	10	39.96115	-0.40305	99
12132	5	Vilanova d'Alcolea		12	Castellón	10	40.25187	0.09398	584
12133	1	Villanueva de Viver		12	Castellón	10	40.06427	-0.63138	94
12134	6	Vilar de Canes		12	Castellón	10	40.34904	-0.06865	156
12135	9	Vila-real		12	Castellón	10	39.93009	-0.12760	53623
12136	2	La Vilavella	Vilavella, la	12	Castellón	10	39.86341	-0.19083	3054
12137	8	Villores		12	Castellón	10	40.68034	-0.20678	51
12138	4	Vinaròs		12	Castellón	10	40.49881	0.45673	30529
12139	7	Vistabella del Maestrat		12	Castellón	10	40.32293	-0.30081	354
12140	1	Viver		12	Castellón	10	39.93591	-0.63280	1729
12141	8	Zorita del Maestrazgo		12	Castellón	10	40.74047	-0.17381	118
12142	3	Zucaina		12	Castellón	10	40.13420	-0.43358	171
12901	8	Les Alqueries	Alquerías del Niño Perdido;Alqueries, les/Alquerías del Niño Perdido;Alqueries, les;Les Alqueries/Alquerías del Niño Perdido;Les Alqueries / Alquerías del Niño Perdido	12	Castellón	10	39.89460	-0.12954	4605
12902	3	Sant Joan de Moró		12	Castellón	10	40.07787	-0.11986	3695
13001	3	Abenójar		13	Ciudad Real	08	38.86892	-4.43700	1309
13002	8	Agudo		13	Ciudad Real	08	39.02143	-4.80986	1605
13003	4	Alamillo		13	Ciudad Real	08	38.68762	-4.80388	450
13004	9	Albaladejo		13	Ciudad Real	08	38.61297	-2.78961	984
13005	2	Alcázar de San Juan		13	Ciudad Real	08	39.27877	-3.26386	31914
13006	5	Alcoba		13	Ciudad Real	08	39.30494	-4.40732	558
13007	1	Alcolea de Calatrava		13	Ciudad Real	08	38.97402	-4.10811	1360
13008	7	Alcubillas		13	Ciudad Real	08	38.75791	-3.14126	417
13009	0	Aldea del Rey		13	Ciudad Real	08	38.71930	-3.86676	1565
13010	4	Alhambra		13	Ciudad Real	08	38.94243	-3.03357	946
13011	1	Almadén		13	Ciudad Real	08	38.79453	-4.74544	4855
13012	6	Almadenejos		13	Ciudad Real	08	38.77446	-4.66210	384
13013	2	Almagro		13	Ciudad Real	08	38.89279	-3.73602	9190
13014	7	Almedina		13	Ciudad Real	08	38.62457	-2.96272	475
13015	0	Almodóvar del Campo		13	Ciudad Real	08	38.65024	-4.47323	5637
13016	3	Almuradiel		13	Ciudad Real	08	38.47014	-3.48403	744
13017	9	Anchuras		13	Ciudad Real	08	39.42169	-4.82963	267
13018	5	Arenas de San Juan		13	Ciudad Real	08	39.20298	-3.50784	1013
13019	8	Argamasilla de Alba		13	Ciudad Real	08	39.03599	-2.99163	6777
13020	2	Argamasilla de Calatrava		13	Ciudad Real	08	38.73840	-4.01496	5847
13021	9	Arroba de los Montes		13	Ciudad Real	08	39.17000	-4.57538	388
13022	4	Ballesteros de Calatrava		13	Ciudad Real	08	38.83186	-3.93980	363
13023	0	Bolaños de Calatrava		13	Ciudad Real	08	38.90959	-3.62266	12153
13024	5	Brazatortas		13	Ciudad Real	08	38.57518	-4.36121	1007
13025	8	Cabezarados		13	Ciudad Real	08	38.85138	-4.31303	279
13026	1	Cabezarrubias del Puerto		13	Ciudad Real	08	38.54872	-4.26196	483
13027	7	Calzada de Calatrava		13	Ciudad Real	08	38.60673	-3.78039	3668
13028	3	Campo de Criptana		13	Ciudad Real	08	39.41445	-3.12355	12868
13029	6	Cañada de Calatrava		13	Ciudad Real	08	38.84375	-4.01369	99
13030	0	Caracuel de Calatrava		13	Ciudad Real	08	38.83015	-4.05458	140
13031	7	Carrión de Calatrava		13	Ciudad Real	08	39.05978	-3.83144	3239
13032	2	Carrizosa		13	Ciudad Real	08	38.84157	-2.99288	1097
13033	8	Castellar de Santiago		13	Ciudad Real	08	38.51572	-3.29170	1714
13034	3	Ciudad Real		13	Ciudad Real	08	38.95542	-3.98099	76217
13035	6	Corral de Calatrava		13	Ciudad Real	08	38.87723	-4.12599	1154
13036	9	Los Cortijos	Cortijos, Los	13	Ciudad Real	08	39.31128	-4.03454	848
13037	5	Cózar		13	Ciudad Real	08	38.66664	-3.07656	903
13038	1	Chillón		13	Ciudad Real	08	38.80686	-4.86471	1752
13039	4	Daimiel		13	Ciudad Real	08	39.07264	-3.61347	17722
13040	8	Fernán Caballero		13	Ciudad Real	08	39.12166	-3.94773	965
13041	5	Fontanarejo		13	Ciudad Real	08	39.19734	-4.55444	223
13042	0	Fuencaliente		13	Ciudad Real	08	38.40518	-4.29497	1007
13043	6	Fuenllana		13	Ciudad Real	08	38.76016	-2.97073	189
13044	1	Fuente el Fresno		13	Ciudad Real	08	39.25044	-3.85437	3011
13045	4	Granátula de Calatrava		13	Ciudad Real	08	38.75958	-3.69560	683
13046	7	Guadalmez		13	Ciudad Real	08	38.72518	-4.95583	709
13047	3	Herencia		13	Ciudad Real	08	39.28311	-3.41451	8661
13048	9	Hinojosas de Calatrava		13	Ciudad Real	08	38.55710	-4.17018	506
13049	2	Horcajo de los Montes		13	Ciudad Real	08	39.36275	-4.61086	798
13050	5	Las Labores	Labores, Las	13	Ciudad Real	08	39.16598	-3.47360	550
13051	2	Luciana		13	Ciudad Real	08	38.98755	-4.37458	350
13052	7	Malagón		13	Ciudad Real	08	39.21392	-4.00053	7827
13053	3	Manzanares		13	Ciudad Real	08	39.01722	-3.36794	17728
13054	8	Membrilla		13	Ciudad Real	08	38.90309	-3.32848	5793
13055	1	Mestanza		13	Ciudad Real	08	38.49949	-3.98126	634
13056	4	Miguelturra		13	Ciudad Real	08	39.08441	-3.96006	15924
13057	0	Montiel		13	Ciudad Real	08	38.65790	-2.90927	1167
13058	6	Moral de Calatrava		13	Ciudad Real	08	38.79193	-3.57857	5184
13059	9	Navalpino		13	Ciudad Real	08	39.25153	-4.61591	193
13060	3	Navas de Estena		13	Ciudad Real	08	39.47369	-4.53312	269
13061	0	Pedro Muñoz		13	Ciudad Real	08	39.40406	-2.92229	7585
13062	5	Picón		13	Ciudad Real	08	39.05428	-4.07171	690
13063	1	Piedrabuena		13	Ciudad Real	08	39.09583	-4.27190	4305
13064	6	Poblete		13	Ciudad Real	08	38.93020	-4.00600	2998
13065	9	Porzuna		13	Ciudad Real	08	39.19140	-4.22107	3529
13066	2	Pozuelo de Calatrava		13	Ciudad Real	08	38.88515	-3.84819	4055
13067	8	Los Pozuelos de Calatrava	Pozuelos de Calatrava, Los	13	Ciudad Real	08	38.92265	-4.18952	326
13068	4	Puebla de Don Rodrigo		13	Ciudad Real	08	39.09181	-4.66559	1148
13069	7	Puebla del Príncipe		13	Ciudad Real	08	38.55849	-2.91770	648
13070	1	Puerto Lápice		13	Ciudad Real	08	39.27813	-3.47991	824
13071	8	Puertollano		13	Ciudad Real	08	38.63995	-4.09159	45565
13072	3	Retuerta del Bullaque		13	Ciudad Real	08	39.44822	-4.22679	854
13073	9	Saceruela		13	Ciudad Real	08	38.95164	-4.60980	520
13074	4	San Carlos del Valle		13	Ciudad Real	08	38.85356	-3.24044	1055
13075	7	San Lorenzo de Calatrava		13	Ciudad Real	08	38.47283	-3.84235	189
13076	0	Santa Cruz de los Cáñamos		13	Ciudad Real	08	38.63683	-2.87599	463
13077	6	Santa Cruz de Mudela		13	Ciudad Real	08	38.63134	-3.49042	3881
13078	2	Socuéllamos		13	Ciudad Real	08	39.27038	-2.83447	12172
13079	5	La Solana	Solana, La	13	Ciudad Real	08	38.92169	-3.19386	15242
13080	9	Solana del Pino		13	Ciudad Real	08	38.46864	-4.08211	333
13081	6	Terrinches		13	Ciudad Real	08	38.57819	-2.84179	574
13082	1	Tomelloso		13	Ciudad Real	08	39.22478	-2.98015	37060
13083	7	Torralba de Calatrava		13	Ciudad Real	08	39.06791	-3.77961	3068
13084	2	Torre de Juan Abad		13	Ciudad Real	08	38.58034	-3.24846	928
13085	5	Torrenueva		13	Ciudad Real	08	38.63488	-3.36533	2645
13086	8	Valdemanco del Esteras		13	Ciudad Real	08	38.96433	-4.74204	157
13087	4	Valdepeñas		13	Ciudad Real	08	38.76667	-3.38333	30782
13088	0	Valenzuela de Calatrava		13	Ciudad Real	08	38.83057	-3.78774	638
13089	3	Villahermosa		13	Ciudad Real	08	38.81877	-2.82658	1712
13090	7	Villamanrique		13	Ciudad Real	08	38.50282	-3.02579	1050
13091	4	Villamayor de Calatrava		13	Ciudad Real	08	38.80183	-4.21008	611
13092	9	Villanueva de la Fuente		13	Ciudad Real	08	38.69485	-2.71589	1831
13093	5	Villanueva de los Infantes		13	Ciudad Real	08	38.70860	-3.03332	4733
13094	0	Villanueva de San Carlos		13	Ciudad Real	08	38.59534	-3.87956	261
13095	3	Villar del Pozo		13	Ciudad Real	08	38.85397	-3.97235	45
13096	6	Villarrubia de los Ojos		13	Ciudad Real	08	39.20350	-3.64050	9512
13097	2	Villarta de San Juan		13	Ciudad Real	08	39.20986	-3.43060	2681
13098	8	Viso del Marqués		13	Ciudad Real	08	38.50030	-3.53837	2091
13901	4	El Robledo	Robledo, El	13	Ciudad Real	08	39.20598	-4.28938	1078
13902	9	Ruidera		13	Ciudad Real	08	38.99387	-2.92190	529
13903	5	Arenales de San Gregorio		13	Ciudad Real	08	39.30716	-3.04084	626
13904	0	Llanos del Caudillo		13	Ciudad Real	08	39.11903	-3.34258	651
14001	8	Adamuz		14	Córdoba	01	38.03511	-4.52740	4100
14002	3	Aguilar de la Frontera		14	Córdoba	01	37.50346	-4.66026	13130
14003	9	Alcaracejos		14	Córdoba	01	38.38204	-4.97131	1512
14004	4	Almedinilla		14	Córdoba	01	37.44515	-4.06024	2302
14005	7	Almodóvar del Río		14	Córdoba	01	37.83360	-5.01670	8040
14006	0	Añora		14	Córdoba	01	38.41110	-4.90128	1487
14007	6	Baena		14	Córdoba	01	37.65637	-4.33456	18386
14008	2	Belalcázar		14	Córdoba	01	38.58038	-5.15327	3093
14009	5	Belmez		14	Córdoba	01	38.27048	-5.20485	2833
14010	9	Benamejí		14	Córdoba	01	37.24118	-4.54876	4895
14011	6	Los Blázquez	Blázquez, Los	14	Córdoba	01	38.40572	-5.44029	619
14012	1	Bujalance		14	Córdoba	01	37.89707	-4.37737	7065
14013	7	Cabra		14	Córdoba	01	37.49292	-4.45586	19995
14014	2	Cañete de las Torres		14	Córdoba	01	37.85801	-4.33036	2766
14015	5	Carcabuey		14	Córdoba	01	37.44083	-4.29916	2302
14016	8	Cardeña		14	Córdoba	01	38.27128	-4.36118	1387
14017	4	La Carlota	Carlota, La	14	Córdoba	01	37.67682	-4.92924	14503
14018	0	El Carpio	Carpio, El	14	Córdoba	01	37.94567	-4.49432	4327
14019	3	Castro del Río		14	Córdoba	01	37.68494	-4.49786	7597
14020	7	Conquista		14	Córdoba	01	38.40609	-4.48579	367
14021	4	Córdoba		14	Córdoba	01	37.90448	-4.77768	323262
14022	9	Doña Mencía		14	Córdoba	01	37.55777	-4.36940	4465
14023	5	Dos Torres		14	Córdoba	01	38.44821	-4.88892	2340
14024	0	Encinas Reales		14	Córdoba	01	37.27939	-4.47018	2208
14025	3	Espejo		14	Córdoba	01	37.67341	-4.54914	3175
14026	6	Espiel		14	Córdoba	01	38.18909	-5.01732	2326
14027	2	Fernán-Núñez		14	Córdoba	01	37.68836	-4.72468	9670
14028	8	Fuente la Lancha		14	Córdoba	01	38.42097	-5.04403	330
14029	1	Fuente Obejuna		14	Córdoba	01	38.26232	-5.45186	4309
14030	5	Fuente Palmera		14	Córdoba	01	37.70333	-5.08316	9883
14031	2	Fuente-Tójar		14	Córdoba	01	37.52272	-4.12203	666
14032	7	La Granjuela	Granjuela, La	14	Córdoba	01	38.36135	-5.33934	412
14033	3	Guadalcázar		14	Córdoba	01	37.75552	-4.94865	1589
14034	8	El Guijo	Guijo, El	14	Córdoba	01	38.49821	-4.77562	342
14035	1	Hinojosa del Duque		14	Córdoba	01	38.49283	-5.13748	6534
14036	4	Hornachuelos		14	Córdoba	01	37.93909	-5.32992	4383
14037	0	Iznájar		14	Córdoba	01	37.27941	-4.31612	3676
14038	6	Lucena		14	Córdoba	01	37.40207	-4.48689	43408
14039	9	Luque		14	Córdoba	01	37.55982	-4.27025	2796
14040	3	Montalbán de Córdoba		14	Córdoba	01	37.57669	-4.75296	4401
14041	0	Montemayor		14	Córdoba	01	37.64903	-4.69254	3859
14042	5	Montilla		14	Córdoba	01	37.56608	-4.64083	22305
14043	1	Montoro		14	Córdoba	01	38.12623	-4.35262	9004
14044	6	Monturque		14	Córdoba	01	37.48409	-4.57981	1929
14045	9	Moriles		14	Córdoba	01	37.43071	-4.61048	3667
14046	2	Nueva Carteya		14	Córdoba	01	37.58921	-4.45908	5235
14047	8	Obejo		14	Córdoba	01	38.13024	-4.79691	2101
14048	4	Palenciana		14	Córdoba	01	37.25341	-4.58882	1431
14049	7	Palma del Río		14	Córdoba	01	37.66448	-5.32187	20438
14050	0	Pedro Abad		14	Córdoba	01	37.97477	-4.46728	2794
14051	7	Pedroche		14	Córdoba	01	38.41779	-4.74365	1441
14052	2	Peñarroya-Pueblonuevo		14	Córdoba	01	38.30976	-5.23680	10244
14053	8	Posadas		14	Córdoba	01	37.82361	-5.11913	7273
14054	3	Pozoblanco		14	Córdoba	01	38.37235	-4.84840	16931
14055	6	Priego de Córdoba		14	Córdoba	01	37.47825	-4.16465	21764
14056	9	Puente Genil		14	Córdoba	01	37.40599	-4.75737	29963
14057	5	La Rambla	Rambla, La	14	Córdoba	01	37.61151	-4.74747	7412
14058	1	Rute		14	Córdoba	01	37.33328	-4.35506	9824
14059	4	San Sebastián de los Ballesteros		14	Córdoba	01	37.65828	-4.83124	865
14060	8	Santaella		14	Córdoba	01	37.55982	-4.84978	4641
14061	5	Santa Eufemia		14	Córdoba	01	38.60587	-4.88174	685
14062	0	Torrecampo		14	Córdoba	01	38.46893	-4.64566	992
14063	6	Valenzuela		14	Córdoba	01	37.77077	-4.24015	1030
14064	1	Valsequillo		14	Córdoba	01	38.47659	-5.38039	351
14065	4	La Victoria	Victoria, La	14	Córdoba	01	37.68566	-4.85516	2320
14066	7	Villa del Río		14	Córdoba	01	37.97953	-4.29383	6852
14067	3	Villafranca de Córdoba		14	Córdoba	01	37.96088	-4.55704	4895
14068	9	Villaharta		14	Córdoba	01	38.13760	-4.89874	630
14069	2	Villanueva de Córdoba		14	Córdoba	01	38.31742	-4.63280	8328
14070	6	Villanueva del Duque		14	Córdoba	01	38.38136	-5.00050	1409
14071	3	Villanueva del Rey		14	Córdoba	01	38.19286	-5.15533	1031
14072	8	Villaralto		14	Córdoba	01	38.45833	-4.98308	1059
14073	4	Villaviciosa de Córdoba		14	Córdoba	01	38.07404	-5.01526	3043
14074	9	El Viso	Viso, El	14	Córdoba	01	38.48961	-4.96033	2499
14075	2	Zuheros		14	Córdoba	01	37.54021	-4.33131	596
14901	9	Fuente Carreteros		14	Córdoba	01	37.66968	-5.15595	1073
14902	4	La Guijarrosa	Guijarrosa, La	14	Córdoba	01	37.63470	-4.85500	1358
15001	1	Abegondo		15	A Coruña	12	43.21849	-8.28901	5631
15002	6	Ames		15	A Coruña	12	42.88418	-8.64033	33276
15003	2	Aranga		15	A Coruña	12	43.21074	-8.02789	1793
15004	7	Ares		15	A Coruña	12	43.43360	-8.25708	6275
15005	0	Arteixo		15	A Coruña	12	43.29868	-8.50872	34403
15006	3	Arzúa		15	A Coruña	12	42.92935	-8.17555	5916
15007	9	A Baña	Baña, A	15	A Coruña	12	42.96214	-8.75159	3239
15008	5	Bergondo		15	A Coruña	12	43.32311	-8.23376	7135
15009	8	Betanzos		15	A Coruña	12	43.27478	-8.22956	13533
15010	2	Boimorto		15	A Coruña	12	43.02247	-8.13831	1803
15011	9	Boiro		15	A Coruña	12	42.65195	-8.87826	18967
15012	4	Boqueixón		15	A Coruña	12	42.81459	-8.40662	4219
15013	0	Brión		15	A Coruña	12	42.85179	-8.71734	8192
15014	5	Cabana de Bergantiños		15	A Coruña	12	43.21519	-8.94287	4067
15015	8	Cabanas		15	A Coruña	12	43.42931	-8.13401	3287
15016	1	Camariñas		15	A Coruña	12	43.16864	-9.15943	5075
15017	7	Cambre		15	A Coruña	12	43.29285	-8.34137	24765
15018	3	A Capela	Capela, A	15	A Coruña	12	43.43614	-8.04430	1165
15019	6	Carballo		15	A Coruña	12	43.21677	-8.69190	32120
15020	0	Carnota		15	A Coruña	12	42.84718	-9.12952	3780
15021	7	Carral		15	A Coruña	12	43.21203	-8.36006	6840
15022	2	Cedeira		15	A Coruña	12	43.67971	-8.02088	6547
15023	8	Cee		15	A Coruña	12	42.95570	-9.18985	7731
15024	3	Cerceda		15	A Coruña	12	43.16446	-8.48216	5116
15025	6	Cerdido		15	A Coruña	12	43.61459	-7.95411	1006
15027	5	Coirós		15	A Coruña	12	43.25412	-8.15188	1945
15028	1	Corcubión		15	A Coruña	12	42.92780	-9.19733	1659
15029	4	Coristanco		15	A Coruña	12	43.17198	-8.77021	5710
15030	8	A Coruña	Coruña, A;La Coruña;Coruña	15	A Coruña	12	43.37126	-8.41880	251543
15031	5	Culleredo		15	A Coruña	12	43.27671	-8.37739	31254
15032	0	Curtis		15	A Coruña	12	43.14763	-8.04912	4242
15033	6	Dodro		15	A Coruña	12	42.72498	-8.70354	2589
15034	1	Dumbría		15	A Coruña	12	43.00816	-9.11591	2716
15035	4	Fene		15	A Coruña	12	43.46561	-8.15758	12467
15036	7	Ferrol		15	A Coruña	12	43.50337	-8.22773	64367
15037	3	Fisterra		15	A Coruña	12	42.92240	-9.26653	4666
15038	9	Frades		15	A Coruña	12	43.04238	-8.28332	2117
15039	2	Irixoa		15	A Coruña	12	43.29426	-8.07858	1343
15040	6	Laxe		15	A Coruña	12	43.20924	-9.01299	2883
15041	3	A Laracha	Laracha, A	15	A Coruña	12	43.25961	-8.57353	11781
15042	8	Lousame		15	A Coruña	12	42.76863	-8.82996	3056
15043	4	Malpica de Bergantiños		15	A Coruña	12	43.31494	-8.82271	5232
15044	9	Mañón		15	A Coruña	12	43.65252	-7.73414	1218
15045	2	Mazaricos		15	A Coruña	12	42.94283	-8.98567	3721
15046	5	Melide		15	A Coruña	12	42.93430	-8.04352	7817
15047	1	Mesía		15	A Coruña	12	43.08964	-8.24478	2367
15048	7	Miño		15	A Coruña	12	43.35152	-8.17670	7108
15049	0	Moeche		15	A Coruña	12	43.56653	-7.96915	1194
15050	3	Monfero		15	A Coruña	12	43.35397	-8.03234	1816
15051	0	Mugardos		15	A Coruña	12	43.45641	-8.24661	5203
15052	5	Muxía		15	A Coruña	12	43.06753	-9.22221	4326
15053	1	Muros		15	A Coruña	12	42.77537	-9.05934	8173
15054	6	Narón		15	A Coruña	12	43.53334	-8.20062	39953
15055	9	Neda		15	A Coruña	12	43.50054	-8.13624	4925
15056	2	Negreira		15	A Coruña	12	42.91095	-8.80510	6969
15057	8	Noia		15	A Coruña	12	42.78369	-8.88725	14123
15058	4	Oleiros		15	A Coruña	12	43.37259	-8.33733	38793
15059	7	Ordes		15	A Coruña	12	43.08797	-8.39737	12990
15060	1	Oroso		15	A Coruña	12	43.00214	-8.37977	7776
15061	8	Ortigueira		15	A Coruña	12	43.67289	-7.83919	5384
15062	3	Outes		15	A Coruña	12	42.83692	-8.91310	5998
15064	4	Paderne		15	A Coruña	12	43.29199	-8.15721	2450
15065	7	Padrón		15	A Coruña	12	42.76126	-8.63130	8334
15066	0	O Pino	Pino, O	15	A Coruña	12	42.95829	-8.30272	4589
15067	6	A Pobra do Caramiñal	Pobra do Caramiñal, A	15	A Coruña	12	42.60295	-8.93875	9126
15068	2	Ponteceso		15	A Coruña	12	43.26679	-8.91549	5268
15069	5	Pontedeume		15	A Coruña	12	43.40114	-8.17675	7431
15070	9	As Pontes de García Rodríguez	Pontes de García Rodríguez, As	15	A Coruña	12	43.48308	-7.84834	9796
15071	6	Porto do Son		15	A Coruña	12	42.69289	-8.99648	9060
15072	1	Rianxo		15	A Coruña	12	42.67148	-8.78443	10758
15073	7	Ribeira		15	A Coruña	12	42.54212	-9.01773	27102
15074	2	Rois		15	A Coruña	12	42.79395	-8.70247	4358
15075	5	Sada		15	A Coruña	12	43.36647	-8.27061	17421
15076	8	San Sadurniño		15	A Coruña	12	43.52450	-8.01565	2738
15077	4	Santa Comba		15	A Coruña	12	43.01980	-8.82493	9442
15078	0	Santiago de Compostela		15	A Coruña	12	42.88024	-8.54736	100965
15079	3	Santiso		15	A Coruña	12	42.86573	-8.07861	1430
15080	7	Sobrado		15	A Coruña	12	43.04693	-8.03357	1830
15081	4	As Somozas	Somozas, As	15	A Coruña	12	43.53265	-7.91086	1042
15082	9	Teo		15	A Coruña	12	42.79337	-8.55973	18968
15083	5	Toques		15	A Coruña	12	42.98333	-7.96667	1056
15084	0	Tordoia		15	A Coruña	12	43.08618	-8.54182	3152
15085	3	Touro		15	A Coruña	12	42.84713	-8.30443	3342
15086	6	Trazo		15	A Coruña	12	42.99603	-8.52539	2986
15087	2	Valdoviño		15	A Coruña	12	43.60936	-8.11152	6818
15088	8	Val do Dubra		15	A Coruña	12	43.01218	-8.65210	3680
15089	1	Vedra		15	A Coruña	12	42.78832	-8.47539	4903
15090	5	Vilasantar		15	A Coruña	12	43.06381	-8.10451	1233
15091	2	Vilarmaior		15	A Coruña	12	43.34878	-8.11832	1242
15092	7	Vimianzo		15	A Coruña	12	43.11382	-9.02354	6768
15093	3	Zas		15	A Coruña	12	43.10308	-8.92642	4199
15901	2	Cariño		15	A Coruña	12	43.73669	-7.88690	3661
15902	7	Oza-Cesuras		15	A Coruña	12	43.21912	-8.18314	5159
16001	4	Abia de la Obispalía		16	Cuenca	08	40.05406	-2.36580	68
16002	9	El Acebrón	Acebrón, El	16	Cuenca	08	39.90816	-2.98075	234
16003	5	Alarcón		16	Cuenca	08	39.50570	-2.07713	173
16004	0	Albaladejo del Cuende		16	Cuenca	08	39.81380	-2.24575	196
16005	3	Albalate de las Nogueras		16	Cuenca	08	40.36758	-2.29145	261
16006	6	Albendea		16	Cuenca	08	40.47229	-2.39655	132
16007	2	La Alberca de Záncara	Alberca de Záncara, La	16	Cuenca	08	39.51299	-2.49836	1504
16008	8	Alcalá de la Vega		16	Cuenca	08	40.02534	-1.52496	80
16009	1	Alcantud		16	Cuenca	08	40.53572	-2.32762	59
16010	5	Alcázar del Rey		16	Cuenca	08	40.05543	-2.80950	171
16011	2	Alcohujate		16	Cuenca	08	40.43676	-2.58967	25
16012	7	Alconchel de la Estrella		16	Cuenca	08	39.72555	-2.59784	75
16013	3	Algarra		16	Cuenca	08	40.02490	-1.44383	25
16014	8	Aliaguilla		16	Cuenca	08	39.75240	-1.31913	594
16015	1	La Almarcha	Almarcha, La	16	Cuenca	08	39.68718	-2.39618	469
16016	4	Almendros		16	Cuenca	08	39.85536	-2.86446	240
16017	0	Almodóvar del Pinar		16	Cuenca	08	39.72774	-1.90992	401
16018	6	Almonacid del Marquesado		16	Cuenca	08	39.81744	-2.77849	412
16019	9	Altarejos		16	Cuenca	08	39.92365	-2.38883	193
16020	3	Arandilla del Arroyo		16	Cuenca	08	40.51143	-2.37256	14
16022	5	Arcos de la Sierra		16	Cuenca	08	40.34518	-2.08132	77
16023	1	Chillarón de Cuenca		16	Cuenca	08	40.12578	-2.22214	907
16024	6	Arguisuelas		16	Cuenca	08	39.81068	-1.82864	127
16025	9	Arrancacepas		16	Cuenca	08	40.30836	-2.34960	14
16026	2	Atalaya del Cañavate		16	Cuenca	08	39.51764	-2.24198	91
16027	8	Barajas de Melo		16	Cuenca	08	40.12344	-2.98592	1011
16029	7	Barchín del Hoyo		16	Cuenca	08	39.68687	-2.02032	104
16030	1	Bascuñana de San Pedro		16	Cuenca	08	40.21186	-2.22314	23
16031	8	Beamud		16	Cuenca	08	40.20827	-1.82231	45
16032	3	Belinchón		16	Cuenca	08	40.05351	-3.03496	453
16033	9	Belmonte		16	Cuenca	08	39.58092	-2.70138	1751
16034	4	Belmontejo		16	Cuenca	08	39.81675	-2.31393	122
16035	7	Beteta		16	Cuenca	08	40.55928	-2.05253	253
16036	0	Boniches		16	Cuenca	08	39.98780	-1.60846	135
16038	2	Buciegas		16	Cuenca	08	40.33929	-2.46815	36
16039	5	Buenache de Alarcón		16	Cuenca	08	39.64031	-2.17028	447
16040	9	Buenache de la Sierra		16	Cuenca	08	40.12533	-1.98891	112
16041	6	Buendía		16	Cuenca	08	40.38695	-2.77051	422
16042	1	Campillo de Altobuey		16	Cuenca	08	39.62892	-1.76907	1312
16043	7	Campillos-Paravientos		16	Cuenca	08	39.96990	-1.54260	112
16044	2	Campillos-Sierra		16	Cuenca	08	40.08941	-1.67851	28
16045	5	Canalejas del Arroyo		16	Cuenca	08	40.40268	-2.46729	153
16046	8	Cañada del Hoyo		16	Cuenca	08	39.98593	-1.89140	221
16047	4	Cañada Juncosa		16	Cuenca	08	39.55714	-2.21747	213
16048	0	Cañamares		16	Cuenca	08	40.44937	-2.24632	457
16049	3	El Cañavate	Cañavate, El	16	Cuenca	08	39.54599	-2.32491	125
16050	6	Cañaveras		16	Cuenca	08	40.36232	-2.39774	230
16051	3	Cañaveruelas		16	Cuenca	08	40.43043	-2.65606	110
16052	8	Cañete		16	Cuenca	08	40.05374	-1.63956	877
16053	4	Cañizares		16	Cuenca	08	40.52833	-2.20184	441
16055	2	Carboneras de Guadazaón		16	Cuenca	08	39.90676	-1.81583	797
16056	5	Cardenete		16	Cuenca	08	39.80778	-1.70244	479
16057	1	Carrascosa		16	Cuenca	08	40.56344	-2.19778	69
16058	7	Carrascosa de Haro		16	Cuenca	08	39.58595	-2.53843	87
16060	4	Casas de Benítez		16	Cuenca	08	39.30486	-2.11227	872
16061	1	Casas de Fernando Alonso		16	Cuenca	08	39.34235	-2.33613	1041
16062	6	Casas de Garcimolina		16	Cuenca	08	40.01253	-1.41758	30
16063	2	Casas de Guijarro		16	Cuenca	08	39.34057	-2.15296	105
16064	7	Casas de Haro		16	Cuenca	08	39.29152	-2.26154	812
16065	0	Casas de los Pinos		16	Cuenca	08	39.28880	-2.36912	374
16066	3	Casasimarro		16	Cuenca	08	39.38827	-2.06670	3177
16067	9	Castejón		16	Cuenca	08	40.40633	-2.53599	120
16068	5	Castillejo de Iniesta		16	Cuenca	08	39.53665	-1.74727	94
16070	2	Castillejo-Sierra		16	Cuenca	08	40.38115	-2.09177	31
16071	9	Castillo-Albaráñez		16	Cuenca	08	40.29362	-2.38507	17
16072	4	Castillo de Garcimuñoz		16	Cuenca	08	39.67147	-2.35668	129
16073	0	Cervera del Llano		16	Cuenca	08	39.78852	-2.43251	220
16074	5	La Cierva	Cierva, La	16	Cuenca	08	40.05039	-1.86433	39
16078	3	Cuenca		16	Cuenca	08	40.07492	-2.13615	53600
16079	6	Cueva del Hierro		16	Cuenca	08	40.57260	-2.00123	27
16081	7	Chumillas		16	Cuenca	08	39.77307	-2.02819	49
16082	2	Enguídanos		16	Cuenca	08	39.69117	-1.61551	274
16083	8	Fresneda de Altarejos		16	Cuenca	08	39.92595	-2.28750	35
16084	3	Fresneda de la Sierra		16	Cuenca	08	40.40553	-2.11714	42
16085	6	La Frontera	Frontera, La	16	Cuenca	08	40.40945	-2.21067	155
16086	9	Fuente de Pedro Naharro		16	Cuenca	08	39.93171	-3.04708	1290
16087	5	Fuentelespino de Haro		16	Cuenca	08	39.68843	-2.63532	230
16088	1	Fuentelespino de Moya		16	Cuenca	08	39.93519	-1.46692	101
16089	4	Fuentes		16	Cuenca	08	39.94034	-2.01340	462
16091	5	Fuertescusa		16	Cuenca	08	40.45743	-2.14394	65
16092	0	Gabaldón		16	Cuenca	08	39.64462	-1.96159	146
16093	6	Garaballa		16	Cuenca	08	39.80028	-1.39412	58
16094	1	Gascueña		16	Cuenca	08	40.30237	-2.52483	132
16095	4	Graja de Campalbo		16	Cuenca	08	39.89585	-1.26610	85
16096	7	Graja de Iniesta		16	Cuenca	08	39.51587	-1.67390	343
16097	3	Henarejos		16	Cuenca	08	39.82115	-1.44783	134
16098	9	El Herrumblar	Herrumblar, El	16	Cuenca	08	39.41108	-1.59625	800
16099	2	La Hinojosa	Hinojosa, La	16	Cuenca	08	39.72653	-2.42988	184
16100	6	Los Hinojosos	Hinojosos, Los	16	Cuenca	08	39.60225	-2.85575	702
16101	3	El Hito	Hito, El	16	Cuenca	08	39.84500	-2.71264	118
16102	8	Honrubia		16	Cuenca	08	39.61298	-2.25441	1529
16103	4	Hontanaya		16	Cuenca	08	39.71172	-2.83256	255
16104	9	Hontecillas		16	Cuenca	08	39.68516	-2.19949	54
16106	5	Horcajo de Santiago		16	Cuenca	08	39.84245	-3.02066	3894
16107	1	Huélamo		16	Cuenca	08	40.28748	-1.80493	68
16108	7	Huelves		16	Cuenca	08	40.05070	-2.90478	105
16109	0	Huérguina		16	Cuenca	08	40.04092	-1.60003	41
16110	4	Huerta de la Obispalía		16	Cuenca	08	39.97819	-2.47857	126
16111	1	Huerta del Marquesado		16	Cuenca	08	40.15626	-1.70890	155
16112	6	Huete		16	Cuenca	08	40.10219	-2.64366	1814
16113	2	Iniesta		16	Cuenca	08	39.45663	-1.73628	4567
16115	0	Laguna del Marquesado		16	Cuenca	08	40.19041	-1.66861	54
16116	3	Lagunaseca		16	Cuenca	08	40.50828	-1.98128	50
16117	9	Landete		16	Cuenca	08	39.90426	-1.35435	1175
16118	5	Ledaña		16	Cuenca	08	39.35608	-1.71254	1552
16119	8	Leganiel		16	Cuenca	08	40.16307	-2.97565	223
16121	9	Las Majadas	Majadas, Las	16	Cuenca	08	40.29091	-1.98971	214
16122	4	Mariana		16	Cuenca	08	40.17273	-2.11937	332
16123	0	Masegosa		16	Cuenca	08	40.54257	-1.98328	58
16124	5	Las Mesas	Mesas, Las	16	Cuenca	08	39.37249	-2.74705	2234
16125	8	Minglanilla		16	Cuenca	08	39.50162	-1.55507	2388
16126	1	Mira		16	Cuenca	08	39.66740	-1.49731	917
16128	3	Monreal del Llano		16	Cuenca	08	39.55778	-2.77176	44
16129	6	Montalbanejo		16	Cuenca	08	39.74856	-2.49021	82
16130	0	Montalbo		16	Cuenca	08	39.85989	-2.67079	703
16131	7	Monteagudo de las Salinas		16	Cuenca	08	39.81612	-1.90703	126
16132	2	Mota de Altarejos		16	Cuenca	08	39.86893	-2.29666	25
16133	8	Mota del Cuervo		16	Cuenca	08	39.51013	-2.87378	6089
16134	3	Motilla del Palancar		16	Cuenca	08	39.56248	-1.91249	6432
16135	6	Moya		16	Cuenca	08	39.96328	-1.34025	133
16137	5	Narboneta		16	Cuenca	08	39.75641	-1.48528	42
16139	4	Olivares de Júcar		16	Cuenca	08	39.75524	-2.33101	290
16140	8	Olmeda de la Cuesta		16	Cuenca	08	40.30746	-2.47170	16
16141	5	Olmeda del Rey		16	Cuenca	08	39.83805	-2.06191	129
16142	0	Olmedilla de Alarcón		16	Cuenca	08	39.61421	-2.11709	128
16143	6	Olmedilla de Eliz		16	Cuenca	08	40.29905	-2.42241	20
16145	4	Osa de la Vega		16	Cuenca	08	39.64529	-2.76940	450
16146	7	Pajarón		16	Cuenca	08	39.98558	-1.81542	71
16147	3	Pajaroncillo		16	Cuenca	08	39.95324	-1.72871	59
16148	9	Palomares del Campo		16	Cuenca	08	39.94268	-2.62894	556
16149	2	Palomera		16	Cuenca	08	40.06932	-2.02274	187
16150	5	Paracuellos		16	Cuenca	08	39.73516	-1.74181	105
16151	2	Paredes		16	Cuenca	08	40.08170	-2.85043	61
16152	7	La Parra de las Vegas	Parra de las Vegas, La	16	Cuenca	08	39.87168	-2.23721	36
16153	3	El Pedernoso	Pedernoso, El	16	Cuenca	08	39.47882	-2.77266	1113
16154	8	Las Pedroñeras	Pedroñeras, Las	16	Cuenca	08	39.43843	-2.62643	6416
16155	1	El Peral	Peral, El	16	Cuenca	08	39.50937	-1.88323	660
16156	4	La Peraleja	Peraleja, La	16	Cuenca	08	40.24225	-2.54527	77
16157	0	La Pesquera	Pesquera, La	16	Cuenca	08	39.58314	-1.53513	228
16158	6	El Picazo	Picazo, El	16	Cuenca	08	39.44624	-2.09159	693
16159	9	Pinarejo		16	Cuenca	08	39.61749	-2.40610	172
16160	3	Pineda de Gigüela		16	Cuenca	08	40.09213	-2.53327	58
16161	0	Piqueras del Castillo		16	Cuenca	08	39.70810	-2.09799	36
16162	5	Portalrubio de Guadamejud		16	Cuenca	08	40.27929	-2.61159	35
16163	1	Portilla		16	Cuenca	08	40.31815	-2.07788	58
16165	9	Poyatos		16	Cuenca	08	40.42870	-2.04565	70
16166	2	Pozoamargo		16	Cuenca	08	39.33029	-2.19643	255
16167	8	Pozorrubio de Santiago		16	Cuenca	08	39.80454	-2.93864	307
16169	7	El Pozuelo	Pozuelo, El	16	Cuenca	08	40.59598	-2.26726	47
16170	1	Priego		16	Cuenca	08	40.46564	-2.32002	912
16171	8	El Provencio	Provencio, El	16	Cuenca	08	39.38639	-2.58071	2327
16172	3	Puebla de Almenara		16	Cuenca	08	39.78785	-2.81143	294
16173	9	El Valle de Altomira	Valle de Altomira, El	16	Cuenca	08	40.22701	-2.77016	191
16174	4	Puebla del Salvador		16	Cuenca	08	39.56650	-1.65418	190
16175	7	Quintanar del Rey		16	Cuenca	08	39.33819	-1.93892	7508
16176	0	Rada de Haro		16	Cuenca	08	39.57520	-2.61553	49
16177	6	Reíllo		16	Cuenca	08	39.88204	-1.88936	106
16181	6	Rozalén del Monte		16	Cuenca	08	39.99002	-2.79676	48
16185	5	Saceda-Trasierra		16	Cuenca	08	40.16420	-2.84793	33
16186	8	Saelices		16	Cuenca	08	39.89624	-2.81285	475
16187	4	Salinas del Manzano		16	Cuenca	08	40.08090	-1.55196	86
16188	0	Salmeroncillos		16	Cuenca	08	40.49979	-2.52513	106
16189	3	Salvacañete		16	Cuenca	08	40.14074	-1.50270	300
16190	7	San Clemente		16	Cuenca	08	39.43146	-2.43607	6797
16191	4	San Lorenzo de la Parrilla		16	Cuenca	08	39.84687	-2.37218	1119
16192	9	San Martín de Boniches		16	Cuenca	08	39.90597	-1.56074	43
16193	5	San Pedro Palmiches		16	Cuenca	08	40.43534	-2.40548	54
16194	0	Santa Cruz de Moya		16	Cuenca	08	39.93727	-1.23100	233
16195	3	Santa María del Campo Rus		16	Cuenca	08	39.55717	-2.42871	527
16196	6	Santa María de los Llanos		16	Cuenca	08	39.47517	-2.80286	660
16197	2	Santa María del Val		16	Cuenca	08	40.49501	-2.06842	55
16198	8	Sisante		16	Cuenca	08	39.38433	-2.12745	1640
16199	1	Solera de Gabaldón		16	Cuenca	08	39.75316	-1.96856	32
16202	7	Talayuelas		16	Cuenca	08	39.82797	-1.27537	873
16203	3	Tarancón		16	Cuenca	08	40.00851	-2.99984	16748
16204	8	Tébar		16	Cuenca	08	39.51503	-2.14588	300
16205	1	Tejadillos		16	Cuenca	08	40.14240	-1.61101	102
16206	4	Tinajas		16	Cuenca	08	40.34225	-2.57347	184
16209	9	Torralba		16	Cuenca	08	40.30281	-2.29165	107
16211	0	Torrejoncillo del Rey		16	Cuenca	08	40.00513	-2.54491	341
16212	5	Torrubia del Campo		16	Cuenca	08	39.87647	-2.93925	312
16213	1	Torrubia del Castillo		16	Cuenca	08	39.66592	-2.29177	42
16215	9	Tragacete		16	Cuenca	08	40.36503	-1.85254	263
16216	2	Tresjuncos		16	Cuenca	08	39.70569	-2.74343	258
16217	8	Tribaldos		16	Cuenca	08	39.98393	-2.90872	101
16218	4	Uclés		16	Cuenca	08	39.95615	-2.86568	230
16219	7	Uña		16	Cuenca	08	40.22817	-1.97860	90
16224	4	Valdemeca		16	Cuenca	08	40.23167	-1.73378	83
16225	7	Valdemorillo de la Sierra		16	Cuenca	08	40.04196	-1.78825	49
16227	6	Valdemoro-Sierra		16	Cuenca	08	40.12664	-1.77702	96
16228	2	Valdeolivas		16	Cuenca	08	40.50371	-2.45247	206
16231	6	Valhermoso de la Fuente		16	Cuenca	08	39.54246	-2.00286	61
16234	2	Valsalobre		16	Cuenca	08	40.63579	-2.12221	17
16236	8	Valverde de Júcar		16	Cuenca	08	39.70360	-2.23555	1118
16237	4	Valverdejo		16	Cuenca	08	39.62807	-2.02723	86
16238	0	Vara de Rey		16	Cuenca	08	39.42031	-2.28359	466
16239	3	Vega del Codorno		16	Cuenca	08	40.43333	-1.95000	141
16240	7	Vellisca		16	Cuenca	08	40.12549	-2.80882	128
16242	9	Villaconejos de Trabaque		16	Cuenca	08	40.39956	-2.33190	325
16243	5	Villaescusa de Haro		16	Cuenca	08	39.60708	-2.59944	480
16244	0	Villagarcía del Llano		16	Cuenca	08	39.33504	-1.82836	763
16245	3	Villalba de la Sierra		16	Cuenca	08	40.23034	-2.08386	569
16246	6	Villalba del Rey		16	Cuenca	08	40.35685	-2.67735	468
16247	2	Villalgordo del Marquesado		16	Cuenca	08	39.68027	-2.50893	59
16248	8	Villalpardo		16	Cuenca	08	39.46517	-1.60518	979
16249	1	Villamayor de Santiago		16	Cuenca	08	39.75258	-2.90072	2336
16250	4	Villanueva de Guadamejud		16	Cuenca	08	40.21802	-2.50055	59
16251	1	Villanueva de la Jara		16	Cuenca	08	39.42237	-2.00760	2396
16253	2	Villar de Cañas		16	Cuenca	08	39.80950	-2.58571	389
16254	7	Villar de Domingo García		16	Cuenca	08	40.20180	-2.26925	217
16255	0	Villar de la Encina		16	Cuenca	08	39.63051	-2.52707	146
16258	5	Villar del Humo		16	Cuenca	08	39.85828	-1.64374	182
16259	8	Villar del Infantado		16	Cuenca	08	40.43814	-2.48583	34
16263	0	Villar de Olalla		16	Cuenca	08	40.00208	-2.23785	1575
16264	5	Villarejo de Fuentes		16	Cuenca	08	39.75861	-2.67660	387
16265	8	Villarejo de la Peñuela		16	Cuenca	08	40.08080	-2.39637	16
16266	1	Villarejo-Periesteban		16	Cuenca	08	39.88966	-2.45230	375
16269	6	Villares del Saz		16	Cuenca	08	39.83479	-2.52338	499
16270	0	Villarrubio		16	Cuenca	08	39.94758	-2.89469	211
16271	7	Villarta		16	Cuenca	08	39.44401	-1.60519	853
16272	2	Villas de la Ventosa		16	Cuenca	08	40.24184	-2.41720	225
16273	8	Villaverde y Pasaconsol		16	Cuenca	08	39.77842	-2.27824	318
16274	3	Víllora		16	Cuenca	08	39.73971	-1.60363	120
16275	6	Vindel		16	Cuenca	08	40.58322	-2.38266	19
16276	9	Yémeda		16	Cuenca	08	39.75383	-1.73190	18
16277	5	Zafra de Záncara		16	Cuenca	08	39.90162	-2.52592	92
16278	1	Zafrilla		16	Cuenca	08	40.23026	-1.63946	59
16279	4	Zarza de Tajo		16	Cuenca	08	40.02972	-3.11881	320
16280	8	Zarzuela		16	Cuenca	08	40.25967	-2.14445	174
16901	5	Campos del Paraíso		16	Cuenca	08	40.02210	-2.70615	646
16902	0	Valdetórtola		16	Cuenca	08	39.93294	-2.17869	115
16903	6	Las Valeras	Valeras, Las	16	Cuenca	08	39.80749	-2.14696	1528
16904	1	Fuentenava de Jábaga		16	Cuenca	08	40.11965	-2.29674	634
16905	4	Arcas		16	Cuenca	08	39.95555	-2.09164	2332
16906	7	Los Valdecolmenas	Valdecolmenas, Los	16	Cuenca	08	40.11547	-2.47033	69
16908	9	Pozorrubielos de la Mancha		16	Cuenca	08	39.48704	-2.04218	166
16909	2	Sotorribas		16	Cuenca	08	40.28552	-2.18723	711
16910	6	Villar y Velasco		16	Cuenca	08	40.13759	-2.39121	91
17001	0	Agullana		17	Girona	09	42.39224	2.84670	880
17002	5	Aiguaviva		17	Girona	09	41.93289	2.77505	804
17003	1	Albanyà		17	Girona	09	42.30448	2.72135	157
17004	6	Albons		17	Girona	09	42.11007	3.08161	845
17005	9	El Far d'Empordà	Far d'Empordà, El	17	Girona	09	42.25054	2.99704	628
17006	2	Alp		17	Girona	09	42.35447	1.94573	1724
17007	8	Amer		17	Girona	09	42.01155	2.60396	2422
17008	4	Anglès		17	Girona	09	41.94400	2.63225	5944
17009	7	Arbúcies		17	Girona	09	41.83185	2.48684	6665
17010	1	Argelaguer		17	Girona	09	42.21553	2.64361	468
17011	8	L'Armentera	Armentera, L'	17	Girona	09	42.17027	3.07282	1080
17012	3	Avinyonet de Puigventós		17	Girona	09	42.25103	2.91341	1671
17013	9	Begur		17	Girona	09	41.95531	3.21453	4291
17014	4	La Vajol	Vajol, La	17	Girona	09	42.40331	2.79978	112
17015	7	Banyoles		17	Girona	09	42.12561	2.77249	20865
17016	0	Bàscara		17	Girona	09	42.15857	2.91146	1049
17018	2	Bellcaire d'Empordà		17	Girona	09	42.08298	3.09768	723
17019	5	Besalú		17	Girona	09	42.20187	2.69748	2592
17020	9	Bescanó		17	Girona	09	41.95845	2.71793	5088
17021	6	Beuda		17	Girona	09	42.23675	2.70794	203
17022	1	La Bisbal d'Empordà	Bisbal d'Empordà, La	17	Girona	09	41.95126	3.04209	11757
17023	7	Blanes		17	Girona	09	41.68457	2.79362	42699
17024	2	Bolvir		17	Girona	09	42.41631	1.88293	493
17025	5	Bordils		17	Girona	09	42.05357	2.91323	1841
17026	8	Borrassà		17	Girona	09	42.22238	2.92894	804
17027	4	Breda		17	Girona	09	41.75219	2.55829	3969
17028	0	Brunyola i Sant Martí Sapresa		17	Girona	09	41.91606	2.66239	401
17029	3	Boadella i les Escaules		17	Girona	09	42.32943	2.85655	262
17030	7	Cabanes		17	Girona	09	42.30753	2.97880	995
17031	4	Cabanelles		17	Girona	09	42.23011	2.82048	286
17032	9	Cadaqués		17	Girona	09	42.29068	3.28045	2918
17033	5	Caldes de Malavella		17	Girona	09	41.83566	2.81272	8673
17034	0	Calonge i Sant Antoni		17	Girona	09	41.85837	3.08480	12335
17035	3	Camós		17	Girona	09	42.08123	2.76567	701
17036	6	Campdevànol		17	Girona	09	42.23645	2.14193	3241
17037	2	Campelles		17	Girona	09	42.28648	2.13961	163
17038	8	Campllong		17	Girona	09	41.89975	2.83263	534
17039	1	Camprodon		17	Girona	09	42.31134	2.36223	2570
17040	5	Canet d'Adri		17	Girona	09	42.06040	2.72102	744
17041	2	Cantallops		17	Girona	09	42.42086	2.92515	366
17042	7	Capmany		17	Girona	09	42.37262	2.92146	680
17043	3	Queralbs		17	Girona	09	42.37897	2.16280	202
17044	8	Cassà de la Selva		17	Girona	09	41.87915	2.87232	11131
17046	4	Castellfollit de la Roca		17	Girona	09	42.21918	2.54372	966
17047	0	Castelló d'Empúries		17	Girona	09	42.25476	3.07694	12201
17048	6	Castell d'Aro, Platja d'Aro i s'Agaró		17	Girona	09	41.81417	3.05216	12982
17049	9	Celrà		17	Girona	09	42.01793	2.87006	5621
17050	2	Cervià de Ter		17	Girona	09	42.06839	2.90818	1029
17051	9	Cistella		17	Girona	09	42.26839	2.84868	283
17052	4	Siurana		17	Girona	09	42.20843	2.99463	188
17054	5	Colera		17	Girona	09	42.40467	3.15557	494
17055	8	Colomers		17	Girona	09	42.08510	2.98529	208
17056	1	Cornellà del Terri		17	Girona	09	42.08511	2.83004	2414
17057	7	Corçà		17	Girona	09	41.99982	3.01292	1283
17058	3	Crespià		17	Girona	09	42.19636	2.80413	254
17060	0	Darnius		17	Girona	09	42.36845	2.83093	563
17061	7	Das		17	Girona	09	42.36410	1.86910	261
17062	2	L'Escala	Escala, L'	17	Girona	09	42.12248	3.13179	10374
17063	8	Espinelves		17	Girona	09	41.87676	2.42184	261
17064	3	Espolla		17	Girona	09	42.39066	2.99998	398
17065	6	Esponellà		17	Girona	09	42.17361	2.80403	446
17066	9	Figueres		17	Girona	09	42.26432	2.96176	49689
17067	5	Flaçà		17	Girona	09	42.04817	2.96152	1175
17068	1	Foixà		17	Girona	09	42.03865	2.99729	298
17069	4	Fontanals de Cerdanya		17	Girona	09	42.38162	1.92436	516
17070	8	Fontanilles		17	Girona	09	42.01468	3.10841	171
17071	5	Fontcoberta		17	Girona	09	42.13602	2.80546	1483
17073	6	Fornells de la Selva		17	Girona	09	41.93096	2.81718	2818
17074	1	Fortià		17	Girona	09	42.24245	3.04019	793
17075	4	Garrigàs		17	Girona	09	42.19306	2.95333	480
17076	7	Garrigoles		17	Girona	09	42.10476	3.02461	182
17077	3	Garriguella		17	Girona	09	42.34177	3.06514	989
17078	9	Ger		17	Girona	09	42.43785	1.82485	501
17079	2	Girona	Gerona	17	Girona	09	41.98246	2.83081	108666
17080	6	Gombrèn		17	Girona	09	42.25075	2.05926	206
17081	3	Gualta		17	Girona	09	42.02430	3.11784	438
17082	8	Guils de Cerdanya		17	Girona	09	42.45748	1.86467	557
17083	4	Hostalric		17	Girona	09	41.74238	2.63509	4493
17084	9	Isòvol		17	Girona	09	42.39392	1.82767	314
17085	2	Jafre		17	Girona	09	42.07353	3.01121	386
17086	5	La Jonquera	Jonquera, La	17	Girona	09	42.41636	2.87464	3420
17087	1	Juià		17	Girona	09	42.01576	2.90861	319
17088	7	Lladó		17	Girona	09	42.24850	2.81471	822
17089	0	Llagostera		17	Girona	09	41.82333	2.89644	9585
17090	4	Llambilles		17	Girona	09	41.91952	2.86568	737
17091	1	Llanars		17	Girona	09	42.34127	2.35076	516
17092	6	Llançà		17	Girona	09	42.36143	3.15037	4892
17093	2	Llers		17	Girona	09	42.29468	2.91314	1269
17094	7	Llívia		17	Girona	09	42.46301	1.97726	1562
17095	0	Lloret de Mar		17	Girona	09	41.70435	2.85440	43000
17096	3	Les Llosses	Llosses, Les	17	Girona	09	42.16184	2.07639	197
17097	9	Madremanya		17	Girona	09	41.98362	2.94202	280
17098	5	Maià de Montcal		17	Girona	09	42.21132	2.74982	498
17099	8	Meranges		17	Girona	09	42.45740	1.76925	111
17100	2	Masarac i Vilarnadal		17	Girona	09	42.35115	2.97139	287
17101	9	Massanes		17	Girona	09	41.77648	2.65521	882
17102	4	Maçanet de Cabrenys		17	Girona	09	42.38568	2.75083	761
17103	0	Maçanet de la Selva		17	Girona	09	41.76614	2.72666	8071
17105	8	Mieres		17	Girona	09	42.12304	2.62660	369
17106	1	Mollet de Peralada		17	Girona	09	42.35880	3.00038	202
17107	7	Molló		17	Girona	09	42.34662	2.40309	351
17109	6	Montagut i Oix		17	Girona	09	42.27389	2.55366	1011
17110	0	Mont-ras		17	Girona	09	41.88978	3.15932	1690
17111	7	Navata		17	Girona	09	42.22210	2.86016	1507
17112	2	Ogassa		17	Girona	09	42.26259	2.25605	222
17114	3	Olot		17	Girona	09	42.18332	2.48671	39519
17115	6	Ordis		17	Girona	09	42.21887	2.90827	409
17116	9	Osor		17	Girona	09	41.95242	2.56674	430
17117	5	Palafrugell		17	Girona	09	41.90842	3.18578	24543
17118	1	Palamós		17	Girona	09	41.86061	3.14432	18933
17119	4	Palau de Santa Eulàlia		17	Girona	09	42.17501	2.96545	124
17120	8	Palau-saverdera		17	Girona	09	42.30724	3.14560	1535
17121	5	Palau-sator		17	Girona	09	41.98056	3.11656	311
17123	6	Palol de Revardit		17	Girona	09	42.05775	2.80367	459
17124	1	Pals		17	Girona	09	41.98471	3.17674	2534
17125	4	Pardines		17	Girona	09	42.30901	2.22934	168
17126	7	Parlavà		17	Girona	09	42.02186	3.04291	432
17128	9	Pau		17	Girona	09	42.31594	3.11771	560
17129	2	Pedret i Marzà		17	Girona	09	42.31067	3.06587	208
17130	6	La Pera	Pera, La	17	Girona	09	42.01892	2.97422	447
17132	8	Peralada		17	Girona	09	42.30770	3.00768	2077
17133	4	Les Planes d'Hostoles	Planes d'Hostoles, Les	17	Girona	09	42.07213	2.54824	1746
17134	9	Planoles		17	Girona	09	42.32633	2.10058	313
17135	2	Pont de Molins		17	Girona	09	42.31486	2.93103	585
17136	5	Pontós		17	Girona	09	42.18583	2.91760	296
17137	1	Porqueres		17	Girona	09	42.12520	2.73794	4811
17138	7	Portbou		17	Girona	09	42.42607	3.15999	1131
17139	0	Les Preses	Preses, Les	17	Girona	09	42.14984	2.47278	1948
17140	4	El Port de la Selva	Port de la Selva, El	17	Girona	09	42.33501	3.20226	1053
17141	1	Puigcerdà		17	Girona	09	42.43058	1.92660	10035
17142	6	Quart		17	Girona	09	41.95182	2.88184	4165
17143	2	Rabós		17	Girona	09	42.37820	3.02817	232
17144	7	Regencós		17	Girona	09	41.94603	3.17084	275
17145	0	Ribes de Freser		17	Girona	09	42.29906	2.16789	1841
17146	3	Riells i Viabrea		17	Girona	09	41.75435	2.53519	4635
17147	9	Ripoll		17	Girona	09	42.19928	2.18817	10665
17148	5	Riudarenes		17	Girona	09	41.82284	2.71568	2532
17149	8	Riudaura		17	Girona	09	42.19082	2.39262	526
17150	1	Riudellots de la Selva		17	Girona	09	41.89473	2.80307	2125
17151	8	Riumors		17	Girona	09	42.22644	3.04199	253
17152	3	Roses		17	Girona	09	42.26137	3.18161	20365
17153	9	Rupià		17	Girona	09	42.01753	3.01249	325
17154	4	Sales de Llierca		17	Girona	09	42.25677	2.64172	164
17155	7	Salt		17	Girona	09	41.97261	2.78400	34491
17157	6	Sant Andreu Salou		17	Girona	09	41.87163	2.82285	161
17158	2	Sant Climent Sescebes		17	Girona	09	42.36796	2.98043	690
17159	5	Sant Feliu de Buixalleu		17	Girona	09	41.77976	2.57822	882
17160	9	Sant Feliu de Guíxols		17	Girona	09	41.77923	3.02733	23141
17161	6	Sant Feliu de Pallerols		17	Girona	09	42.10361	2.50892	1700
17162	1	Sant Ferriol		17	Girona	09	42.19349	2.66918	245
17163	7	Sant Gregori		17	Girona	09	42.00042	2.72946	4191
17164	2	Sant Hilari Sacalm		17	Girona	09	41.91094	2.49175	6069
17165	5	Sant Jaume de Llierca		17	Girona	09	42.20988	2.59393	863
17166	8	Sant Jordi Desvalls		17	Girona	09	42.07299	2.95525	880
17167	4	Sant Joan de les Abadesses		17	Girona	09	42.23170	2.28224	3404
17168	0	Sant Joan de Mollet		17	Girona	09	42.04581	2.93841	536
17169	3	Sant Julià de Ramis		17	Girona	09	42.05080	2.85020	3715
17170	7	Vallfogona de Ripollès		17	Girona	09	42.18395	2.30480	225
17171	4	Sant Llorenç de la Muga		17	Girona	09	42.32140	2.78941	247
17172	9	Sant Martí de Llémena		17	Girona	09	42.03874	2.67211	726
17173	5	Sant Martí Vell		17	Girona	09	41.99895	2.92770	271
17174	0	Sant Miquel de Campmajor		17	Girona	09	42.13389	2.67892	258
17175	3	Sant Miquel de Fluvià		17	Girona	09	42.17517	2.99034	860
17176	6	Sant Mori		17	Girona	09	42.15418	2.99058	163
17177	2	Sant Pau de Segúries		17	Girona	09	42.26003	2.36326	719
17178	8	Sant Pere Pescador		17	Girona	09	42.18697	3.08372	2290
17180	5	Santa Coloma de Farners		17	Girona	09	41.87339	2.62386	13993
17181	2	Santa Cristina d'Aro		17	Girona	09	41.81406	2.99751	5987
17182	7	Santa Llogaia d'Àlguema		17	Girona	09	42.23473	2.95335	396
17183	3	Sant Aniol de Finestres		17	Girona	09	42.07276	2.60579	382
17184	8	Santa Pau		17	Girona	09	42.14743	2.56986	1579
17185	1	Sant Joan les Fonts		17	Girona	09	42.20415	2.53888	3167
17186	4	Sarrià de Ter		17	Girona	09	42.01552	2.81419	5406
17187	0	Saus, Camallera i Llampaies		17	Girona	09	42.12376	2.95936	897
17188	6	La Selva de Mar	Selva de Mar, La	17	Girona	09	42.32410	3.18606	223
17189	9	La Cellera de Ter	Cellera de Ter, La	17	Girona	09	41.96877	2.60241	2027
17190	3	Serinyà		17	Girona	09	42.16972	2.73784	1228
17191	0	Serra de Daró		17	Girona	09	42.02911	3.06709	240
17192	5	Setcases		17	Girona	09	42.37503	2.29923	195
17193	1	Sils		17	Girona	09	41.82966	2.73656	6920
17194	6	Susqueda		17	Girona	09	41.99287	2.52139	103
17195	9	La Tallada d'Empordà	Tallada d'Empordà, La	17	Girona	09	42.07978	3.06563	490
17196	2	Terrades		17	Girona	09	42.30991	2.83741	337
17197	8	Torrent		17	Girona	09	41.95151	3.13296	182
17198	4	Torroella de Fluvià		17	Girona	09	42.17589	3.03924	778
17199	7	Torroella de Montgrí		17	Girona	09	42.04120	3.13153	12570
17200	1	Tortellà		17	Girona	09	42.24281	2.62433	849
17201	8	Toses		17	Girona	09	42.33078	2.03629	198
17202	3	Tossa de Mar		17	Girona	09	41.73247	2.93381	6347
17203	9	Ultramort		17	Girona	09	42.03927	3.03910	218
17204	4	Ullà		17	Girona	09	42.05217	3.10528	1258
17205	7	Ullastret		17	Girona	09	42.00333	3.07503	249
17206	0	Urús		17	Girona	09	42.33452	1.85938	201
17207	6	La Vall d'en Bas	Vall d'en Bas, La	17	Girona	09	42.13886	2.44105	3269
17208	2	La Vall de Bianya	Vall de Bianya, La	17	Girona	09	42.22348	2.45674	1347
17209	5	Vall-llobrega		17	Girona	09	41.88216	3.12904	891
17210	9	Ventalló		17	Girona	09	42.14834	3.02652	914
17211	6	Verges		17	Girona	09	42.07161	3.04500	1167
17212	1	Vidrà		17	Girona	09	42.12191	2.30713	167
17213	7	Vidreres		17	Girona	09	41.77426	2.81043	8862
17214	2	Vilabertran		17	Girona	09	42.28183	2.97897	961
17215	5	Vilablareix		17	Girona	09	41.95536	2.78573	4077
17216	8	Viladasens		17	Girona	09	42.09680	2.92436	206
17217	4	Viladamat		17	Girona	09	42.13464	3.07377	500
17218	0	Vilademuls		17	Girona	09	42.13200	2.86351	898
17220	7	Viladrau		17	Girona	09	41.84922	2.37439	1184
17221	4	Vilafant		17	Girona	09	42.24755	2.94004	5663
17222	9	Vilaür		17	Girona	09	42.14307	2.95305	164
17223	5	Vilajuïga		17	Girona	09	42.32506	3.09055	1177
17224	0	Vilallonga de Ter		17	Girona	09	42.34373	2.27506	395
17225	3	Vilamacolum		17	Girona	09	42.19489	3.05534	406
17226	6	Vilamalla		17	Girona	09	42.21746	2.97163	1205
17227	2	Vilamaniscle		17	Girona	09	42.37594	3.06868	185
17228	8	Vilanant		17	Girona	09	42.25417	2.88850	406
17230	5	Vila-sacra		17	Girona	09	42.26381	3.01794	878
17232	7	Vilopriu		17	Girona	09	42.10998	2.99175	209
17233	3	Vilobí d'Onyar		17	Girona	09	41.88601	2.73467	3297
17234	8	Biure		17	Girona	09	42.33672	2.89670	226
17901	1	Cruïlles, Monells i Sant Sadurní de l'Heura		17	Girona	09	41.93226	2.98874	1350
17902	6	Forallac		17	Girona	09	41.95123	3.08317	1790
17903	2	Sant Julià del Llor i Bonmatí		17	Girona	09	41.97796	2.65627	1457
18001	6	Agrón		18	Granada	01	37.01360	-3.82064	247
18002	1	Alamedilla		18	Granada	01	37.59868	-3.22353	518
18003	7	Albolote		18	Granada	01	37.29344	-3.65562	19768
18004	2	Albondón		18	Granada	01	36.84478	-3.20996	703
18005	5	Albuñán		18	Granada	01	37.23378	-3.14104	422
18006	8	Albuñol		18	Granada	01	36.78249	-3.18122	7388
18007	4	Albuñuelas		18	Granada	01	36.91932	-3.68129	794
18010	7	Aldeire		18	Granada	01	37.16810	-3.07647	597
18011	4	Alfacar		18	Granada	01	37.24813	-3.55432	5834
18012	9	Algarinejo		18	Granada	01	37.27092	-4.19156	2335
18013	5	Alhama de Granada		18	Granada	01	37.01796	-3.96003	5544
18014	0	Alhendín		18	Granada	01	37.06801	-3.70130	10475
18015	3	Alicún de Ortega		18	Granada	01	37.60926	-3.15579	461
18016	6	Almegíjar		18	Granada	01	36.90115	-3.28417	327
18017	2	Almuñécar		18	Granada	01	36.75715	-3.72581	27544
18018	8	Alquife		18	Granada	01	37.19397	-3.10852	543
18020	5	Arenas del Rey		18	Granada	01	36.94568	-3.85277	608
18021	2	Armilla		18	Granada	01	37.15097	-3.61883	25300
18022	7	Atarfe		18	Granada	01	37.25169	-3.70023	20914
18023	3	Baza		18	Granada	01	37.41170	-2.76413	20587
18024	8	Beas de Granada		18	Granada	01	37.23809	-3.46575	1007
18025	1	Beas de Guadix		18	Granada	01	37.27746	-3.20710	318
18027	0	Benalúa		18	Granada	01	37.35652	-3.16127	3381
18028	6	Benalúa de las Villas		18	Granada	01	37.43798	-3.66242	1028
18029	9	Benamaurel		18	Granada	01	37.63080	-2.71258	2235
18030	3	Bérchules		18	Granada	01	37.02269	-3.20368	688
18032	5	Bubión		18	Granada	01	36.98852	-3.37110	305
18033	1	Busquístar		18	Granada	01	36.96019	-3.28056	313
18034	6	Cacín		18	Granada	01	37.08154	-3.91770	549
18035	9	Cádiar		18	Granada	01	36.93322	-3.15564	1491
18036	2	Cájar		18	Granada	01	37.13333	-3.56984	5511
18037	8	Calicasas		18	Granada	01	37.28213	-3.62737	687
18038	4	Campotéjar		18	Granada	01	37.50647	-3.60083	1218
18039	7	Caniles		18	Granada	01	37.40451	-2.65469	3929
18040	1	Cáñar		18	Granada	01	36.96583	-3.42169	424
18042	3	Capileira		18	Granada	01	37.00596	-3.35056	590
18043	9	Carataunas		18	Granada	01	36.92191	-3.39361	207
18044	4	Cástaras		18	Granada	01	36.91169	-3.23511	178
18045	7	Castilléjar		18	Granada	01	37.72575	-2.65187	1284
18046	0	Castril		18	Granada	01	37.85341	-2.77545	1927
18047	6	Cenes de la Vega		18	Granada	01	37.15644	-3.53649	8254
18048	2	Cijuela		18	Granada	01	37.17010	-3.82603	3827
18049	5	Cogollos de Guadix		18	Granada	01	37.22449	-3.17844	614
18050	8	Cogollos de la Vega		18	Granada	01	37.29957	-3.55988	2119
18051	5	Colomera		18	Granada	01	37.38814	-3.69468	1278
18053	6	Cortes de Baza		18	Granada	01	37.67876	-2.80267	1769
18054	1	Cortes y Graena		18	Granada	01	37.29632	-3.23663	949
18056	7	Cúllar		18	Granada	01	37.57156	-2.52623	3978
18057	3	Cúllar Vega		18	Granada	01	37.15980	-3.68002	7947
18059	2	Chauchina		18	Granada	01	37.18141	-3.78005	5817
18061	3	Chimeneas		18	Granada	01	37.12228	-3.82458	1265
18062	8	Churriana de la Vega		18	Granada	01	37.15410	-3.63801	16878
18063	4	Darro		18	Granada	01	37.36071	-3.27524	1700
18064	9	Dehesas de Guadix		18	Granada	01	37.59425	-3.07860	382
18065	2	Dehesas Viejas		18	Granada	01	37.47136	-3.55090	635
18066	5	Deifontes		18	Granada	01	37.35153	-3.60235	2612
18067	1	Diezma		18	Granada	01	37.32663	-3.33988	829
18068	7	Dílar		18	Granada	01	37.06105	-3.49621	2384
18069	0	Dólar		18	Granada	01	37.27921	-2.86927	600
18070	4	Dúdar		18	Granada	01	37.18775	-3.48950	382
18071	1	Dúrcal		18	Granada	01	37.02764	-3.49625	7234
18072	6	Escúzar		18	Granada	01	37.05149	-3.77482	826
18074	7	Ferreira		18	Granada	01	37.18187	-3.02164	297
18076	3	Fonelas		18	Granada	01	37.41695	-3.16061	965
18077	9	Fornes		18	Granada	01	36.95442	-3.85772	526
18078	5	Freila		18	Granada	01	37.52212	-2.92597	960
18079	8	Fuente Vaqueros		18	Granada	01	37.21978	-3.78108	4743
18082	4	Galera		18	Granada	01	37.70639	-2.57569	1139
18083	0	Gobernador		18	Granada	01	37.47899	-3.29645	231
18084	5	Gójar		18	Granada	01	37.09597	-3.58655	6371
18085	8	Gor		18	Granada	01	37.36552	-2.92004	766
18086	1	Gorafe		18	Granada	01	37.53116	-3.03363	368
18087	7	Granada		18	Granada	01	37.18863	-3.59078	233975
18088	3	Guadahortuna		18	Granada	01	37.52315	-3.37600	1829
18089	6	Guadix		18	Granada	01	37.39550	-3.09781	18881
18093	8	Gualchos		18	Granada	01	36.74361	-3.38963	5284
18094	3	Güéjar Sierra		18	Granada	01	37.14279	-3.35559	2915
18095	6	Güevéjar		18	Granada	01	37.25731	-3.60004	2723
18096	9	Huélago		18	Granada	01	37.42028	-3.26029	343
18097	5	Huéneja		18	Granada	01	37.18982	-2.93952	1180
18098	1	Huéscar		18	Granada	01	37.93484	-2.59096	7241
18099	4	Huétor de Santillán		18	Granada	01	37.28418	-3.46274	1964
18100	8	Huétor Tájar		18	Granada	01	37.19687	-4.04683	10749
18101	5	Huétor Vega		18	Granada	01	37.14529	-3.56963	12285
18102	0	Íllora		18	Granada	01	37.27553	-3.90395	9923
18103	6	Ítrabo		18	Granada	01	36.79193	-3.63596	1022
18105	4	Iznalloz		18	Granada	01	37.43921	-3.55157	5179
18106	7	Játar		18	Granada	01	36.93238	-3.91113	631
18107	3	Jayena		18	Granada	01	36.93691	-3.79427	979
18108	9	Jérez del Marquesado		18	Granada	01	37.16528	-3.18807	955
18109	2	Jete		18	Granada	01	36.79777	-3.66785	990
18111	3	Jun		18	Granada	01	37.21721	-3.58930	4103
18112	8	Juviles		18	Granada	01	36.96632	-3.23289	140
18114	9	La Calahorra	Calahorra, La	18	Granada	01	37.21612	-3.05159	680
18115	2	Láchar		18	Granada	01	37.19170	-3.84406	3892
18116	5	Lanjarón		18	Granada	01	36.91853	-3.48180	3708
18117	1	Lanteira		18	Granada	01	37.16758	-3.13016	533
18119	0	Lecrín		18	Granada	01	36.95012	-3.53304	2244
18120	4	Lentegí		18	Granada	01	36.84702	-3.69468	368
18121	1	Lobras		18	Granada	01	36.90868	-3.20859	139
18122	6	Loja		18	Granada	01	37.21259	-4.16939	20951
18123	2	Lugros		18	Granada	01	37.21047	-3.24240	306
18124	7	Lújar		18	Granada	01	36.77846	-3.37406	491
18126	3	La Malahá	Malahá, La	18	Granada	01	37.10418	-3.73682	1928
18127	9	Maracena		18	Granada	01	37.21251	-3.64013	22294
18128	5	Marchal		18	Granada	01	37.30152	-3.19527	437
18132	4	Moclín		18	Granada	01	37.35656	-3.79464	3503
18133	0	Molvízar		18	Granada	01	36.79345	-3.60010	2689
18134	5	Monachil		18	Granada	01	37.13715	-3.54034	8664
18135	8	Montefrío		18	Granada	01	37.34443	-4.03292	5283
18136	1	Montejícar		18	Granada	01	37.55770	-3.51110	1989
18137	7	Montillana		18	Granada	01	37.48023	-3.71600	1054
18138	3	Moraleda de Zafayona		18	Granada	01	37.19102	-3.95943	3214
18140	0	Motril		18	Granada	01	36.73643	-3.47028	59862
18141	7	Murtas		18	Granada	01	36.86091	-3.12196	431
18143	8	Nigüelas		18	Granada	01	36.99632	-3.48555	1229
18144	3	Nívar		18	Granada	01	37.26762	-3.55253	1093
18145	6	Ogíjares		18	Granada	01	37.12384	-3.61242	15239
18146	9	Orce		18	Granada	01	37.69766	-2.41029	1116
18147	5	Órgiva		18	Granada	01	36.86643	-3.38416	5728
18148	1	Otívar		18	Granada	01	36.84230	-3.73063	1011
18149	4	Villa de Otura		18	Granada	01	37.07666	-3.65212	7696
18150	7	Padul		18	Granada	01	37.01803	-3.66932	9667
18151	4	Pampaneira		18	Granada	01	36.96450	-3.38678	312
18152	9	Pedro Martínez		18	Granada	01	37.50862	-3.22309	1166
18153	5	Peligros		18	Granada	01	37.24182	-3.63316	11725
18154	0	La Peza	Peza, La	18	Granada	01	37.29215	-3.31829	1104
18157	2	Pinos Genil		18	Granada	01	37.16153	-3.50289	1642
18158	8	Pinos Puente		18	Granada	01	37.25055	-3.76076	9807
18159	1	Píñar		18	Granada	01	37.43069	-3.43980	1040
18161	2	Polícar		18	Granada	01	37.24751	-3.23655	252
18162	7	Polopos		18	Granada	01	36.77948	-3.29864	1682
18163	3	Pórtugos		18	Granada	01	36.97106	-3.30419	372
18164	8	Puebla de Don Fadrique		18	Granada	01	37.94391	-2.41046	2195
18165	1	Pulianas		18	Granada	01	37.22827	-3.60747	5659
18167	0	Purullena		18	Granada	01	37.34389	-3.19773	2409
18168	6	Quéntar		18	Granada	01	37.22757	-3.41724	952
18170	3	Rubite		18	Granada	01	36.77616	-3.33856	419
18171	0	Salar		18	Granada	01	37.14988	-4.01914	2582
18173	1	Salobreña		18	Granada	01	36.76080	-3.58707	12760
18174	6	Santa Cruz del Comercio		18	Granada	01	37.06249	-3.98343	523
18175	9	Santa Fe		18	Granada	01	37.19241	-3.73812	15494
18176	2	Soportújar		18	Granada	01	36.96057	-3.39906	260
18177	8	Sorvilán		18	Granada	01	36.79459	-3.25995	521
18178	4	Torre-Cardela		18	Granada	01	37.50469	-3.35600	700
18179	7	Torvizcón		18	Granada	01	36.88099	-3.29830	608
18180	1	Trevélez		18	Granada	01	37.05948	-3.25732	698
18181	8	Turón		18	Granada	01	36.84207	-3.10458	203
18182	3	Ugíjar		18	Granada	01	36.94701	-3.07165	2574
18183	9	Válor		18	Granada	01	37.02941	-3.09421	658
18184	4	Vélez de Benaudalla		18	Granada	01	36.83116	-3.49026	3108
18185	7	Ventas de Huelma		18	Granada	01	37.07267	-3.82563	667
18187	6	Villanueva de las Torres		18	Granada	01	37.53496	-3.10869	491
18188	2	Villanueva Mesía		18	Granada	01	37.22062	-4.01576	1965
18189	5	Víznar		18	Granada	01	37.23253	-3.54482	1006
18192	1	Zafarraya		18	Granada	01	36.98647	-4.16086	2244
18193	7	La Zubia	Zubia, La	18	Granada	01	37.11195	-3.57142	20389
18194	2	Zújar		18	Granada	01	37.57208	-2.84714	2655
18901	7	La Taha	Taha, La	18	Granada	01	36.92867	-3.32769	777
18902	2	El Valle	Valle, El	18	Granada	01	36.92777	-3.60047	941
18903	8	Nevada		18	Granada	01	37.04074	-3.02718	1086
18904	3	Alpujarra de la Sierra		18	Granada	01	36.99713	-3.13128	933
18905	6	Las Gabias	Gabias, Las	18	Granada	01	37.13411	-3.69348	23584
18906	9	Los Guájares	Guájares, Los	18	Granada	01	36.85767	-3.60560	1081
18907	5	Valle del Zalabí		18	Granada	01	37.28350	-3.00219	2128
18908	1	Villamena		18	Granada	01	36.97532	-3.59647	1029
18909	4	Morelábor		18	Granada	01	37.44714	-3.30566	588
18910	8	El Pinar	Pinar, El	18	Granada	01	36.91271	-3.55270	867
18911	5	Vegas del Genil		18	Granada	01	37.16966	-3.68933	12424
18912	0	Cuevas del Campo		18	Granada	01	37.60377	-2.89435	1841
18913	6	Zagra		18	Granada	01	37.25875	-4.17810	845
18914	1	Valderrubio		18	Granada	01	37.23449	-3.82243	2069
18915	4	Domingo Pérez de Granada		18	Granada	01	37.49431	-3.50318	822
18916	7	Torrenueva Costa		18	Granada	01	36.70396	-3.48971	3207
19001	9	Abánades		19	Guadalajara	08	40.88537	-2.47238	64
19002	4	Ablanque		19	Guadalajara	08	40.89606	-2.21492	70
19003	0	Adobes		19	Guadalajara	08	40.67246	-1.66744	28
19004	5	Alaminos		19	Guadalajara	08	40.88060	-2.72199	54
19005	8	Alarilla		19	Guadalajara	08	40.84943	-3.10540	144
19006	1	Albalate de Zorita		19	Guadalajara	08	40.29328	-2.84742	1148
19007	7	Albares		19	Guadalajara	08	40.31399	-3.03817	610
19008	3	Albendiego		19	Guadalajara	08	41.22597	-3.05270	50
19009	6	Alcocer		19	Guadalajara	08	40.45659	-2.58090	319
19010	0	Alcolea de las Peñas		19	Guadalajara	08	41.21408	-2.78069	7
19011	7	Alcolea del Pinar		19	Guadalajara	08	40.98955	-2.48127	357
19013	8	Alcoroches		19	Guadalajara	08	40.62828	-1.75142	117
19015	6	Aldeanueva de Guadalajara		19	Guadalajara	08	40.69086	-3.05283	107
19016	9	Algar de Mesa		19	Guadalajara	08	41.14522	-1.95350	44
19017	5	Algora		19	Guadalajara	08	40.94831	-2.67333	89
19018	1	Alhóndiga		19	Guadalajara	08	40.51589	-2.83218	185
19019	4	Alique		19	Guadalajara	08	40.59027	-2.65019	15
19020	8	Almadrones		19	Guadalajara	08	40.89865	-2.76085	67
19021	5	Almoguera		19	Guadalajara	08	40.29440	-2.96648	1379
19022	0	Almonacid de Zorita		19	Guadalajara	08	40.34545	-2.85462	667
19023	6	Alocén		19	Guadalajara	08	40.57096	-2.73138	151
19024	1	Alovera		19	Guadalajara	08	40.59052	-3.24669	14526
19027	3	Alustante		19	Guadalajara	08	40.61358	-1.63964	152
19031	3	Angón		19	Guadalajara	08	41.07126	-2.86195	8
19032	8	Anguita		19	Guadalajara	08	41.00171	-2.35243	150
19033	4	Anquela del Ducado		19	Guadalajara	08	40.96512	-2.14265	46
19034	9	Anquela del Pedregal		19	Guadalajara	08	40.72799	-1.74104	28
19036	5	Aranzueque		19	Guadalajara	08	40.48887	-3.07948	411
19037	1	Arbancón		19	Guadalajara	08	40.98396	-3.15356	157
19038	7	Arbeteta		19	Guadalajara	08	40.68292	-2.40067	16
19039	0	Argecilla		19	Guadalajara	08	40.89238	-2.81533	74
19040	4	Armallones		19	Guadalajara	08	40.74356	-2.33906	52
19041	1	Armuña de Tajuña		19	Guadalajara	08	40.52337	-3.02920	280
19042	6	Arroyo de las Fraguas		19	Guadalajara	08	41.02458	-3.13968	32
19043	2	Atanzón		19	Guadalajara	08	40.65953	-3.01028	83
19044	7	Atienza		19	Guadalajara	08	41.19226	-2.87492	406
19045	0	Auñón		19	Guadalajara	08	40.50549	-2.77899	156
19046	3	Azuqueca de Henares		19	Guadalajara	08	40.55716	-3.25528	35924
19047	9	Baides		19	Guadalajara	08	41.00307	-2.76906	46
19048	5	Baños de Tajo		19	Guadalajara	08	40.71304	-2.01283	13
19049	8	Bañuelos		19	Guadalajara	08	41.29690	-2.91662	10
19050	1	Barriopedro		19	Guadalajara	08	40.78809	-2.75814	26
19051	8	Berninches		19	Guadalajara	08	40.56948	-2.81227	51
19052	3	La Bodera	Bodera, La	19	Guadalajara	08	41.12123	-2.89004	19
19053	9	Brihuega		19	Guadalajara	08	40.74410	-2.83570	2826
19054	4	Budia		19	Guadalajara	08	40.67686	-2.75475	226
19055	7	Bujalaro		19	Guadalajara	08	40.93703	-2.87753	59
19057	6	Bustares		19	Guadalajara	08	41.13572	-3.08459	62
19058	2	Cabanillas del Campo		19	Guadalajara	08	40.63744	-3.24802	11572
19059	5	Campillo de Dueñas		19	Guadalajara	08	40.85813	-1.67234	71
19060	9	Campillo de Ranas		19	Guadalajara	08	41.06463	-3.32251	150
19061	6	Campisábalos		19	Guadalajara	08	41.26075	-3.14724	72
19064	2	Canredondo		19	Guadalajara	08	40.80819	-2.51771	81
19065	5	Cantalojas		19	Guadalajara	08	41.23463	-3.29106	121
19066	8	Cañizar		19	Guadalajara	08	40.77793	-3.07102	78
19067	4	El Cardoso de la Sierra	Cardoso de la Sierra, El	19	Guadalajara	08	41.12391	-3.41719	49
19070	7	Casa de Uceda		19	Guadalajara	08	40.85188	-3.36947	128
19071	4	El Casar	Casar, El	19	Guadalajara	08	40.73418	-3.41777	13962
19073	5	Casas de San Galindo		19	Guadalajara	08	40.88044	-2.97125	24
19074	0	Caspueñas		19	Guadalajara	08	40.70086	-2.97288	120
19075	3	Castejón de Henares		19	Guadalajara	08	40.93072	-2.79041	62
19076	6	Castellar de la Muela		19	Guadalajara	08	40.83081	-1.74581	22
19078	8	Castilforte		19	Guadalajara	08	40.56005	-2.43055	57
19079	1	Castilnuevo		19	Guadalajara	08	40.80316	-1.86621	8
19080	5	Cendejas de Enmedio		19	Guadalajara	08	40.98954	-2.87253	68
19081	2	Cendejas de la Torre		19	Guadalajara	08	40.97938	-2.83770	23
19082	7	Centenera		19	Guadalajara	08	40.65350	-3.05983	158
19086	4	Cifuentes		19	Guadalajara	08	40.74494	-2.58915	1731
19087	0	Cincovillas		19	Guadalajara	08	41.19544	-2.81807	20
19088	6	Ciruelas		19	Guadalajara	08	40.75202	-3.10063	136
19089	9	Ciruelos del Pinar		19	Guadalajara	08	41.00639	-2.21524	23
19090	3	Cobeta		19	Guadalajara	08	40.88069	-2.13669	100
19091	0	Cogollor		19	Guadalajara	08	40.84506	-2.73748	19
19092	5	Cogolludo		19	Guadalajara	08	40.93721	-3.11527	574
19095	9	Condemios de Abajo		19	Guadalajara	08	41.21146	-3.10252	14
19096	2	Condemios de Arriba		19	Guadalajara	08	41.18746	-3.10077	101
19097	8	Congostrina		19	Guadalajara	08	41.04762	-2.97362	18
19098	4	Copernal		19	Guadalajara	08	40.87382	-3.05039	44
19099	7	Corduente		19	Guadalajara	08	40.82930	-2.02726	297
19102	3	El Cubillo de Uceda	Cubillo de Uceda, El	19	Guadalajara	08	40.81179	-3.40885	120
19103	9	Checa		19	Guadalajara	08	40.49081	-1.82413	268
19104	4	Chequilla		19	Guadalajara	08	40.60920	-1.83711	13
19105	7	Chiloeches		19	Guadalajara	08	40.56791	-3.19390	4117
19106	0	Chillarón del Rey		19	Guadalajara	08	40.59330	-2.70160	76
19107	6	Driebes		19	Guadalajara	08	40.24468	-3.04132	331
19108	2	Durón		19	Guadalajara	08	40.63453	-2.70553	108
19109	5	Embid		19	Guadalajara	08	40.97236	-1.71117	37
19110	9	Escamilla		19	Guadalajara	08	40.55642	-2.56381	65
19111	6	Escariche		19	Guadalajara	08	40.40316	-3.06659	186
19112	1	Escopete		19	Guadalajara	08	40.41581	-3.00324	80
19113	7	Espinosa de Henares		19	Guadalajara	08	40.89570	-3.04660	715
19114	2	Esplegares		19	Guadalajara	08	40.86069	-2.36807	30
19115	5	Establés		19	Guadalajara	08	41.01418	-2.03596	35
19116	8	Estriégana		19	Guadalajara	08	41.06443	-2.53131	13
19117	4	Fontanar		19	Guadalajara	08	40.73019	-3.18255	2630
19118	0	Fuembellida		19	Guadalajara	08	40.74194	-2.03862	13
19119	3	Fuencemillán		19	Guadalajara	08	40.92014	-3.09255	81
19120	7	Fuentelahiguera de Albatages		19	Guadalajara	08	40.77334	-3.30851	121
19121	4	Fuentelencina		19	Guadalajara	08	40.50822	-2.87350	324
19122	9	Fuentelsaz		19	Guadalajara	08	41.05622	-1.81754	82
19123	5	Fuentelviejo		19	Guadalajara	08	40.52019	-2.98829	61
19124	0	Fuentenovilla		19	Guadalajara	08	40.37632	-3.10175	621
19125	3	Gajanejos		19	Guadalajara	08	40.83984	-2.88527	51
19126	6	Galápagos		19	Guadalajara	08	40.70861	-3.34760	2802
19127	2	Galve de Sorbe		19	Guadalajara	08	41.21038	-3.20828	97
19129	1	Gascueña de Bornova		19	Guadalajara	08	41.14285	-3.00294	22
19130	5	Guadalajara		19	Guadalajara	08	40.64362	-3.17188	92834
19132	7	Henche		19	Guadalajara	08	40.71663	-2.71028	73
19133	3	Heras de Ayuso		19	Guadalajara	08	40.78706	-3.11384	248
19134	8	Herrería		19	Guadalajara	08	40.89764	-1.95447	13
19135	1	Hiendelaencina		19	Guadalajara	08	41.07771	-3.00399	107
19136	4	Hijes		19	Guadalajara	08	41.26244	-3.00950	24
19138	6	Hita		19	Guadalajara	08	40.84792	-3.02675	336
19139	9	Hombrados		19	Guadalajara	08	40.82131	-1.66217	44
19142	5	Hontoba		19	Guadalajara	08	40.45193	-3.03890	475
19143	1	Horche		19	Guadalajara	08	40.56931	-3.04904	3119
19145	9	Hortezuela de Océn		19	Guadalajara	08	40.95407	-2.40848	32
19146	2	La Huerce	Huerce, La	19	Guadalajara	08	41.12494	-3.17489	52
19147	8	Huérmeces del Cerro		19	Guadalajara	08	41.05352	-2.78883	43
19148	4	Huertahernando		19	Guadalajara	08	40.81743	-2.29779	51
19150	0	Hueva		19	Guadalajara	08	40.46561	-2.95995	113
19151	7	Humanes		19	Guadalajara	08	40.85844	-3.15103	1841
19152	2	Illana		19	Guadalajara	08	40.19584	-2.98000	938
19153	8	Iniéstola		19	Guadalajara	08	40.99288	-2.36503	19
19154	3	Las Inviernas	Inviernas, Las	19	Guadalajara	08	40.86289	-2.66703	60
19155	6	Irueste		19	Guadalajara	08	40.60702	-2.89644	93
19156	9	Jadraque		19	Guadalajara	08	40.92253	-2.92923	1522
19157	5	Jirueque		19	Guadalajara	08	40.96529	-2.90526	44
19159	4	Ledanca		19	Guadalajara	08	40.87169	-2.86861	98
19160	8	Loranca de Tajuña		19	Guadalajara	08	40.44522	-3.11043	1624
19161	5	Lupiana		19	Guadalajara	08	40.61856	-3.04345	344
19162	0	Luzaga		19	Guadalajara	08	40.96576	-2.44975	65
19163	6	Luzón		19	Guadalajara	08	41.03371	-2.27394	50
19165	4	Majaelrayo		19	Guadalajara	08	41.14047	-3.34255	60
19166	7	Málaga del Fresno		19	Guadalajara	08	40.78164	-3.23719	187
19167	3	Malaguilla		19	Guadalajara	08	40.83947	-3.26577	218
19168	9	Mandayona		19	Guadalajara	08	40.96251	-2.73202	285
19169	2	Mantiel		19	Guadalajara	08	40.63349	-2.67547	28
19170	6	Maranchón		19	Guadalajara	08	41.03326	-2.09696	225
19171	3	Marchamalo		19	Guadalajara	08	40.68427	-3.20822	8714
19172	8	Masegoso de Tajuña		19	Guadalajara	08	40.82683	-2.69902	84
19173	4	Matarrubia		19	Guadalajara	08	40.87102	-3.29867	99
19174	9	Matillas		19	Guadalajara	08	40.94452	-2.83420	111
19175	2	Mazarete		19	Guadalajara	08	40.97485	-2.18422	25
19176	5	Mazuecos		19	Guadalajara	08	40.26190	-3.01644	267
19177	1	Medranda		19	Guadalajara	08	40.98604	-2.94026	83
19178	7	Megina		19	Guadalajara	08	40.63861	-1.86508	25
19179	0	Membrillera		19	Guadalajara	08	40.94290	-2.99125	95
19181	1	Miedes de Atienza		19	Guadalajara	08	41.24606	-2.96341	60
19182	6	La Mierla	Mierla, La	19	Guadalajara	08	40.94127	-3.24317	44
19183	2	Milmarcos		19	Guadalajara	08	41.09303	-1.87414	63
19184	7	Millana		19	Guadalajara	08	40.50357	-2.56407	126
19185	0	La Miñosa	Miñosa, La	19	Guadalajara	08	41.17962	-2.93659	31
19186	3	Mirabueno		19	Guadalajara	08	40.92667	-2.71080	86
19187	9	Miralrío		19	Guadalajara	08	40.88775	-2.93350	56
19188	5	Mochales		19	Guadalajara	08	41.09580	-2.02541	36
19189	8	Mohernando		19	Guadalajara	08	40.79863	-3.16850	190
19190	2	Molina de Aragón		19	Guadalajara	08	40.86095	-1.83286	3281
19191	9	Monasterio		19	Guadalajara	08	40.99437	-3.10679	13
19192	4	Mondéjar		19	Guadalajara	08	40.33279	-3.13071	2918
19193	0	Montarrón		19	Guadalajara	08	40.90503	-3.11438	31
19194	5	Moratilla de los Meleros		19	Guadalajara	08	40.50946	-2.93902	106
19195	8	Morenilla		19	Guadalajara	08	40.77470	-1.69985	53
19196	1	Muduex		19	Guadalajara	08	40.82600	-2.95113	104
19197	7	Las Navas de Jadraque	Navas de Jadraque, Las	19	Guadalajara	08	41.10523	-3.08536	37
19198	3	Negredo		19	Guadalajara	08	41.02956	-2.85527	12
19199	6	Ocentejo		19	Guadalajara	08	40.77079	-2.38989	15
19200	0	El Olivar	Olivar, El	19	Guadalajara	08	40.60198	-2.75775	68
19201	7	Olmeda de Cobeta		19	Guadalajara	08	40.84192	-2.20763	56
19202	2	La Olmeda de Jadraque	Olmeda de Jadraque, La	19	Guadalajara	08	41.12331	-2.73946	18
19203	8	El Ordial	Ordial, El	19	Guadalajara	08	41.07900	-3.15164	45
19204	3	Orea		19	Guadalajara	08	40.52615	-1.73858	191
19208	1	Pálmaces de Jadraque		19	Guadalajara	08	41.06001	-2.91712	54
19209	4	Pardos		19	Guadalajara	08	40.94500	-1.92283	33
19210	8	Paredes de Sigüenza		19	Guadalajara	08	41.23721	-2.73605	21
19211	5	Pareja		19	Guadalajara	08	40.57457	-2.65927	493
19212	0	Pastrana		19	Guadalajara	08	40.39788	-2.89123	971
19213	6	El Pedregal	Pedregal, El	19	Guadalajara	08	40.78423	-1.56531	60
19214	1	Peñalén		19	Guadalajara	08	40.68631	-2.08348	72
19215	4	Peñalver		19	Guadalajara	08	40.57719	-2.88520	172
19216	7	Peralejos de las Truchas		19	Guadalajara	08	40.58657	-1.91483	148
19217	3	Peralveche		19	Guadalajara	08	40.60398	-2.48275	52
19218	9	Pinilla de Jadraque		19	Guadalajara	08	41.02155	-2.94401	47
19219	2	Pinilla de Molina		19	Guadalajara	08	40.66775	-1.88447	13
19220	6	Pioz		19	Guadalajara	08	40.46085	-3.16689	5261
19221	3	Piqueras		19	Guadalajara	08	40.66539	-1.73151	33
19222	8	El Pobo de Dueñas	Pobo de Dueñas, El	19	Guadalajara	08	40.79531	-1.62057	102
19223	4	Poveda de la Sierra		19	Guadalajara	08	40.63871	-2.00726	99
19224	9	Pozo de Almoguera		19	Guadalajara	08	40.34725	-3.03112	110
19225	2	Pozo de Guadalajara		19	Guadalajara	08	40.49835	-3.17744	1739
19226	5	Prádena de Atienza		19	Guadalajara	08	41.18739	-3.00384	45
19227	1	Prados Redondos		19	Guadalajara	08	40.78580	-1.82558	45
19228	7	Puebla de Beleña		19	Guadalajara	08	40.89267	-3.21824	57
19229	0	Puebla de Valles		19	Guadalajara	08	40.92211	-3.30743	59
19230	4	Quer		19	Guadalajara	08	40.61480	-3.28117	1080
19231	1	Rebollosa de Jadraque		19	Guadalajara	08	41.09119	-2.84261	11
19232	6	El Recuenco	Recuenco, El	19	Guadalajara	08	40.62369	-2.32958	80
19233	2	Renera		19	Guadalajara	08	40.49048	-3.01705	100
19234	7	Retiendas		19	Guadalajara	08	40.97838	-3.28729	52
19235	0	Riba de Saelices		19	Guadalajara	08	40.90481	-2.28082	113
19237	9	Rillo de Gallo		19	Guadalajara	08	40.88331	-1.92665	37
19238	5	Riofrío del Llano		19	Guadalajara	08	41.12651	-2.80949	49
19239	8	Robledillo de Mohernando		19	Guadalajara	08	40.84408	-3.21036	200
19240	2	Robledo de Corpes		19	Guadalajara	08	41.11781	-2.93490	39
19241	9	Romanillos de Atienza		19	Guadalajara	08	41.27988	-2.88695	37
19242	4	Romanones		19	Guadalajara	08	40.57256	-2.98357	127
19243	0	Rueda de la Sierra		19	Guadalajara	08	40.94350	-1.85647	38
19244	5	Sacecorbo		19	Guadalajara	08	40.82395	-2.39921	90
19245	8	Sacedón		19	Guadalajara	08	40.45957	-2.71322	1623
19246	1	Saelices de la Sal		19	Guadalajara	08	40.90510	-2.34041	41
19247	7	Salmerón		19	Guadalajara	08	40.54708	-2.48337	147
19248	3	San Andrés del Congosto		19	Guadalajara	08	40.98673	-3.03475	63
19249	6	San Andrés del Rey		19	Guadalajara	08	40.63082	-2.81562	35
19250	9	Santiuste		19	Guadalajara	08	41.08732	-2.80866	15
19251	6	Saúca		19	Guadalajara	08	41.03127	-2.56636	47
19252	1	Sayatón		19	Guadalajara	08	40.42072	-2.82265	64
19254	2	Selas		19	Guadalajara	08	40.94155	-2.11135	33
19255	5	Setiles		19	Guadalajara	08	40.73032	-1.60254	78
19256	8	Sienes		19	Guadalajara	08	41.20423	-2.63645	38
19257	4	Sigüenza		19	Guadalajara	08	41.09526	-2.66445	4911
19258	0	Solanillos del Extremo		19	Guadalajara	08	40.76481	-2.69544	72
19259	3	Somolinos		19	Guadalajara	08	41.25927	-3.06969	26
19260	7	El Sotillo	Sotillo, El	19	Guadalajara	08	40.86987	-2.62941	28
19261	4	Sotodosos		19	Guadalajara	08	40.91334	-2.39211	30
19262	9	Tamajón		19	Guadalajara	08	41.03516	-3.22510	153
19263	5	Taragudo		19	Guadalajara	08	40.83213	-3.07933	45
19264	0	Taravilla		19	Guadalajara	08	40.67227	-1.98063	38
19265	3	Tartanedo		19	Guadalajara	08	41.01437	-1.93137	143
19266	6	Tendilla		19	Guadalajara	08	40.54752	-2.95130	353
19267	2	Terzaga		19	Guadalajara	08	40.69816	-1.90795	24
19268	8	Tierzo		19	Guadalajara	08	40.75171	-1.91568	32
19269	1	La Toba	Toba, La	19	Guadalajara	08	41.00612	-3.00436	70
19270	5	Tordelrábano		19	Guadalajara	08	41.21722	-2.75624	8
19271	2	Tordellego		19	Guadalajara	08	40.71046	-1.67688	38
19272	7	Tordesilos		19	Guadalajara	08	40.67596	-1.59576	78
19274	8	Torija		19	Guadalajara	08	40.75096	-3.04620	1877
19277	0	Torrecuadrada de Molina		19	Guadalajara	08	40.73565	-1.82065	20
19278	6	Torrecuadradilla		19	Guadalajara	08	40.84775	-2.54094	26
19279	9	Torre del Burgo		19	Guadalajara	08	40.80050	-3.07719	494
19280	3	Torrejón del Rey		19	Guadalajara	08	40.66158	-3.34781	6435
19281	0	Torremocha de Jadraque		19	Guadalajara	08	41.01448	-2.90389	23
19282	5	Torremocha del Campo		19	Guadalajara	08	40.92517	-2.57642	193
19283	1	Torremocha del Pinar		19	Guadalajara	08	40.88295	-2.05675	32
19284	6	Torremochuela		19	Guadalajara	08	40.75329	-1.85463	6
19285	9	Torrubia		19	Guadalajara	08	40.95789	-1.88686	28
19286	2	Tórtola de Henares		19	Guadalajara	08	40.71266	-3.12926	1439
19287	8	Tortuera		19	Guadalajara	08	41.00616	-1.77551	157
19288	4	Tortuero		19	Guadalajara	08	40.94274	-3.35325	19
19289	7	Traíd		19	Guadalajara	08	40.66583	-1.80433	18
19290	1	Trijueque		19	Guadalajara	08	40.78430	-2.98799	1737
19291	8	Trillo		19	Guadalajara	08	40.67144	-2.56074	1406
19293	9	Uceda		19	Guadalajara	08	40.81983	-3.45128	3400
19294	4	Ujados		19	Guadalajara	08	41.21986	-3.00616	20
19296	0	Utande		19	Guadalajara	08	40.86613	-2.92189	31
19297	6	Valdarachas		19	Guadalajara	08	40.51752	-3.12887	67
19298	2	Valdearenas		19	Guadalajara	08	40.82847	-2.98953	88
19299	5	Valdeavellano		19	Guadalajara	08	40.66305	-2.95855	101
19300	9	Valdeaveruelo		19	Guadalajara	08	40.64978	-3.30727	1317
19301	6	Valdeconcha		19	Guadalajara	08	40.45377	-2.87097	42
19302	1	Valdegrudas		19	Guadalajara	08	40.71692	-3.00541	49
19303	7	Valdelcubo		19	Guadalajara	08	41.22774	-2.67266	42
19304	2	Valdenuño Fernández		19	Guadalajara	08	40.75629	-3.37559	359
19305	5	Valdepeñas de la Sierra		19	Guadalajara	08	40.90398	-3.40229	151
19306	8	Valderrebollo		19	Guadalajara	08	40.81004	-2.74113	25
19307	4	Valdesotos		19	Guadalajara	08	40.97720	-3.31112	35
19308	0	Valfermoso de Tajuña		19	Guadalajara	08	40.62158	-2.95570	77
19309	3	Valhermoso		19	Guadalajara	08	40.77881	-1.98833	15
19310	7	Valtablado del Río		19	Guadalajara	08	40.72604	-2.40132	7
19311	4	Valverde de los Arroyos		19	Guadalajara	08	41.12986	-3.20659	85
19314	0	Viana de Jadraque		19	Guadalajara	08	41.02823	-2.78580	41
19317	2	Villanueva de Alcorón		19	Guadalajara	08	40.67196	-2.23387	140
19318	8	Villanueva de Argecilla		19	Guadalajara	08	40.90469	-2.91125	30
19319	1	Villanueva de la Torre		19	Guadalajara	08	40.59376	-3.30308	6666
19321	2	Villares de Jadraque		19	Guadalajara	08	41.09865	-3.02838	39
19322	7	Villaseca de Henares		19	Guadalajara	08	40.96694	-2.80033	22
19323	3	Villaseca de Uceda		19	Guadalajara	08	40.84288	-3.32610	59
19324	8	Villel de Mesa		19	Guadalajara	08	41.12902	-1.99381	163
19325	1	Viñuelas		19	Guadalajara	08	40.79378	-3.34518	181
19326	4	Yebes		19	Guadalajara	08	40.54894	-3.10480	5637
19327	0	Yebra		19	Guadalajara	08	40.35136	-2.95558	489
19329	9	Yélamos de Abajo		19	Guadalajara	08	40.62045	-2.85148	57
19330	3	Yélamos de Arriba		19	Guadalajara	08	40.64569	-2.83912	97
19331	0	Yunquera de Henares		19	Guadalajara	08	40.75555	-3.17482	4706
19332	5	La Yunta	Yunta, La	19	Guadalajara	08	40.92936	-1.66405	86
19333	1	Zaorejas		19	Guadalajara	08	40.76473	-2.16427	117
19334	6	Zarzuela de Jadraque		19	Guadalajara	08	41.06595	-3.04899	49
19335	9	Zorita de los Canes		19	Guadalajara	08	40.33308	-2.89230	72
19901	0	Semillas		19	Guadalajara	08	41.04580	-3.13676	25
20001	3	Abaltzisketa		20	Gipuzkoa	16	43.05116	-2.11038	321
20002	8	Aduna		20	Gipuzkoa	16	43.21481	-2.05475	500
20003	4	Aizarnazabal		20	Gipuzkoa	16	43.26541	-2.23283	822
20004	9	Albiztur		20	Gipuzkoa	16	43.12865	-2.14387	328
20005	2	Alegia		20	Gipuzkoa	16	43.09843	-2.09503	1813
20006	5	Alkiza		20	Gipuzkoa	16	43.17382	-2.10730	352
20007	1	Altzo		20	Gipuzkoa	16	43.09360	-2.06791	447
20008	7	Amezketa		20	Gipuzkoa	16	43.05770	-2.06836	956
20009	0	Andoain		20	Gipuzkoa	16	43.21941	-2.02091	14517
20010	4	Anoeta		20	Gipuzkoa	16	43.17011	-2.06952	2112
20011	1	Antzuola		20	Gipuzkoa	16	43.10414	-2.36998	2045
20012	6	Arama		20	Gipuzkoa	16	43.06084	-2.16515	173
20013	2	Aretxabaleta		20	Gipuzkoa	16	43.03019	-2.48570	7178
20014	7	Asteasu		20	Gipuzkoa	16	43.20476	-2.10018	1566
20015	0	Ataun		20	Gipuzkoa	16	42.97964	-2.15437	1714
20016	3	Aia		20	Gipuzkoa	16	43.24511	-2.15243	2148
20017	9	Azkoitia		20	Gipuzkoa	16	43.17746	-2.31270	11774
20018	5	Azpeitia		20	Gipuzkoa	16	43.18379	-2.26576	15301
20019	8	Beasain		20	Gipuzkoa	16	43.07326	-2.21791	14048
20020	2	Beizama		20	Gipuzkoa	16	43.12599	-2.21236	128
20021	9	Belauntza		20	Gipuzkoa	16	43.13687	-2.04224	291
20022	4	Berastegi		20	Gipuzkoa	16	43.14649	-1.96510	1114
20023	0	Berrobi		20	Gipuzkoa	16	43.14870	-2.02395	551
20024	5	Bidania-Goiatz		20	Gipuzkoa	16	43.13269	-2.16810	530
20025	8	Zegama		20	Gipuzkoa	16	42.97037	-2.29288	1543
20026	1	Zerain		20	Gipuzkoa	16	43.01068	-2.28480	284
20027	7	Zestoa		20	Gipuzkoa	16	43.23996	-2.25875	3933
20028	3	Zizurkil		20	Gipuzkoa	16	43.21322	-2.07748	2976
20029	6	Deba		20	Gipuzkoa	16	43.29457	-2.35382	5362
20030	0	Eibar		20	Gipuzkoa	16	43.18426	-2.47327	27484
20031	7	Elduain		20	Gipuzkoa	16	43.16289	-1.97469	248
20032	2	Elgoibar		20	Gipuzkoa	16	43.21139	-2.40690	11705
20033	8	Elgeta		20	Gipuzkoa	16	43.15733	-2.49290	1133
20034	3	Eskoriatza		20	Gipuzkoa	16	42.99706	-2.53760	4215
20035	6	Ezkio-Itsaso		20	Gipuzkoa	16	43.08174	-2.27460	604
20036	9	Hondarribia		20	Gipuzkoa	16	43.37489	-1.82397	16788
20037	5	Gaintza		20	Gipuzkoa	16	43.05570	-2.12614	122
20038	1	Gabiria		20	Gipuzkoa	16	43.05643	-2.28758	519
20039	4	Getaria		20	Gipuzkoa	16	43.30001	-2.20685	2887
20040	8	Hernani		20	Gipuzkoa	16	43.23878	-1.94426	20375
20041	5	Hernialde		20	Gipuzkoa	16	43.15399	-2.09291	326
20042	0	Ibarra		20	Gipuzkoa	16	43.14221	-2.05753	4114
20043	6	Idiazabal		20	Gipuzkoa	16	42.99581	-2.22846	2217
20044	1	Ikaztegieta		20	Gipuzkoa	16	43.09273	-2.12111	498
20045	4	Irun		20	Gipuzkoa	16	43.31864	-1.77373	63835
20046	7	Irura		20	Gipuzkoa	16	43.16667	-2.06008	1885
20047	3	Itsasondo		20	Gipuzkoa	16	43.08071	-2.17415	687
20048	9	Larraul		20	Gipuzkoa	16	43.18601	-2.12146	263
20049	2	Lazkao		20	Gipuzkoa	16	43.02100	-2.17191	6087
20050	5	Leaburu		20	Gipuzkoa	16	43.11909	-2.05765	390
20051	2	Legazpi		20	Gipuzkoa	16	43.03075	-2.34237	8384
20052	7	Legorreta		20	Gipuzkoa	16	43.09064	-2.15318	1457
20053	3	Lezo		20	Gipuzkoa	16	43.32634	-1.88577	6184
20054	8	Lizartza		20	Gipuzkoa	16	43.09383	-2.02254	672
20055	1	Arrasate	Mondragón;Arrasate/Mondragón;Arrasate / Mondragón	20	Gipuzkoa	16	43.07452	-2.48415	22450
20056	4	Mutriku		20	Gipuzkoa	16	43.30169	-2.38475	5238
20057	0	Mutiloa		20	Gipuzkoa	16	43.02929	-2.27478	261
20058	6	Olaberria		20	Gipuzkoa	16	43.02698	-2.20624	938
20059	9	Oñati		20	Gipuzkoa	16	43.01783	-2.40679	11480
20060	3	Orexa		20	Gipuzkoa	16	43.08876	-1.99581	103
20061	0	Orio		20	Gipuzkoa	16	43.27746	-2.12706	6184
20062	5	Ormaiztegi		20	Gipuzkoa	16	43.04318	-2.24931	1293
20063	1	Oiartzun		20	Gipuzkoa	16	43.25417	-1.84746	10480
20064	6	Pasaia		20	Gipuzkoa	16	43.34026	-1.89802	15820
20065	9	Soraluze-Placencia de las Armas		20	Gipuzkoa	16	43.17807	-2.41397	3857
20066	2	Errezil		20	Gipuzkoa	16	43.17520	-2.18666	588
20067	8	Errenteria		20	Gipuzkoa	16	43.31253	-1.89873	39363
20068	4	Leintz-Gatzaga		20	Gipuzkoa	16	42.97623	-2.56855	205
20069	7	Donostia	San Sebastián;Donostia/San Sebastián;Donostia / San Sebastián;San Sebastián-Donostia;Donostia-San Sebastián	20	Gipuzkoa	16	43.29181	-1.98851	189866
20070	1	Segura		20	Gipuzkoa	16	43.00082	-2.25765	1496
20071	8	Tolosa		20	Gipuzkoa	16	43.12764	-2.09085	20070
20072	3	Urnieta		20	Gipuzkoa	16	43.22793	-1.96418	6327
20073	9	Usurbil		20	Gipuzkoa	16	43.27146	-2.04814	6488
20074	4	Bergara		20	Gipuzkoa	16	43.12201	-2.41484	14404
20075	7	Villabona		20	Gipuzkoa	16	43.18638	-2.03086	5900
20076	0	Ordizia		20	Gipuzkoa	16	43.06376	-2.18183	10815
20077	6	Urretxu		20	Gipuzkoa	16	43.09218	-2.31442	6730
20078	2	Zaldibia		20	Gipuzkoa	16	43.02010	-2.13876	1761
20079	5	Zarautz		20	Gipuzkoa	16	43.28096	-2.16722	23496
20080	9	Zumarraga		20	Gipuzkoa	16	43.09020	-2.31331	9678
20081	6	Zumaia		20	Gipuzkoa	16	43.28765	-2.24611	10160
20901	4	Mendaro		20	Gipuzkoa	16	43.24578	-2.37858	2028
20902	9	Lasarte-Oria		20	Gipuzkoa	16	43.26379	-2.01193	19435
20903	5	Astigarraga		20	Gipuzkoa	16	43.27976	-1.93343	7812
20904	0	Baliarrain		20	Gipuzkoa	16	43.07290	-2.12937	152
20905	3	Orendain		20	Gipuzkoa	16	43.07770	-2.10480	245
20906	6	Altzaga		20	Gipuzkoa	16	43.06706	-2.15205	165
20907	2	Gaztelu		20	Gipuzkoa	16	43.10853	-2.02207	171
21001	0	Alájar		21	Huelva	01	37.83944	-6.65079	793
21002	5	Aljaraque		21	Huelva	01	37.27984	-7.01918	22737
21003	1	El Almendro	Almendro, El	21	Huelva	01	37.57438	-7.37613	862
21004	6	Almonaster la Real		21	Huelva	01	37.80014	-6.76487	1759
21005	9	Almonte		21	Huelva	01	37.25314	-6.51963	24864
21006	2	Alosno		21	Huelva	01	37.55262	-7.05164	3986
21007	8	Aracena		21	Huelva	01	37.85609	-6.57306	8425
21008	4	Aroche		21	Huelva	01	37.96886	-6.96869	2991
21009	7	Arroyomolinos de León		21	Huelva	01	38.00542	-6.41727	907
21010	1	Ayamonte		21	Huelva	01	37.27034	-7.36322	22001
21011	8	Beas		21	Huelva	01	37.48316	-6.81247	4414
21012	3	Berrocal		21	Huelva	01	37.59639	-6.51659	283
21013	9	Bollullos Par del Condado		21	Huelva	01	37.33316	-6.54478	14314
21014	4	Bonares		21	Huelva	01	37.30272	-6.69188	6125
21015	7	Cabezas Rubias		21	Huelva	01	37.74764	-7.10417	694
21016	0	Cala		21	Huelva	01	37.97438	-6.31578	1106
21017	6	Calañas		21	Huelva	01	37.60601	-6.91192	2749
21018	2	El Campillo	Campillo, El	21	Huelva	01	37.69222	-6.64176	2003
21019	5	Campofrío		21	Huelva	01	37.77920	-6.57206	728
21020	9	Cañaveral de León		21	Huelva	01	37.98854	-6.48426	389
21021	6	Cartaya		21	Huelva	01	37.31568	-7.16817	21471
21022	1	Castaño del Robledo		21	Huelva	01	37.88667	-6.68610	217
21023	7	El Cerro de Andévalo	Cerro de Andévalo, El	21	Huelva	01	37.71606	-7.02102	2246
21024	2	Corteconcepción		21	Huelva	01	37.94036	-6.49212	581
21025	5	Cortegana		21	Huelva	01	37.81043	-6.98684	4617
21026	8	Cortelazor		21	Huelva	01	37.94306	-6.61572	302
21027	4	Cumbres de Enmedio		21	Huelva	01	38.08600	-6.69513	54
21028	0	Cumbres de San Bartolomé		21	Huelva	01	38.06395	-6.79160	354
21029	3	Cumbres Mayores		21	Huelva	01	38.04034	-6.68064	1708
21030	7	Chucena		21	Huelva	01	37.35826	-6.39004	2306
21031	4	Encinasola		21	Huelva	01	38.11775	-6.89929	1232
21032	9	Escacena del Campo		21	Huelva	01	37.50320	-6.38320	2327
21033	5	Fuenteheridos		21	Huelva	01	37.91038	-6.66335	804
21034	0	Galaroza		21	Huelva	01	37.92824	-6.68219	1366
21035	3	Gibraleón		21	Huelva	01	37.38986	-7.00326	13261
21036	6	La Granada de Río-Tinto	Granada de Río-Tinto, La	21	Huelva	01	37.77313	-6.51271	235
21037	2	El Granado	Granado, El	21	Huelva	01	37.51659	-7.42993	480
21038	8	Higuera de la Sierra		21	Huelva	01	37.83361	-6.43557	1292
21039	1	Hinojales		21	Huelva	01	37.99486	-6.55799	314
21040	5	Hinojos		21	Huelva	01	37.20859	-6.40368	4097
21041	2	Huelva		21	Huelva	01	37.25820	-6.92932	143215
21042	7	Isla Cristina		21	Huelva	01	37.22086	-7.30739	21525
21043	3	Jabugo		21	Huelva	01	37.91252	-6.74575	2183
21044	8	Lepe		21	Huelva	01	37.27891	-7.19039	29677
21045	1	Linares de la Sierra		21	Huelva	01	37.85052	-6.60984	279
21046	4	Lucena del Puerto		21	Huelva	01	37.24614	-6.74066	3390
21047	0	Manzanilla		21	Huelva	01	37.39487	-6.43427	2214
21048	6	Los Marines	Marines, Los	21	Huelva	01	37.90660	-6.61990	436
21049	9	Minas de Riotinto		21	Huelva	01	37.69065	-6.56939	3698
21050	2	Moguer		21	Huelva	01	37.24619	-6.81680	24083
21051	9	La Nava	Nava, La	21	Huelva	01	37.97084	-6.75760	271
21052	4	Nerva		21	Huelva	01	37.70032	-6.52662	5087
21053	0	Niebla		21	Huelva	01	37.43064	-6.67988	4268
21054	5	La Palma del Condado	Palma del Condado, La	21	Huelva	01	37.40350	-6.55666	10841
21055	8	Palos de la Frontera		21	Huelva	01	37.19345	-6.89181	12938
21056	1	Paterna del Campo		21	Huelva	01	37.48275	-6.48585	3382
21057	7	Paymogo		21	Huelva	01	37.73988	-7.32388	1132
21058	3	Puebla de Guzmán		21	Huelva	01	37.64161	-7.33150	3071
21059	6	Puerto Moral		21	Huelva	01	37.89976	-6.46547	276
21060	0	Punta Umbría		21	Huelva	01	37.21110	-7.01433	16281
21061	7	Rociana del Condado		21	Huelva	01	37.31247	-6.60751	8024
21062	2	Rosal de la Frontera		21	Huelva	01	37.93596	-7.19441	1676
21063	8	San Bartolomé de la Torre		21	Huelva	01	37.45739	-7.10554	4072
21064	3	San Juan del Puerto		21	Huelva	01	37.33330	-6.83952	9969
21065	6	Sanlúcar de Guadiana		21	Huelva	01	37.44674	-7.38749	418
21066	9	San Silvestre de Guzmán		21	Huelva	01	37.38593	-7.39844	649
21067	5	Santa Ana la Real		21	Huelva	01	37.85450	-6.71220	466
21068	1	Santa Bárbara de Casa		21	Huelva	01	37.80433	-7.21951	1144
21069	4	Santa Olalla del Cala		21	Huelva	01	37.88052	-6.19061	2039
21070	8	Trigueros		21	Huelva	01	37.42171	-6.85679	8159
21071	5	Valdelarco		21	Huelva	01	37.94582	-6.66071	239
21072	0	Valverde del Camino		21	Huelva	01	37.54581	-6.74951	12631
21073	6	Villablanca		21	Huelva	01	37.30642	-7.33015	2939
21074	1	Villalba del Alcor		21	Huelva	01	37.40230	-6.49341	3303
21075	4	Villanueva de las Cruces		21	Huelva	01	37.60770	-7.00072	379
21076	7	Villanueva de los Castillejos		21	Huelva	01	37.44952	-7.18774	2967
21077	3	Villarrasa		21	Huelva	01	37.40205	-6.62964	2103
21078	9	Zalamea la Real		21	Huelva	01	37.63742	-6.66012	2968
21079	2	Zufre		21	Huelva	01	37.82744	-6.38344	736
21902	6	La Zarza-Perrunal	Zarza-Perrunal, La	21	Huelva	01	37.72470	-6.83030	1181
22001	5	Abiego		22	Huesca	02	42.14361	-0.06881	259
22002	0	Abizanda		22	Huesca	02	42.25572	0.18311	162
22003	6	Adahuesca		22	Huesca	02	42.20907	-0.02378	196
22004	1	Agüero		22	Huesca	02	42.30781	-0.85306	142
22006	7	Aisa		22	Huesca	02	42.71922	-0.58998	326
22007	3	Albalate de Cinca		22	Huesca	02	41.74086	0.16598	1080
22008	9	Albalatillo		22	Huesca	02	41.73799	-0.15031	220
22009	2	Albelda		22	Huesca	02	41.84880	0.49963	728
22011	3	Albero Alto		22	Huesca	02	42.05348	-0.34627	123
22012	8	Albero Bajo		22	Huesca	02	42.02615	-0.38304	109
22013	4	Alberuela de Tubo		22	Huesca	02	41.89716	-0.23188	270
22014	9	Alcalá de Gurrea		22	Huesca	02	42.06624	-0.68416	265
22015	2	Alcalá del Obispo		22	Huesca	02	42.08273	-0.27886	394
22016	5	Alcampell		22	Huesca	02	41.88285	0.42949	650
22017	1	Alcolea de Cinca		22	Huesca	02	41.73420	0.06216	1127
22018	7	Alcubierre		22	Huesca	02	41.78826	-0.45238	401
22019	0	Alerre		22	Huesca	02	42.16475	-0.48035	224
22020	4	Alfántega		22	Huesca	02	41.83099	0.14970	125
22021	1	Almudévar		22	Huesca	02	42.06353	-0.58483	2462
22022	6	Almunia de San Juan		22	Huesca	02	41.95013	0.23714	733
22023	2	Almuniente		22	Huesca	02	41.93828	-0.42849	448
22024	7	Alquézar		22	Huesca	02	42.18804	0.01406	328
22025	0	Altorricón		22	Huesca	02	41.78896	0.40982	1504
22027	9	Angüés		22	Huesca	02	42.08260	-0.14950	350
22028	5	Ansó		22	Huesca	02	42.78066	-0.82171	409
22029	8	Antillón		22	Huesca	02	42.02646	-0.16607	127
22032	4	Aragüés del Puerto		22	Huesca	02	42.72155	-0.65774	123
22035	8	Arén		22	Huesca	02	42.25775	0.71857	309
22036	1	Argavieso		22	Huesca	02	42.05256	-0.28069	109
22037	7	Arguis		22	Huesca	02	42.32478	-0.46856	167
22039	6	Ayerbe		22	Huesca	02	42.23761	-0.70690	1050
22040	0	Azanuy-Alins		22	Huesca	02	41.98627	0.31638	184
22041	7	Azara		22	Huesca	02	42.06879	-0.02801	167
22042	2	Azlor		22	Huesca	02	42.09907	-0.03667	155
22043	8	Baélls		22	Huesca	02	41.95909	0.46323	89
22044	3	Bailo		22	Huesca	02	42.50055	-0.80433	265
22045	6	Baldellou		22	Huesca	02	41.91382	0.56606	81
22046	9	Ballobar		22	Huesca	02	41.60416	0.13771	862
22047	5	Banastás		22	Huesca	02	42.18880	-0.45266	335
22048	1	Barbastro		22	Huesca	02	42.04348	0.12556	17807
22049	4	Barbués		22	Huesca	02	41.98400	-0.43812	97
22050	7	Barbuñales		22	Huesca	02	42.04017	-0.10035	93
22051	4	Bárcabo		22	Huesca	02	42.25068	0.06041	116
22052	9	Belver de Cinca		22	Huesca	02	41.71250	0.24103	1298
22053	5	Benabarre		22	Huesca	02	42.08517	0.49223	1142
22054	0	Benasque		22	Huesca	02	42.63269	0.56336	2359
22055	3	Berbegal		22	Huesca	02	41.96709	0.00512	321
22057	2	Bielsa		22	Huesca	02	42.68164	0.18418	479
22058	8	Bierge		22	Huesca	02	42.23950	-0.08437	243
22059	1	Biescas		22	Huesca	02	42.63342	-0.31369	1640
22060	5	Binaced		22	Huesca	02	41.81179	0.21552	1694
22061	2	Binéfar		22	Huesca	02	41.84881	0.29683	10235
22062	7	Bisaurri		22	Huesca	02	42.49213	0.53869	177
22063	3	Biscarrués		22	Huesca	02	42.21245	-0.73186	188
22064	8	Blecua y Torres		22	Huesca	02	42.07091	-0.19123	175
22066	4	Boltaña		22	Huesca	02	42.42490	0.01159	1089
22067	0	Bonansa		22	Huesca	02	42.41651	0.69103	85
22068	6	Borau		22	Huesca	02	42.68487	-0.57539	77
22069	9	Broto		22	Huesca	02	42.56707	-0.15642	615
22072	5	Caldearenas		22	Huesca	02	42.40528	-0.48162	220
22074	6	Campo		22	Huesca	02	42.43170	0.39758	491
22075	9	Camporrélls		22	Huesca	02	41.94027	0.52364	153
22076	2	Canal de Berdún		22	Huesca	02	42.60904	-0.85845	322
22077	8	Candasnos		22	Huesca	02	41.49562	0.06865	478
22078	4	Canfranc		22	Huesca	02	42.75573	-0.47851	633
22079	7	Capdesaso		22	Huesca	02	41.84615	-0.18463	190
22080	1	Capella		22	Huesca	02	42.17580	0.44008	361
22081	8	Casbas de Huesca		22	Huesca	02	42.19607	-0.16714	287
22082	3	Castejón del Puente		22	Huesca	02	41.96303	0.13599	359
22083	9	Castejón de Monegros		22	Huesca	02	41.65089	-0.21738	459
22084	4	Castejón de Sos		22	Huesca	02	42.52225	0.48925	840
22085	7	Castelflorite		22	Huesca	02	41.79882	-0.02416	102
22086	0	Castiello de Jaca		22	Huesca	02	42.64619	-0.55781	280
22087	6	Castigaleu		22	Huesca	02	42.20183	0.58226	80
22088	2	Castillazuelo		22	Huesca	02	42.05973	0.05594	164
22089	5	Castillonroy		22	Huesca	02	41.88609	0.54769	334
22090	9	Colungo		22	Huesca	02	42.19067	0.06520	124
22094	2	Chalamera		22	Huesca	02	41.66437	0.15553	120
22095	5	Chía		22	Huesca	02	42.53636	0.44131	90
22096	8	Chimillas		22	Huesca	02	42.18084	-0.47106	407
22099	3	Esplús		22	Huesca	02	41.76793	0.29953	676
22102	9	Estada		22	Huesca	02	42.07581	0.24606	215
22103	5	Estadilla		22	Huesca	02	42.04465	0.24470	810
22105	3	Estopiñán del Castillo		22	Huesca	02	42.01317	0.54612	147
22106	6	Fago		22	Huesca	02	42.72589	-0.88627	24
22107	2	Fanlo		22	Huesca	02	42.61219	0.00666	114
22109	1	Fiscal		22	Huesca	02	42.49868	-0.11913	358
22110	5	Fonz		22	Huesca	02	42.01223	0.23987	886
22111	2	Foradada del Toscar		22	Huesca	02	42.44031	0.35874	163
22112	7	Fraga		22	Huesca	02	41.47828	0.19751	15576
22113	3	La Fueva	Fueva, La	22	Huesca	02	42.37389	0.26747	597
22114	8	Gistaín		22	Huesca	02	42.67061	0.36957	114
22115	1	El Grado	Grado, El	22	Huesca	02	42.12264	0.20124	383
22116	4	Grañén		22	Huesca	02	41.93160	-0.34050	1718
22117	0	Graus		22	Huesca	02	42.19825	0.37460	3400
22119	9	Gurrea de Gállego		22	Huesca	02	42.02801	-0.76654	1430
22122	5	Hoz de Jaca		22	Huesca	02	42.68149	-0.29663	81
22124	6	Huerto		22	Huesca	02	41.92110	-0.17806	216
22125	9	Huesca		22	Huesca	02	42.14838	-0.41253	55454
22126	2	Ibieca		22	Huesca	02	42.16039	-0.19634	110
22127	8	Igriés		22	Huesca	02	42.20705	-0.43026	727
22128	4	Ilche		22	Huesca	02	41.93825	0.05112	183
22129	7	Isábena		22	Huesca	02	42.30925	0.54485	234
22130	1	Jaca		22	Huesca	02	42.57605	-0.54094	14024
22131	8	Jasa		22	Huesca	02	42.70331	-0.64931	90
22133	9	Labuerda		22	Huesca	02	42.44966	0.11621	179
22135	7	Laluenga		22	Huesca	02	42.01242	-0.01982	198
22136	0	Lalueza		22	Huesca	02	41.86028	-0.24957	849
22137	6	Lanaja		22	Huesca	02	41.74161	-0.35344	1140
22139	5	Laperdiguera		22	Huesca	02	41.99553	-0.04726	87
22141	6	Lascellas-Ponzano		22	Huesca	02	42.07212	-0.08494	138
22142	1	Lascuarre		22	Huesca	02	42.18891	0.51807	139
22143	7	Laspaúles		22	Huesca	02	42.48252	0.59859	255
22144	2	Laspuña		22	Huesca	02	42.52168	0.17679	277
22149	3	Loarre		22	Huesca	02	42.31375	-0.62485	358
22150	6	Loporzano		22	Huesca	02	42.20599	-0.30757	576
22151	3	Loscorrales		22	Huesca	02	42.20378	-0.67166	98
22155	2	Monesma y Cajigar		22	Huesca	02	42.22484	0.61373	68
22156	5	Monflorite-Lascasas		22	Huesca	02	42.08568	-0.37098	475
22157	1	Montanuy		22	Huesca	02	42.55272	0.68843	230
22158	7	Monzón		22	Huesca	02	41.90231	0.17021	18525
22160	4	Naval		22	Huesca	02	42.20129	0.16993	281
22162	6	Novales		22	Huesca	02	42.03577	-0.28418	154
22163	2	Nueno		22	Huesca	02	42.29424	-0.31703	568
22164	7	Olvena		22	Huesca	02	42.10718	0.26811	63
22165	0	Ontiñena		22	Huesca	02	41.62624	0.02855	502
22167	9	Osso de Cinca		22	Huesca	02	41.66396	0.22082	644
22168	5	Palo		22	Huesca	02	42.32596	0.24103	31
22170	2	Panticosa		22	Huesca	02	42.74952	-0.23679	910
22172	4	Peñalba		22	Huesca	02	41.47611	-0.02999	657
22173	0	Las Peñas de Riglos	Peñas de Riglos, Las	22	Huesca	02	42.40685	-0.73420	263
22174	5	Peralta de Alcofea		22	Huesca	02	41.88976	-0.04427	576
22175	8	Peralta de Calasanz		22	Huesca	02	41.98684	0.38284	206
22176	1	Peraltilla		22	Huesca	02	42.04695	-0.01574	212
22177	7	Perarrúa		22	Huesca	02	42.27072	0.35035	116
22178	3	Pertusa		22	Huesca	02	42.00160	-0.12751	129
22181	7	Piracés		22	Huesca	02	41.99630	-0.31472	92
22182	2	Plan		22	Huesca	02	42.54589	0.31028	272
22184	3	Poleñino		22	Huesca	02	41.84914	-0.32453	184
22186	9	Pozán de Vero		22	Huesca	02	42.08199	0.02680	228
22187	5	La Puebla de Castro	Puebla de Castro, La	22	Huesca	02	42.14240	0.29985	430
22188	1	Puente de Montañana		22	Huesca	02	42.17178	0.66443	87
22189	4	Puértolas		22	Huesca	02	42.55016	0.12690	217
22190	8	El Pueyo de Araguás	Pueyo de Araguás, El	22	Huesca	02	42.46455	0.20009	180
22193	6	Pueyo de Santa Cruz		22	Huesca	02	41.85468	0.15724	332
22195	4	Quicena		22	Huesca	02	42.15243	-0.35003	391
22197	3	Robres		22	Huesca	02	41.86176	-0.48055	524
22199	2	Sabiñánigo		22	Huesca	02	42.48348	-0.32919	9695
22200	6	Sahún		22	Huesca	02	42.60530	0.46856	320
22201	3	Salas Altas		22	Huesca	02	42.11672	0.07873	301
22202	8	Salas Bajas		22	Huesca	02	42.09559	0.09271	184
22203	4	Salillas		22	Huesca	02	41.97953	-0.17055	94
22204	9	Sallent de Gállego		22	Huesca	02	42.78615	-0.33832	1505
22205	2	San Esteban de Litera		22	Huesca	02	41.90313	0.34959	672
22206	5	Sangarrén		22	Huesca	02	42.00899	-0.45149	233
22207	1	San Juan de Plan		22	Huesca	02	42.63754	0.39325	145
22208	7	Santa Cilia		22	Huesca	02	42.56111	-0.71420	244
22209	0	Santa Cruz de la Serós		22	Huesca	02	42.53594	-0.68367	193
22212	6	Santaliestra y San Quílez		22	Huesca	02	42.31284	0.36885	78
22213	2	Sariñena		22	Huesca	02	41.77767	-0.16581	4113
22214	7	Secastilla		22	Huesca	02	42.19289	0.25162	142
22215	0	Seira		22	Huesca	02	42.51290	0.38877	149
22217	9	Sena		22	Huesca	02	41.67354	-0.09242	490
22218	5	Senés de Alcubierre		22	Huesca	02	41.90252	-0.51706	49
22220	2	Sesa		22	Huesca	02	41.99144	-0.24910	167
22221	9	Sesué		22	Huesca	02	42.55233	0.47136	120
22222	4	Siétamo		22	Huesca	02	42.14841	-0.25202	697
22223	0	Sopeira		22	Huesca	02	42.34619	0.71851	84
22225	8	Tamarite de Litera		22	Huesca	02	41.81441	0.39098	3464
22226	1	Tardienta		22	Huesca	02	41.95869	-0.55848	952
22227	7	Tella-Sin		22	Huesca	02	42.58097	0.20583	208
22228	3	Tierz		22	Huesca	02	42.13230	-0.35197	821
22229	6	Tolva		22	Huesca	02	42.12978	0.56747	130
22230	0	Torla-Ordesa		22	Huesca	02	42.68052	-0.10713	342
22232	2	Torralba de Aragón		22	Huesca	02	41.91892	-0.52542	105
22233	8	Torre la Ribera		22	Huesca	02	42.38283	0.54421	102
22234	3	Torrente de Cinca		22	Huesca	02	41.45729	0.31597	1037
22235	6	Torres de Alcanadre		22	Huesca	02	41.95499	-0.10178	91
22236	9	Torres de Barbués		22	Huesca	02	41.95966	-0.44804	271
22239	4	Tramaced		22	Huesca	02	41.97259	-0.30145	108
22242	0	Valfarta		22	Huesca	02	41.55035	-0.11595	54
22243	6	Valle de Bardají		22	Huesca	02	42.42733	0.46714	52
22244	1	Valle de Lierp		22	Huesca	02	42.37801	0.49850	52
22245	4	Velilla de Cinca		22	Huesca	02	41.57973	0.25661	505
22246	7	Beranuy		22	Huesca	02	42.37862	0.60484	68
22247	3	Viacamp y Litera		22	Huesca	02	42.06748	0.63482	40
22248	9	Vicién		22	Huesca	02	42.04713	-0.45021	149
22249	2	Villanova		22	Huesca	02	42.55039	0.45703	171
22250	5	Villanúa		22	Huesca	02	42.68925	-0.51352	570
22251	2	Villanueva de Sigena		22	Huesca	02	41.68404	-0.03098	340
22252	7	Yebra de Basa		22	Huesca	02	42.48701	-0.24350	155
22253	3	Yésero		22	Huesca	02	42.63781	-0.22375	60
22254	8	Zaidín		22	Huesca	02	41.62331	0.28254	1807
22901	6	Valle de Hecho		22	Huesca	02	42.71937	-0.73055	813
22902	1	Puente la Reina de Jaca		22	Huesca	02	42.58206	-0.76927	248
22903	7	San Miguel del Cinca		22	Huesca	02	41.82884	0.09116	775
22904	2	La Sotonera	Sotonera, La	22	Huesca	02	42.24049	-0.53258	879
22905	5	Lupiñén-Ortilla		22	Huesca	02	42.15493	-0.65241	359
22906	8	Santa María de Dulcis		22	Huesca	02	42.12633	0.02749	206
22907	4	Aínsa-Sobrarbe		22	Huesca	02	42.32688	0.07127	2335
22908	0	Hoz y Costean		22	Huesca	02	42.12752	0.11875	225
22909	3	Vencillón		22	Huesca	02	41.71097	0.32000	402
23001	1	Albanchez de Mágina		23	Jaén	01	37.79127	-3.46670	903
23002	6	Alcalá la Real		23	Jaén	01	37.46587	-3.94738	21496
23003	2	Alcaudete		23	Jaén	01	37.59692	-4.10775	10129
23004	7	Aldeaquemada		23	Jaén	01	38.40155	-3.36320	446
23005	0	Andújar		23	Jaén	01	38.17695	-4.10369	35610
23006	3	Arjona		23	Jaén	01	37.93159	-4.05257	5330
23007	9	Arjonilla		23	Jaén	01	37.97993	-4.11369	3520
23008	5	Arquillos		23	Jaén	01	38.22238	-3.40717	1682
23009	8	Baeza		23	Jaén	01	37.94731	-3.49804	15575
23010	2	Bailén		23	Jaén	01	38.08023	-3.78418	17119
23011	9	Baños de la Encina		23	Jaén	01	38.28885	-3.76165	2542
23012	4	Beas de Segura		23	Jaén	01	38.25545	-2.87691	4983
23014	5	Begíjar		23	Jaén	01	37.97194	-3.57602	2908
23015	8	Bélmez de la Moraleda		23	Jaén	01	37.73104	-3.37155	1504
23016	1	Benatae		23	Jaén	01	38.35302	-2.65627	423
23017	7	Cabra del Santo Cristo		23	Jaén	01	37.69564	-3.22911	1639
23018	3	Cambil		23	Jaén	01	37.65905	-3.57091	2654
23019	6	Campillo de Arenas		23	Jaén	01	37.59119	-3.66595	1711
23020	0	Canena		23	Jaén	01	38.05662	-3.49774	1717
23021	7	Carboneros		23	Jaén	01	38.21934	-3.63107	624
23024	3	La Carolina	Carolina, La	23	Jaén	01	38.31833	-3.60023	14677
23025	6	Castellar		23	Jaén	01	38.30449	-3.14711	3147
23026	9	Castillo de Locubín		23	Jaén	01	37.54415	-3.94008	3805
23027	5	Cazalilla		23	Jaén	01	37.96366	-3.88520	762
23028	1	Cazorla		23	Jaén	01	37.91186	-2.96486	6930
23029	4	Chiclana de Segura		23	Jaén	01	38.35177	-2.96956	859
23030	8	Chilluévar		23	Jaén	01	37.99008	-3.03107	1309
23031	5	Escañuela		23	Jaén	01	37.87769	-4.02848	902
23032	0	Espeluy		23	Jaén	01	38.02196	-3.86182	596
23033	6	Frailes		23	Jaén	01	37.49756	-3.80893	1565
23034	1	Fuensanta de Martos		23	Jaén	01	37.61875	-3.91541	3030
23035	4	Fuerte del Rey		23	Jaén	01	37.90996	-3.90649	1348
23037	3	Génave		23	Jaén	01	38.44318	-2.75278	548
23038	9	La Guardia de Jaén	Guardia de Jaén, La	23	Jaén	01	37.75552	-3.70342	5212
23039	2	Guarromán		23	Jaén	01	38.18438	-3.65830	2703
23040	6	Lahiguera		23	Jaén	01	37.95497	-3.99308	1560
23041	3	Higuera de Calatrava		23	Jaén	01	37.79951	-4.15327	590
23042	8	Hinojares		23	Jaén	01	37.73084	-3.00804	335
23043	4	Hornos		23	Jaén	01	38.17151	-2.74699	561
23044	9	Huelma		23	Jaén	01	37.67132	-3.38997	5485
23045	2	Huesa		23	Jaén	01	37.67630	-3.06104	2411
23046	5	Ibros		23	Jaén	01	38.05685	-3.53366	2773
23047	1	La Iruela	Iruela, La	23	Jaén	01	37.97127	-2.92798	1819
23048	7	Iznatoraf		23	Jaén	01	38.12273	-2.91265	874
23049	0	Jabalquinto		23	Jaén	01	38.01757	-3.76009	1939
23050	3	Jaén		23	Jaén	01	37.82585	-3.73316	112235
23051	0	Jamilena		23	Jaén	01	37.73787	-3.91638	3319
23052	5	Jimena		23	Jaén	01	37.83687	-3.48576	1219
23053	1	Jódar		23	Jaén	01	37.83832	-3.34870	11285
23054	6	Larva		23	Jaén	01	37.76204	-3.19357	435
23055	9	Linares		23	Jaén	01	38.09734	-3.64455	55633
23056	2	Lopera		23	Jaén	01	37.96347	-4.22617	3502
23057	8	Lupión		23	Jaén	01	38.01578	-3.57789	801
23058	4	Mancha Real		23	Jaén	01	37.86352	-3.60115	11481
23059	7	Marmolejo		23	Jaén	01	38.04701	-4.16176	6412
23060	1	Martos		23	Jaén	01	37.67088	-4.00201	24462
23061	8	Mengíbar		23	Jaén	01	37.97014	-3.79645	10250
23062	3	Montizón		23	Jaén	01	38.37354	-3.09823	1574
23063	9	Navas de San Juan		23	Jaén	01	38.23506	-3.35383	4345
23064	4	Noalejo		23	Jaén	01	37.54970	-3.60051	1721
23065	7	Orcera		23	Jaén	01	38.43453	-2.86698	1715
23066	0	Peal de Becerro		23	Jaén	01	37.89490	-3.15766	5290
23067	6	Pegalajar		23	Jaén	01	37.72480	-3.61274	2830
23069	5	Porcuna		23	Jaén	01	37.85729	-4.19380	5936
23070	9	Pozo Alcón		23	Jaén	01	37.70490	-2.96070	4514
23071	6	Puente de Génave		23	Jaén	01	38.33793	-2.82559	2191
23072	1	La Puerta de Segura	Puerta de Segura, La	23	Jaén	01	38.38075	-2.79131	2223
23073	7	Quesada		23	Jaén	01	37.74558	-3.14617	4901
23074	2	Rus		23	Jaén	01	38.07812	-3.45572	3386
23075	5	Sabiote		23	Jaén	01	38.10397	-3.25590	3742
23076	8	Santa Elena		23	Jaén	01	38.35295	-3.51452	863
23077	4	Santiago de Calatrava		23	Jaén	01	37.74670	-4.18513	660
23079	3	Santisteban del Puerto		23	Jaén	01	38.33157	-3.25724	4451
23080	7	Santo Tomé		23	Jaén	01	38.01813	-2.99694	2029
23081	4	Segura de la Sierra		23	Jaén	01	38.25309	-2.65861	1711
23082	9	Siles		23	Jaén	01	38.40710	-2.60856	2067
23084	0	Sorihuela del Guadalimar		23	Jaén	01	38.18697	-2.84410	1000
23085	3	Torreblascopedro		23	Jaén	01	37.98773	-3.66083	2382
23086	6	Torredelcampo		23	Jaén	01	37.85408	-3.93297	13888
23087	2	Torredonjimeno		23	Jaén	01	37.78907	-4.04767	13213
23088	8	Torreperogil		23	Jaén	01	38.03445	-3.23071	7107
23090	5	Torres		23	Jaén	01	37.78725	-3.52071	1328
23091	2	Torres de Albánchez		23	Jaén	01	38.41569	-2.67866	735
23092	7	Úbeda		23	Jaén	01	38.01357	-3.36868	33588
23093	3	Valdepeñas de Jaén		23	Jaén	01	37.57337	-3.75666	3469
23094	8	Vilches		23	Jaén	01	38.22776	-3.47746	4191
23095	1	Villacarrillo		23	Jaén	01	38.09235	-2.94042	10342
23096	4	Villanueva de la Reina		23	Jaén	01	38.16076	-3.88475	2941
23097	0	Villanueva del Arzobispo		23	Jaén	01	38.17129	-2.95204	7703
23098	6	Villardompardo		23	Jaén	01	37.84392	-3.99781	893
23099	9	Los Villares	Villares, Los	23	Jaén	01	37.68833	-3.83152	6111
23101	0	Villarrodrigo		23	Jaén	01	38.48828	-2.68639	371
23901	2	Cárcheles		23	Jaén	01	37.65331	-3.63619	1291
23902	7	Bedmar y Garcíez		23	Jaén	01	37.84117	-3.42720	2567
23903	3	Villatorres		23	Jaén	01	37.93522	-3.69227	4259
23904	8	Santiago-Pontones		23	Jaén	01	38.08663	-2.67918	2629
23905	1	Arroyo del Ojanco		23	Jaén	01	38.31434	-2.88874	2158
24001	6	Acebedo		24	León	07	43.03529	-5.12525	181
24002	1	Algadefe		24	León	07	42.20733	-5.56769	312
24003	7	Alija del Infantado		24	León	07	42.15559	-5.83299	554
24004	2	Almanza		24	León	07	42.67726	-5.01386	570
24005	5	La Antigua	Antigua, La	24	León	07	42.17896	-5.67318	324
24006	8	Ardón		24	León	07	42.42810	-5.56691	533
24007	4	Arganza		24	León	07	42.64367	-6.68363	800
24008	0	Astorga		24	León	07	42.45927	-6.09461	10305
24009	3	Balboa		24	León	07	42.72382	-6.93559	269
24010	7	La Bañeza	Bañeza, La	24	León	07	42.29534	-5.90267	10195
24011	4	Barjas		24	León	07	42.61180	-6.97493	140
24012	9	Los Barrios de Luna	Barrios de Luna, Los	24	León	07	42.84681	-5.86164	300
24014	0	Bembibre		24	León	07	42.64158	-6.43707	8041
24015	3	Benavides		24	León	07	42.53623	-5.93395	2321
24016	6	Benuza		24	León	07	42.38189	-6.66956	457
24017	2	Bercianos del Páramo		24	León	07	42.35603	-5.69026	513
24018	8	Bercianos del Real Camino		24	León	07	42.39921	-5.15214	179
24019	1	Berlanga del Bierzo		24	León	07	42.74663	-6.58131	311
24020	5	Boca de Huérgano		24	León	07	42.97919	-4.89470	412
24021	2	Boñar		24	León	07	42.90168	-5.28092	1732
24022	7	Borrenes		24	León	07	42.48371	-6.73118	297
24023	3	Brazuelo		24	León	07	42.50331	-6.18931	304
24024	8	El Burgo Ranero	Burgo Ranero, El	24	León	07	42.43532	-5.21619	697
24025	1	Burón		24	León	07	43.06786	-5.04985	282
24026	4	Bustillo del Páramo		24	León	07	42.43649	-5.80995	1057
24027	0	Cabañas Raras		24	León	07	42.61374	-6.62647	1286
24028	6	Cabreros del Río		24	León	07	42.40634	-5.52213	406
24029	9	Cabrillanes		24	León	07	42.97105	-6.16076	687
24030	3	Cacabelos		24	León	07	42.62725	-6.73835	4734
24031	0	Calzada del Coto		24	León	07	42.38015	-5.07488	217
24032	5	Campazas		24	León	07	42.14886	-5.49302	110
24033	1	Campo de Villavidel		24	León	07	42.43632	-5.52080	209
24034	6	Camponaraya		24	León	07	42.58130	-6.67866	4060
24036	2	Valle de Ancares		24	León	07	42.83635	-6.74631	256
24037	8	Cármenes		24	León	07	42.97815	-5.56222	356
24038	4	Carracedelo		24	León	07	42.55708	-6.73090	3423
24039	7	Carrizo		24	León	07	42.59340	-5.85169	2242
24040	1	Carrocera		24	León	07	42.80789	-5.75812	437
24041	8	Carucedo		24	León	07	42.48271	-6.79336	479
24042	3	Castilfalé		24	León	07	42.20295	-5.41383	58
24043	9	Castrillo de Cabrera		24	León	07	42.33728	-6.54744	100
24044	4	Castrillo de la Valduerna		24	León	07	42.33007	-6.14898	136
24046	0	Castrocalbón		24	León	07	42.20884	-5.99552	898
24047	6	Castrocontrigo		24	León	07	42.20758	-6.18339	623
24049	5	Castropodame		24	León	07	42.57419	-6.43513	1570
24050	8	Castrotierra de Valmadrigal		24	León	07	42.34105	-5.23474	106
24051	5	Cea		24	León	07	42.47391	-4.97246	373
24052	0	Cebanico		24	León	07	42.72837	-5.04731	146
24053	6	Cebrones del Río		24	León	07	42.26154	-5.84618	439
24054	1	Cimanes de la Vega		24	León	07	42.10469	-5.60804	431
24055	4	Cimanes del Tejar		24	León	07	42.60828	-5.76169	710
24056	7	Cistierna		24	León	07	42.80798	-5.11194	2857
24057	3	Congosto		24	León	07	42.61133	-6.51489	1418
24058	9	Corbillos de los Oteros		24	León	07	42.41944	-5.46428	174
24059	2	Corullón		24	León	07	42.56369	-6.83158	789
24060	6	Crémenes		24	León	07	42.92964	-5.12372	497
24061	3	Cuadros		24	León	07	42.71737	-5.65328	2075
24062	8	Cubillas de los Oteros		24	León	07	42.38061	-5.50763	140
24063	4	Cubillas de Rueda		24	León	07	42.65598	-5.15518	376
24064	9	Cubillos del Sil		24	León	07	42.64260	-6.56155	1746
24065	2	Chozas de Abajo		24	León	07	42.48568	-5.64836	2699
24066	5	Destriana		24	León	07	42.32148	-6.09684	422
24067	1	Encinedo		24	León	07	42.27290	-6.62024	621
24068	7	La Ercina	Ercina, La	24	León	07	42.79230	-5.22964	412
24069	0	Escobar de Campos		24	León	07	42.32263	-4.95916	32
24070	4	Fabero		24	León	07	42.77379	-6.61823	3998
24071	1	Folgoso de la Ribera		24	León	07	42.65976	-6.33734	973
24073	2	Fresno de la Vega		24	León	07	42.34498	-5.53377	483
24074	7	Fuentes de Carbajal		24	León	07	42.18181	-5.45450	71
24076	3	Garrafe de Torío		24	León	07	42.73715	-5.51292	1649
24077	9	Gordaliza del Pino		24	León	07	42.33232	-5.13854	238
24078	5	Gordoncillo		24	León	07	42.13309	-5.40354	312
24079	8	Gradefes		24	León	07	42.65371	-5.28208	882
24080	2	Grajal de Campos		24	León	07	42.31924	-5.01695	200
24081	9	Gusendos de los Oteros		24	León	07	42.38059	-5.42166	123
24082	4	Hospital de Órbigo		24	León	07	42.46509	-5.88099	948
24083	0	Igüeña		24	León	07	42.73721	-6.26501	1012
24084	5	Izagre		24	León	07	42.23839	-5.28542	133
24086	1	Joarilla de las Matas		24	León	07	42.29472	-5.19254	241
24087	7	Laguna Dalga		24	León	07	42.31920	-5.75411	608
24088	3	Laguna de Negrillos		24	León	07	42.21993	-5.64855	1056
24089	6	León		24	León	07	42.57357	-5.56716	123446
24090	0	Lucillo		24	León	07	42.39212	-6.37314	360
24091	7	Luyego		24	León	07	42.34769	-6.23714	537
24092	2	Llamas de la Ribera		24	León	07	42.63805	-5.88214	783
24093	8	Magaz de Cepeda		24	León	07	42.56284	-6.10614	345
24094	3	Mansilla de las Mulas		24	León	07	42.49950	-5.38405	1706
24095	6	Mansilla Mayor		24	León	07	42.51220	-5.44426	316
24096	9	Maraña		24	León	07	43.05879	-5.18774	103
24097	5	Matadeón de los Oteros		24	León	07	42.33872	-5.37565	212
24098	1	Matallana de Torío		24	León	07	42.85098	-5.51101	1214
24099	4	Matanza		24	León	07	42.26899	-5.36802	157
24100	8	Molinaseca		24	León	07	42.54307	-6.47302	870
24101	5	Murias de Paredes		24	León	07	42.84238	-6.18768	337
24102	0	Noceda del Bierzo		24	León	07	42.71013	-6.39797	603
24103	6	Oencia		24	León	07	42.54705	-6.99321	267
24104	1	Las Omañas	Omañas, Las	24	León	07	42.68490	-5.85387	267
24105	4	Onzonilla		24	León	07	42.51505	-5.58775	1974
24106	7	Oseja de Sajambre		24	León	07	43.13449	-5.05181	214
24107	3	Pajares de los Oteros		24	León	07	42.34865	-5.46034	245
24108	9	Palacios de la Valduerna		24	León	07	42.31707	-5.94776	341
24109	2	Palacios del Sil		24	León	07	42.86741	-6.40381	862
24110	6	Páramo del Sil		24	León	07	42.82879	-6.47598	1141
24112	8	Peranzanes		24	León	07	42.88318	-6.66234	276
24113	4	Pobladura de Pelayo García		24	León	07	42.30817	-5.66012	364
24114	9	La Pola de Gordón	Pola de Gordón, La	24	León	07	42.87553	-5.68185	2833
24115	2	Ponferrada		24	León	07	42.50253	-6.57195	63186
24116	5	Posada de Valdeón		24	León	07	43.16532	-4.91360	392
24117	1	Pozuelo del Páramo		24	León	07	42.16687	-5.78143	374
24118	7	Prado de la Guzpeña		24	León	07	42.79023	-5.03371	108
24119	0	Priaranza del Bierzo		24	León	07	42.48422	-6.67250	672
24120	4	Prioro		24	León	07	42.89948	-4.97491	340
24121	1	Puebla de Lillo		24	León	07	43.03327	-5.28063	641
24122	6	Puente de Domingo Flórez		24	León	07	42.42696	-6.78791	1348
24123	2	Quintana del Castillo		24	León	07	42.65292	-5.99183	699
24124	7	Quintana del Marco		24	León	07	42.19916	-5.84699	299
24125	0	Quintana y Congosto		24	León	07	42.26543	-6.06096	402
24127	9	Regueras de Arriba		24	León	07	42.29503	-5.85461	263
24129	8	Reyero		24	León	07	42.95156	-5.19662	120
24130	2	Riaño		24	León	07	42.97103	-5.00970	476
24131	9	Riego de la Vega		24	León	07	42.35265	-5.97783	697
24132	4	Riello		24	León	07	42.82298	-6.02333	570
24133	0	Rioseco de Tapia		24	León	07	42.69356	-5.76746	409
24134	5	La Robla	Robla, La	24	León	07	42.80724	-5.61360	3574
24136	1	Roperuelos del Páramo		24	León	07	42.22300	-5.78881	502
24137	7	Sabero		24	León	07	42.83999	-5.16220	1020
24139	6	Sahagún		24	León	07	42.36483	-5.01898	2380
24141	7	San Adrián del Valle		24	León	07	42.12553	-5.71274	82
24142	2	San Andrés del Rabanedo		24	León	07	42.62471	-5.67547	29944
24143	8	Sancedo		24	León	07	42.67040	-6.63588	532
24144	3	San Cristóbal de la Polantera		24	León	07	42.39096	-5.90336	611
24145	6	San Emiliano		24	León	07	42.97778	-6.02645	585
24146	9	San Esteban de Nogales		24	León	07	42.15582	-5.94197	239
24148	1	San Justo de la Vega		24	León	07	42.45712	-6.01054	1750
24149	4	San Millán de los Caballeros		24	León	07	42.29489	-5.58477	191
24150	7	San Pedro Bercianos		24	León	07	42.41298	-5.71950	218
24151	4	Santa Colomba de Curueño		24	León	07	42.75821	-5.40905	502
24152	9	Santa Colomba de Somoza		24	León	07	42.47971	-6.27606	472
24153	5	Santa Cristina de Valmadrigal		24	León	07	42.36960	-5.31105	278
24154	0	Santa Elena de Jamuz		24	León	07	42.25450	-5.91393	1021
24155	3	Santa María de la Isla		24	León	07	42.35947	-5.93333	429
24156	6	Santa María del Monte de Cea		24	León	07	42.49650	-5.11403	207
24157	2	Santa María del Páramo		24	León	07	42.35578	-5.75450	2994
24158	8	Santa María de Ordás		24	León	07	42.74951	-5.82686	327
24159	1	Santa Marina del Rey		24	León	07	42.49315	-5.83967	1718
24160	5	Santas Martas		24	León	07	42.44544	-5.35754	763
24161	2	Santiago Millas		24	León	07	42.39508	-6.15930	350
24162	7	Santovenia de la Valdoncina		24	León	07	42.54345	-5.61784	2058
24163	3	Sariegos		24	León	07	42.66182	-5.62702	5456
24164	8	Sena de Luna		24	León	07	42.91794	-5.93488	373
24165	1	Sobrado		24	León	07	42.51480	-6.86700	275
24166	4	Soto de la Vega		24	León	07	42.33410	-5.89149	1481
24167	0	Soto y Amío		24	León	07	42.79020	-5.86483	706
24168	6	Toral de los Guzmanes		24	León	07	42.24623	-5.56533	486
24169	9	Toreno		24	León	07	42.71680	-6.49501	2833
24170	3	Torre del Bierzo		24	León	07	42.57255	-6.31174	1929
24171	0	Trabadelo		24	León	07	42.64117	-6.87097	321
24172	5	Truchas		24	León	07	42.26249	-6.44241	371
24173	1	Turcia		24	León	07	42.56005	-5.88833	974
24174	6	Urdiales del Páramo		24	León	07	42.37801	-5.78226	445
24175	9	Valdefresno		24	León	07	42.61726	-5.47376	2362
24176	2	Valdefuentes del Páramo		24	León	07	42.31687	-5.82216	304
24177	8	Valdelugueros		24	León	07	42.98376	-5.41521	484
24178	4	Valdemora		24	León	07	42.18747	-5.42131	58
24179	7	Valdepiélago		24	León	07	42.87423	-5.41785	306
24180	1	Valdepolo		24	León	07	42.56424	-5.21108	1177
24181	8	Valderas		24	León	07	42.09264	-5.44632	1479
24182	3	Valderrey		24	León	07	42.39865	-6.02064	424
24183	9	Valderrueda		24	León	07	42.83963	-4.98181	817
24184	4	Valdesamario		24	León	07	42.72795	-6.03114	167
24185	7	Val de San Lorenzo		24	León	07	42.40444	-6.11422	480
24187	6	Valdevimbre		24	León	07	42.41347	-5.64121	892
24188	2	Valencia de Don Juan		24	León	07	42.28391	-5.50554	5103
24189	5	Valverde de la Virgen		24	León	07	42.56407	-5.68255	7936
24190	9	Valverde-Enrique		24	León	07	42.30572	-5.28067	148
24191	6	Vallecillo		24	León	07	42.35340	-5.21421	99
24193	7	La Vecilla	Vecilla, La	24	León	07	42.82478	-5.40771	383
24194	2	Vegacervera		24	León	07	42.89878	-5.57494	246
24196	8	Vega de Espinareda		24	León	07	42.77156	-6.73593	2006
24197	4	Vega de Infanzones		24	León	07	42.48721	-5.54297	837
24198	0	Vega de Valcarce		24	León	07	42.66948	-6.97089	555
24199	3	Vegaquemada		24	León	07	42.80507	-5.32837	418
24201	4	Vegas del Condado		24	León	07	42.68467	-5.38523	1165
24202	9	Villablino		24	León	07	42.97792	-6.34327	7585
24203	5	Villabraz		24	León	07	42.25595	-5.44200	82
24205	3	Villadangos del Páramo		24	León	07	42.52271	-5.77041	1268
24206	6	Toral de los Vados		24	León	07	42.54881	-6.78703	1751
24207	2	Villademor de la Vega		24	León	07	42.26864	-5.58304	289
24209	1	Villafranca del Bierzo		24	León	07	42.68545	-6.80945	2591
24210	5	Villagatón		24	León	07	42.64642	-6.18864	611
24211	2	Villamandos		24	León	07	42.18192	-5.59136	272
24212	7	Villamañán		24	León	07	42.33965	-5.60159	1084
24213	3	Villamartín de Don Sancho		24	León	07	42.58345	-5.08912	130
24214	8	Villamejil		24	León	07	42.56769	-6.01456	653
24215	1	Villamol		24	León	07	42.45081	-5.04995	134
24216	4	Villamontán de la Valduerna		24	León	07	42.30410	-6.00804	678
24217	0	Villamoratiel de las Matas		24	León	07	42.40005	-5.31187	121
24218	6	Villanueva de las Manzanas		24	León	07	42.46300	-5.46805	484
24219	9	Villaobispo de Otero		24	León	07	42.50280	-6.05161	514
24221	0	Villaquejida		24	León	07	42.11039	-5.55269	763
24222	5	Villaquilambre		24	León	07	42.65862	-5.52674	18905
24223	1	Villarejo de Órbigo		24	León	07	42.43285	-5.91260	2856
24224	6	Villares de Órbigo		24	León	07	42.47810	-5.91635	557
24225	9	Villasabariego		24	León	07	42.54605	-5.38733	1155
24226	2	Villaselán		24	León	07	42.57256	-5.03049	180
24227	8	Villaturiel		24	León	07	42.53462	-5.52526	1818
24228	4	Villazala		24	León	07	42.37741	-5.84629	560
24229	7	Villazanzo de Valderaduey		24	León	07	42.56881	-4.95016	360
24230	1	Zotes del Páramo		24	León	07	42.26942	-5.74401	384
24901	7	Villamanín		24	León	07	42.97312	-5.70508	863
24902	2	Villaornate y Castro		24	León	07	42.19852	-5.52289	348
25001	9	Abella de la Conca		25	Lleida	09	42.17108	1.11642	156
25002	4	Àger		25	Lleida	09	42.01169	0.76296	637
25003	0	Agramunt		25	Lleida	09	41.80332	1.07083	5653
25004	5	Els Alamús	Alamús, Els	25	Lleida	09	41.59726	0.78997	835
25005	8	Alàs i Cerc		25	Lleida	09	42.33661	1.52186	320
25006	1	L'Albagés	Albagés, L'	25	Lleida	09	41.44624	0.75606	339
25007	7	Albatàrrec		25	Lleida	09	41.56721	0.60850	2331
25008	3	Albesa		25	Lleida	09	41.76190	0.66986	1584
25009	6	L'Albi	Albi, L'	25	Lleida	09	41.42809	0.92079	764
25010	0	Alcanó		25	Lleida	09	41.47530	0.62721	244
25011	7	Alcarràs		25	Lleida	09	41.60067	0.46822	10256
25012	2	Alcoletge		25	Lleida	09	41.65258	0.69573	3640
25013	8	Alfarràs		25	Lleida	09	41.82931	0.56554	2805
25014	3	Alfés		25	Lleida	09	41.50651	0.63400	284
25015	6	Algerri		25	Lleida	09	41.83096	0.62911	424
25016	9	Alguaire		25	Lleida	09	41.73779	0.57861	3060
25017	5	Alins		25	Lleida	09	42.58453	1.35697	269
25019	4	Almacelles		25	Lleida	09	41.73451	0.45730	7018
25020	8	Almatret		25	Lleida	09	41.33897	0.39607	292
25021	5	Almenar		25	Lleida	09	41.78365	0.54525	3369
25022	0	Alòs de Balaguer		25	Lleida	09	41.92487	0.95350	118
25023	6	Alpicat		25	Lleida	09	41.66787	0.56714	6515
25024	1	Alt Àneu		25	Lleida	09	42.67742	1.06655	453
25025	4	Naut Aran		25	Lleida	09	42.68617	0.90603	1902
25027	3	Anglesola		25	Lleida	09	41.66915	1.05905	1389
25029	2	Arbeca		25	Lleida	09	41.54335	0.94218	2163
25030	6	El Pont de Bar	Pont de Bar, El	25	Lleida	09	42.37354	1.62172	162
25031	3	Arres		25	Lleida	09	42.75807	0.69799	58
25032	8	Arsèguel		25	Lleida	09	42.35443	1.57705	87
25033	4	Artesa de Lleida		25	Lleida	09	41.54836	0.69565	1543
25034	9	Artesa de Segre		25	Lleida	09	41.89704	1.04782	3559
25035	2	La Sentiu de Sió	Sentiu de Sió, La	25	Lleida	09	41.79807	0.86948	448
25036	5	Aspa		25	Lleida	09	41.49414	0.67617	233
25037	1	Les Avellanes i Santa Linya	Avellanes i Santa Linya, Les	25	Lleida	09	41.92276	0.79763	434
25038	7	Aitona		25	Lleida	09	41.48031	0.47605	2591
25039	0	Baix Pallars		25	Lleida	09	42.33080	1.07052	345
25040	4	Balaguer		25	Lleida	09	41.78809	0.81691	17729
25041	1	Barbens		25	Lleida	09	41.68415	1.03761	929
25042	6	La Baronia de Rialb	Baronia de Rialb, La	25	Lleida	09	41.93440	1.18712	216
25043	2	La Vall de Boí	Vall de Boí, La	25	Lleida	09	42.50368	0.80415	1122
25044	7	Bassella		25	Lleida	09	42.00853	1.30797	216
25045	0	Bausen		25	Lleida	09	42.84353	0.70301	62
25046	3	Belianes		25	Lleida	09	41.57126	0.99757	514
25047	9	Bellcaire d'Urgell		25	Lleida	09	41.76964	0.89012	1275
25048	5	Bell-lloc d'Urgell		25	Lleida	09	41.63448	0.78085	2364
25049	8	Bellmunt d'Urgell		25	Lleida	09	41.76238	0.94596	174
25050	1	Bellpuig		25	Lleida	09	41.62873	1.00729	5510
25051	8	Bellver de Cerdanya		25	Lleida	09	42.36596	1.76884	2289
25052	3	Bellvís		25	Lleida	09	41.69100	0.82769	2249
25053	9	Benavent de Segrià		25	Lleida	09	41.69562	0.63944	1571
25055	7	Biosca		25	Lleida	09	41.87733	1.37238	185
25056	0	Bovera		25	Lleida	09	41.31639	0.64359	244
25057	6	Es Bòrdes	Bòrdes, Es	25	Lleida	09	42.72296	0.70520	281
25058	2	Les Borges Blanques	Borges Blanques, Les	25	Lleida	09	41.50768	0.85295	6482
25059	5	Bossòst		25	Lleida	09	42.77645	0.68418	1189
25060	9	Cabanabona		25	Lleida	09	41.84602	1.21702	70
25061	6	Cabó		25	Lleida	09	42.23595	1.24244	85
25062	1	Camarasa		25	Lleida	09	41.94736	0.86379	788
25063	7	Canejan		25	Lleida	09	42.82394	0.79096	95
25064	2	Castellar de la Ribera		25	Lleida	09	42.01585	1.39716	131
25067	4	Castelldans		25	Lleida	09	41.49277	0.77034	952
25068	0	Castellnou de Seana		25	Lleida	09	41.65098	0.97594	726
25069	3	Castelló de Farfanya		25	Lleida	09	41.81320	0.72437	548
25070	7	Castellserà		25	Lleida	09	41.75692	0.98425	993
25071	4	Cava		25	Lleida	09	42.31834	1.61469	38
25072	9	Cervera		25	Lleida	09	41.66830	1.26892	9603
25073	5	Cervià de les Garrigues		25	Lleida	09	41.42778	0.83717	641
25074	0	Ciutadilla		25	Lleida	09	41.53785	1.15462	186
25075	3	Clariana de Cardener		25	Lleida	09	41.93990	1.62618	160
25076	6	El Cogul	Cogul, El	25	Lleida	09	41.45242	0.69778	163
25077	2	Coll de Nargó		25	Lleida	09	42.17269	1.31544	585
25078	8	Corbins		25	Lleida	09	41.68639	0.67333	1502
25079	1	Cubells		25	Lleida	09	41.82698	0.95383	354
25081	2	L'Espluga Calba	Espluga Calba, L'	25	Lleida	09	41.49560	1.00850	324
25082	7	Espot		25	Lleida	09	42.57243	1.04098	377
25085	1	Estaràs		25	Lleida	09	41.70385	1.38162	161
25086	4	Esterri d'Àneu		25	Lleida	09	42.62183	1.11874	917
25087	0	Esterri de Cardós		25	Lleida	09	42.58839	1.26806	63
25088	6	Estamariu		25	Lleida	09	42.38129	1.53000	135
25089	9	Farrera		25	Lleida	09	42.48050	1.30566	118
25092	5	La Floresta	Floresta, La	25	Lleida	09	41.49775	0.92657	159
25093	1	Fondarella		25	Lleida	09	41.63238	0.87170	823
25094	6	Foradada		25	Lleida	09	41.87289	1.01830	193
25096	2	La Fuliola	Fuliola, La	25	Lleida	09	41.72045	0.99821	1262
25097	8	Fulleda		25	Lleida	09	41.45775	1.03804	87
25098	4	Gavet de la Conca		25	Lleida	09	42.07874	0.97131	252
25099	7	Golmés		25	Lleida	09	41.62458	0.92400	1909
25100	1	Gósol		25	Lleida	09	42.20374	1.68054	205
25101	8	La Granadella	Granadella, La	25	Lleida	09	41.34929	0.66146	748
25102	3	La Granja d'Escarp	Granja d'Escarp, La	25	Lleida	09	41.40934	0.38404	994
25103	9	Granyanella		25	Lleida	09	41.65590	1.21482	154
25104	4	Granyena de Segarra		25	Lleida	09	41.61993	1.21767	149
25105	7	Granyena de les Garrigues		25	Lleida	09	41.43631	0.65308	174
25109	5	Guimerà		25	Lleida	09	41.56409	1.18275	250
25110	9	Guissona		25	Lleida	09	41.79127	1.28721	7774
25111	6	Guixers		25	Lleida	09	42.14378	1.63933	125
25112	1	Ivars de Noguera		25	Lleida	09	41.86853	0.60749	317
25113	7	Ivars d'Urgell		25	Lleida	09	41.69407	0.96139	1578
25114	2	Ivorra		25	Lleida	09	41.77615	1.39405	100
25115	5	Isona i Conca Dellà		25	Lleida	09	42.12628	1.03854	1038
25118	0	Juncosa		25	Lleida	09	41.37693	0.79553	377
25119	3	Juneda		25	Lleida	09	41.54002	0.82853	3453
25120	7	Lleida	Lérida	25	Lleida	09	41.63077	0.59561	146266
25121	4	Les		25	Lleida	09	42.80860	0.71674	1036
25122	9	Linyola		25	Lleida	09	41.70866	0.89025	2762
25123	5	Lladorre		25	Lleida	09	42.68036	1.27715	246
25124	0	Lladurs		25	Lleida	09	42.07264	1.46811	186
25125	3	Llardecans		25	Lleida	09	41.39473	0.54025	444
25126	6	Llavorsí		25	Lleida	09	42.48568	1.19290	342
25127	2	Lles de Cerdanya		25	Lleida	09	42.43581	1.67113	290
25128	8	Llimiana		25	Lleida	09	42.05868	0.92902	130
25129	1	Llobera		25	Lleida	09	41.92847	1.45189	201
25130	5	Maldà		25	Lleida	09	41.53622	1.02624	239
25131	2	Massalcoreig		25	Lleida	09	41.45270	0.35920	592
25132	7	Massoteres		25	Lleida	09	41.80497	1.33494	227
25133	3	Maials		25	Lleida	09	41.33455	0.49764	951
25134	8	Menàrguens		25	Lleida	09	41.74139	0.73661	798
25135	1	Miralcamp		25	Lleida	09	41.60207	0.89474	1369
25136	4	La Molsosa	Molsosa, La	25	Lleida	09	41.78072	1.52493	100
25137	0	Mollerussa		25	Lleida	09	41.62260	0.88621	15763
25138	6	Montgai		25	Lleida	09	41.80183	0.96500	640
25139	9	Montellà i Martinet		25	Lleida	09	42.33453	1.70132	598
25140	3	Montferrer i Castellbò		25	Lleida	09	42.39999	1.32756	1161
25141	0	Montoliu de Segarra		25	Lleida	09	41.58873	1.27596	180
25142	5	Montoliu de Lleida		25	Lleida	09	41.56106	0.60026	488
25143	1	Montornès de Segarra		25	Lleida	09	41.59938	1.21250	87
25145	9	Nalec		25	Lleida	09	41.54690	1.11569	91
25146	2	Navès		25	Lleida	09	41.98961	1.63336	292
25148	4	Odèn		25	Lleida	09	42.11819	1.44068	231
25149	7	Oliana		25	Lleida	09	42.09987	1.32289	1874
25150	0	Oliola		25	Lleida	09	41.86442	1.17915	192
25151	7	Olius		25	Lleida	09	41.99303	1.57092	990
25152	2	Les Oluges	Oluges, Les	25	Lleida	09	41.69444	1.33927	167
25153	8	Els Omellons	Omellons, Els	25	Lleida	09	41.50053	0.96827	187
25154	3	Els Omells de na Gaia	Omells de na Gaia, Els	25	Lleida	09	41.50049	1.07608	126
25155	6	Organyà		25	Lleida	09	42.20762	1.32033	853
25156	9	Os de Balaguer		25	Lleida	09	41.89214	0.70195	1088
25157	5	Ossó de Sió		25	Lleida	09	41.75353	1.14919	198
25158	1	El Palau d'Anglesola	Palau d'Anglesola, El	25	Lleida	09	41.65162	0.86775	2232
25161	5	Conca de Dalt		25	Lleida	09	42.25133	0.99973	438
25163	6	La Coma i la Pedra	Coma i la Pedra, La	25	Lleida	09	42.17369	1.58688	277
25164	1	Penelles		25	Lleida	09	41.74053	0.95267	431
25165	4	Peramola		25	Lleida	09	42.08219	1.27082	339
25166	7	Pinell de Solsonès		25	Lleida	09	41.95305	1.37391	198
25167	3	Pinós		25	Lleida	09	41.82634	1.54118	274
25168	9	El Poal	Poal, El	25	Lleida	09	41.67540	0.87979	649
25169	2	La Pobla de Cérvoles	Pobla de Cérvoles, La	25	Lleida	09	41.39251	0.87829	208
25170	6	Bellaguarda		25	Lleida	09	41.32930	0.72729	278
25171	3	La Pobla de Segur	Pobla de Segur, La	25	Lleida	09	42.26742	0.98741	3143
25172	8	Ponts		25	Lleida	09	41.91314	1.18704	2653
25173	4	El Pont de Suert	Pont de Suert, El	25	Lleida	09	42.40660	0.74389	2381
25174	9	La Portella	Portella, La	25	Lleida	09	41.73627	0.63920	731
25175	2	Prats i Sansor		25	Lleida	09	42.36736	1.83326	252
25176	5	Preixana		25	Lleida	09	41.59910	1.05094	401
25177	1	Preixens		25	Lleida	09	41.80613	1.03137	399
25179	0	Prullans		25	Lleida	09	42.38211	1.72206	270
25180	4	Puiggròs		25	Lleida	09	41.55988	0.88038	269
25181	1	Puigverd d'Agramunt		25	Lleida	09	41.75182	1.10830	231
25182	6	Puigverd de Lleida		25	Lleida	09	41.54298	0.74040	1409
25183	2	Rialp		25	Lleida	09	42.47202	1.12820	654
25185	0	Ribera d'Urgellet		25	Lleida	09	42.28133	1.37711	989
25186	3	Riner		25	Lleida	09	41.92883	1.55908	269
25189	8	Rosselló		25	Lleida	09	41.69465	0.59802	3416
25190	2	Salàs de Pallars		25	Lleida	09	42.23183	0.91060	365
25191	9	Sanaüja		25	Lleida	09	41.86865	1.31205	385
25192	4	Sant Guim de Freixenet		25	Lleida	09	41.66207	1.40901	1235
25193	0	Sant Llorenç de Morunys		25	Lleida	09	42.13320	1.58850	983
25194	5	Sant Ramon		25	Lleida	09	41.73286	1.35679	483
25196	1	Sant Esteve de la Sarga		25	Lleida	09	42.08753	0.76617	121
25197	7	Sant Guim de la Plana		25	Lleida	09	41.76716	1.34362	190
25200	0	Sarroca de Lleida		25	Lleida	09	41.46595	0.55266	383
25201	7	Sarroca de Bellera		25	Lleida	09	42.41210	0.89846	111
25202	2	Senterada		25	Lleida	09	42.32429	0.93830	160
25203	8	La Seu d'Urgell	Seu d'Urgell, La	25	Lleida	09	42.35757	1.47623	13009
25204	3	Seròs		25	Lleida	09	41.41451	0.42275	1954
25205	6	Sidamon		25	Lleida	09	41.62624	0.83333	760
25206	9	El Soleràs	Soleràs, El	25	Lleida	09	41.42029	0.69893	308
25207	5	Solsona		25	Lleida	09	41.99240	1.50680	9717
25208	1	Soriguera		25	Lleida	09	42.38247	1.13003	446
25209	4	Sort		25	Lleida	09	42.45261	1.07684	2236
25210	8	Soses		25	Lleida	09	41.53795	0.46491	1892
25211	5	Sudanell		25	Lleida	09	41.55633	0.56779	915
25212	0	Sunyer		25	Lleida	09	41.52234	0.59476	310
25215	4	Talarn		25	Lleida	09	42.18808	0.89779	555
25216	7	Talavera		25	Lleida	09	41.58200	1.33849	280
25217	3	Tàrrega		25	Lleida	09	41.64611	1.13588	19057
25218	9	Tarrés		25	Lleida	09	41.42935	1.02166	126
25219	2	Tarroja de Segarra		25	Lleida	09	41.72245	1.27887	164
25220	6	Térmens		25	Lleida	09	41.72146	0.78379	1350
25221	3	Tírvia		25	Lleida	09	42.51994	1.23330	141
25222	8	Tiurana		25	Lleida	09	41.97710	1.25399	69
25223	4	Torà		25	Lleida	09	41.83361	1.43722	1190
25224	9	Els Torms	Torms, Els	25	Lleida	09	41.39632	0.71988	135
25225	2	Tornabous		25	Lleida	09	41.71748	1.05984	832
25226	5	Torrebesses		25	Lleida	09	41.42047	0.60356	278
25227	1	La Torre de Cabdella	Torre de Cabdella, La	25	Lleida	09	42.45162	0.97462	758
25228	7	Torrefarrera		25	Lleida	09	41.69752	0.53832	4900
25230	4	Torregrossa		25	Lleida	09	41.58750	0.82014	2248
25231	1	Torrelameu		25	Lleida	09	41.70798	0.70910	788
25232	6	Torres de Segre		25	Lleida	09	41.52612	0.51745	2317
25233	2	Torre-serona		25	Lleida	09	41.68008	0.63562	405
25234	7	Tremp		25	Lleida	09	42.16525	0.89212	6123
25238	5	Vallbona de les Monges		25	Lleida	09	41.52503	1.08627	223
25239	8	Les Valls de Valira	Valls de Valira, Les	25	Lleida	09	42.41725	1.45775	845
25240	2	Vallfogona de Balaguer		25	Lleida	09	41.75335	0.83479	2009
25242	4	Verdú		25	Lleida	09	41.60954	1.14086	876
25243	0	Vielha e Mijaran		25	Lleida	09	42.68462	0.77263	5865
25244	5	Vilagrassa		25	Lleida	09	41.64332	1.08250	627
25245	8	Vilaller		25	Lleida	09	42.53421	0.75831	496
25247	7	Vilamòs		25	Lleida	09	42.74818	0.71911	174
25248	3	Vilanova de Bellpuig		25	Lleida	09	41.60348	0.95870	1150
25249	6	Vilanova de l'Aguda		25	Lleida	09	41.88280	1.25400	192
25250	9	Vilanova de Meià		25	Lleida	09	41.99487	0.99584	479
25251	6	Vilanova de Segrià		25	Lleida	09	41.70907	0.61882	1094
25252	1	Vila-sana		25	Lleida	09	41.66536	0.91369	753
25253	7	El Vilosell	Vilosell, El	25	Lleida	09	41.38645	0.95058	177
25254	2	Vilanova de la Barca		25	Lleida	09	41.68619	0.73142	1163
25255	5	Vinaixa		25	Lleida	09	41.43729	0.98146	437
25901	0	Vall de Cardós		25	Lleida	09	42.59409	1.21745	388
25902	5	Sant Martí de Riucorb		25	Lleida	09	41.56212	1.06111	668
25903	1	La Guingueta d'Àneu	Guingueta d'Àneu, La	25	Lleida	09	42.60720	1.15194	278
25904	6	Castell de Mur		25	Lleida	09	42.09872	0.84849	159
25905	9	Ribera d'Ondara		25	Lleida	09	41.62883	1.32431	437
25906	2	Les Valls d'Aguilar	Valls d'Aguilar, Les	25	Lleida	09	42.29770	1.26120	253
25907	8	Torrefeta i Florejacs		25	Lleida	09	41.79200	1.26008	589
25908	4	Fígols i Alinyà		25	Lleida	09	42.21129	1.38632	234
25909	7	La Vansa i Fórnols	Vansa i Fórnols, La	25	Lleida	09	42.24173	1.49487	187
25910	1	Josa i Tuixén		25	Lleida	09	42.24745	1.60824	110
25911	8	Els Plans de Sió	Plans de Sió, Els	25	Lleida	09	41.73087	1.20484	506
25912	3	Gimenells i el Pla de la Font		25	Lleida	09	41.65947	0.38722	1069
25913	9	Riu de Cerdanya		25	Lleida	09	42.32815	1.82511	96
26001	2	Ábalos		26	La Rioja	17	42.56635	-2.70349	256
26002	7	Agoncillo		26	La Rioja	17	42.43622	-2.27884	1464
26003	3	Aguilar del Río Alhama		26	La Rioja	17	41.95368	-1.99260	421
26004	8	Ajamil de Cameros		26	La Rioja	17	42.15863	-2.44131	79
26005	1	Albelda de Iregua		26	La Rioja	17	42.36521	-2.47056	3930
26006	4	Alberite		26	La Rioja	17	42.40010	-2.40960	2743
26007	0	Alcanadre		26	La Rioja	17	42.40430	-2.15174	685
26008	6	Aldeanueva de Ebro		26	La Rioja	17	42.22914	-1.90955	2753
26009	9	Alesanco		26	La Rioja	17	42.42393	-2.81877	486
26010	3	Alesón		26	La Rioja	17	42.40763	-2.67069	92
26011	0	Alfaro		26	La Rioja	17	42.15962	-1.82434	9923
26012	5	Almarza de Cameros		26	La Rioja	17	42.22618	-2.59055	41
26013	1	Anguciana		26	La Rioja	17	42.57541	-2.90637	450
26014	6	Anguiano		26	La Rioja	17	42.25097	-2.79837	488
26015	9	Arenzana de Abajo		26	La Rioja	17	42.38089	-2.71764	257
26016	2	Arenzana de Arriba		26	La Rioja	17	42.37424	-2.68635	37
26017	8	Arnedillo		26	La Rioja	17	42.21540	-2.23614	433
26018	4	Arnedo		26	La Rioja	17	42.22147	-2.09284	15140
26019	7	Arrúbal		26	La Rioja	17	42.42852	-2.25266	566
26020	1	Ausejo		26	La Rioja	17	42.35247	-2.13523	774
26021	8	Autol		26	La Rioja	17	42.20823	-1.97109	4958
26022	3	Azofra		26	La Rioja	17	42.43858	-2.79787	188
26023	9	Badarán		26	La Rioja	17	42.36189	-2.80209	474
26024	4	Bañares		26	La Rioja	17	42.46602	-2.91416	198
26025	7	Baños de Rioja		26	La Rioja	17	42.51366	-2.94916	86
26026	0	Baños de Río Tobía		26	La Rioja	17	42.34306	-2.75647	1589
26027	6	Berceo		26	La Rioja	17	42.28808	-2.89840	143
26028	2	Bergasa		26	La Rioja	17	42.26601	-2.15306	172
26029	5	Bergasillas Bajera		26	La Rioja	17	42.25068	-2.16508	31
26030	9	Bezares		26	La Rioja	17	42.36582	-2.66928	19
26031	6	Bobadilla		26	La Rioja	17	42.31837	-2.75675	103
26032	1	Brieva de Cameros		26	La Rioja	17	42.17940	-2.79262	38
26033	7	Briñas		26	La Rioja	17	42.60399	-2.83180	191
26034	2	Briones		26	La Rioja	17	42.52407	-2.78598	752
26035	5	Cabezón de Cameros		26	La Rioja	17	42.18646	-2.51797	23
26036	8	Calahorra		26	La Rioja	17	42.30787	-1.95262	25367
26037	4	Camprovín		26	La Rioja	17	42.35573	-2.71865	158
26038	0	Canales de la Sierra		26	La Rioja	17	42.18182	-3.08247	84
26039	3	Canillas de Río Tuerto		26	La Rioja	17	42.39756	-2.83191	43
26040	7	Cañas		26	La Rioja	17	42.39491	-2.85302	95
26041	4	Cárdenas		26	La Rioja	17	42.37456	-2.76648	132
26042	9	Casalarreina		26	La Rioja	17	42.54737	-2.90537	1094
26043	5	Castañares de Rioja		26	La Rioja	17	42.51323	-2.92150	440
26044	0	Castroviejo		26	La Rioja	17	42.32879	-2.65565	57
26045	3	Cellorigo		26	La Rioja	17	42.62373	-3.00119	15
26046	6	Cenicero		26	La Rioja	17	42.47934	-2.64503	2173
26047	2	Cervera del Río Alhama		26	La Rioja	17	42.03132	-1.96604	2237
26048	8	Cidamón		26	La Rioja	17	42.48508	-2.85583	18
26049	1	Cihuri		26	La Rioja	17	42.57875	-2.92106	205
26050	4	Cirueña		26	La Rioja	17	42.42450	-2.87766	194
26051	1	Clavijo		26	La Rioja	17	42.35015	-2.42845	294
26052	6	Cordovín		26	La Rioja	17	42.38839	-2.80854	154
26053	2	Corera		26	La Rioja	17	42.35408	-2.21456	281
26054	7	Cornago		26	La Rioja	17	42.06644	-2.10273	298
26055	0	Corporales		26	La Rioja	17	42.42170	-3.00629	40
26056	3	Cuzcurrita de Río Tirón		26	La Rioja	17	42.54332	-2.96236	565
26057	9	Daroca de Rioja		26	La Rioja	17	42.37140	-2.58162	63
26058	5	Enciso		26	La Rioja	17	42.13977	-2.24938	167
26059	8	Entrena		26	La Rioja	17	42.39580	-2.51514	1660
26060	2	Estollo		26	La Rioja	17	42.32072	-2.84415	90
26061	9	Ezcaray		26	La Rioja	17	42.26325	-3.02384	2067
26062	4	Foncea		26	La Rioja	17	42.61197	-3.04224	86
26063	0	Fonzaleche		26	La Rioja	17	42.58971	-3.00067	138
26064	5	Fuenmayor		26	La Rioja	17	42.47483	-2.58420	3281
26065	8	Galbárruli		26	La Rioja	17	42.62090	-2.95722	70
26066	1	Galilea		26	La Rioja	17	42.36162	-2.22672	419
26067	7	Gallinero de Cameros		26	La Rioja	17	42.17479	-2.61193	16
26068	3	Gimileo		26	La Rioja	17	42.55351	-2.81833	122
26069	6	Grañón		26	La Rioja	17	42.43845	-3.02002	209
26070	0	Grávalos		26	La Rioja	17	42.11389	-1.98580	196
26071	7	Haro		26	La Rioja	17	42.58770	-2.85585	12167
26072	2	Herce		26	La Rioja	17	42.22970	-2.17085	340
26073	8	Herramélluri		26	La Rioja	17	42.50294	-3.01304	111
26074	3	Hervías		26	La Rioja	17	42.45016	-2.85565	138
26075	6	Hormilla		26	La Rioja	17	42.45400	-2.77835	442
26076	9	Hormilleja		26	La Rioja	17	42.46376	-2.72942	153
26077	5	Hornillos de Cameros		26	La Rioja	17	42.21247	-2.40323	14
26078	1	Hornos de Moncalvillo		26	La Rioja	17	42.39734	-2.57891	92
26079	4	Huércanos		26	La Rioja	17	42.43204	-2.66753	856
26080	8	Igea		26	La Rioja	17	42.05283	-2.02636	638
26081	5	Jalón de Cameros		26	La Rioja	17	42.21355	-2.49268	23
26082	0	Laguna de Cameros		26	La Rioja	17	42.16397	-2.54024	109
26083	6	Lagunilla del Jubera		26	La Rioja	17	42.32688	-2.34514	385
26084	1	Lardero		26	La Rioja	17	42.41409	-2.47206	12060
26086	7	Ledesma de la Cogolla		26	La Rioja	17	42.31850	-2.70427	16
26087	3	Leiva		26	La Rioja	17	42.50889	-3.04404	235
26088	9	Leza de Río Leza		26	La Rioja	17	42.33620	-2.40813	40
26089	2	Logroño		26	La Rioja	17	42.46712	-2.44541	152150
26091	3	Lumbreras de Cameros		26	La Rioja	17	42.08330	-2.58602	144
26092	8	Manjarrés		26	La Rioja	17	42.39163	-2.66187	97
26093	4	Mansilla de la Sierra		26	La Rioja	17	42.11194	-2.90640	57
26094	9	Manzanares de Rioja		26	La Rioja	17	42.38196	-2.90470	68
26095	2	Matute		26	La Rioja	17	42.29289	-2.79315	88
26096	5	Medrano		26	La Rioja	17	42.38996	-2.55818	350
26098	7	Munilla		26	La Rioja	17	42.19818	-2.32587	93
26099	0	Murillo de Río Leza		26	La Rioja	17	42.40743	-2.30838	1656
26100	4	Muro de Aguas		26	La Rioja	17	42.12927	-2.12295	57
26101	1	Muro en Cameros		26	La Rioja	17	42.22087	-2.53856	40
26102	6	Nájera		26	La Rioja	17	42.42440	-2.73399	8336
26103	2	Nalda		26	La Rioja	17	42.33231	-2.48804	1307
26104	7	Navajún		26	La Rioja	17	41.96839	-2.08313	8
26105	0	Navarrete		26	La Rioja	17	42.42812	-2.56381	3061
26106	3	Nestares		26	La Rioja	17	42.28622	-2.60525	85
26107	9	Nieva de Cameros		26	La Rioja	17	42.22010	-2.67050	87
26108	5	Ocón		26	La Rioja	17	42.30561	-2.19728	312
26109	8	Ochánduri		26	La Rioja	17	42.52594	-3.00094	78
26110	2	Ojacastro		26	La Rioja	17	42.34846	-2.98790	199
26111	9	Ollauri		26	La Rioja	17	42.54185	-2.82808	319
26112	4	Ortigosa de Cameros		26	La Rioja	17	42.16145	-2.71155	214
26113	0	Pazuengos		26	La Rioja	17	42.30349	-2.93046	24
26114	5	Pedroso		26	La Rioja	17	42.29486	-2.70019	89
26115	8	Pinillos		26	La Rioja	17	42.19207	-2.59710	18
26117	7	Pradejón		26	La Rioja	17	42.32684	-2.04225	3742
26118	3	Pradillo		26	La Rioja	17	42.18711	-2.64057	64
26119	6	Préjano		26	La Rioja	17	42.16262	-2.18379	206
26120	0	Quel		26	La Rioja	17	42.20555	-2.04448	2128
26121	7	Rabanera		26	La Rioja	17	42.18295	-2.47644	29
26122	2	El Rasillo de Cameros	Rasillo de Cameros, El	26	La Rioja	17	42.19631	-2.71358	149
26123	8	El Redal	Redal, El	26	La Rioja	17	42.34746	-2.20000	138
26124	3	Ribafrecha		26	La Rioja	17	42.35828	-2.36880	1076
26125	6	Rincón de Soto		26	La Rioja	17	42.23770	-1.84770	4041
26126	9	Robres del Castillo		26	La Rioja	17	42.25677	-2.29222	21
26127	5	Rodezno		26	La Rioja	17	42.51282	-2.83032	230
26128	1	Sajazarra		26	La Rioja	17	42.59533	-2.94306	123
26129	4	San Asensio		26	La Rioja	17	42.50750	-2.74034	1088
26130	8	San Millán de la Cogolla		26	La Rioja	17	42.30597	-2.89312	214
26131	5	San Millán de Yécora		26	La Rioja	17	42.54813	-3.09931	35
26132	0	San Román de Cameros		26	La Rioja	17	42.22554	-2.45999	127
26134	1	Santa Coloma		26	La Rioja	17	42.35842	-2.63682	104
26135	4	Santa Engracia del Jubera		26	La Rioja	17	42.30830	-2.30841	188
26136	7	Santa Eulalia Bajera		26	La Rioja	17	42.22341	-2.19023	112
26138	9	Santo Domingo de la Calzada		26	La Rioja	17	42.42847	-2.95550	6441
26139	2	San Torcuato		26	La Rioja	17	42.48050	-2.85884	62
26140	6	Santurde de Rioja		26	La Rioja	17	42.38993	-2.99503	260
26141	3	Santurdejo		26	La Rioja	17	42.36321	-2.94265	95
26142	8	San Vicente de la Sonsierra		26	La Rioja	17	42.56128	-2.74685	1054
26143	4	Sojuela		26	La Rioja	17	42.35511	-2.55762	690
26144	9	Sorzano		26	La Rioja	17	42.34621	-2.52137	233
26145	2	Sotés		26	La Rioja	17	42.39076	-2.60540	261
26146	5	Soto en Cameros		26	La Rioja	17	42.27612	-2.43121	82
26147	1	Terroba		26	La Rioja	17	42.25669	-2.43053	31
26148	7	Tirgo		26	La Rioja	17	42.54540	-2.94931	167
26149	0	Tobía		26	La Rioja	17	42.27488	-2.86086	41
26150	3	Tormantos		26	La Rioja	17	42.50072	-3.06639	124
26151	0	Torrecilla en Cameros		26	La Rioja	17	42.26229	-2.61813	474
26152	5	Torrecilla sobre Alesanco		26	La Rioja	17	42.41565	-2.84116	58
26153	1	Torre en Cameros		26	La Rioja	17	42.24502	-2.52332	8
26154	6	Torremontalbo		26	La Rioja	17	42.50305	-2.69131	7
26155	9	Treviana		26	La Rioja	17	42.55833	-3.04556	142
26157	8	Tricio		26	La Rioja	17	42.39940	-2.71000	376
26158	4	Tudelilla		26	La Rioja	17	42.29349	-2.11735	360
26160	1	Uruñuela		26	La Rioja	17	42.45572	-2.69975	1007
26161	8	Valdemadera		26	La Rioja	17	41.98783	-2.05915	15
26162	3	Valgañón		26	La Rioja	17	42.32544	-3.07784	133
26163	9	Ventosa		26	La Rioja	17	42.40350	-2.62941	196
26164	4	Ventrosa		26	La Rioja	17	42.17623	-2.83796	48
26165	7	Viguera		26	La Rioja	17	42.30542	-2.53884	377
26166	0	Villalba de Rioja		26	La Rioja	17	42.61018	-2.89411	155
26167	6	Villalobar de Rioja		26	La Rioja	17	42.49047	-2.96744	84
26168	2	Villamediana de Iregua		26	La Rioja	17	42.43302	-2.40780	9263
26169	5	Villanueva de Cameros		26	La Rioja	17	42.15658	-2.64154	68
26170	9	El Villar de Arnedo	Villar de Arnedo, El	26	La Rioja	17	42.31383	-2.07791	645
26171	6	Villar de Torre		26	La Rioja	17	42.36674	-2.86595	143
26172	1	Villarejo		26	La Rioja	17	42.36724	-2.89256	30
26173	7	Villarroya		26	La Rioja	17	42.13838	-2.06338	9
26174	2	Villarta-Quintana		26	La Rioja	17	42.40597	-3.05913	129
26175	5	Villavelayo		26	La Rioja	17	42.16880	-2.98772	43
26176	8	Villaverde de Rioja		26	La Rioja	17	42.32183	-2.81371	65
26177	4	Villoslada de Cameros		26	La Rioja	17	42.07090	-2.69950	351
26178	0	Viniegra de Abajo		26	La Rioja	17	42.12599	-2.88111	81
26179	3	Viniegra de Arriba		26	La Rioja	17	42.08119	-2.82467	40
26180	7	Zarratón		26	La Rioja	17	42.51878	-2.87125	254
26181	4	Zarzosa		26	La Rioja	17	42.17312	-2.35414	14
26183	5	Zorraquín		26	La Rioja	17	42.31938	-3.04309	88
27001	8	Abadín		27	Lugo	12	43.37980	-7.50625	2239
27002	3	Alfoz		27	Lugo	12	43.53333	-7.43333	1493
27003	9	Antas de Ulla		27	Lugo	12	42.81429	-7.89814	1822
27004	4	Baleira		27	Lugo	12	43.04156	-7.19547	1093
27005	7	Barreiros		27	Lugo	12	43.52723	-7.21842	3036
27006	0	Becerreá		27	Lugo	12	42.87697	-7.12108	2836
27007	6	Begonte		27	Lugo	12	43.16470	-7.68628	2886
27008	2	Bóveda		27	Lugo	12	42.62964	-7.47561	1369
27009	5	Carballedo		27	Lugo	12	42.52459	-7.81118	1987
27010	9	Castro de Rei		27	Lugo	12	43.20793	-7.40006	5001
27011	6	Castroverde		27	Lugo	12	43.01341	-7.34260	2478
27012	1	Cervantes		27	Lugo	12	42.84066	-6.98393	1142
27013	7	Cervo		27	Lugo	12	43.67423	-7.42532	4137
27014	2	O Corgo	Corgo, O	27	Lugo	12	42.93403	-7.46032	3366
27015	5	Cospeito		27	Lugo	12	43.21331	-7.52422	4172
27016	8	Chantada		27	Lugo	12	42.60874	-7.79753	8171
27017	4	Folgoso do Courel		27	Lugo	12	42.60877	-7.15925	921
27018	0	A Fonsagrada	Fonsagrada, A	27	Lugo	12	43.14943	-7.07969	3073
27019	3	Foz		27	Lugo	12	43.57692	-7.32954	10329
27020	7	Friol		27	Lugo	12	43.02434	-7.80793	3608
27021	4	Xermade		27	Lugo	12	43.37699	-7.79688	1665
27022	9	Guitiriz		27	Lugo	12	43.22735	-7.82530	5180
27023	5	Guntín		27	Lugo	12	42.87874	-7.63227	2501
27024	0	O Incio	Incio, O	27	Lugo	12	42.66408	-7.36959	1513
27025	3	Xove		27	Lugo	12	43.69375	-7.50398	3269
27026	6	Láncara		27	Lugo	12	42.85243	-7.37458	2489
27027	2	Lourenzá		27	Lugo	12	43.45638	-7.28955	2083
27028	8	Lugo		27	Lugo	12	43.00263	-7.49944	100143
27029	1	Meira		27	Lugo	12	43.22910	-7.25021	1773
27030	5	Mondoñedo		27	Lugo	12	43.43157	-7.34928	3303
27031	2	Monforte de Lemos		27	Lugo	12	42.51201	-7.49423	18933
27032	7	Monterroso		27	Lugo	12	42.80035	-7.83631	3744
27033	3	Muras		27	Lugo	12	43.50338	-7.68758	577
27034	8	Navia de Suarna		27	Lugo	12	42.98490	-6.96833	971
27035	1	Negueira de Muñiz		27	Lugo	12	43.13125	-6.89597	236
27037	0	As Nogais	Nogais, As	27	Lugo	12	42.76514	-7.10920	914
27038	6	Ourol		27	Lugo	12	43.55647	-7.66187	965
27039	9	Outeiro de Rei		27	Lugo	12	43.11643	-7.60506	5420
27040	3	Palas de Rei		27	Lugo	12	42.86918	-7.90138	3227
27041	0	Pantón		27	Lugo	12	42.50890	-7.63756	2350
27042	5	Paradela		27	Lugo	12	42.75382	-7.59008	1557
27043	1	O Páramo	Páramo, O	27	Lugo	12	42.83897	-7.52426	1265
27044	6	A Pastoriza	Pastoriza, A	27	Lugo	12	43.29007	-7.33442	2794
27045	9	Pedrafita do Cebreiro		27	Lugo	12	42.69472	-7.08248	868
27046	2	Pol		27	Lugo	12	43.15552	-7.32137	1550
27047	8	A Pobra do Brollón	Pobra do Brollón, A	27	Lugo	12	42.55555	-7.36756	1610
27048	4	A Pontenova	Pontenova, A	27	Lugo	12	43.32834	-7.18214	2106
27049	7	Portomarín		27	Lugo	12	42.80680	-7.61679	1277
27050	0	Quiroga		27	Lugo	12	42.48468	-7.20928	3040
27051	7	Ribadeo		27	Lugo	12	43.53249	-7.09913	10022
27052	2	Ribas de Sil		27	Lugo	12	42.43885	-7.29536	894
27053	8	Ribeira de Piquín		27	Lugo	12	43.20540	-7.18448	549
27054	3	Riotorto		27	Lugo	12	43.31771	-7.25803	1182
27055	6	Samos		27	Lugo	12	42.71216	-7.27706	1158
27056	9	Rábade		27	Lugo	12	43.12311	-7.62086	1514
27057	5	Sarria		27	Lugo	12	42.77186	-7.43856	13726
27058	1	O Saviñao	Saviñao, O	27	Lugo	12	42.63901	-7.64820	3470
27059	4	Sober		27	Lugo	12	42.44172	-7.55582	2090
27060	8	Taboada		27	Lugo	12	42.70991	-7.74810	2617
27061	5	Trabada		27	Lugo	12	43.44527	-7.15939	1070
27062	0	Triacastela		27	Lugo	12	42.75905	-7.20527	589
27063	6	O Valadouro	Valadouro, O	27	Lugo	12	43.53657	-7.48776	1845
27064	1	O Vicedo	Vicedo, O	27	Lugo	12	43.71328	-7.65436	1553
27065	4	Vilalba		27	Lugo	12	43.32521	-7.65968	13852
27066	7	Viveiro		27	Lugo	12	43.65550	-7.58279	15120
27901	9	Baralla		27	Lugo	12	42.93208	-7.23864	2396
27902	4	Burela		27	Lugo	12	43.66260	-7.36176	9630
28001	4	La Acebeda	Acebeda, La	28	Madrid	13	41.09302	-3.62014	70
28002	9	Ajalvir		28	Madrid	13	40.52909	-3.47658	4868
28003	5	Alameda del Valle		28	Madrid	13	40.92046	-3.84824	267
28004	0	El Álamo	Álamo, El	28	Madrid	13	40.23284	-3.98730	10594
28005	3	Alcalá de Henares		28	Madrid	13	40.49940	-3.34017	203208
28006	6	Alcobendas		28	Madrid	13	40.53615	-3.62913	123342
28007	2	Alcorcón		28	Madrid	13	40.34923	-3.82847	175719
28008	8	Aldea del Fresno		28	Madrid	13	40.30642	-4.21754	3503
28009	1	Algete		28	Madrid	13	40.61498	-3.53328	21144
28010	5	Alpedrete		28	Madrid	13	40.66191	-4.01890	15686
28011	2	Ambite		28	Madrid	13	40.34255	-3.17200	732
28012	7	Anchuelo		28	Madrid	13	40.46883	-3.27659	1414
28013	3	Aranjuez		28	Madrid	13	40.02020	-3.65907	63040
28014	8	Arganda del Rey		28	Madrid	13	40.29637	-3.44945	60419
28015	1	Arroyomolinos		28	Madrid	13	40.28623	-3.92020	38075
28016	4	El Atazar	Atazar, El	28	Madrid	13	40.92919	-3.47260	110
28017	0	Batres		28	Madrid	13	40.22538	-3.92800	1976
28018	6	Becerril de la Sierra		28	Madrid	13	40.72857	-3.97460	6737
28019	9	Belmonte de Tajo		28	Madrid	13	40.13294	-3.33753	1955
28020	3	Berzosa del Lozoya		28	Madrid	13	40.97360	-3.53246	242
28021	0	El Berrueco	Berrueco, El	28	Madrid	13	40.88823	-3.55323	795
28022	5	Boadilla del Monte		28	Madrid	13	40.40461	-3.88470	66349
28023	1	El Boalo	Boalo, El	28	Madrid	13	40.70105	-3.91460	8770
28024	6	Braojos		28	Madrid	13	41.05662	-3.65581	233
28025	9	Brea de Tajo		28	Madrid	13	40.23868	-3.12008	577
28026	2	Brunete		28	Madrid	13	40.39957	-3.99753	11287
28027	8	Buitrago del Lozoya		28	Madrid	13	40.99419	-3.63538	2034
28028	4	Bustarviejo		28	Madrid	13	40.84372	-3.73084	2870
28029	7	Cabanillas de la Sierra		28	Madrid	13	40.82570	-3.63678	961
28030	1	La Cabrera	Cabrera, La	28	Madrid	13	40.86421	-3.60828	2889
28031	8	Cadalso de los Vidrios		28	Madrid	13	40.29841	-4.43881	3372
28032	3	Camarma de Esteruelas		28	Madrid	13	40.56305	-3.37458	8331
28033	9	Campo Real		28	Madrid	13	40.32238	-3.37767	6974
28034	4	Canencia		28	Madrid	13	40.89253	-3.75533	475
28035	7	Carabaña		28	Madrid	13	40.25537	-3.24683	2451
28036	0	Casarrubuelos		28	Madrid	13	40.17489	-3.82685	4323
28037	6	Cenicientos		28	Madrid	13	40.24207	-4.50836	2152
28038	2	Cercedilla		28	Madrid	13	40.75699	-4.05422	7772
28039	5	Cervera de Buitrago		28	Madrid	13	40.91340	-3.51893	165
28040	9	Ciempozuelos		28	Madrid	13	40.15360	-3.60010	26350
28041	6	Cobeña		28	Madrid	13	40.57299	-3.50784	7670
28042	1	Colmenar del Arroyo		28	Madrid	13	40.39627	-4.17659	2044
28043	7	Colmenar de Oreja		28	Madrid	13	40.07357	-3.45799	9127
28044	2	Colmenarejo		28	Madrid	13	40.53025	-4.01610	9640
28045	5	Colmenar Viejo		28	Madrid	13	40.64027	-3.73151	58730
28046	8	Collado Mediano		28	Madrid	13	40.69385	-4.03244	7722
28047	4	Collado Villalba		28	Madrid	13	40.64297	-3.99052	67274
28048	0	Corpa		28	Madrid	13	40.42471	-3.25050	832
28049	3	Coslada		28	Madrid	13	40.42902	-3.55159	80512
28050	6	Cubas de la Sagra		28	Madrid	13	40.19162	-3.83419	7238
28051	3	Chapinería		28	Madrid	13	40.36847	-4.19953	2705
28052	8	Chinchón		28	Madrid	13	40.15498	-3.48813	5800
28053	4	Daganzo de Arriba		28	Madrid	13	40.56253	-3.43988	10764
28054	9	El Escorial	Escorial, El	28	Madrid	13	40.57420	-4.09697	17171
28055	2	Estremera		28	Madrid	13	40.14017	-3.09374	1473
28056	5	Fresnedillas de la Oliva		28	Madrid	13	40.47483	-4.17880	1883
28057	1	Fresno de Torote		28	Madrid	13	40.60458	-3.40403	2561
28058	7	Fuenlabrada		28	Madrid	13	40.28854	-3.79730	190076
28059	0	Fuente el Saz de Jarama		28	Madrid	13	40.63868	-3.52123	7413
28060	4	Fuentidueña de Tajo		28	Madrid	13	40.11364	-3.16454	2372
28061	1	Galapagar		28	Madrid	13	40.55947	-3.97669	36758
28062	6	Garganta de los Montes		28	Madrid	13	40.92778	-3.68900	441
28063	2	Gargantilla del Lozoya y Pinilla de Buitrago		28	Madrid	13	40.96481	-3.69683	396
28064	7	Gascones		28	Madrid	13	41.02898	-3.66149	252
28065	0	Getafe		28	Madrid	13	40.29463	-3.65978	193238
28066	3	Griñón		28	Madrid	13	40.22160	-3.84203	10799
28067	9	Guadalix de la Sierra		28	Madrid	13	40.77089	-3.67760	6993
28068	5	Guadarrama		28	Madrid	13	40.68174	-4.09095	17547
28069	8	La Hiruela	Hiruela, La	28	Madrid	13	41.07444	-3.44750	88
28070	2	Horcajo de la Sierra-Aoslos		28	Madrid	13	41.07983	-3.58945	219
28071	9	Horcajuelo de la Sierra		28	Madrid	13	41.07529	-3.54850	104
28072	4	Hoyo de Manzanares		28	Madrid	13	40.62229	-3.90873	9310
28073	0	Humanes de Madrid		28	Madrid	13	40.24896	-3.82236	20500
28074	5	Leganés		28	Madrid	13	40.32736	-3.77931	195734
28075	8	Loeches		28	Madrid	13	40.38285	-3.42061	9261
28076	1	Lozoya		28	Madrid	13	40.96005	-3.78135	598
28078	3	Madarcos		28	Madrid	13	41.03658	-3.57508	69
28079	6	Madrid		28	Madrid	13	40.48935	-3.68275	3506730
28080	0	Majadahonda		28	Madrid	13	40.47385	-3.86993	73625
28082	2	Manzanares el Real		28	Madrid	13	40.74064	-3.90053	9648
28083	8	Meco		28	Madrid	13	40.55314	-3.32800	15922
28084	3	Mejorada del Campo		28	Madrid	13	40.40206	-3.47564	25049
28085	6	Miraflores de la Sierra		28	Madrid	13	40.78442	-3.75983	7350
28086	9	El Molar	Molar, El	28	Madrid	13	40.70036	-3.56901	9999
28087	5	Los Molinos	Molinos, Los	28	Madrid	13	40.71780	-4.08646	4781
28088	1	Montejo de la Sierra		28	Madrid	13	41.10154	-3.51076	404
28089	4	Moraleja de Enmedio		28	Madrid	13	40.26013	-3.89423	5580
28090	8	Moralzarzal		28	Madrid	13	40.67126	-3.94042	14772
28091	5	Morata de Tajuña		28	Madrid	13	40.23372	-3.45405	8397
28092	0	Móstoles		28	Madrid	13	40.30955	-3.90057	214817
28093	6	Navacerrada		28	Madrid	13	40.75686	-4.00711	3311
28094	1	Navalafuente		28	Madrid	13	40.82133	-3.67062	1693
28095	4	Navalagamella		28	Madrid	13	40.44006	-4.13130	3169
28096	7	Navalcarnero		28	Madrid	13	40.28210	-3.99743	33331
28097	3	Navarredonda y San Mamés		28	Madrid	13	41.00226	-3.72134	163
28099	2	Navas del Rey		28	Madrid	13	40.37756	-4.27707	3420
28100	6	Nuevo Baztán		28	Madrid	13	40.37525	-3.24755	7429
28101	3	Olmeda de las Fuentes		28	Madrid	13	40.37112	-3.20757	429
28102	8	Orusco de Tajuña		28	Madrid	13	40.29400	-3.21130	1531
28104	9	Paracuellos de Jarama		28	Madrid	13	40.51983	-3.53338	27650
28106	5	Parla		28	Madrid	13	40.23378	-3.77209	137471
28107	1	Patones		28	Madrid	13	40.89454	-3.48110	617
28108	7	Pedrezuela		28	Madrid	13	40.74101	-3.62503	6606
28109	0	Pelayos de la Presa		28	Madrid	13	40.36408	-4.32268	3195
28110	4	Perales de Tajuña		28	Madrid	13	40.23049	-3.35836	3260
28111	1	Pezuela de las Torres		28	Madrid	13	40.40447	-3.17614	1008
28112	6	Pinilla del Valle		28	Madrid	13	40.94117	-3.83381	200
28113	2	Pinto		28	Madrid	13	40.25894	-3.68321	56651
28114	7	Piñuécar-Gandullas		28	Madrid	13	41.03574	-3.59780	183
28115	0	Pozuelo de Alarcón		28	Madrid	13	40.43004	-3.81650	89770
28116	3	Pozuelo del Rey		28	Madrid	13	40.36454	-3.30569	1302
28117	9	Prádena del Rincón		28	Madrid	13	41.04335	-3.52338	146
28118	5	Puebla de la Sierra		28	Madrid	13	40.99570	-3.46645	98
28119	8	Quijorna		28	Madrid	13	40.41540	-4.05938	4044
28120	2	Rascafría		28	Madrid	13	40.86211	-3.90268	1704
28121	9	Redueña		28	Madrid	13	40.81440	-3.59185	288
28122	4	Ribatejada		28	Madrid	13	40.66692	-3.42256	905
28123	0	Rivas-Vaciamadrid		28	Madrid	13	40.35109	-3.51701	103148
28124	5	Robledillo de la Jara		28	Madrid	13	40.94918	-3.52977	118
28125	8	Robledo de Chavela		28	Madrid	13	40.49111	-4.23744	4818
28126	1	Robregordo		28	Madrid	13	41.12172	-3.60292	79
28127	7	Las Rozas de Madrid	Rozas de Madrid, Las	28	Madrid	13	40.52673	-3.90300	99037
28128	3	Rozas de Puerto Real		28	Madrid	13	40.30506	-4.51167	579
28129	6	San Agustín del Guadalix		28	Madrid	13	40.68966	-3.63021	13825
28130	0	San Fernando de Henares		28	Madrid	13	40.43776	-3.48909	39059
28131	7	San Lorenzo de El Escorial		28	Madrid	13	40.58901	-4.14803	18872
28132	2	San Martín de la Vega		28	Madrid	13	40.24713	-3.55314	21010
28133	8	San Martín de Valdeiglesias		28	Madrid	13	40.36192	-4.36594	9324
28134	3	San Sebastián de los Reyes		28	Madrid	13	40.57944	-3.59417	96992
28135	6	Santa María de la Alameda		28	Madrid	13	40.59133	-4.24785	1584
28136	9	Santorcaz		28	Madrid	13	40.47163	-3.23436	1011
28137	5	Los Santos de la Humosa	Santos de la Humosa, Los	28	Madrid	13	40.51314	-3.28235	2867
28138	1	La Serna del Monte	Serna del Monte, La	28	Madrid	13	41.03937	-3.62073	110
28140	8	Serranillos del Valle		28	Madrid	13	40.20712	-3.89347	4670
28141	5	Sevilla la Nueva		28	Madrid	13	40.35811	-4.04282	9802
28143	6	Somosierra		28	Madrid	13	41.13971	-3.57797	93
28144	1	Soto del Real		28	Madrid	13	40.75132	-3.78649	9400
28145	4	Talamanca de Jarama		28	Madrid	13	40.74350	-3.48846	4607
28146	7	Tielmes		28	Madrid	13	40.23587	-3.30071	2964
28147	3	Titulcia		28	Madrid	13	40.14833	-3.56103	1389
28148	9	Torrejón de Ardoz		28	Madrid	13	40.46746	-3.45805	143526
28149	2	Torrejón de la Calzada		28	Madrid	13	40.20360	-3.79607	10653
28150	5	Torrejón de Velasco		28	Madrid	13	40.17809	-3.74984	4900
28151	2	Torrelaguna		28	Madrid	13	40.82158	-3.54253	5081
28152	7	Torrelodones		28	Madrid	13	40.56676	-3.92809	25433
28153	3	Torremocha de Jarama		28	Madrid	13	40.83614	-3.50063	1157
28154	8	Torres de la Alameda		28	Madrid	13	40.42141	-3.37250	7824
28155	1	Valdaracete		28	Madrid	13	40.19719	-3.20259	658
28156	4	Valdeavero		28	Madrid	13	40.62812	-3.34999	1896
28157	0	Valdelaguna		28	Madrid	13	40.17737	-3.37225	1122
28158	6	Valdemanco		28	Madrid	13	40.86038	-3.66322	1097
28159	9	Valdemaqueda		28	Madrid	13	40.50610	-4.29601	870
28160	3	Valdemorillo		28	Madrid	13	40.50643	-4.06059	14420
28161	0	Valdemoro		28	Madrid	13	40.18076	-3.64978	85972
28162	5	Valdeolmos-Alalpardo		28	Madrid	13	40.63842	-3.46148	4626
28163	1	Valdepiélagos		28	Madrid	13	40.75747	-3.46393	612
28164	6	Valdetorres de Jarama		28	Madrid	13	40.69338	-3.51753	5175
28165	9	Valdilecha		28	Madrid	13	40.29475	-3.29717	3289
28166	2	Valverde de Alcalá		28	Madrid	13	40.40906	-3.29984	565
28167	8	Velilla de San Antonio		28	Madrid	13	40.36516	-3.47935	14468
28168	4	El Vellón	Vellón, El	28	Madrid	13	40.76963	-3.55809	2281
28169	7	Venturada		28	Madrid	13	40.79941	-3.62026	2622
28170	1	Villaconejos		28	Madrid	13	40.11731	-3.49014	3569
28171	8	Villa del Prado		28	Madrid	13	40.26915	-4.30460	7743
28172	3	Villalbilla		28	Madrid	13	40.44976	-3.34517	18687
28173	9	Villamanrique de Tajo		28	Madrid	13	40.07027	-3.24308	859
28174	4	Villamanta		28	Madrid	13	40.30017	-4.12162	2899
28175	7	Villamantilla		28	Madrid	13	40.34110	-4.13989	1660
28176	0	Villanueva de la Cañada		28	Madrid	13	40.45006	-3.98344	24028
28177	6	Villanueva del Pardillo		28	Madrid	13	40.49106	-3.96849	18466
28178	2	Villanueva de Perales		28	Madrid	13	40.37458	-4.08262	1715
28179	5	Villar del Olmo		28	Madrid	13	40.33414	-3.23688	2341
28180	9	Villarejo de Salvanés		28	Madrid	13	40.11841	-3.26941	8042
28181	6	Villaviciosa de Odón		28	Madrid	13	40.35936	-3.91422	30127
28182	1	Villavieja del Lozoya		28	Madrid	13	41.02302	-3.68807	332
28183	7	Zarzalejo		28	Madrid	13	40.54500	-4.17091	1946
28901	5	Lozoyuela-Navas-Sieteiglesias		28	Madrid	13	40.92154	-3.61554	1468
28902	0	Puentes Viejas		28	Madrid	13	40.97806	-3.56085	759
28903	6	Tres Cantos		28	Madrid	13	40.61082	-3.70737	54592
29001	7	Alameda		29	Málaga	01	37.23200	-4.66519	5426
29002	2	Alcaucín		29	Málaga	01	36.90438	-4.13017	2671
29003	8	Alfarnate		29	Málaga	01	36.98889	-4.25423	1034
29004	3	Alfarnatejo		29	Málaga	01	36.96602	-4.26353	358
29005	6	Algarrobo		29	Málaga	01	36.76073	-4.04506	7103
29006	9	Algatocín		29	Málaga	01	36.57510	-5.28317	816
29007	5	Alhaurín de la Torre		29	Málaga	01	36.67188	-4.56797	45066
29008	1	Alhaurín el Grande		29	Málaga	01	36.64239	-4.69079	27552
29009	4	Almáchar		29	Málaga	01	36.80167	-4.21992	1959
29010	8	Almargen		29	Málaga	01	37.02380	-5.01441	1876
29011	5	Almogía		29	Málaga	01	36.83629	-4.53326	4269
29012	0	Álora		29	Málaga	01	36.83668	-4.70378	13650
29013	6	Alozaina		29	Málaga	01	36.73832	-4.86413	2127
29014	1	Alpandeire		29	Málaga	01	36.64641	-5.22326	242
29015	4	Antequera		29	Málaga	01	37.05489	-4.59283	41849
29016	7	Árchez		29	Málaga	01	36.82701	-3.99515	441
29017	3	Archidona		29	Málaga	01	37.09945	-4.38852	8105
29018	9	Ardales		29	Málaga	01	36.88987	-4.83685	2524
29019	2	Arenas		29	Málaga	01	36.81935	-4.07081	1291
29020	6	Arriate		29	Málaga	01	36.79735	-5.13699	4049
29021	3	Atajate		29	Málaga	01	36.64657	-5.24207	168
29022	8	Benadalid		29	Málaga	01	36.61492	-5.26745	226
29023	4	Benahavís		29	Málaga	01	36.56360	-5.04222	9472
29024	9	Benalauría		29	Málaga	01	36.58290	-5.24895	460
29025	2	Benalmádena		29	Málaga	01	36.58975	-4.54213	78338
29026	5	Benamargosa		29	Málaga	01	36.84510	-4.19570	1560
29027	1	Benamocarra		29	Málaga	01	36.79022	-4.16424	3200
29028	7	Benaoján		29	Málaga	01	36.72038	-5.25275	1427
29029	0	Benarrabá		29	Málaga	01	36.54909	-5.30472	457
29030	4	El Borge	Borge, El	29	Málaga	01	36.82500	-4.25662	958
29031	1	El Burgo	Burgo, El	29	Málaga	01	36.80394	-4.93698	1761
29032	6	Campillos		29	Málaga	01	37.00295	-4.85410	8561
29033	2	Canillas de Aceituno		29	Málaga	01	36.86411	-4.10089	1801
29034	7	Canillas de Albaida		29	Málaga	01	36.85039	-3.97937	807
29035	0	Cañete la Real		29	Málaga	01	36.95701	-5.04332	1569
29036	3	Carratraca		29	Málaga	01	36.84680	-4.82179	801
29037	9	Cartajima		29	Málaga	01	36.65271	-5.15113	234
29038	5	Cártama		29	Málaga	01	36.73707	-4.64277	29333
29039	8	Casabermeja		29	Málaga	01	36.86606	-4.42681	4214
29040	2	Casarabonela		29	Málaga	01	36.80178	-4.82910	2800
29041	9	Casares		29	Málaga	01	36.43088	-5.26922	9009
29042	4	Coín		29	Málaga	01	36.67450	-4.76611	26574
29043	0	Colmenar		29	Málaga	01	36.91360	-4.32117	3626
29044	5	Comares		29	Málaga	01	36.85555	-4.26198	1354
29045	8	Cómpeta		29	Málaga	01	36.83768	-3.97499	3824
29046	1	Cortes de la Frontera		29	Málaga	01	36.56948	-5.43154	3048
29047	7	Cuevas Bajas		29	Málaga	01	37.23001	-4.47931	1341
29048	3	Cuevas del Becerro		29	Málaga	01	36.87730	-5.03863	1617
29049	6	Cuevas de San Marcos		29	Málaga	01	37.26072	-4.42695	3647
29050	9	Cútar		29	Málaga	01	36.86545	-4.22422	603
29051	6	Estepona		29	Málaga	01	36.44543	-5.12739	79621
29052	1	Faraján		29	Málaga	01	36.61245	-5.19657	285
29053	7	Frigiliana		29	Málaga	01	36.81027	-3.88684	3383
29054	2	Fuengirola		29	Málaga	01	36.55815	-4.61475	85211
29055	5	Fuente de Piedra		29	Málaga	01	37.12590	-4.75107	3045
29056	8	Gaucín		29	Málaga	01	36.51313	-5.34364	1620
29057	4	Genalguacil		29	Málaga	01	36.52631	-5.23224	352
29058	0	Guaro		29	Málaga	01	36.67405	-4.83731	2638
29059	3	Humilladero		29	Málaga	01	37.13722	-4.69971	3373
29060	7	Igualeja		29	Málaga	01	36.62480	-5.09595	733
29061	4	Istán		29	Málaga	01	36.61316	-4.97842	1707
29062	9	Iznate		29	Málaga	01	36.78481	-4.18790	940
29063	5	Jimera de Líbar		29	Málaga	01	36.65201	-5.28069	399
29064	0	Jubrique		29	Málaga	01	36.56849	-5.21867	585
29065	3	Júzcar		29	Málaga	01	36.59160	-5.16142	208
29066	6	Macharaviaya		29	Málaga	01	36.76871	-4.22158	518
29067	2	Málaga		29	Málaga	01	36.75854	-4.39717	599063
29068	8	Manilva		29	Málaga	01	36.34878	-5.25213	18165
29069	1	Marbella		29	Málaga	01	36.51443	-4.88604	159786
29070	5	Mijas		29	Málaga	01	36.53507	-4.67355	95104
29071	2	Moclinejo		29	Málaga	01	36.76728	-4.26082	1222
29072	7	Mollina		29	Málaga	01	37.13785	-4.64128	5528
29073	3	Monda		29	Málaga	01	36.62502	-4.84757	2984
29074	8	Montejaque		29	Málaga	01	36.72841	-5.28519	945
29075	1	Nerja		29	Málaga	01	36.76460	-3.83998	22132
29076	4	Ojén		29	Málaga	01	36.56123	-4.80688	4755
29077	0	Parauta		29	Málaga	01	36.66569	-5.08209	271
29079	9	Periana		29	Málaga	01	36.93445	-4.18688	3367
29080	3	Pizarra		29	Málaga	01	36.76921	-4.70139	10334
29081	0	Pujerra		29	Málaga	01	36.58937	-5.13751	285
29082	5	Rincón de la Victoria		29	Málaga	01	36.72457	-4.27101	52454
29083	1	Riogordo		29	Málaga	01	36.92130	-4.28597	2839
29084	6	Ronda		29	Málaga	01	36.74507	-5.16993	33671
29085	9	Salares		29	Málaga	01	36.85725	-4.01552	194
29086	2	Sayalonga		29	Málaga	01	36.79787	-4.00548	1672
29087	8	Sedella		29	Málaga	01	36.84996	-4.05541	607
29088	4	Sierra de Yeguas		29	Málaga	01	37.16169	-4.86548	3418
29089	7	Teba		29	Málaga	01	36.97247	-4.90590	3708
29090	1	Tolox		29	Málaga	01	36.67541	-4.93741	2468
29091	8	Torrox		29	Málaga	01	36.75797	-3.95855	22015
29092	3	Totalán		29	Málaga	01	36.76016	-4.29289	797
29093	9	Valle de Abdalajís		29	Málaga	01	36.93874	-4.67043	2439
29094	4	Vélez-Málaga		29	Málaga	01	36.76071	-4.12321	86048
29095	7	Villanueva de Algaidas		29	Málaga	01	37.18107	-4.40953	4084
29096	0	Villanueva del Rosario		29	Málaga	01	37.00992	-4.37796	3470
29097	6	Villanueva del Trabuco		29	Málaga	01	37.04786	-4.32211	5521
29098	2	Villanueva de Tapia		29	Málaga	01	37.18561	-4.34247	1391
29099	5	Viñuela		29	Málaga	01	36.86158	-4.14531	2044
29100	9	Yunquera		29	Málaga	01	36.73543	-4.92715	2828
29901	8	Torremolinos		29	Málaga	01	36.62387	-4.50458	71329
29902	3	Villanueva de la Concepción		29	Málaga	01	36.93072	-4.53199	3296
29903	9	Montecorto		29	Málaga	01	36.81487	-5.29863	585
29904	4	Serrato		29	Málaga	01	36.88486	-4.98003	457
30001	1	Abanilla		30	Murcia	14	38.21591	-1.05451	6256
30002	6	Abarán		30	Murcia	14	38.25343	-1.32133	13228
30003	2	Águilas		30	Murcia	14	37.44703	-1.55921	37811
30004	7	Albudeite		30	Murcia	14	38.03846	-1.37427	1395
30005	0	Alcantarilla		30	Murcia	14	37.97727	-1.22963	43876
30006	3	Aledo		30	Murcia	14	37.78465	-1.63443	1123
30007	9	Alguazas		30	Murcia	14	38.05501	-1.25918	10431
30008	5	Alhama de Murcia		30	Murcia	14	37.85735	-1.38508	24163
30009	8	Archena		30	Murcia	14	38.11668	-1.29539	20908
30010	2	Beniel		30	Murcia	14	38.03257	-0.99502	11582
30011	9	Blanca		30	Murcia	14	38.19981	-1.33800	6882
30012	4	Bullas		30	Murcia	14	38.01549	-1.68632	12027
30013	0	Calasparra		30	Murcia	14	38.27095	-1.67381	10391
30014	5	Campos del Río		30	Murcia	14	38.06205	-1.36849	2159
30015	8	Caravaca de la Cruz		30	Murcia	14	37.99116	-2.03481	26126
30016	1	Cartagena		30	Murcia	14	37.60400	-0.93397	220704
30017	7	Cehegín		30	Murcia	14	38.05096	-1.74222	14506
30018	3	Ceutí		30	Murcia	14	38.08579	-1.27412	13089
30019	6	Cieza		30	Murcia	14	38.24583	-1.42602	35577
30020	0	Fortuna		30	Murcia	14	38.18484	-1.12435	11437
30021	7	Fuente Álamo de Murcia		30	Murcia	14	37.74904	-1.17411	19171
30022	2	Jumilla		30	Murcia	14	38.46882	-1.27513	27574
30023	8	Librilla		30	Murcia	14	37.90331	-1.34156	5854
30024	3	Lorca		30	Murcia	14	37.61909	-1.70230	98969
30025	6	Lorquí		30	Murcia	14	38.09850	-1.25256	7946
30026	9	Mazarrón		30	Murcia	14	37.58641	-1.31652	35449
30027	5	Molina de Segura		30	Murcia	14	38.09564	-1.19860	78458
30028	1	Moratalla		30	Murcia	14	38.23179	-1.91331	7518
30029	4	Mula		30	Murcia	14	37.99296	-1.53661	17937
30030	8	Murcia		30	Murcia	14	37.94399	-1.16364	479405
30031	5	Ojós		30	Murcia	14	38.11598	-1.35667	548
30032	0	Pliego		30	Murcia	14	37.98249	-1.51889	4003
30033	6	Puerto Lumbreras		30	Murcia	14	37.55410	-1.80713	18006
30034	1	Ricote		30	Murcia	14	38.15797	-1.41865	1197
30035	4	San Javier		30	Murcia	14	37.80958	-0.83728	36524
30036	7	San Pedro del Pinatar		30	Murcia	14	37.82642	-0.77736	29674
30037	3	Torre-Pacheco		30	Murcia	14	37.79396	-0.95593	41479
30038	9	Las Torres de Cotillas	Torres de Cotillas, Las	30	Murcia	14	38.02478	-1.26274	22676
30039	2	Totana		30	Murcia	14	37.77889	-1.56479	33358
30040	6	Ulea		30	Murcia	14	38.15552	-1.28541	926
30041	3	La Unión	Unión, La	30	Murcia	14	37.60355	-0.87329	21380
30042	8	Villanueva del Río Segura		30	Murcia	14	38.10488	-1.32377	4111
30043	4	Yecla		30	Murcia	14	38.65514	-1.12960	36453
30901	2	Santomera		30	Murcia	14	38.08906	-1.06892	16443
30902	7	Los Alcázares	Alcázares, Los	30	Murcia	14	37.75210	-0.85073	20408
31001	8	Abáigar		31	Navarra	15	42.64887	-2.14111	74
31002	3	Abárzuza	Abartzuza;Abárzuza/Abartzuza;Abárzuza / Abartzuza	31	Navarra	15	42.75904	-2.03905	510
31003	9	Abaurregaina	Abaurrea Alta;Abaurregaina/Abaurrea Alta;Abaurregaina / Abaurrea Alta	31	Navarra	15	42.90351	-1.19167	121
31004	4	Abaurrepea	Abaurrea Baja;Abaurrepea/Abaurrea Baja;Abaurrepea / Abaurrea Baja	31	Navarra	15	42.90410	-1.23117	30
31005	7	Aberin		31	Navarra	15	42.62092	-1.99285	410
31006	0	Ablitas		31	Navarra	15	41.96961	-1.59313	2657
31007	6	Adiós		31	Navarra	15	42.69779	-1.73417	194
31008	2	Aguilar de Codés		31	Navarra	15	42.61168	-2.38345	74
31009	5	Aibar	Oibar;Aibar/Oibar;Aibar / Oibar	31	Navarra	15	42.59332	-1.35363	754
31010	9	Altsasu	Alsasua;Altsasu/Alsasua;Altsasu / Alsasua	31	Navarra	15	42.89458	-2.17083	7717
31011	6	Allín	Allin;Allín/Allin;Allín / Allin	31	Navarra	15	42.70929	-2.07559	881
31012	1	Allo		31	Navarra	15	42.53678	-1.99911	1028
31013	7	Améscoa Baja		31	Navarra	15	42.77112	-2.12914	729
31014	2	Ancín	Antzin;Ancín/Antzin;Ancín / Antzin	31	Navarra	15	42.66868	-2.18755	363
31015	5	Andosilla		31	Navarra	15	42.37996	-1.95305	2925
31016	8	Ansoáin	Antsoain;Ansoáin/Antsoain;Ansoáin / Antsoain	31	Navarra	15	42.83586	-1.64045	10663
31017	4	Anue		31	Navarra	15	42.97895	-1.58368	501
31018	0	Añorbe		31	Navarra	15	42.63541	-1.72820	622
31019	3	Aoiz	Agoitz;Aoiz/Agoitz;Aoiz / Agoitz	31	Navarra	15	42.78439	-1.35933	3083
31020	7	Araitz		31	Navarra	15	43.03467	-2.00255	506
31021	4	Aranarache	Aranaratxe;Aranarache/Aranaratxe;Aranarache / Aranaratxe	31	Navarra	15	42.76943	-2.23039	70
31022	9	Arantza		31	Navarra	15	43.19602	-1.73529	628
31023	5	Aranguren		31	Navarra	15	42.77889	-1.57726	13216
31024	0	Arano		31	Navarra	15	43.20575	-1.88845	108
31025	3	Arakil		31	Navarra	15	42.91899	-1.84797	990
31026	6	Aras		31	Navarra	15	42.57003	-2.35489	150
31027	2	Arbizu		31	Navarra	15	42.93182	-2.03983	1107
31028	8	Arce	Artzi;Arce/Artzi;Arce / Artzi	31	Navarra	15	42.88578	-1.35220	290
31029	1	Los Arcos	Arcos, Los	31	Navarra	15	42.54714	-2.18217	1177
31030	5	Arellano		31	Navarra	15	42.58482	-2.05628	165
31031	2	Areso		31	Navarra	15	43.08380	-1.95144	260
31032	7	Arguedas		31	Navarra	15	42.18508	-1.57975	2309
31033	3	Aria		31	Navarra	15	42.97245	-1.27481	51
31034	8	Aribe		31	Navarra	15	42.94542	-1.26390	34
31035	1	Armañanzas		31	Navarra	15	42.54161	-2.28672	47
31036	4	Arróniz		31	Navarra	15	42.55856	-2.10567	1064
31037	0	Arruazu		31	Navarra	15	42.93399	-2.00981	121
31038	6	Artajona		31	Navarra	15	42.58863	-1.75114	1783
31039	9	Artazu		31	Navarra	15	42.68756	-1.83655	125
31040	3	Atetz		31	Navarra	15	42.94208	-1.70777	227
31041	0	Ayegui	Aiegi;Ayegui/Aiegi;Ayegui / Aiegi	31	Navarra	15	42.64933	-2.04403	2589
31042	5	Azagra		31	Navarra	15	42.29409	-1.87831	3746
31043	1	Azuelo		31	Navarra	15	42.60862	-2.35012	29
31044	6	Bakaiku		31	Navarra	15	42.91086	-2.10719	342
31045	9	Barásoain		31	Navarra	15	42.61109	-1.67275	601
31046	2	Barbarin		31	Navarra	15	42.58544	-2.12680	46
31047	8	Bargota		31	Navarra	15	42.53902	-2.30716	237
31048	4	Barillas		31	Navarra	15	41.97198	-1.66175	240
31049	7	Basaburua		31	Navarra	15	43.02997	-1.80724	819
31050	0	Baztan		31	Navarra	15	43.14581	-1.52226	7851
31051	7	Beire		31	Navarra	15	42.46734	-1.59374	274
31052	2	Belascoáin		31	Navarra	15	42.74859	-1.82809	124
31053	8	Berbinzana		31	Navarra	15	42.51763	-1.84000	670
31054	3	Bertizarana		31	Navarra	15	43.13730	-1.62949	668
31055	6	Betelu		31	Navarra	15	43.01495	-1.97467	375
31056	9	Biurrun-Olcoz		31	Navarra	15	42.67443	-1.67873	227
31057	5	Buñuel		31	Navarra	15	41.98261	-1.44143	2318
31058	1	Auritz	Burguete;Auritz/Burguete;Auritz / Burguete	31	Navarra	15	42.98604	-1.33701	235
31059	4	Burgui	Burgi;Burgui/Burgi;Burgui / Burgi	31	Navarra	15	42.73780	-0.99892	187
31060	8	Burlada	Burlata;Burlada/Burlata;Burlada / Burlata	31	Navarra	15	42.82484	-1.61522	21280
31061	5	El Busto	Busto, El	31	Navarra	15	42.54137	-2.23428	55
31062	0	Cabanillas		31	Navarra	15	42.03456	-1.52505	1373
31063	6	Cabredo		31	Navarra	15	42.63293	-2.42741	73
31064	1	Cadreita		31	Navarra	15	42.22084	-1.68845	2187
31065	4	Caparroso		31	Navarra	15	42.33423	-1.66582	2882
31066	7	Cárcar		31	Navarra	15	42.41600	-1.97725	1156
31067	3	Carcastillo		31	Navarra	15	42.36178	-1.42712	2408
31068	9	Cascante		31	Navarra	15	42.00822	-1.68022	4231
31069	2	Cáseda		31	Navarra	15	42.50114	-1.35721	912
31070	6	Castejón		31	Navarra	15	42.16541	-1.66731	4725
31071	3	Castillonuevo	Gazteluberri;Castillonuevo/Gazteluberri;Castillonuevo / Gazteluberri	31	Navarra	15	42.66692	-1.06485	14
31072	8	Cintruénigo		31	Navarra	15	42.07769	-1.80880	8565
31073	4	Ziordia		31	Navarra	15	42.87030	-2.22834	359
31074	9	Cirauqui	Zirauki;Cirauqui/Zirauki;Cirauqui / Zirauki	31	Navarra	15	42.66155	-1.89811	473
31075	2	Ciriza	Ziritza;Ciriza/Ziritza;Ciriza / Ziritza	31	Navarra	15	42.79155	-1.82342	170
31076	5	Cizur		31	Navarra	15	42.76084	-1.71586	3949
31077	1	Corella		31	Navarra	15	42.10430	-1.79225	8756
31078	7	Cortes		31	Navarra	15	41.93946	-1.43961	3165
31079	0	Desojo		31	Navarra	15	42.58913	-2.26766	68
31080	4	Dicastillo		31	Navarra	15	42.56794	-2.03535	562
31081	1	Donamaria		31	Navarra	15	43.08592	-1.66198	446
31082	6	Etxalar		31	Navarra	15	43.24348	-1.63338	807
31083	2	Echarri	Etxarri;Echarri/Etxarri;Echarri / Etxarri	31	Navarra	15	42.78114	-1.82816	78
31084	7	Etxarri Aranatz		31	Navarra	15	42.93245	-2.07573	2551
31085	0	Etxauri		31	Navarra	15	42.79701	-1.79854	671
31086	3	Valle de Egüés	Eguesibar;Valle de Egüés/Eguesibar;Valle de Egüés / Eguesibar	31	Navarra	15	42.81347	-1.56673	22825
31087	9	Elgorriaga		31	Navarra	15	43.14156	-1.68687	210
31088	5	Valle de Elorz	Elortzibar;Valle de Elorz/Elortzibar;Valle de Elorz / Elortzibar	31	Navarra	15	42.73908	-1.59375	8486
31089	8	Enériz	Eneritz;Enériz/Eneritz;Enériz / Eneritz	31	Navarra	15	42.66308	-1.74387	328
31090	2	Eratsun		31	Navarra	15	43.10908	-1.80999	155
31091	9	Ergoiena		31	Navarra	15	42.89776	-2.02335	392
31092	4	Erro		31	Navarra	15	42.96967	-1.41814	812
31093	0	Ezcároz	Ezkaroze;Ezcároz/Ezkaroze;Ezcároz / Ezkaroze	31	Navarra	15	42.90157	-1.06173	298
31094	5	Eslava		31	Navarra	15	42.57076	-1.46553	97
31095	8	Esparza de Salazar	Espartza Zaraitzu;Esparza de Salazar/Espartza Zaraitzu;Esparza de Salazar / Espartza Zaraitzu	31	Navarra	15	42.86087	-1.08989	75
31096	1	Espronceda		31	Navarra	15	42.59493	-2.29984	102
31097	7	Estella-Lizarra		31	Navarra	15	42.66252	-2.02519	14317
31098	3	Esteribar		31	Navarra	15	42.95472	-1.53284	2918
31099	6	Etayo		31	Navarra	15	42.61353	-2.17544	72
31100	0	Eulate		31	Navarra	15	42.76630	-2.20528	278
31101	7	Ezcabarte		31	Navarra	15	42.87729	-1.63533	1901
31102	2	Ezkurra		31	Navarra	15	43.10996	-1.83962	125
31103	8	Ezprogui		31	Navarra	15	42.59707	-1.44356	48
31104	3	Falces		31	Navarra	15	42.42350	-1.79993	2389
31105	6	Fitero		31	Navarra	15	42.04075	-1.85475	2370
31106	9	Fontellas		31	Navarra	15	42.01400	-1.56839	1050
31107	5	Funes		31	Navarra	15	42.29147	-1.79120	2537
31108	1	Fustiñana		31	Navarra	15	42.02173	-1.45476	2445
31109	4	Galar		31	Navarra	15	42.75651	-1.66834	2427
31110	8	Gallipienzo	Galipentzu;Gallipienzo/Galipentzu;Gallipienzo / Galipentzu	31	Navarra	15	42.50382	-1.41392	100
31111	5	Gallués	Galoze;Gallués/Galoze;Gallués / Galoze	31	Navarra	15	42.79335	-1.09566	91
31112	0	Garaioa		31	Navarra	15	42.92105	-1.24231	92
31113	6	Garde		31	Navarra	15	42.78023	-0.88960	132
31114	1	Garínoain		31	Navarra	15	42.59596	-1.66553	527
31115	4	Garralda		31	Navarra	15	42.95648	-1.30283	183
31116	7	Genevilla		31	Navarra	15	42.64789	-2.39457	69
31117	3	Goizueta		31	Navarra	15	43.19486	-1.84923	681
31118	9	Val de Goñi	Goñerri;Val de Goñi/Goñerri;Val de Goñi / Goñerri	31	Navarra	15	42.83392	-1.88796	166
31119	2	Güesa	Gorza;Güesa/Gorza;Güesa / Gorza	31	Navarra	15	42.82261	-1.06524	36
31120	6	Guesálaz	Gesalatz;Guesálaz/Gesalatz;Guesálaz / Gesalatz	31	Navarra	15	42.76392	-1.91428	462
31121	3	Guirguillano		31	Navarra	15	42.72092	-1.85976	75
31122	8	Huarte	Uharte;Huarte/Uharte;Huarte / Uharte	31	Navarra	15	42.82883	-1.59439	7900
31123	4	Uharte Arakil		31	Navarra	15	42.92946	-1.95670	770
31124	9	Ibargoiti		31	Navarra	15	42.67462	-1.46274	279
31125	2	Igúzquiza		31	Navarra	15	42.64082	-2.09246	307
31126	5	Imotz		31	Navarra	15	42.96009	-1.80285	433
31127	1	Irañeta		31	Navarra	15	42.91290	-1.93684	172
31128	7	Isaba	Izaba;Isaba/Izaba;Isaba / Izaba	31	Navarra	15	42.89688	-0.85404	384
31129	0	Ituren		31	Navarra	15	43.12870	-1.71590	543
31130	4	Iturmendi		31	Navarra	15	42.91070	-2.12603	428
31131	1	Iza	Itza;Iza/Itza;Iza / Itza	31	Navarra	15	42.88198	-1.77016	1459
31132	6	Izagaondoa		31	Navarra	15	42.74267	-1.43147	153
31133	2	Izalzu	Itzaltzu;Izalzu/Itzaltzu;Izalzu / Itzaltzu	31	Navarra	15	42.92739	-1.03001	36
31134	7	Jaurrieta		31	Navarra	15	42.91272	-1.15418	179
31135	0	Javier		31	Navarra	15	42.50412	-1.28984	106
31136	3	Juslapeña	Txulapain;Juslapeña/Txulapain;Juslapeña / Txulapain	31	Navarra	15	42.89969	-1.70098	562
31137	9	Beintza-Labaien		31	Navarra	15	43.10618	-1.73679	228
31138	5	Lakuntza		31	Navarra	15	42.93268	-2.01361	1338
31139	8	Lana		31	Navarra	15	42.71011	-2.25458	149
31140	2	Lantz		31	Navarra	15	43.00942	-1.60590	150
31141	9	Lapoblación		31	Navarra	15	42.60504	-2.46033	123
31142	4	Larraga		31	Navarra	15	42.55182	-1.85909	2158
31143	0	Larraona		31	Navarra	15	42.77374	-2.25545	100
31144	5	Larraun		31	Navarra	15	43.00027	-1.90631	918
31145	8	Lazagurría		31	Navarra	15	42.49247	-2.23363	170
31146	1	Leache	Leatxe;Leache/Leatxe;Leache / Leatxe	31	Navarra	15	42.61547	-1.40969	38
31147	7	Legarda		31	Navarra	15	42.71796	-1.77779	143
31148	3	Legaria		31	Navarra	15	42.64285	-2.17679	111
31149	6	Leitza		31	Navarra	15	43.12296	-1.88208	3011
31150	9	Leoz	Leotz;Leoz/Leotz;Leoz / Leotz	31	Navarra	15	42.58594	-1.57566	202
31151	6	Lerga		31	Navarra	15	42.56195	-1.50125	44
31152	1	Lerín		31	Navarra	15	42.49006	-1.96090	1821
31153	7	Lesaka		31	Navarra	15	43.26224	-1.72615	2721
31154	2	Lezaun		31	Navarra	15	42.78659	-2.00191	248
31155	5	Liédena		31	Navarra	15	42.61152	-1.25396	354
31156	8	Lizoain-Arriasgoiti	Lizoainibar-Arriasgoiti;Lizoain-Arriasgoiti/Lizoainibar-Arriasgoiti;Lizoain-Arriasgoiti / Lizoainibar-Arriasgoiti	31	Navarra	15	42.82966	-1.46955	287
31157	4	Lodosa		31	Navarra	15	42.39501	-2.07483	4964
31158	0	Lónguida	Longida;Lónguida/Longida;Lónguida / Longida	31	Navarra	15	42.78178	-1.35871	308
31159	3	Lumbier		31	Navarra	15	42.64793	-1.29000	1330
31160	7	Luquin		31	Navarra	15	42.53895	-2.15431	135
31161	4	Mañeru		31	Navarra	15	42.65604	-1.84992	452
31162	9	Marañón		31	Navarra	15	42.62360	-2.44128	50
31163	5	Marcilla		31	Navarra	15	42.35193	-1.71176	2938
31164	0	Mélida		31	Navarra	15	42.35346	-1.53089	739
31165	3	Mendavia		31	Navarra	15	42.44788	-2.20237	3588
31166	6	Mendaza		31	Navarra	15	42.66023	-2.25094	284
31167	2	Mendigorria		31	Navarra	15	42.61748	-1.84072	1261
31168	8	Metauten		31	Navarra	15	42.68714	-2.12641	263
31169	1	Milagro		31	Navarra	15	42.23861	-1.76400	3741
31170	5	Mirafuentes		31	Navarra	15	42.62327	-2.27649	56
31171	2	Miranda de Arga		31	Navarra	15	42.48425	-1.83125	903
31172	7	Monreal	Elo;Monreal/Elo;Monreal / Elo	31	Navarra	15	42.70382	-1.53099	511
31173	3	Monteagudo		31	Navarra	15	41.96626	-1.69486	1073
31174	8	Morentin		31	Navarra	15	42.59716	-1.99378	110
31175	1	Mues		31	Navarra	15	42.59669	-2.22879	80
31176	4	Murchante		31	Navarra	15	42.04198	-1.66278	4230
31177	0	Murieta		31	Navarra	15	42.65826	-2.14748	345
31178	6	Murillo el Cuende		31	Navarra	15	42.35731	-1.60247	701
31179	9	Murillo el Fruto		31	Navarra	15	42.39991	-1.45702	665
31180	3	Muruzábal		31	Navarra	15	42.69052	-1.75709	283
31181	0	Navascués	Nabaskoze;Navascués/Nabaskoze;Navascués / Nabaskoze	31	Navarra	15	42.72659	-1.10434	114
31182	5	Nazar		31	Navarra	15	42.63957	-2.28044	40
31183	1	Obanos		31	Navarra	15	42.66171	-1.78414	924
31184	6	Oco		31	Navarra	15	42.64349	-2.16046	65
31185	9	Ochagavía	Otsagabia;Ochagavía/Otsagabia;Ochagavía / Otsagabia	31	Navarra	15	42.94873	-1.07440	492
31186	2	Odieta		31	Navarra	15	42.93150	-1.64592	367
31187	8	Oiz		31	Navarra	15	43.09295	-1.69092	129
31188	4	Olaibar		31	Navarra	15	42.90002	-1.60323	399
31189	7	Olazti	Olazagutía;Olazti/Olazagutía;Olazti / Olazagutía	31	Navarra	15	42.87596	-2.19830	1444
31190	1	Olejua		31	Navarra	15	42.62332	-2.13975	49
31191	8	Olite	Erriberri;Olite/Erriberri;Olite / Erriberri	31	Navarra	15	42.44741	-1.67980	4069
31192	3	Olóriz	Oloritz;Olóriz/Oloritz;Olóriz / Oloritz	31	Navarra	15	42.64182	-1.59677	210
31193	9	Cendea de Olza	Oltza Zendea;Cendea de Olza/Oltza Zendea;Cendea de Olza / Oltza Zendea	31	Navarra	15	42.81891	-1.74843	1874
31194	4	Valle de Ollo	Ollaran;Valle de Ollo/Ollaran;Valle de Ollo / Ollaran	31	Navarra	15	42.86119	-1.84941	453
31195	7	Orbaizeta		31	Navarra	15	42.99705	-1.21318	186
31196	0	Orbara		31	Navarra	15	42.97290	-1.24634	28
31197	6	Orísoain		31	Navarra	15	42.60133	-1.59792	72
31198	2	Oronz	Orontze;Oronz/Orontze;Oronz / Orontze	31	Navarra	15	42.87339	-1.06922	51
31199	5	Oroz-Betelu	Orotz-Betelu;Oroz-Betelu/Orotz-Betelu;Oroz-Betelu / Orotz-Betelu	31	Navarra	15	42.90241	-1.30505	143
31200	9	Oteiza		31	Navarra	15	42.57368	-1.94839	972
31201	6	Pamplona	Iruña;Pamplona/Iruña;Pamplona / Iruña	31	Navarra	15	42.81276	-1.64432	209094
31202	1	Peralta	Azkoien;Peralta/Azkoien;Peralta / Azkoien	31	Navarra	15	42.36043	-1.81098	6071
31203	7	Petilla de Aragón		31	Navarra	15	42.44527	-1.11735	29
31204	2	Piedramillera		31	Navarra	15	42.63799	-2.20680	46
31205	5	Pitillas		31	Navarra	15	42.42137	-1.57783	520
31206	8	Puente la Reina	Gares;Puente la Reina/Gares;Puente la Reina / Gares	31	Navarra	15	42.69496	-1.81993	2972
31207	4	Pueyo	Puiu;Pueyo/Puiu;Pueyo / Puiu	31	Navarra	15	42.56711	-1.65746	384
31208	0	Ribaforada		31	Navarra	15	41.99190	-1.51411	3697
31209	3	Romanzado	Erromantzatua;Romanzado/Erromantzatua;Romanzado / Erromantzatua	31	Navarra	15	42.67957	-1.19659	180
31210	7	Roncal	Erronkari;Roncal/Erronkari;Roncal / Erronkari	31	Navarra	15	42.81041	-0.93830	206
31211	4	Orreaga	Roncesvalles;Orreaga/Roncesvalles;Orreaga / Roncesvalles	31	Navarra	15	43.01894	-1.30731	25
31212	9	Sada		31	Navarra	15	42.57587	-1.39512	130
31213	5	Saldías		31	Navarra	15	43.09294	-1.77292	125
31214	0	Salinas de Oro	Jaitz;Salinas de Oro/Jaitz;Salinas de Oro / Jaitz	31	Navarra	15	42.77781	-1.87876	110
31215	3	San Adrián		31	Navarra	15	42.34654	-1.92256	6504
31216	6	Sangüesa	Zangoza;Sangüesa/Zangoza;Sangüesa / Zangoza	31	Navarra	15	42.57154	-1.26114	4883
31217	2	San Martín de Unx		31	Navarra	15	42.52525	-1.57139	352
31219	1	Sansol		31	Navarra	15	42.53774	-2.25615	89
31220	5	Santacara		31	Navarra	15	42.37992	-1.54398	874
31221	2	Doneztebe	Santesteban;Doneztebe/Santesteban;Doneztebe / Santesteban	31	Navarra	15	43.13503	-1.67031	1854
31222	7	Sarriés	Sartze;Sarriés/Sartze;Sarriés / Sartze	31	Navarra	15	42.84044	-1.10377	57
31223	3	Sartaguda		31	Navarra	15	42.38266	-2.04260	1349
31224	8	Sesma		31	Navarra	15	42.47989	-2.09430	1248
31225	1	Sorlada		31	Navarra	15	42.61249	-2.21826	39
31226	4	Sunbilla		31	Navarra	15	43.18126	-1.65527	672
31227	0	Tafalla		31	Navarra	15	42.52475	-1.70558	10854
31228	6	Tiebas-Muruarte de Reta		31	Navarra	15	42.68563	-1.64894	693
31229	9	Tirapu		31	Navarra	15	42.64727	-1.69252	49
31230	3	Torralba del Río		31	Navarra	15	42.62305	-2.31606	96
31231	0	Torres del Río		31	Navarra	15	42.52087	-2.27088	116
31232	5	Tudela		31	Navarra	15	42.07440	-1.63728	38903
31233	1	Tulebras		31	Navarra	15	41.98509	-1.68325	159
31234	6	Ucar		31	Navarra	15	42.69138	-1.70418	194
31235	9	Ujué	Uxue;Ujué/Uxue;Ujué / Uxue	31	Navarra	15	42.48005	-1.48995	168
31236	2	Ultzama		31	Navarra	15	42.99900	-1.67730	1599
31237	8	Unciti		31	Navarra	15	42.73554	-1.49099	257
31238	4	Unzué	Untzue;Unzué/Untzue;Unzué / Untzue	31	Navarra	15	42.66514	-1.61998	164
31239	7	Urdazubi	Urdax;Urdazubi/Urdax;Urdazubi / Urdax	31	Navarra	15	43.27694	-1.50552	354
31240	1	Urdiain		31	Navarra	15	42.88804	-2.13736	647
31241	8	Urraul Alto		31	Navarra	15	42.78212	-1.22815	136
31242	3	Urraul Bajo		31	Navarra	15	42.68837	-1.32987	330
31243	9	Urroz-Villa		31	Navarra	15	42.77654	-1.44660	403
31244	4	Urroz		31	Navarra	15	43.08505	-1.70724	175
31245	7	Urzainqui	Urzainki;Urzainqui/Urzainki;Urzainqui / Urzainki	31	Navarra	15	42.83404	-0.91543	76
31246	0	Uterga		31	Navarra	15	42.71571	-1.75017	177
31247	6	Uztárroz	Uztarroze;Uztárroz/Uztarroze;Uztárroz / Uztarroze	31	Navarra	15	42.91936	-0.95670	136
31248	2	Luzaide	Valcarlos;Luzaide/Valcarlos;Luzaide / Valcarlos	31	Navarra	15	43.06510	-1.31403	336
31249	5	Valtierra		31	Navarra	15	42.20871	-1.61625	2505
31250	8	Bera		31	Navarra	15	43.27411	-1.67007	3779
31251	5	Viana		31	Navarra	15	42.49440	-2.34950	4441
31252	0	Vidángoz	Bidankoze;Vidángoz/Bidankoze;Vidángoz / Bidankoze	31	Navarra	15	42.81912	-1.00525	74
31253	6	Bidaurreta		31	Navarra	15	42.76967	-1.84010	181
31254	1	Villafranca		31	Navarra	15	42.27799	-1.73127	3163
31255	4	Villamayor de Monjardín		31	Navarra	15	42.62739	-2.11143	115
31256	7	Hiriberri	Villanueva de Aezkoa;Hiriberri/Villanueva de Aezkoa;Hiriberri / Villanueva de Aezkoa	31	Navarra	15	42.95031	-1.19733	96
31257	3	Villatuerta		31	Navarra	15	42.63050	-1.92988	1256
31258	9	Villava	Atarrabia;Villava/Atarrabia;Villava / Atarrabia	31	Navarra	15	42.83223	-1.60933	9928
31259	2	Igantzi		31	Navarra	15	43.22087	-1.68973	578
31260	6	Valle de Yerri	Deierri;Valle de Yerri/Deierri;Valle de Yerri / Deierri	31	Navarra	15	42.72718	-1.98989	1549
31261	3	Yesa		31	Navarra	15	42.62586	-1.18595	297
31262	8	Zabalza	Zabaltza;Zabalza/Zabaltza;Zabalza / Zabaltza	31	Navarra	15	42.77270	-1.79711	285
31263	4	Zubieta		31	Navarra	15	43.12759	-1.76109	292
31264	9	Zugarramurdi		31	Navarra	15	43.27560	-1.54322	213
31265	2	Zúñiga		31	Navarra	15	42.69269	-2.29198	78
31901	9	Barañáin	Barañain;Barañáin/Barañain;Barañáin / Barañain	31	Navarra	15	42.80451	-1.69022	19642
31902	4	Berrioplano	Berriobeiti;Berrioplano/Berriobeiti;Berrioplano / Berriobeiti	31	Navarra	15	42.85771	-1.70239	7645
31903	0	Berriozar		31	Navarra	15	42.84295	-1.66966	11361
31904	5	Irurtzun		31	Navarra	15	42.92665	-1.82611	2296
31905	8	Beriáin		31	Navarra	15	42.73216	-1.64080	4195
31906	1	Orkoien		31	Navarra	15	42.82869	-1.70231	4098
31907	7	Zizur Mayor	Zizur Nagusia;Zizur Mayor/Zizur Nagusia;Zizur Mayor / Zizur Nagusia	31	Navarra	15	42.79250	-1.69230	16510
31908	3	Lekunberri		31	Navarra	15	43.00608	-1.90389	1746
32001	3	Allariz		32	Ourense	12	42.19790	-7.81693	6497
32002	8	Amoeiro		32	Ourense	12	42.40406	-7.94064	2443
32003	4	A Arnoia	Arnoia, A	32	Ourense	12	42.24957	-8.13084	949
32004	9	Avión		32	Ourense	12	42.41462	-8.25845	1719
32005	2	Baltar		32	Ourense	12	41.94155	-7.72570	849
32006	5	Bande		32	Ourense	12	42.00415	-7.96228	1460
32007	1	Baños de Molgas		32	Ourense	12	42.23116	-7.68168	1471
32008	7	Barbadás		32	Ourense	12	42.31170	-7.90242	11201
32009	0	O Barco de Valdeorras	Barco de Valdeorras, O	32	Ourense	12	42.43272	-6.96868	13368
32010	4	Beade		32	Ourense	12	42.32872	-8.13261	363
32011	1	Beariz		32	Ourense	12	42.47795	-8.27374	901
32012	6	Os Blancos	Blancos, Os	32	Ourense	12	41.98090	-7.76621	696
32013	2	Boborás		32	Ourense	12	42.43989	-8.18319	2167
32014	7	A Bola	Bola, A	32	Ourense	12	42.14427	-7.91103	1139
32015	0	O Bolo	Bolo, O	32	Ourense	12	42.30282	-7.12030	789
32016	3	Calvos de Randín		32	Ourense	12	41.93627	-7.85583	650
32017	9	Carballeda de Valdeorras		32	Ourense	12	42.34890	-6.85580	1311
32018	5	Carballeda de Avia		32	Ourense	12	42.33678	-8.18119	1172
32019	8	O Carballiño	Carballiño, O	32	Ourense	12	42.44214	-8.08081	14249
32020	2	Cartelle		32	Ourense	12	42.23409	-8.03093	2466
32021	9	Castrelo do Val		32	Ourense	12	42.04416	-7.36360	947
32022	4	Castrelo de Miño		32	Ourense	12	42.29412	-8.05972	1289
32023	0	Castro Caldelas		32	Ourense	12	42.38320	-7.41183	1244
32024	5	Celanova		32	Ourense	12	42.16601	-7.97007	5723
32025	8	Cenlle		32	Ourense	12	42.34246	-8.07320	1066
32026	1	Coles		32	Ourense	12	42.41006	-7.83961	3228
32027	7	Cortegada		32	Ourense	12	42.20954	-8.15015	1027
32028	3	Cualedro		32	Ourense	12	41.97764	-7.58193	1538
32029	6	Chandrexa de Queixa		32	Ourense	12	42.23918	-7.36836	467
32030	0	Entrimo		32	Ourense	12	41.94281	-8.13322	1093
32031	7	Esgos		32	Ourense	12	42.33464	-7.70641	1103
32032	2	Xinzo de Limia		32	Ourense	12	42.01898	-7.70073	9699
32033	8	Gomesende		32	Ourense	12	42.20710	-8.09562	646
32034	3	A Gudiña	Gudiña, A	32	Ourense	12	42.03465	-7.18690	1197
32035	6	O Irixo	Irixo, O	32	Ourense	12	42.51318	-8.16700	1340
32036	9	Xunqueira de Ambía		32	Ourense	12	42.18473	-7.71949	1346
32037	5	Xunqueira de Espadanedo		32	Ourense	12	42.33302	-7.63208	696
32038	1	Larouco		32	Ourense	12	42.35173	-7.16270	484
32039	4	Laza		32	Ourense	12	42.09843	-7.44323	1156
32040	8	Leiro		32	Ourense	12	42.37450	-8.15659	1517
32041	5	Lobeira		32	Ourense	12	41.97930	-8.03444	703
32042	0	Lobios		32	Ourense	12	41.90178	-8.08572	1776
32043	6	Maceda		32	Ourense	12	42.25449	-7.59617	2874
32044	1	Manzaneda		32	Ourense	12	42.29690	-7.20298	767
32045	4	Maside		32	Ourense	12	42.42026	-8.00502	2768
32046	7	Melón		32	Ourense	12	42.27591	-8.21587	1079
32047	3	A Merca	Merca, A	32	Ourense	12	42.20851	-7.89204	1962
32048	9	A Mezquita	Mezquita, A	32	Ourense	12	42.01419	-7.05048	996
32049	2	Montederramo		32	Ourense	12	42.28331	-7.49450	660
32050	5	Monterrei		32	Ourense	12	41.95021	-7.52296	2403
32051	2	Muíños		32	Ourense	12	41.95304	-7.96819	1385
32052	7	Nogueira de Ramuín		32	Ourense	12	42.39879	-7.70591	2074
32053	3	Oímbra		32	Ourense	12	41.86827	-7.52513	1689
32054	8	Ourense	Orense	32	Ourense	12	42.35088	-7.90211	105769
32055	1	Paderne de Allariz		32	Ourense	12	42.26667	-7.75000	1346
32056	4	Padrenda		32	Ourense	12	42.13626	-8.14872	1555
32057	0	Parada de Sil		32	Ourense	12	42.36152	-7.54731	500
32058	6	O Pereiro de Aguiar	Pereiro de Aguiar, O	32	Ourense	12	42.35760	-7.78019	6794
32059	9	A Peroxa	Peroxa, A	32	Ourense	12	42.45883	-7.78795	1793
32060	3	Petín		32	Ourense	12	42.36802	-7.11089	856
32061	0	Piñor		32	Ourense	12	42.52677	-8.00149	1103
32062	5	Porqueira		32	Ourense	12	42.01580	-7.85438	806
32063	1	A Pobra de Trives	Pobra de Trives, A	32	Ourense	12	42.32211	-7.27027	1929
32064	6	Pontedeva		32	Ourense	12	42.16921	-8.13810	458
32065	9	Punxín		32	Ourense	12	42.36683	-8.00589	748
32066	2	Quintela de Leirado		32	Ourense	12	42.13678	-8.10318	587
32067	8	Rairiz de Veiga		32	Ourense	12	42.08798	-7.83734	1154
32068	4	Ramirás		32	Ourense	12	42.18886	-8.03496	1485
32069	7	Ribadavia		32	Ourense	12	42.28954	-8.13796	4895
32070	1	San Xoán de Río		32	Ourense	12	42.38288	-7.32208	510
32071	8	Riós		32	Ourense	12	41.96585	-7.24640	1379
32072	3	A Rúa	Rúa, A	32	Ourense	12	42.41293	-7.12310	4214
32073	9	Rubiá		32	Ourense	12	42.46703	-6.88655	1391
32074	4	San Amaro		32	Ourense	12	42.37004	-8.06333	1030
32075	7	San Cibrao das Viñas		32	Ourense	12	42.28603	-7.85489	5751
32076	0	San Cristovo de Cea		32	Ourense	12	42.46667	-7.98333	1963
32077	6	Sandiás		32	Ourense	12	42.11697	-7.75124	1086
32078	2	Sarreaus		32	Ourense	12	42.09210	-7.59316	1068
32079	5	Taboadela		32	Ourense	12	42.24797	-7.82769	1480
32080	9	A Teixeira	Teixeira, A	32	Ourense	12	42.37099	-7.47464	328
32081	6	Toén		32	Ourense	12	42.31130	-7.96745	2327
32082	1	Trasmiras		32	Ourense	12	42.02018	-7.63063	1216
32083	7	A Veiga	Veiga, A	32	Ourense	12	42.27249	-6.93966	873
32084	2	Verea		32	Ourense	12	42.10421	-7.99046	974
32085	5	Verín		32	Ourense	12	41.88679	-7.40906	13956
32086	8	Viana do Bolo		32	Ourense	12	42.15081	-7.07125	2715
32087	4	Vilamarín		32	Ourense	12	42.45224	-7.89952	1836
32088	0	Vilamartín de Valdeorras		32	Ourense	12	42.44644	-7.05798	1817
32089	3	Vilar de Barrio		32	Ourense	12	42.16943	-7.53473	1178
32090	7	Vilar de Santos		32	Ourense	12	42.08927	-7.80074	784
32091	4	Vilardevós		32	Ourense	12	41.92261	-7.29158	1616
32092	9	Vilariño de Conso		32	Ourense	12	42.15094	-7.28205	501
33001	9	Allande		33	Asturias	03	43.23947	-6.70435	1506
33002	4	Aller		33	Asturias	03	43.11873	-5.58393	10011
33003	0	Amieva		33	Asturias	03	43.25024	-5.09101	591
33004	5	Avilés		33	Asturias	03	43.56667	-5.93333	75517
33005	8	Belmonte de Miranda		33	Asturias	03	43.29588	-6.22800	1366
33006	1	Bimenes		33	Asturias	03	43.32051	-5.55875	1639
33007	7	Boal		33	Asturias	03	43.41961	-6.82458	1372
33008	3	Cabrales		33	Asturias	03	43.29957	-4.80274	1884
33009	6	Cabranes		33	Asturias	03	43.41234	-5.42945	1094
33010	0	Candamo		33	Asturias	03	43.45476	-6.05394	1902
33011	7	Cangas del Narcea		33	Asturias	03	43.11547	-6.54246	11282
33012	2	Cangas de Onís		33	Asturias	03	43.32841	-5.07175	6344
33013	8	Caravia		33	Asturias	03	43.46722	-5.18782	486
33014	3	Carreño		33	Asturias	03	43.57043	-5.76657	10292
33015	6	Caso		33	Asturias	03	43.18333	-5.35000	1437
33016	9	Castrillón		33	Asturias	03	43.56913	-5.99341	21998
33017	5	Castropol		33	Asturias	03	43.48601	-6.96711	3202
33018	1	Coaña		33	Asturias	03	43.53684	-6.75512	3321
33019	4	Colunga		33	Asturias	03	43.49695	-5.27522	3143
33020	8	Corvera de Asturias		33	Asturias	03	43.51667	-5.86667	15785
33021	5	Cudillero		33	Asturias	03	43.56151	-6.23253	4867
33022	0	Degaña		33	Asturias	03	42.95121	-6.57007	768
33023	6	El Franco	Franco, El	33	Asturias	03	43.54510	-6.84197	3728
33024	1	Gijón		33	Asturias	03	43.52931	-5.67732	269894
33025	4	Gozón		33	Asturias	03	43.62201	-5.83855	10407
33026	7	Grado		33	Asturias	03	43.31340	-6.09978	9681
33027	3	Grandas de Salime		33	Asturias	03	43.20576	-6.89817	767
33028	9	Ibias		33	Asturias	03	43.01311	-6.85419	1084
33029	2	Illano		33	Asturias	03	43.34371	-6.84777	277
33030	6	Illas		33	Asturias	03	43.49819	-5.96855	1048
33031	3	Langreo		33	Asturias	03	43.29160	-5.69938	38612
33032	8	Laviana		33	Asturias	03	43.23333	-5.53333	12352
33033	4	Lena		33	Asturias	03	43.10000	-5.73333	10382
33034	9	Valdés		33	Asturias	03	43.53338	-6.48500	10776
33035	2	Llanera		33	Asturias	03	43.44263	-5.85735	14020
33036	5	Llanes		33	Asturias	03	43.41892	-4.78878	13486
33037	1	Mieres		33	Asturias	03	43.23428	-5.75071	36373
33038	7	Morcín		33	Asturias	03	43.26372	-5.89314	2460
33039	0	Muros de Nalón		33	Asturias	03	43.55525	-6.09677	1955
33040	4	Nava		33	Asturias	03	43.33952	-5.49490	5244
33041	1	Navia		33	Asturias	03	43.54460	-6.66208	8031
33042	6	Noreña		33	Asturias	03	43.39672	-5.70828	5131
33043	2	Onís		33	Asturias	03	43.30319	-4.94821	739
33044	7	Oviedo		33	Asturias	03	43.35796	-5.87339	223968
33045	0	Parres		33	Asturias	03	43.37431	-5.17564	5150
33046	3	Peñamellera Alta		33	Asturias	03	43.32388	-4.69118	500
33047	9	Peñamellera Baja		33	Asturias	03	43.29528	-4.61072	1194
33048	5	Pesoz		33	Asturias	03	43.26568	-6.86652	134
33049	8	Piloña		33	Asturias	03	43.31575	-5.32571	6716
33050	1	Ponga		33	Asturias	03	43.18217	-5.17249	576
33051	8	Pravia		33	Asturias	03	43.49063	-6.15080	7792
33052	3	Proaza		33	Asturias	03	43.23547	-6.03398	686
33053	9	Quirós		33	Asturias	03	43.15708	-5.98046	1142
33054	4	Las Regueras	Regueras, Las	33	Asturias	03	43.40521	-5.96759	1892
33055	7	Ribadedeva		33	Asturias	03	43.38133	-4.55755	1693
33056	0	Ribadesella		33	Asturias	03	43.45337	-5.07079	5591
33057	6	Ribera de Arriba		33	Asturias	03	43.30870	-5.87224	1852
33058	2	Riosa		33	Asturias	03	43.22368	-5.87939	1686
33059	5	Salas		33	Asturias	03	43.41561	-6.26015	4771
33060	9	San Martín del Rey Aurelio		33	Asturias	03	43.26667	-5.61667	15531
33061	6	San Martín de Oscos		33	Asturias	03	43.27612	-6.93665	337
33062	1	Santa Eulalia de Oscos		33	Asturias	03	43.26150	-7.02121	420
33063	7	San Tirso de Abres		33	Asturias	03	43.40225	-7.13618	396
33064	2	Santo Adriano		33	Asturias	03	43.28518	-5.98370	281
33065	5	Sariego		33	Asturias	03	43.40666	-5.55641	1252
33066	8	Siero		33	Asturias	03	43.38333	-5.66667	53049
33067	4	Sobrescobio		33	Asturias	03	43.19441	-5.46648	838
33068	0	Somiedo		33	Asturias	03	43.08901	-6.24748	1031
33069	3	Soto del Barco		33	Asturias	03	43.52637	-6.06107	3801
33070	7	Tapia de Casariego		33	Asturias	03	43.54716	-6.92516	3538
33071	4	Taramundi		33	Asturias	03	43.36734	-7.07799	545
33072	9	Teverga		33	Asturias	03	43.15005	-6.11552	1495
33073	5	Tineo		33	Asturias	03	43.34107	-6.47303	8679
33074	0	Vegadeo		33	Asturias	03	43.42479	-7.02773	3928
33075	3	Villanueva de Oscos		33	Asturias	03	43.32591	-6.99349	244
33076	6	Villaviciosa		33	Asturias	03	43.47535	-5.41763	15379
33077	2	Villayón		33	Asturias	03	43.42140	-6.70759	1054
33078	8	Yernes y Tameza		33	Asturias	03	43.26393	-6.10852	134
34001	4	Abarca de Campos		34	Palencia	07	42.06042	-4.84208	38
34003	5	Abia de las Torres		34	Palencia	07	42.43850	-4.42007	165
34004	0	Aguilar de Campoo		34	Palencia	07	42.79292	-4.25970	6916
34005	3	Alar del Rey		34	Palencia	07	42.67710	-4.30443	910
34006	6	Alba de Cerrato		34	Palencia	07	41.79761	-4.35970	80
34009	1	Amayuelas de Arriba		34	Palencia	07	42.22342	-4.48279	36
34010	5	Ampudia		34	Palencia	07	41.89852	-4.76990	588
34011	2	Amusco		34	Palencia	07	42.13943	-4.43087	417
34012	7	Antigüedad		34	Palencia	07	41.93053	-4.08531	329
34015	1	Arconada		34	Palencia	07	42.34451	-4.48701	45
34017	0	Astudillo		34	Palencia	07	42.19304	-4.29256	1041
34018	6	Autilla del Pino		34	Palencia	07	41.98576	-4.63192	223
34019	9	Autillo de Campos		34	Palencia	07	42.08961	-4.84819	125
34020	3	Ayuela		34	Palencia	07	42.65515	-4.74012	48
34022	5	Baltanás		34	Palencia	07	41.94671	-4.19167	1226
34023	1	Venta de Baños		34	Palencia	07	41.93710	-4.46450	6372
34024	6	Baquerín de Campos		34	Palencia	07	42.02568	-4.75999	20
34025	9	Bárcena de Campos		34	Palencia	07	42.49282	-4.49504	53
34027	8	Barruelo de Santullán		34	Palencia	07	42.88007	-4.31160	1164
34028	4	Báscones de Ojeda		34	Palencia	07	42.67804	-4.53271	136
34029	7	Becerril de Campos		34	Palencia	07	42.12045	-4.62413	737
34031	8	Belmonte de Campos		34	Palencia	07	41.93823	-4.97760	28
34032	3	Berzosilla		34	Palencia	07	42.79172	-4.01835	45
34033	9	Boada de Campos		34	Palencia	07	41.98421	-4.88221	17
34034	4	Boadilla del Camino		34	Palencia	07	42.26032	-4.33597	111
34035	7	Boadilla de Rioseco		34	Palencia	07	42.17167	-4.98197	95
34036	0	Brañosera		34	Palencia	07	42.93251	-4.28490	253
34037	6	Buenavista de Valdavia		34	Palencia	07	42.62964	-4.60838	290
34038	2	Bustillo de la Vega		34	Palencia	07	42.44489	-4.74240	259
34039	5	Bustillo del Páramo de Carrión		34	Palencia	07	42.35001	-4.72964	58
34041	6	Calahorra de Boedo		34	Palencia	07	42.56788	-4.37982	82
34042	1	Calzada de los Molinos		34	Palencia	07	42.31839	-4.65879	305
34045	5	Capillas		34	Palencia	07	42.01338	-4.90080	68
34046	8	Cardeñosa de Volpejera		34	Palencia	07	42.22796	-4.69784	64
34047	4	Carrión de los Condes		34	Palencia	07	42.31701	-4.62336	1997
34048	0	Castil de Vela		34	Palencia	07	41.97503	-4.94900	54
34049	3	Castrejón de la Peña		34	Palencia	07	42.79838	-4.60134	322
34050	6	Castrillo de Don Juan		34	Palencia	07	41.82466	-4.08958	177
34051	3	Castrillo de Onielo		34	Palencia	07	41.86640	-4.29510	91
34052	8	Castrillo de Villavega		34	Palencia	07	42.45589	-4.47636	167
34053	4	Castromocho		34	Palencia	07	42.02166	-4.81985	193
34055	2	Cervatos de la Cueza		34	Palencia	07	42.31241	-4.78217	241
34056	5	Cervera de Pisuerga		34	Palencia	07	42.90861	-4.50989	2272
34057	1	Cevico de la Torre		34	Palencia	07	41.85875	-4.41799	464
34058	7	Cevico Navero		34	Palencia	07	41.86704	-4.12737	175
34059	0	Cisneros		34	Palencia	07	42.21419	-4.85607	426
34060	4	Cobos de Cerrato		34	Palencia	07	42.01202	-4.03683	129
34061	1	Collazos de Boedo		34	Palencia	07	42.63809	-4.48895	89
34062	6	Congosto de Valdavia		34	Palencia	07	42.70666	-4.66665	132
34063	2	Cordovilla la Real		34	Palencia	07	42.09745	-4.23221	130
34066	3	Cubillas de Cerrato		34	Palencia	07	41.79525	-4.46184	60
34067	9	Dehesa de Montejo		34	Palencia	07	42.82023	-4.51038	130
34068	5	Dehesa de Romanos		34	Palencia	07	42.63834	-4.44307	39
34069	8	Dueñas		34	Palencia	07	41.87781	-4.55494	2605
34070	2	Espinosa de Cerrato		34	Palencia	07	41.95409	-3.95703	119
34071	9	Espinosa de Villagonzalo		34	Palencia	07	42.48089	-4.36670	164
34072	4	Frechilla		34	Palencia	07	42.13676	-4.82662	138
34073	0	Fresno del Río		34	Palencia	07	42.68606	-4.84400	169
34074	5	Frómista		34	Palencia	07	42.26980	-4.41104	727
34076	1	Fuentes de Nava		34	Palencia	07	42.09216	-4.76499	581
34077	7	Fuentes de Valdepero		34	Palencia	07	42.06154	-4.48822	489
34079	6	Grijota		34	Palencia	07	42.04810	-4.58844	2839
34080	0	Guardo		34	Palencia	07	42.78467	-4.83561	5502
34081	7	Guaza de Campos		34	Palencia	07	42.12802	-4.89559	57
34082	2	Hérmedes de Cerrato		34	Palencia	07	41.81626	-4.18226	72
34083	8	Herrera de Pisuerga		34	Palencia	07	42.55550	-4.31222	1875
34084	3	Herrera de Valdecañas		34	Palencia	07	42.04483	-4.20248	148
34086	9	Hontoria de Cerrato		34	Palencia	07	41.91338	-4.40941	108
34087	5	Hornillos de Cerrato		34	Palencia	07	41.99757	-4.25797	171
34088	1	Husillos		34	Palencia	07	42.08619	-4.53444	413
34089	4	Itero de la Vega		34	Palencia	07	42.28848	-4.25772	147
34091	5	Lagartos		34	Palencia	07	42.39931	-4.88960	117
34092	0	Lantadilla		34	Palencia	07	42.34091	-4.27694	277
34093	6	La Vid de Ojeda	Vid de Ojeda, La	34	Palencia	07	42.65609	-4.40099	82
34094	1	Ledigos		34	Palencia	07	42.36565	-4.84783	59
34096	7	Lomas		34	Palencia	07	42.27501	-4.55266	40
34098	9	Magaz de Pisuerga		34	Palencia	07	41.98476	-4.45308	1065
34099	2	Manquillos		34	Palencia	07	42.21132	-4.56193	62
34100	6	Mantinos		34	Palencia	07	42.75510	-4.85475	142
34101	3	Marcilla de Campos		34	Palencia	07	42.32717	-4.39837	60
34102	8	Mazariegos		34	Palencia	07	42.04759	-4.70520	202
34103	4	Mazuecos de Valdeginate		34	Palencia	07	42.17012	-4.83162	78
34104	9	Melgar de Yuso		34	Palencia	07	42.25365	-4.25685	269
34106	5	Meneses de Campos		34	Palencia	07	41.95087	-4.91792	109
34107	1	Micieces de Ojeda		34	Palencia	07	42.68168	-4.46535	67
34108	7	Monzón de Campos		34	Palencia	07	42.10587	-4.46287	608
34109	0	Moratinos		34	Palencia	07	42.35602	-4.93360	55
34110	4	Mudá		34	Palencia	07	42.87718	-4.40024	81
34112	6	Nogal de las Huertas		34	Palencia	07	42.38938	-4.63612	46
34113	2	Olea de Boedo		34	Palencia	07	42.60926	-4.46803	38
34114	7	Olmos de Ojeda		34	Palencia	07	42.73359	-4.46637	166
34116	3	Osornillo		34	Palencia	07	42.36983	-4.29102	57
34120	2	Palencia		34	Palencia	07	41.98601	-4.56492	77466
34121	9	Palenzuela		34	Palencia	07	42.09687	-4.11773	212
34122	4	Páramo de Boedo		34	Palencia	07	42.59161	-4.38710	103
34123	0	Paredes de Nava		34	Palencia	07	42.17047	-4.67706	1927
34124	5	Payo de Ojeda		34	Palencia	07	42.73182	-4.50104	59
34125	8	Pedraza de Campos		34	Palencia	07	41.97340	-4.70613	73
34126	1	Pedrosa de la Vega		34	Palencia	07	42.48554	-4.73470	277
34127	7	Perales		34	Palencia	07	42.17794	-4.58538	112
34129	6	Pino del Río		34	Palencia	07	42.63365	-4.80381	162
34130	0	Piña de Campos		34	Palencia	07	42.21963	-4.44099	185
34131	7	Población de Arroyo		34	Palencia	07	42.32683	-4.87320	44
34132	2	Población de Campos		34	Palencia	07	42.26415	-4.45536	119
34133	8	Población de Cerrato		34	Palencia	07	41.79467	-4.43446	102
34134	3	Polentinos		34	Palencia	07	42.94120	-4.53937	41
34135	6	Pomar de Valdivia		34	Palencia	07	42.78435	-4.18468	488
34136	9	Poza de la Vega		34	Palencia	07	42.58027	-4.82269	160
34137	5	Pozo de Urama		34	Palencia	07	42.25967	-4.89555	21
34139	4	Prádanos de Ojeda		34	Palencia	07	42.66387	-4.35740	181
34140	8	La Puebla de Valdavia	Puebla de Valdavia, La	34	Palencia	07	42.69102	-4.59242	79
34141	5	Quintana del Puente		34	Palencia	07	42.09242	-4.20064	248
34143	6	Quintanilla de Onsoña		34	Palencia	07	42.48346	-4.66707	167
34146	7	Reinoso de Cerrato		34	Palencia	07	41.95932	-4.38399	58
34147	3	Renedo de la Vega		34	Palencia	07	42.43874	-4.70558	193
34149	2	Requena de Campos		34	Palencia	07	42.31014	-4.33862	27
34151	2	Respenda de la Peña		34	Palencia	07	42.74047	-4.70321	140
34152	7	Revenga de Campos		34	Palencia	07	42.26427	-4.50552	127
34154	8	Revilla de Collazos		34	Palencia	07	42.63634	-4.51366	75
34155	1	Ribas de Campos		34	Palencia	07	42.14928	-4.51243	150
34156	4	Riberos de la Cueza		34	Palencia	07	42.28039	-4.71307	52
34157	0	Saldaña		34	Palencia	07	42.55495	-4.69641	2844
34158	6	Salinas de Pisuerga		34	Palencia	07	42.85768	-4.36685	348
34159	9	San Cebrián de Campos		34	Palencia	07	42.19079	-4.53695	400
34160	3	San Cebrián de Mudá		34	Palencia	07	42.90809	-4.38794	142
34161	0	San Cristóbal de Boedo		34	Palencia	07	42.54040	-4.34847	20
34163	1	San Mamés de Campos		34	Palencia	07	42.36140	-4.54206	44
34165	9	San Román de la Cuba		34	Palencia	07	42.26743	-4.85112	53
34167	8	Santa Cecilia del Alcor		34	Palencia	07	41.92892	-4.65906	91
34168	4	Santa Cruz de Boedo		34	Palencia	07	42.51953	-4.35230	51
34169	7	Santervás de la Vega		34	Palencia	07	42.50301	-4.83777	392
34170	1	Santibáñez de Ecla		34	Palencia	07	42.71510	-4.35923	42
34171	8	Santibáñez de la Peña		34	Palencia	07	42.79884	-4.74255	892
34174	4	Santoyo		34	Palencia	07	42.22183	-4.34909	187
34175	7	La Serna	Serna, La	34	Palencia	07	42.41507	-4.65739	90
34176	0	Sotobañado y Priorato		34	Palencia	07	42.59834	-4.44588	154
34177	6	Soto de Cerrato		34	Palencia	07	41.94324	-4.42135	166
34178	2	Tabanera de Cerrato		34	Palencia	07	42.00830	-4.10496	133
34179	5	Tabanera de Valdavia		34	Palencia	07	42.65500	-4.70532	20
34180	9	Támara de Campos		34	Palencia	07	42.19565	-4.40543	70
34181	6	Tariego de Cerrato		34	Palencia	07	41.88998	-4.47328	504
34182	1	Torquemada		34	Palencia	07	42.03558	-4.29204	964
34184	2	Torremormojón		34	Palencia	07	41.96170	-4.79029	41
34185	5	Triollo		34	Palencia	07	42.92381	-4.68162	73
34186	8	Valbuena de Pisuerga		34	Palencia	07	42.15188	-4.22279	49
34189	3	Valdeolmillos		34	Palencia	07	42.04859	-4.42011	56
34190	7	Valderrábano		34	Palencia	07	42.60050	-4.64894	47
34192	9	Valde-Ucieza		34	Palencia	07	42.40008	-4.57546	77
34196	6	Valle de Cerrato		34	Palencia	07	41.90157	-4.35287	77
34199	1	Velilla del Río Carrión		34	Palencia	07	42.90742	-4.77306	1104
34201	2	Vertavillo		34	Palencia	07	41.81860	-4.30020	162
34202	7	Villabasta de Valdavia		34	Palencia	07	42.55824	-4.61836	33
34204	8	Villacidaler		34	Palencia	07	42.21801	-4.97503	44
34205	1	Villaconancio		34	Palencia	07	41.86837	-4.21349	48
34206	4	Villada		34	Palencia	07	42.27026	-4.95276	863
34208	6	Villaeles de Valdavia		34	Palencia	07	42.57586	-4.55823	47
34210	3	Villahán		34	Palencia	07	42.05553	-4.14492	96
34211	0	Villaherreros		34	Palencia	07	42.39148	-4.46761	211
34213	1	Villalaco		34	Palencia	07	42.14225	-4.26570	67
34214	6	Villalba de Guardo		34	Palencia	07	42.72266	-4.82651	194
34215	9	Villalcázar de Sirga		34	Palencia	07	42.31413	-4.54170	160
34216	2	Villalcón		34	Palencia	07	42.29888	-4.85209	45
34217	8	Villalobón		34	Palencia	07	42.02532	-4.47335	1955
34218	4	Villaluenga de la Vega		34	Palencia	07	42.52804	-4.77472	519
34220	1	Villamartín de Campos		34	Palencia	07	42.01128	-4.67877	170
34221	8	Villamediana		34	Palencia	07	42.04996	-4.37660	177
34222	3	Villameriel		34	Palencia	07	42.54911	-4.47127	109
34223	9	Villamoronta		34	Palencia	07	42.40208	-4.69704	236
34224	4	Villamuera de la Cueza		34	Palencia	07	42.25336	-4.67115	36
34225	7	Villamuriel de Cerrato		34	Palencia	07	41.95470	-4.50596	6501
34227	6	Villanueva del Rebollar		34	Palencia	07	42.23900	-4.73194	67
34228	2	Villanuño de Valdavia		34	Palencia	07	42.52558	-4.51551	91
34229	5	Villaprovedo		34	Palencia	07	42.51956	-4.40455	46
34230	9	Villarmentero de Campos		34	Palencia	07	42.29257	-4.51721	26
34231	6	Villarrabé		34	Palencia	07	42.41729	-4.79580	170
34232	1	Villarramiel		34	Palencia	07	42.04235	-4.90180	782
34233	7	Villasarracino		34	Palencia	07	42.40666	-4.50796	125
34234	2	Villasila de Valdavia		34	Palencia	07	42.55324	-4.54115	64
34236	8	Villaturde		34	Palencia	07	42.37649	-4.67860	148
34237	4	Villaumbrales		34	Palencia	07	42.07812	-4.60759	627
34238	0	Villaviudas		34	Palencia	07	41.95942	-4.32918	356
34240	7	Villerías de Campos		34	Palencia	07	41.94543	-4.85941	71
34241	4	Villodre		34	Palencia	07	42.21161	-4.24622	22
34242	9	Villodrigo		34	Palencia	07	42.15205	-4.08184	96
34243	5	Villoldo		34	Palencia	07	42.26015	-4.60111	333
34245	3	Villota del Páramo		34	Palencia	07	42.57695	-4.88253	295
34246	6	Villovieco		34	Palencia	07	42.31276	-4.46191	62
34901	5	Osorno la Mayor		34	Palencia	07	42.38944	-4.37886	1180
34902	0	Valle del Retortillo		34	Palencia	07	42.21988	-4.78002	155
34903	6	Loma de Ucieza		34	Palencia	07	42.47727	-4.58373	186
34904	1	La Pernía	Pernía, La	34	Palencia	07	42.99581	-4.47605	297
35001	7	Agaete		35	Las Palmas	05	28.10363	-15.69431	5683
35002	2	Agüimes		35	Las Palmas	05	27.89145	-15.44071	33800
35003	8	Antigua		35	Las Palmas	05	28.35436	-13.91724	14164
35004	3	Arrecife		35	Las Palmas	05	28.96753	-13.54925	70811
35005	6	Artenara		35	Las Palmas	05	28.02242	-15.71131	1024
35006	9	Arucas		35	Las Palmas	05	28.13502	-15.51730	39232
35007	5	Betancuria		35	Las Palmas	05	28.44170	-14.09884	801
35008	1	Firgas		35	Las Palmas	05	28.10865	-15.55731	7728
35009	4	Gáldar		35	Las Palmas	05	28.15132	-15.65088	25108
35010	8	Haría		35	Las Palmas	05	29.16495	-13.46238	5623
35011	5	Ingenio		35	Las Palmas	05	27.93444	-15.45768	32905
35012	0	Mogán		35	Las Palmas	05	27.83541	-15.71592	21172
35013	6	Moya		35	Las Palmas	05	28.09059	-15.58829	8007
35014	1	La Oliva	Oliva, La	35	Las Palmas	05	28.68818	-13.92263	30022
35015	4	Pájara		35	Las Palmas	05	28.22450	-14.17649	21570
35016	7	Las Palmas de Gran Canaria	Palmas de Gran Canaria, Las	35	Las Palmas	05	28.11654	-15.43898	381868
35017	3	Puerto del Rosario		35	Las Palmas	05	28.51045	-13.95599	46150
35018	9	San Bartolomé		35	Las Palmas	05	28.98346	-13.61536	19551
35019	2	San Bartolomé de Tirajana		35	Las Palmas	05	27.82506	-15.58081	54291
35020	6	La Aldea de San Nicolás	Aldea de San Nicolás, La	35	Las Palmas	05	27.96753	-15.80060	7401
35021	3	Santa Brígida		35	Las Palmas	05	28.03132	-15.49173	18766
35022	8	Santa Lucía de Tirajana		35	Las Palmas	05	27.87003	-15.48910	78584
35023	4	Santa María de Guía de Gran Canaria		35	Las Palmas	05	28.11968	-15.61867	14311
35024	9	Teguise		35	Las Palmas	05	29.09424	-13.54734	24027
35025	2	Tejeda		35	Las Palmas	05	27.96960	-15.66261	1806
35026	5	Telde		35	Las Palmas	05	27.97780	-15.41367	104168
35027	1	Teror		35	Las Palmas	05	28.05886	-15.53409	13211
35028	7	Tías		35	Las Palmas	05	28.93773	-13.66192	21613
35029	0	Tinajo		35	Las Palmas	05	29.07876	-13.70810	6939
35030	4	Tuineje		35	Las Palmas	05	28.23447	-14.06095	16834
35031	1	Valsequillo de Gran Canaria		35	Las Palmas	05	27.98262	-15.50631	9869
35032	6	Valleseco		35	Las Palmas	05	28.04796	-15.58029	3775
35033	2	Vega de San Mateo		35	Las Palmas	05	27.99941	-15.55304	7899
35034	7	Yaiza		35	Las Palmas	05	28.96329	-13.76312	18842
36001	0	Arbo		36	Pontevedra	12	42.12586	-8.31517	2603
36002	5	Barro		36	Pontevedra	12	42.52972	-8.64787	3674
36003	1	Baiona		36	Pontevedra	12	42.10681	-8.85547	12361
36004	6	Bueu		36	Pontevedra	12	42.32723	-8.80300	11836
36005	9	Caldas de Reis		36	Pontevedra	12	42.60532	-8.65468	9615
36006	2	Cambados		36	Pontevedra	12	42.50498	-8.80782	13787
36007	8	Campo Lameiro		36	Pontevedra	12	42.54382	-8.54286	1667
36008	4	Cangas		36	Pontevedra	12	42.27263	-8.83035	26711
36009	7	A Cañiza	Cañiza, A	36	Pontevedra	12	42.19098	-8.29176	4990
36010	1	Catoira		36	Pontevedra	12	42.66303	-8.72174	3274
36013	9	Covelo		36	Pontevedra	12	42.27125	-8.34425	2472
36014	4	Crecente		36	Pontevedra	12	42.18607	-8.20831	1921
36015	7	Cuntis		36	Pontevedra	12	42.62869	-8.55599	4469
36016	0	Dozón		36	Pontevedra	12	42.58787	-8.04040	961
36017	6	A Estrada	Estrada, A	36	Pontevedra	12	42.70773	-8.46022	20112
36018	2	Forcarei		36	Pontevedra	12	42.57164	-8.32656	3067
36019	5	Fornelos de Montes		36	Pontevedra	12	42.33581	-8.44545	1614
36020	9	Agolada		36	Pontevedra	12	42.79254	-8.05040	2225
36021	6	Gondomar		36	Pontevedra	12	42.10744	-8.76228	15066
36022	1	O Grove	Grove, O	36	Pontevedra	12	42.47848	-8.88778	10833
36023	7	A Guarda	Guarda, A	36	Pontevedra	12	41.90403	-8.87225	9970
36024	2	Lalín		36	Pontevedra	12	42.71667	-8.11667	20292
36025	5	A Lama	Lama, A	36	Pontevedra	12	42.41328	-8.41513	2437
36026	8	Marín		36	Pontevedra	12	42.37674	-8.71759	23991
36027	4	Meaño		36	Pontevedra	12	42.46286	-8.79586	5237
36028	0	Meis		36	Pontevedra	12	42.52054	-8.71538	4668
36029	3	Moaña		36	Pontevedra	12	42.28574	-8.71009	19320
36030	7	Mondariz		36	Pontevedra	12	42.23586	-8.43350	4456
36031	4	Mondariz-Balneario		36	Pontevedra	12	42.22525	-8.46793	742
36032	9	Moraña		36	Pontevedra	12	42.58301	-8.57494	4131
36033	5	Mos		36	Pontevedra	12	42.20000	-8.60000	15233
36034	0	As Neves	Neves, As	36	Pontevedra	12	42.12425	-8.40428	3657
36035	3	Nigrán		36	Pontevedra	12	42.14598	-8.82104	18174
36036	6	Oia		36	Pontevedra	12	42.02434	-8.87258	3062
36037	2	Pazos de Borbén		36	Pontevedra	12	42.28333	-8.53333	3046
36038	8	Pontevedra		36	Pontevedra	12	42.42241	-8.61925	83316
36039	1	O Porriño	Porriño, O	36	Pontevedra	12	42.13107	-8.63894	20965
36040	5	Portas		36	Pontevedra	12	42.57303	-8.66592	2748
36041	2	Poio		36	Pontevedra	12	42.44137	-8.70482	17434
36042	7	Ponteareas		36	Pontevedra	12	42.18438	-8.48505	23211
36043	3	Ponte Caldelas		36	Pontevedra	12	42.37671	-8.50578	5609
36044	8	Pontecesures		36	Pontevedra	12	42.71723	-8.63869	3076
36045	1	Redondela		36	Pontevedra	12	42.28290	-8.61131	28874
36046	4	Ribadumia		36	Pontevedra	12	42.51970	-8.75098	5166
36047	0	Rodeiro		36	Pontevedra	12	42.65931	-7.96089	2232
36048	6	O Rosal	Rosal, O	36	Pontevedra	12	41.93517	-8.83597	6548
36049	9	Salceda de Caselas		36	Pontevedra	12	42.10000	-8.58333	9409
36050	2	Salvaterra de Miño		36	Pontevedra	12	42.12557	-8.47174	10617
36051	9	Sanxenxo		36	Pontevedra	12	42.41902	-8.83274	18016
36052	4	Silleda		36	Pontevedra	12	42.70936	-8.26138	8917
36053	0	Soutomaior		36	Pontevedra	12	42.33800	-8.57305	7589
36054	5	Tomiño		36	Pontevedra	12	41.99226	-8.74886	13738
36055	8	Tui		36	Pontevedra	12	42.06937	-8.64095	17468
36056	1	Valga		36	Pontevedra	12	42.69542	-8.65944	5779
36057	7	Vigo		36	Pontevedra	12	42.20365	-8.72296	294489
36058	3	Vilaboa		36	Pontevedra	12	42.33491	-8.64470	5856
36059	6	Vila de Cruces		36	Pontevedra	12	42.80000	-8.21667	4967
36060	0	Vilagarcía de Arousa		36	Pontevedra	12	42.59707	-8.75165	37888
36061	7	Vilanova de Arousa		36	Pontevedra	12	42.55737	-8.78994	10159
36901	1	A Illa de Arousa	Illa de Arousa, A	36	Pontevedra	12	42.54962	-8.86725	4809
36902	6	Cerdedo-Cotobade		36	Pontevedra	12	42.50703	-8.44025	5671
37001	6	Abusejo		37	Salamanca	07	40.71472	-6.13284	148
37002	1	Agallas		37	Salamanca	07	40.41899	-6.42694	122
37003	7	Ahigal de los Aceiteros		37	Salamanca	07	40.86236	-6.76039	93
37004	2	Ahigal de Villarino		37	Salamanca	07	41.16553	-6.37303	30
37005	5	La Alameda de Gardón	Alameda de Gardón, La	37	Salamanca	07	40.64164	-6.76220	67
37006	8	La Alamedilla	Alamedilla, La	37	Salamanca	07	40.45701	-6.80654	94
37007	4	Alaraz		37	Salamanca	07	40.72243	-5.32294	444
37008	0	Alba de Tormes		37	Salamanca	07	40.82922	-5.50850	5099
37009	3	Alba de Yeltes		37	Salamanca	07	40.67458	-6.32948	205
37010	7	La Alberca	Alberca, La	37	Salamanca	07	40.48624	-6.12945	1034
37011	4	La Alberguería de Argañán	Alberguería de Argañán, La	37	Salamanca	07	40.42250	-6.79709	94
37012	9	Alconada		37	Salamanca	07	40.90733	-5.36697	130
37013	5	Aldeacipreste		37	Salamanca	07	40.37816	-5.89594	89
37014	0	Aldeadávila de la Ribera		37	Salamanca	07	41.21433	-6.64440	1094
37015	3	Aldea del Obispo		37	Salamanca	07	40.71194	-6.79354	245
37016	6	Aldealengua		37	Salamanca	07	40.98635	-5.54467	730
37017	2	Aldeanueva de Figueroa		37	Salamanca	07	41.16423	-5.53479	238
37018	8	Aldeanueva de la Sierra		37	Salamanca	07	40.61442	-6.09585	88
37019	1	Aldearrodrigo		37	Salamanca	07	41.11335	-5.80524	143
37020	5	Aldearrubia		37	Salamanca	07	41.00407	-5.49283	518
37021	2	Aldeaseca de Alba		37	Salamanca	07	40.81614	-5.44987	65
37022	7	Aldeaseca de la Frontera		37	Salamanca	07	40.94295	-5.21455	241
37023	3	Aldeatejada		37	Salamanca	07	40.90918	-5.71325	2662
37024	8	Aldeavieja de Tormes		37	Salamanca	07	40.57587	-5.62569	100
37025	1	Aldehuela de la Bóveda		37	Salamanca	07	40.84251	-6.06647	260
37026	4	Aldehuela de Yeltes		37	Salamanca	07	40.65288	-6.24656	176
37027	0	Almenara de Tormes		37	Salamanca	07	41.07186	-5.82363	302
37028	6	Almendra		37	Salamanca	07	41.23620	-6.33153	129
37029	9	Anaya de Alba		37	Salamanca	07	40.73462	-5.48696	190
37030	3	Añover de Tormes		37	Salamanca	07	41.13500	-5.91542	84
37031	0	Arabayona de Mógica		37	Salamanca	07	41.05049	-5.38542	318
37032	5	Arapiles		37	Salamanca	07	40.89443	-5.64750	744
37033	1	Arcediano		37	Salamanca	07	41.10338	-5.55856	89
37034	6	El Arco	Arco, El	37	Salamanca	07	41.11089	-5.82906	85
37035	9	Armenteros		37	Salamanca	07	40.61206	-5.48272	156
37036	2	San Miguel del Robledo		37	Salamanca	07	40.54139	-6.03728	52
37037	8	La Atalaya	Atalaya, La	37	Salamanca	07	40.50864	-6.40989	102
37038	4	Babilafuente		37	Salamanca	07	40.98593	-5.43373	924
37039	7	Bañobárez		37	Salamanca	07	40.81921	-6.62118	277
37040	1	Barbadillo		37	Salamanca	07	40.89265	-5.81456	391
37041	8	Barbalos		37	Salamanca	07	40.66035	-5.93940	70
37042	3	Barceo		37	Salamanca	07	41.06967	-6.45282	45
37044	4	Barruecopardo		37	Salamanca	07	41.05915	-6.66854	409
37045	7	La Bastida	Bastida, La	37	Salamanca	07	40.58491	-6.04395	22
37046	0	Béjar		37	Salamanca	07	40.38884	-5.77199	11993
37047	6	Beleña		37	Salamanca	07	40.74258	-5.64747	258
37049	5	Bermellar		37	Salamanca	07	41.00759	-6.65869	129
37050	8	Berrocal de Huebra		37	Salamanca	07	40.70353	-6.00147	75
37051	5	Berrocal de Salvatierra		37	Salamanca	07	40.64333	-5.68871	74
37052	0	Boada		37	Salamanca	07	40.82301	-6.32530	259
37054	1	El Bodón	Bodón, El	37	Salamanca	07	40.49959	-6.58431	247
37055	4	Bogajo		37	Salamanca	07	40.90697	-6.51606	124
37056	7	La Bouza	Bouza, La	37	Salamanca	07	40.83621	-6.79547	48
37057	3	Bóveda del Río Almar		37	Salamanca	07	40.86325	-5.22360	186
37058	9	Brincones		37	Salamanca	07	41.11453	-6.34659	56
37059	2	Buenamadre		37	Salamanca	07	40.86207	-6.20454	108
37060	6	Buenavista		37	Salamanca	07	40.78196	-5.62459	368
37061	3	El Cabaco	Cabaco, El	37	Salamanca	07	40.56637	-6.14535	227
37062	8	Cabezabellosa de la Calzada		37	Salamanca	07	41.04064	-5.48046	73
37063	4	La Cabeza de Béjar	Cabeza de Béjar, La	37	Salamanca	07	40.50122	-5.65658	55
37065	2	Cabeza del Caballo		37	Salamanca	07	41.14697	-6.56213	224
37067	1	Cabrerizos		37	Salamanca	07	40.98025	-5.59858	4218
37068	7	Cabrillas		37	Salamanca	07	40.74285	-6.18625	316
37069	0	Calvarrasa de Abajo		37	Salamanca	07	40.94964	-5.53800	1240
37070	4	Calvarrasa de Arriba		37	Salamanca	07	40.90235	-5.57560	604
37071	1	La Calzada de Béjar	Calzada de Béjar, La	37	Salamanca	07	40.41134	-5.82174	80
37072	6	Calzada de Don Diego		37	Salamanca	07	40.88549	-5.88042	127
37073	2	Calzada de Valdunciel		37	Salamanca	07	41.08658	-5.70422	717
37074	7	Campillo de Azaba		37	Salamanca	07	40.52326	-6.66904	146
37077	9	El Campo de Peñaranda	Campo de Peñaranda, El	37	Salamanca	07	41.00354	-5.26494	241
37078	5	Candelario		37	Salamanca	07	40.33673	-5.75436	832
37079	8	Canillas de Abajo		37	Salamanca	07	40.91360	-5.95659	64
37080	2	Cantagallo		37	Salamanca	07	40.37427	-5.81731	281
37081	9	Cantalapiedra		37	Salamanca	07	41.13019	-5.21138	884
37082	4	Cantalpino		37	Salamanca	07	41.08396	-5.32630	802
37083	0	Cantaracillo		37	Salamanca	07	40.91299	-5.14649	188
37085	8	Carbajosa de la Sagrada		37	Salamanca	07	40.92366	-5.62988	7791
37086	1	Carpio de Azaba		37	Salamanca	07	40.57607	-6.62722	110
37087	7	Carrascal de Barregas		37	Salamanca	07	40.98772	-5.85315	1456
37088	3	Carrascal del Obispo		37	Salamanca	07	40.77133	-5.99921	185
37089	6	Casafranca		37	Salamanca	07	40.61457	-5.77633	69
37090	0	Las Casas del Conde	Casas del Conde, Las	37	Salamanca	07	40.50712	-6.03916	63
37091	7	Casillas de Flores		37	Salamanca	07	40.36618	-6.75749	171
37092	2	Castellanos de Moriscos		37	Salamanca	07	41.03280	-5.58832	3149
37096	9	Castillejo de Martín Viejo		37	Salamanca	07	40.73187	-6.57327	193
37097	5	Castraz		37	Salamanca	07	40.71626	-6.31544	33
37098	1	Cepeda		37	Salamanca	07	40.46335	-6.02803	287
37099	4	Cereceda de la Sierra		37	Salamanca	07	40.57110	-6.09610	55
37100	8	Cerezal de Peñahorcada		37	Salamanca	07	41.12805	-6.64944	64
37101	5	Cerralbo		37	Salamanca	07	40.95929	-6.57668	105
37102	0	El Cerro	Cerro, El	37	Salamanca	07	40.31426	-5.92420	363
37103	6	Cespedosa de Tormes		37	Salamanca	07	40.54521	-5.56863	480
37104	1	Cilleros de la Bastida		37	Salamanca	07	40.55673	-6.03104	21
37106	7	Cipérez		37	Salamanca	07	40.97091	-6.24301	233
37107	3	Ciudad Rodrigo		37	Salamanca	07	40.60014	-6.52245	11750
37108	9	Coca de Alba		37	Salamanca	07	40.87888	-5.35792	96
37109	2	Colmenar de Montemayor		37	Salamanca	07	40.41080	-5.95781	177
37110	6	Cordovilla		37	Salamanca	07	40.93931	-5.41231	105
37112	8	Cristóbal		37	Salamanca	07	40.46813	-5.90022	158
37113	4	El Cubo de Don Sancho	Cubo de Don Sancho, El	37	Salamanca	07	40.88725	-6.30067	373
37114	9	Chagarcía Medianero		37	Salamanca	07	40.67015	-5.38649	68
37115	2	Dios le Guarde		37	Salamanca	07	40.64248	-6.31334	116
37116	5	Doñinos de Ledesma		37	Salamanca	07	41.03657	-6.03753	62
37117	1	Doñinos de Salamanca		37	Salamanca	07	40.96006	-5.75449	2273
37118	7	Éjeme		37	Salamanca	07	40.76677	-5.52152	139
37119	0	La Encina	Encina, La	37	Salamanca	07	40.52025	-6.53033	95
37120	4	Encina de San Silvestre		37	Salamanca	07	41.01341	-6.09752	111
37121	1	Encinas de Abajo		37	Salamanca	07	40.91511	-5.45553	615
37122	6	Encinas de Arriba		37	Salamanca	07	40.77123	-5.56403	223
37123	2	Encinasola de los Comendadores		37	Salamanca	07	41.01415	-6.54609	146
37124	7	Endrinal		37	Salamanca	07	40.58997	-5.81798	201
37125	0	Escurial de la Sierra		37	Salamanca	07	40.61563	-5.95411	233
37126	3	Espadaña		37	Salamanca	07	41.05289	-6.26584	32
37127	9	Espeja		37	Salamanca	07	40.52522	-6.74113	212
37128	5	Espino de la Orbada		37	Salamanca	07	41.11868	-5.41297	238
37129	8	Florida de Liébana		37	Salamanca	07	41.01148	-5.76370	248
37130	2	Forfoleda		37	Salamanca	07	41.11238	-5.74748	207
37131	9	Frades de la Sierra		37	Salamanca	07	40.65848	-5.77768	163
37132	4	La Fregeneda	Fregeneda, La	37	Salamanca	07	40.99823	-6.87305	296
37133	0	Fresnedoso		37	Salamanca	07	40.43753	-5.71490	94
37134	5	Fresno Alhándiga		37	Salamanca	07	40.71245	-5.62414	194
37135	8	La Fuente de San Esteban	Fuente de San Esteban, La	37	Salamanca	07	40.80722	-6.18058	1293
37136	1	Fuenteguinaldo		37	Salamanca	07	40.42017	-6.67417	635
37137	7	Fuenteliante		37	Salamanca	07	40.83534	-6.56752	80
37138	3	Fuenterroble de Salvatierra		37	Salamanca	07	40.55170	-5.73817	260
37139	6	Fuentes de Béjar		37	Salamanca	07	40.51105	-5.69521	239
37140	0	Fuentes de Oñoro		37	Salamanca	07	40.57488	-6.78247	1012
37141	7	Gajates		37	Salamanca	07	40.79136	-5.36857	135
37142	2	Galindo y Perahuy		37	Salamanca	07	40.94385	-5.83367	713
37143	8	Galinduste		37	Salamanca	07	40.66475	-5.52730	401
37144	3	Galisancho		37	Salamanca	07	40.72287	-5.54299	320
37145	6	Gallegos de Argañán		37	Salamanca	07	40.62378	-6.69226	259
37146	9	Gallegos de Solmirón		37	Salamanca	07	40.53404	-5.46495	109
37147	5	Garcibuey		37	Salamanca	07	40.50485	-5.97026	186
37148	1	Garcihernández		37	Salamanca	07	40.86346	-5.43159	412
37149	4	Garcirrey		37	Salamanca	07	40.88471	-6.14253	52
37150	7	Gejuelo del Barro		37	Salamanca	07	41.06669	-6.10135	31
37151	4	Golpejas		37	Salamanca	07	41.00251	-5.91075	139
37152	9	Gomecello		37	Salamanca	07	41.03682	-5.53698	411
37154	0	Guadramiro		37	Salamanca	07	41.00775	-6.50295	120
37155	3	Guijo de Ávila		37	Salamanca	07	40.52498	-5.63548	81
37156	6	Guijuelo		37	Salamanca	07	40.57040	-5.67854	5427
37157	2	Herguijuela de Ciudad Rodrigo		37	Salamanca	07	40.44712	-6.51816	65
37158	8	Herguijuela de la Sierra		37	Salamanca	07	40.42461	-6.08208	222
37159	1	Herguijuela del Campo		37	Salamanca	07	40.61614	-5.88226	60
37160	5	Hinojosa de Duero		37	Salamanca	07	40.99757	-6.79665	562
37161	2	Horcajo de Montemayor		37	Salamanca	07	40.43178	-5.89018	107
37162	7	Horcajo Medianero		37	Salamanca	07	40.65405	-5.44585	199
37163	3	La Hoya	Hoya, La	37	Salamanca	07	40.38767	-5.68903	32
37164	8	Huerta		37	Salamanca	07	40.96932	-5.45942	282
37165	1	Iruelos		37	Salamanca	07	41.14790	-6.33201	29
37166	4	Ituero de Azaba		37	Salamanca	07	40.48834	-6.67181	189
37167	0	Juzbado		37	Salamanca	07	41.08862	-5.88763	176
37168	6	Lagunilla		37	Salamanca	07	40.33061	-5.96397	414
37169	9	Larrodrigo		37	Salamanca	07	40.72244	-5.43181	178
37170	3	Ledesma		37	Salamanca	07	41.13477	-6.02079	1480
37171	0	Ledrada		37	Salamanca	07	40.47733	-5.71935	476
37172	5	Linares de Riofrío		37	Salamanca	07	40.58386	-5.91713	924
37173	1	Lumbrales		37	Salamanca	07	40.94106	-6.69283	1507
37174	6	Macotera		37	Salamanca	07	40.83574	-5.29000	1006
37175	9	Machacón		37	Salamanca	07	40.92416	-5.51611	442
37176	2	Madroñal		37	Salamanca	07	40.46270	-6.06000	128
37177	8	El Maíllo	Maíllo, El	37	Salamanca	07	40.56213	-6.20583	282
37178	4	Malpartida		37	Salamanca	07	40.76160	-5.23807	74
37179	7	Mancera de Abajo		37	Salamanca	07	40.83895	-5.18973	192
37180	1	El Manzano	Manzano, El	37	Salamanca	07	41.17679	-6.30201	54
37181	8	Martiago		37	Salamanca	07	40.44132	-6.47841	252
37182	3	Martinamor		37	Salamanca	07	40.79975	-5.58285	91
37183	9	Martín de Yeltes		37	Salamanca	07	40.75087	-6.29348	383
37184	4	Masueco		37	Salamanca	07	41.20479	-6.57487	240
37185	7	Castellanos de Villiquera		37	Salamanca	07	41.05337	-5.67264	727
37186	0	La Mata de Ledesma	Mata de Ledesma, La	37	Salamanca	07	40.98678	-5.98275	98
37187	6	Matilla de los Caños del Río		37	Salamanca	07	40.83025	-5.93836	607
37188	2	La Maya	Maya, La	37	Salamanca	07	40.69136	-5.61377	163
37189	5	Membribe de la Sierra		37	Salamanca	07	40.70569	-5.79733	101
37190	9	Mieza		37	Salamanca	07	41.16678	-6.69496	170
37191	6	El Milano	Milano, El	37	Salamanca	07	41.10429	-6.59751	88
37192	1	Miranda de Azán		37	Salamanca	07	40.87781	-5.69474	451
37193	7	Miranda del Castañar		37	Salamanca	07	40.47301	-5.99093	361
37194	2	Mogarraz		37	Salamanca	07	40.50300	-6.05775	236
37195	5	Molinillo		37	Salamanca	07	40.47484	-5.94988	43
37196	8	Monforte de la Sierra		37	Salamanca	07	40.48155	-6.06180	50
37197	4	Monleón		37	Salamanca	07	40.58375	-5.84747	88
37198	0	Monleras		37	Salamanca	07	41.19175	-6.23092	241
37199	3	Monsagro		37	Salamanca	07	40.50468	-6.24051	129
37200	7	Montejo		37	Salamanca	07	40.64872	-5.62239	186
37201	4	Montemayor del Río		37	Salamanca	07	40.35522	-5.88958	245
37202	9	Monterrubio de Armuña		37	Salamanca	07	41.03799	-5.65316	1321
37203	5	Monterrubio de la Sierra		37	Salamanca	07	40.75746	-5.69283	150
37204	0	Morasverdes		37	Salamanca	07	40.59463	-6.28314	230
37205	3	Morille		37	Salamanca	07	40.80348	-5.69782	221
37206	6	Moríñigo		37	Salamanca	07	40.96309	-5.39485	93
37207	2	Moriscos		37	Salamanca	07	41.00853	-5.57038	577
37208	8	Moronta		37	Salamanca	07	40.96037	-6.43063	73
37209	1	Mozárbez		37	Salamanca	07	40.84480	-5.68587	510
37211	2	Narros de Matalayegua		37	Salamanca	07	40.70221	-5.89345	187
37212	7	Navacarros		37	Salamanca	07	40.38270	-5.70237	141
37213	3	Nava de Béjar		37	Salamanca	07	40.47998	-5.67698	74
37214	8	Nava de Francia		37	Salamanca	07	40.53058	-6.12135	116
37215	1	Nava de Sotrobal		37	Salamanca	07	40.88938	-5.28503	147
37216	4	Navales		37	Salamanca	07	40.77854	-5.47343	312
37217	0	Navalmoral de Béjar		37	Salamanca	07	40.43238	-5.78735	57
37218	6	Navamorales		37	Salamanca	07	40.47976	-5.48953	45
37219	9	Navarredonda de la Rinconada		37	Salamanca	07	40.60136	-6.00205	153
37221	0	Navasfrías		37	Salamanca	07	40.29671	-6.80482	365
37222	5	Negrilla de Palencia		37	Salamanca	07	41.10923	-5.59963	78
37223	1	Olmedo de Camaces		37	Salamanca	07	40.82317	-6.50759	87
37224	6	La Orbada	Orbada, La	37	Salamanca	07	41.10545	-5.46575	177
37225	9	Pajares de la Laguna		37	Salamanca	07	41.10444	-5.50940	110
37226	2	Palacios del Arzobispo		37	Salamanca	07	41.16588	-5.88553	141
37228	4	Palaciosrubios		37	Salamanca	07	41.05872	-5.19268	283
37229	7	Palencia de Negrilla		37	Salamanca	07	41.10810	-5.61685	140
37230	1	Parada de Arriba		37	Salamanca	07	40.98141	-5.80220	264
37231	8	Parada de Rubiales		37	Salamanca	07	41.15335	-5.43354	237
37232	3	Paradinas de San Juan		37	Salamanca	07	40.96860	-5.16762	380
37233	9	Pastores		37	Salamanca	07	40.52150	-6.49928	52
37234	4	El Payo	Payo, El	37	Salamanca	07	40.29528	-6.72599	302
37235	7	Pedraza de Alba		37	Salamanca	07	40.74474	-5.36539	214
37236	0	Pedrosillo de Alba		37	Salamanca	07	40.81501	-5.40539	123
37237	6	Pedrosillo de los Aires		37	Salamanca	07	40.69476	-5.69427	312
37238	2	Pedrosillo el Ralo		37	Salamanca	07	41.05807	-5.55464	147
37239	5	El Pedroso de la Armuña	Pedroso de la Armuña, El	37	Salamanca	07	41.09176	-5.39582	202
37240	9	Pelabravo		37	Salamanca	07	40.94290	-5.58613	1427
37241	6	Pelarrodríguez		37	Salamanca	07	40.88694	-6.21594	161
37242	1	Pelayos		37	Salamanca	07	40.66288	-5.57010	72
37243	7	La Peña	Peña, La	37	Salamanca	07	41.18513	-6.52919	69
37244	2	Peñacaballera		37	Salamanca	07	40.34333	-5.86055	149
37245	5	Peñaparda		37	Salamanca	07	40.31615	-6.66298	298
37246	8	Peñaranda de Bracamonte		37	Salamanca	07	40.90248	-5.21176	6162
37247	4	Peñarandilla		37	Salamanca	07	40.88075	-5.39200	171
37248	0	Peralejos de Abajo		37	Salamanca	07	41.01047	-6.36005	162
37249	3	Peralejos de Arriba		37	Salamanca	07	41.00490	-6.31607	38
37250	6	Pereña de la Ribera		37	Salamanca	07	41.22411	-6.53025	300
37251	3	Peromingo		37	Salamanca	07	40.46467	-5.77410	121
37252	8	Pinedas		37	Salamanca	07	40.44976	-5.96806	88
37253	4	El Pino de Tormes	Pino de Tormes, El	37	Salamanca	07	41.02728	-5.81290	147
37254	9	Pitiegua		37	Salamanca	07	41.05750	-5.45255	173
37255	2	Pizarral		37	Salamanca	07	40.61938	-5.65067	70
37256	5	Poveda de las Cintas		37	Salamanca	07	41.04574	-5.26769	197
37257	1	Pozos de Hinojo		37	Salamanca	07	40.93515	-6.37828	48
37258	7	Puebla de Azaba		37	Salamanca	07	40.44494	-6.73418	145
37259	0	Puebla de San Medel		37	Salamanca	07	40.50078	-5.74490	32
37260	4	Puebla de Yeltes		37	Salamanca	07	40.61420	-6.18589	136
37261	1	Puente del Congosto		37	Salamanca	07	40.50177	-5.52445	236
37262	6	Puertas		37	Salamanca	07	41.10587	-6.26282	66
37263	2	Puerto de Béjar		37	Salamanca	07	40.35278	-5.83186	342
37264	7	Puerto Seguro		37	Salamanca	07	40.82473	-6.76779	52
37265	0	Rágama		37	Salamanca	07	41.00209	-5.12055	196
37266	3	La Redonda	Redonda, La	37	Salamanca	07	40.91048	-6.73778	61
37267	9	Retortillo		37	Salamanca	07	40.80053	-6.40762	172
37268	5	La Rinconada de la Sierra	Rinconada de la Sierra, La	37	Salamanca	07	40.62093	-6.03697	97
37269	8	Robleda		37	Salamanca	07	40.38594	-6.60470	453
37270	2	Robliza de Cojos		37	Salamanca	07	40.85359	-5.96869	185
37271	9	Rollán		37	Salamanca	07	40.96203	-5.92126	317
37272	4	Saelices el Chico		37	Salamanca	07	40.65486	-6.61720	175
37273	0	La Sagrada	Sagrada, La	37	Salamanca	07	40.74214	-6.07124	78
37274	5	Salamanca		37	Salamanca	07	40.95597	-5.68022	146110
37275	8	Saldeana		37	Salamanca	07	41.01144	-6.63478	96
37276	1	Salmoral		37	Salamanca	07	40.80958	-5.21218	107
37277	7	Salvatierra de Tormes		37	Salamanca	07	40.59122	-5.57536	66
37278	3	San Cristóbal de la Cuesta		37	Salamanca	07	41.03317	-5.61886	1169
37279	6	Sancti-Spíritus		37	Salamanca	07	40.74260	-6.44401	713
37280	0	Sanchón de la Ribera		37	Salamanca	07	41.10276	-6.39390	66
37281	7	Sanchón de la Sagrada		37	Salamanca	07	40.76129	-6.02498	43
37282	2	Sanchotello		37	Salamanca	07	40.44325	-5.74736	206
37283	8	Sando		37	Salamanca	07	40.94896	-6.09809	111
37284	3	San Esteban de la Sierra		37	Salamanca	07	40.51475	-5.88295	343
37285	6	San Felices de los Gallegos		37	Salamanca	07	40.83246	-6.70024	355
37286	9	San Martín del Castañar		37	Salamanca	07	40.52247	-6.07650	233
37287	5	San Miguel de Valero		37	Salamanca	07	40.55571	-5.95269	308
37288	1	San Morales		37	Salamanca	07	40.98749	-5.50471	346
37289	4	San Muñoz		37	Salamanca	07	40.76497	-6.12537	192
37290	8	San Pedro del Valle		37	Salamanca	07	41.04646	-5.86074	143
37291	5	San Pedro de Rozados		37	Salamanca	07	40.81450	-5.78279	273
37292	0	San Pelayo de Guareña		37	Salamanca	07	41.11562	-5.87484	86
37293	6	Santa María de Sando		37	Salamanca	07	40.98396	-6.13826	91
37294	1	Santa Marta de Tormes		37	Salamanca	07	40.94666	-5.62398	14976
37296	7	Santiago de la Puebla		37	Salamanca	07	40.79551	-5.28948	280
37297	3	Santibáñez de Béjar		37	Salamanca	07	40.49675	-5.59529	448
37298	9	Santibáñez de la Sierra		37	Salamanca	07	40.49519	-5.91675	142
37299	2	Santiz		37	Salamanca	07	41.21025	-5.88768	225
37300	6	Los Santos	Santos, Los	37	Salamanca	07	40.53994	-5.81038	570
37301	3	Sardón de los Frailes		37	Salamanca	07	41.21978	-6.26990	98
37302	8	Saucelle		37	Salamanca	07	41.04463	-6.74900	242
37303	4	El Sahugo	Sahugo, El	37	Salamanca	07	40.41627	-6.54622	178
37304	9	Sepulcro-Hilario		37	Salamanca	07	40.69939	-6.20052	153
37305	2	Sequeros		37	Salamanca	07	40.51175	-6.02570	216
37306	5	Serradilla del Arroyo		37	Salamanca	07	40.55218	-6.34409	239
37307	1	Serradilla del Llano		37	Salamanca	07	40.49925	-6.36028	136
37309	0	La Sierpe	Sierpe, La	37	Salamanca	07	40.64746	-5.85703	41
37310	4	Sieteiglesias de Tormes		37	Salamanca	07	40.74166	-5.58964	193
37311	1	Sobradillo		37	Salamanca	07	40.91956	-6.82399	170
37312	6	Sorihuela		37	Salamanca	07	40.45328	-5.66705	255
37313	2	Sotoserrano		37	Salamanca	07	40.39843	-6.04687	498
37314	7	Tabera de Abajo		37	Salamanca	07	40.92815	-6.01994	97
37315	0	La Tala	Tala, La	37	Salamanca	07	40.59468	-5.52580	77
37316	3	Tamames		37	Salamanca	07	40.66356	-6.07936	781
37317	9	Tarazona de Guareña		37	Salamanca	07	41.17338	-5.26249	261
37318	5	Tardáguila		37	Salamanca	07	41.14048	-5.57790	193
37319	8	El Tejado	Tejado, El	37	Salamanca	07	40.44769	-5.53422	83
37320	2	Tejeda y Segoyuela		37	Salamanca	07	40.64927	-6.01434	97
37321	9	Tenebrón		37	Salamanca	07	40.60192	-6.35006	123
37322	4	Terradillos		37	Salamanca	07	40.85364	-5.57205	3314
37323	0	Topas		37	Salamanca	07	41.17733	-5.66310	518
37324	5	Tordillos		37	Salamanca	07	40.85865	-5.35181	306
37325	8	El Tornadizo	Tornadizo, El	37	Salamanca	07	40.54152	-5.87268	88
37327	7	Torresmenudas		37	Salamanca	07	41.10417	-5.78445	192
37328	3	Trabanca		37	Salamanca	07	41.24389	-6.37241	159
37329	6	Tremedal de Tormes		37	Salamanca	07	41.09635	-6.17610	34
37330	0	Valdecarros		37	Salamanca	07	40.77029	-5.42393	296
37331	7	Valdefuentes de Sangusín		37	Salamanca	07	40.46971	-5.82232	182
37332	2	Valdehijaderos		37	Salamanca	07	40.42205	-5.84708	84
37333	8	Valdelacasa		37	Salamanca	07	40.51140	-5.76488	187
37334	3	Valdelageve		37	Salamanca	07	40.37897	-5.99580	66
37335	6	Valdelosa		37	Salamanca	07	41.19054	-5.78111	386
37336	9	Valdemierque		37	Salamanca	07	40.83134	-5.58135	58
37337	5	Valderrodrigo		37	Salamanca	07	41.07547	-6.51078	129
37338	1	Valdunciel		37	Salamanca	07	41.11361	-5.68106	125
37339	4	Valero		37	Salamanca	07	40.54025	-5.96008	269
37340	8	Valsalabroso		37	Salamanca	07	41.10353	-6.48979	120
37341	5	Valverde de Valdelacasa		37	Salamanca	07	40.48650	-5.78251	57
37342	0	Valverdón		37	Salamanca	07	41.04944	-5.74310	266
37343	6	Vallejera de Riofrío		37	Salamanca	07	40.41863	-5.71670	67
37344	1	Vecinos		37	Salamanca	07	40.78129	-5.87828	231
37345	4	Vega de Tirados		37	Salamanca	07	41.04062	-5.89791	139
37346	7	Las Veguillas	Veguillas, Las	37	Salamanca	07	40.74336	-5.82631	275
37347	3	La Vellés	Vellés, La	37	Salamanca	07	41.07782	-5.57216	566
37348	9	Ventosa del Río Almar		37	Salamanca	07	40.93059	-5.34548	97
37349	2	La Vídola	Vídola, La	37	Salamanca	07	41.15146	-6.48019	95
37350	5	Vilvestre		37	Salamanca	07	41.10274	-6.73533	374
37351	2	Villaflores		37	Salamanca	07	41.10034	-5.24977	255
37352	7	Villagonzalo de Tormes		37	Salamanca	07	40.90044	-5.50707	212
37353	3	Villalba de los Llanos		37	Salamanca	07	40.79309	-5.97462	107
37354	8	Villamayor		37	Salamanca	07	41.00097	-5.70383	7728
37355	1	Villanueva del Conde		37	Salamanca	07	40.50827	-6.01363	172
37356	4	Villar de Argañán		37	Salamanca	07	40.67751	-6.70755	95
37357	0	Villar de Ciervo		37	Salamanca	07	40.75509	-6.76593	253
37358	6	Villar de Gallimazo		37	Salamanca	07	40.94854	-5.29282	192
37359	9	Villar de la Yegua		37	Salamanca	07	40.71757	-6.70795	151
37360	3	Villar de Peralonso		37	Salamanca	07	41.03980	-6.20865	212
37361	0	Villar de Samaniego		37	Salamanca	07	41.12364	-6.43152	79
37362	5	Villares de la Reina		37	Salamanca	07	41.01078	-5.65834	6784
37363	1	Villares de Yeltes		37	Salamanca	07	40.88074	-6.42014	102
37364	6	Villarino de los Aires		37	Salamanca	07	41.23321	-6.44425	727
37365	9	Villarmayor		37	Salamanca	07	41.04308	-5.95633	139
37366	2	Villarmuerto		37	Salamanca	07	41.06522	-6.35008	38
37367	8	Villasbuenas		37	Salamanca	07	41.03251	-6.58791	158
37368	4	Villasdardo		37	Salamanca	07	41.00609	-6.16674	22
37369	7	Villaseco de los Gamitos		37	Salamanca	07	41.03847	-6.10319	138
37370	1	Villaseco de los Reyes		37	Salamanca	07	41.14108	-6.14574	296
37371	8	Villasrubias		37	Salamanca	07	40.32462	-6.62058	231
37372	3	Villaverde de Guareña		37	Salamanca	07	41.07217	-5.50544	128
37373	9	Villavieja de Yeltes		37	Salamanca	07	40.86574	-6.45564	676
37374	4	Villoria		37	Salamanca	07	40.99033	-5.35911	1239
37375	7	Villoruela		37	Salamanca	07	41.00971	-5.39386	729
37376	0	Vitigudino		37	Salamanca	07	41.01291	-6.41966	2344
37377	6	Yecla de Yeltes		37	Salamanca	07	40.94678	-6.48063	223
37378	2	Zamarra		37	Salamanca	07	40.50060	-6.44121	70
37379	5	Zamayón		37	Salamanca	07	41.16041	-5.82775	192
37380	9	Zarapicos		37	Salamanca	07	41.03752	-5.83848	50
37381	6	La Zarza de Pumareda	Zarza de Pumareda, La	37	Salamanca	07	41.15707	-6.61889	131
37382	1	Zorita de la Frontera		37	Salamanca	07	41.01468	-5.20495	140
38001	2	Adeje		38	Santa Cruz de Tenerife	05	28.12633	-16.74332	50021
38002	7	Agulo		38	Santa Cruz de Tenerife	05	28.18842	-17.19532	1078
38003	3	Alajeró		38	Santa Cruz de Tenerife	05	28.04992	-17.24586	2061
38004	8	Arafo		38	Santa Cruz de Tenerife	05	28.35056	-16.43324	5945
38005	1	Arico		38	Santa Cruz de Tenerife	05	28.16631	-16.48194	9505
38006	4	Arona		38	Santa Cruz de Tenerife	05	28.03766	-16.69045	87793
38007	0	Barlovento		38	Santa Cruz de Tenerife	05	28.81642	-17.81026	2108
38008	6	Breña Alta		38	Santa Cruz de Tenerife	05	28.65216	-17.80326	7487
38009	9	Breña Baja		38	Santa Cruz de Tenerife	05	28.63380	-17.77993	6159
38010	3	Buenavista del Norte		38	Santa Cruz de Tenerife	05	28.34236	-16.87218	4695
38011	0	Candelaria		38	Santa Cruz de Tenerife	05	28.35808	-16.38425	29023
38012	5	Fasnia		38	Santa Cruz de Tenerife	05	28.23191	-16.44211	3145
38013	1	Frontera		38	Santa Cruz de Tenerife	05	27.72975	-18.05320	4660
38014	6	Fuencaliente de la Palma		38	Santa Cruz de Tenerife	05	28.49329	-17.85013	1965
38015	9	Garachico		38	Santa Cruz de Tenerife	05	28.36051	-16.76117	4940
38016	2	Garafía		38	Santa Cruz de Tenerife	05	28.81521	-17.91858	2015
38017	8	Granadilla de Abona		38	Santa Cruz de Tenerife	05	28.10211	-16.55765	58752
38018	4	La Guancha	Guancha, La	38	Santa Cruz de Tenerife	05	28.37889	-16.66035	5667
38019	7	Guía de Isora		38	Santa Cruz de Tenerife	05	28.19069	-16.79650	22654
38020	1	Güímar		38	Santa Cruz de Tenerife	05	28.27371	-16.40829	22009
38021	8	Hermigua		38	Santa Cruz de Tenerife	05	28.16829	-17.19240	1961
38022	3	Icod de los Vinos		38	Santa Cruz de Tenerife	05	28.36704	-16.69992	24616
38023	9	San Cristóbal de La Laguna		38	Santa Cruz de Tenerife	05	28.50910	-16.29962	161108
38024	4	Los Llanos de Aridane	Llanos de Aridane, Los	38	Santa Cruz de Tenerife	05	28.61464	-17.90084	20582
38025	7	La Matanza de Acentejo	Matanza de Acentejo, La	38	Santa Cruz de Tenerife	05	28.44512	-16.44974	9089
38026	0	La Orotava	Orotava, La	38	Santa Cruz de Tenerife	05	28.31932	-16.54762	42514
38027	6	El Paso	Paso, El	38	Santa Cruz de Tenerife	05	28.65870	-17.86892	8290
38028	2	Puerto de la Cruz		38	Santa Cruz de Tenerife	05	28.41046	-16.54623	31137
38029	5	Puntagorda		38	Santa Cruz de Tenerife	05	28.76194	-17.96415	2345
38030	9	Puntallana		38	Santa Cruz de Tenerife	05	28.74223	-17.75837	2790
38031	6	Los Realejos	Realejos, Los	38	Santa Cruz de Tenerife	05	28.38198	-16.59104	37867
38032	1	El Rosario	Rosario, El	38	Santa Cruz de Tenerife	05	28.45000	-16.36667	17958
38033	7	San Andrés y Sauces		38	Santa Cruz de Tenerife	05	28.78398	-17.79974	4350
38034	2	San Juan de la Rambla		38	Santa Cruz de Tenerife	05	28.37205	-16.62914	4987
38035	5	San Miguel de Abona		38	Santa Cruz de Tenerife	05	28.09712	-16.61785	23960
38036	8	San Sebastián de la Gomera		38	Santa Cruz de Tenerife	05	28.08831	-17.15241	9574
38037	4	Santa Cruz de la Palma		38	Santa Cruz de Tenerife	05	28.70597	-17.79415	15690
38038	0	Santa Cruz de Tenerife		38	Santa Cruz de Tenerife	05	28.53924	-16.20302	211957
38039	3	Santa Úrsula		38	Santa Cruz de Tenerife	05	28.41530	-16.48170	15429
38040	7	Santiago del Teide		38	Santa Cruz de Tenerife	05	28.26348	-16.82335	12582
38041	4	El Sauzal	Sauzal, El	38	Santa Cruz de Tenerife	05	28.46132	-16.43463	9345
38042	9	Los Silos	Silos, Los	38	Santa Cruz de Tenerife	05	28.35843	-16.81294	4773
38043	5	Tacoronte		38	Santa Cruz de Tenerife	05	28.49384	-16.41292	24619
38044	0	El Tanque	Tanque, El	38	Santa Cruz de Tenerife	05	28.33916	-16.78053	2787
38045	3	Tazacorte		38	Santa Cruz de Tenerife	05	28.62900	-17.92930	4549
38046	6	Tegueste		38	Santa Cruz de Tenerife	05	28.51537	-16.33782	11490
38047	2	Tijarafe		38	Santa Cruz de Tenerife	05	28.70898	-17.95542	2733
38048	8	Valverde		38	Santa Cruz de Tenerife	05	27.79857	-17.93483	5338
38049	1	Valle Gran Rey		38	Santa Cruz de Tenerife	05	28.12170	-17.32036	4830
38050	4	Vallehermoso		38	Santa Cruz de Tenerife	05	28.15375	-17.28558	2938
38051	1	La Victoria de Acentejo	Victoria de Acentejo, La	38	Santa Cruz de Tenerife	05	28.42288	-16.45572	9448
38052	6	Vilaflor de Chasna		38	Santa Cruz de Tenerife	05	28.15599	-16.64002	1930
38053	2	Villa de Mazo		38	Santa Cruz de Tenerife	05	28.58850	-17.77687	5131
38901	3	El Pinar de El Hierro	Pinar de El Hierro, El	38	Santa Cruz de Tenerife	05	27.69603	-18.02545	2042
39001	5	Alfoz de Lloredo		39	Cantabria	06	43.39068	-4.17346	2500
39002	0	Ampuero		39	Cantabria	06	43.33312	-3.41677	4518
39003	6	Anievas		39	Cantabria	06	43.20774	-4.00035	274
39004	1	Arenas de Iguña		39	Cantabria	06	43.18024	-4.08769	1735
39005	4	Argoños		39	Cantabria	06	43.45733	-3.49307	1884
39006	7	Arnuero		39	Cantabria	06	43.49308	-3.55729	2300
39007	3	Arredondo		39	Cantabria	06	43.26659	-3.63949	478
39008	9	El Astillero	Astillero, El	39	Cantabria	06	43.40251	-3.82751	18448
39009	2	Bárcena de Cicero		39	Cantabria	06	43.40547	-3.48577	4907
39010	6	Bárcena de Pie de Concha		39	Cantabria	06	43.11578	-4.06160	675
39011	3	Bareyo		39	Cantabria	06	43.49182	-3.61178	2124
39012	8	Cabezón de la Sal		39	Cantabria	06	43.30894	-4.23016	8226
39013	4	Cabezón de Liébana		39	Cantabria	06	43.12982	-4.53294	530
39014	9	Cabuérniga		39	Cantabria	06	43.21483	-4.29452	976
39015	2	Camaleño		39	Cantabria	06	43.16212	-4.74539	964
39016	5	Camargo		39	Cantabria	06	43.42054	-3.85983	30577
39017	1	Campoo de Yuso		39	Cantabria	06	43.03271	-3.98589	680
39018	7	Cartes		39	Cantabria	06	43.31630	-4.09372	5874
39019	0	Castañeda		39	Cantabria	06	43.31407	-3.92198	3290
39020	4	Castro-Urdiales		39	Cantabria	06	43.38054	-3.24397	33450
39021	1	Cieza		39	Cantabria	06	43.22413	-4.12888	528
39022	6	Cillorigo de Liébana		39	Cantabria	06	43.21086	-4.63535	1386
39023	2	Colindres		39	Cantabria	06	43.38639	-3.43533	8570
39024	7	Comillas		39	Cantabria	06	43.37834	-4.30004	2075
39025	0	Los Corrales de Buelna	Corrales de Buelna, Los	39	Cantabria	06	43.26315	-4.08442	10958
39026	3	Corvera de Toranzo		39	Cantabria	06	43.21529	-3.94353	2204
39027	9	Campoo de Enmedio		39	Cantabria	06	43.00013	-4.12392	3729
39028	5	Entrambasaguas		39	Cantabria	06	43.37267	-3.68523	5693
39029	8	Escalante		39	Cantabria	06	43.43668	-3.50624	716
39030	2	Guriezo		39	Cantabria	06	43.32830	-3.29060	2496
39031	9	Hazas de Cesto		39	Cantabria	06	43.40940	-3.58296	1957
39032	4	Hermandad de Campoo de Suso		39	Cantabria	06	43.02490	-4.25535	1619
39033	0	Herrerías		39	Cantabria	06	43.30184	-4.48215	570
39034	5	Lamasón		39	Cantabria	06	43.23361	-4.48680	237
39035	8	Laredo		39	Cantabria	06	43.40739	-3.42404	10698
39036	1	Liendo		39	Cantabria	06	43.39844	-3.38533	1218
39037	7	Liérganes		39	Cantabria	06	43.35000	-3.76667	2365
39038	3	Limpias		39	Cantabria	06	43.37815	-3.41140	1983
39039	6	Luena		39	Cantabria	06	43.10795	-3.89056	600
39040	0	Marina de Cudeyo		39	Cantabria	06	43.42450	-3.76582	5221
39041	7	Mazcuerras		39	Cantabria	06	43.28999	-4.18006	2068
39042	2	Medio Cudeyo		39	Cantabria	06	43.38389	-3.75243	7775
39043	8	Meruelo		39	Cantabria	06	43.44723	-3.58839	2321
39044	3	Miengo		39	Cantabria	06	43.43821	-4.00298	5265
39045	6	Miera		39	Cantabria	06	43.28394	-3.71624	397
39046	9	Molledo		39	Cantabria	06	43.12374	-4.01381	1482
39047	5	Noja		39	Cantabria	06	43.48594	-3.51571	2661
39048	1	Penagos		39	Cantabria	06	43.34129	-3.81486	2253
39049	4	Peñarrubia		39	Cantabria	06	43.25895	-4.58308	301
39050	7	Pesaguero		39	Cantabria	06	43.07510	-4.52507	275
39051	4	Pesquera		39	Cantabria	06	43.08718	-4.06549	72
39052	9	Piélagos		39	Cantabria	06	43.36667	-3.95000	26901
39053	5	Polaciones		39	Cantabria	06	43.09226	-4.43257	209
39054	0	Polanco		39	Cantabria	06	43.38341	-4.02076	6304
39055	3	Potes		39	Cantabria	06	43.14943	-4.62456	1323
39056	6	Puente Viesgo		39	Cantabria	06	43.30295	-3.97084	2893
39057	2	Ramales de la Victoria		39	Cantabria	06	43.26355	-3.43947	3099
39058	8	Rasines		39	Cantabria	06	43.29754	-3.41672	980
39059	1	Reinosa		39	Cantabria	06	43.00092	-4.13203	8570
39060	5	Reocín		39	Cantabria	06	43.34852	-4.13640	8389
39061	2	Ribamontán al Mar		39	Cantabria	06	43.46501	-3.70740	4605
39062	7	Ribamontán al Monte		39	Cantabria	06	43.41558	-3.67780	2535
39063	3	Rionansa		39	Cantabria	06	43.22901	-4.41657	1022
39064	8	Riotuerto		39	Cantabria	06	43.33265	-3.69530	1682
39065	1	Las Rozas de Valdearroyo	Rozas de Valdearroyo, Las	39	Cantabria	06	42.96553	-4.02006	258
39066	4	Ruente		39	Cantabria	06	43.24136	-4.24538	1083
39067	0	Ruesga		39	Cantabria	06	43.28876	-3.56412	810
39068	6	Ruiloba		39	Cantabria	06	43.39107	-4.25036	769
39069	9	San Felices de Buelna		39	Cantabria	06	43.26486	-4.03717	2379
39070	3	San Miguel de Aguayo		39	Cantabria	06	43.07593	-3.99454	164
39071	0	San Pedro del Romeral		39	Cantabria	06	43.12437	-3.82795	432
39072	5	San Roque de Riomiera		39	Cantabria	06	43.22028	-3.71154	333
39073	1	Santa Cruz de Bezana		39	Cantabria	06	43.46064	-3.89898	13904
39074	6	Santa María de Cayón		39	Cantabria	06	43.30791	-3.87555	9538
39075	9	Santander		39	Cantabria	06	43.47225	-3.81994	175425
39076	2	Santillana del Mar		39	Cantabria	06	43.40429	-4.09922	4189
39077	8	Santiurde de Reinosa		39	Cantabria	06	43.06462	-4.08948	254
39078	4	Santiurde de Toranzo		39	Cantabria	06	43.22722	-3.91803	1726
39079	7	Santoña		39	Cantabria	06	43.45381	-3.44362	10835
39080	1	San Vicente de la Barquera		39	Cantabria	06	43.37958	-4.38436	3995
39081	8	Saro		39	Cantabria	06	43.26403	-3.80840	480
39082	3	Selaya		39	Cantabria	06	43.20191	-3.77178	1868
39083	9	Soba		39	Cantabria	06	43.20000	-3.58333	1057
39084	4	Solórzano		39	Cantabria	06	43.36109	-3.59412	1144
39085	7	Suances		39	Cantabria	06	43.42707	-4.06067	9034
39086	0	Los Tojos	Tojos, Los	39	Cantabria	06	43.15563	-4.21692	369
39087	6	Torrelavega		39	Cantabria	06	43.34458	-4.05110	51796
39088	2	Tresviso		39	Cantabria	06	43.25466	-4.68158	52
39089	5	Tudanca		39	Cantabria	06	43.17157	-4.36045	154
39090	9	Udías		39	Cantabria	06	43.33972	-4.26707	960
39091	6	Valdáliga		39	Cantabria	06	43.33763	-4.33457	2135
39092	1	Valdeolea		39	Cantabria	06	42.90726	-4.18501	869
39093	7	Valdeprado del Río		39	Cantabria	06	42.89550	-4.05820	306
39094	2	Valderredible		39	Cantabria	06	42.85645	-3.95874	922
39095	5	Val de San Vicente		39	Cantabria	06	43.38463	-4.46891	2775
39096	8	Vega de Liébana		39	Cantabria	06	43.07684	-4.67018	676
39097	4	Vega de Pas		39	Cantabria	06	43.15569	-3.77911	776
39098	0	Villacarriedo		39	Cantabria	06	43.22150	-3.82479	1670
39099	3	Villaescusa		39	Cantabria	06	43.36375	-3.85281	3970
39100	7	Villafufre		39	Cantabria	06	43.26523	-3.86870	1022
39101	4	Valle de Villaverde		39	Cantabria	06	43.23183	-3.27722	249
39102	9	Voto		39	Cantabria	06	43.35562	-3.48669	2971
40001	9	Abades		40	Segovia	07	40.90873	-4.26981	849
40002	4	Adrada de Pirón		40	Segovia	07	41.06308	-4.05222	39
40003	0	Adrados		40	Segovia	07	41.36782	-4.10786	113
40004	5	Aguilafuente		40	Segovia	07	41.24757	-4.08655	564
40005	8	Alconada de Maderuelo		40	Segovia	07	41.45358	-3.49318	23
40006	1	Aldealcorvo		40	Segovia	07	41.25042	-3.79421	15
40007	7	Aldealengua de Pedraza		40	Segovia	07	41.05293	-3.80723	78
40008	3	Aldealengua de Santa María		40	Segovia	07	41.46794	-3.46026	50
40009	6	Aldeanueva de la Serrezuela		40	Segovia	07	41.46199	-3.77419	42
40010	0	Aldeanueva del Codonal		40	Segovia	07	41.08695	-4.52366	105
40012	2	Aldea Real		40	Segovia	07	41.18500	-4.17867	275
40013	8	Aldeasoña		40	Segovia	07	41.47651	-4.05660	61
40014	3	Aldehorno		40	Segovia	07	41.51542	-3.78007	64
40015	6	Aldehuela del Codonal		40	Segovia	07	41.05309	-4.53496	24
40016	9	Aldeonte		40	Segovia	07	41.32117	-3.71541	55
40017	5	Anaya		40	Segovia	07	40.99182	-4.31235	111
40018	1	Añe		40	Segovia	07	41.03857	-4.28708	67
40019	4	Arahuetes		40	Segovia	07	41.14987	-3.85921	31
40020	8	Arcones		40	Segovia	07	41.11290	-3.71498	179
40021	5	Arevalillo de Cega		40	Segovia	07	41.17218	-3.88523	18
40022	0	Armuña		40	Segovia	07	41.06925	-4.28642	253
40024	1	Ayllón		40	Segovia	07	41.36009	-3.33665	1110
40025	4	Barbolla		40	Segovia	07	41.31386	-3.66034	142
40026	7	Basardilla		40	Segovia	07	40.99900	-3.97095	136
40028	9	Bercial		40	Segovia	07	40.89152	-4.43251	102
40029	2	Bercimuel		40	Segovia	07	41.39939	-3.56475	34
40030	6	Bernardos		40	Segovia	07	41.13423	-4.33204	462
40031	3	Bernuy de Porreros		40	Segovia	07	40.99926	-4.11496	1342
40032	8	Boceguillas		40	Segovia	07	41.32444	-3.59565	746
40033	4	Brieva		40	Segovia	07	41.04056	-4.04403	93
40034	9	Caballar		40	Segovia	07	41.12593	-3.95939	78
40035	2	Cabañas de Polendos		40	Segovia	07	41.04732	-4.10385	202
40036	5	Cabezuela		40	Segovia	07	41.22677	-3.97802	655
40037	1	Calabazas de Fuentidueña		40	Segovia	07	41.45475	-4.00648	23
40039	0	Campo de San Pedro		40	Segovia	07	41.45794	-3.55498	257
40040	4	Cantalejo		40	Segovia	07	41.25918	-3.92499	3619
40041	1	Cantimpalos		40	Segovia	07	41.06584	-4.16282	1533
40043	2	Carbonero el Mayor		40	Segovia	07	41.15108	-4.29246	2463
40044	7	Carrascal del Río		40	Segovia	07	41.34693	-3.88465	143
40045	0	Casla		40	Segovia	07	41.16109	-3.65270	155
40046	3	Castillejo de Mesleón		40	Segovia	07	41.28312	-3.59496	119
40047	9	Castro de Fuentidueña		40	Segovia	07	41.42399	-3.85709	41
40048	5	Castrojimeno		40	Segovia	07	41.40560	-3.83836	27
40049	8	Castroserna de Abajo		40	Segovia	07	41.20771	-3.73132	31
40051	8	Castroserracín		40	Segovia	07	41.40587	-3.79586	24
40052	3	Cedillo de la Torre		40	Segovia	07	41.43009	-3.62917	80
40053	9	Cerezo de Abajo		40	Segovia	07	41.21695	-3.57747	150
40054	4	Cerezo de Arriba		40	Segovia	07	41.21741	-3.51850	119
40055	7	Cilleruelo de San Mamés		40	Segovia	07	41.44056	-3.58893	41
40056	0	Cobos de Fuentidueña		40	Segovia	07	41.38609	-3.91958	25
40057	6	Coca		40	Segovia	07	41.21825	-4.53195	1706
40058	2	Codorniz		40	Segovia	07	41.06007	-4.60865	294
40059	5	Collado Hermoso		40	Segovia	07	41.02191	-3.90678	116
40060	9	Condado de Castilnovo		40	Segovia	07	41.25177	-3.74662	74
40061	6	Corral de Ayllón		40	Segovia	07	41.38998	-3.45316	76
40062	1	Cubillo		40	Segovia	07	41.10782	-3.91645	74
40063	7	Cuéllar		40	Segovia	07	41.36792	-4.30837	9527
40065	5	Chañe		40	Segovia	07	41.35316	-4.43374	739
40068	0	Domingo García		40	Segovia	07	41.12082	-4.39350	29
40069	3	Donhierro		40	Segovia	07	41.11110	-4.69699	73
40070	7	Duruelo		40	Segovia	07	41.22267	-3.64252	172
40071	4	Encinas		40	Segovia	07	41.39858	-3.67913	39
40072	9	Encinillas		40	Segovia	07	41.02668	-4.14932	358
40073	5	Escalona del Prado		40	Segovia	07	41.16526	-4.11486	475
40074	0	Escarabajosa de Cabezas		40	Segovia	07	41.10857	-4.17908	269
40075	3	Escobar de Polendos		40	Segovia	07	41.10284	-4.10863	172
40076	6	El Espinar	Espinar, El	40	Segovia	07	40.72995	-4.21280	10409
40077	2	Espirdo		40	Segovia	07	41.00173	-4.07241	1613
40078	8	Fresneda de Cuéllar		40	Segovia	07	41.29703	-4.46181	162
40079	1	Fresno de Cantespino		40	Segovia	07	41.36392	-3.49055	290
40080	5	Fresno de la Fuente		40	Segovia	07	41.40376	-3.64322	75
40081	2	Frumales		40	Segovia	07	41.37472	-4.18781	120
40082	7	Fuente de Santa Cruz		40	Segovia	07	41.21298	-4.62357	105
40083	3	Fuente el Olmo de Fuentidueña		40	Segovia	07	41.40198	-3.98607	396
40084	8	Fuente el Olmo de Íscar		40	Segovia	07	41.28819	-4.49166	51
40086	4	Fuentepelayo		40	Segovia	07	41.22841	-4.17095	764
40087	0	Fuentepiñel		40	Segovia	07	41.40787	-4.03662	63
40088	6	Fuenterrebollo		40	Segovia	07	41.31540	-3.93917	313
40089	9	Fuentesaúco de Fuentidueña		40	Segovia	07	41.42965	-4.06135	216
40091	0	Fuentesoto		40	Segovia	07	41.45119	-3.90666	96
40092	5	Fuentidueña		40	Segovia	07	41.33239	-4.03072	125
40093	1	Gallegos		40	Segovia	07	41.06883	-3.77468	96
40094	6	Garcillán		40	Segovia	07	40.99377	-4.26558	513
40095	9	Gomezserracín		40	Segovia	07	41.29200	-4.28996	614
40097	8	Grajera		40	Segovia	07	41.37336	-3.61024	252
40099	7	Honrubia de la Cuesta		40	Segovia	07	41.49769	-3.70279	49
40100	1	Hontalbilla		40	Segovia	07	41.33788	-4.11527	277
40101	8	Hontanares de Eresma		40	Segovia	07	40.98449	-4.20072	1680
40103	9	Los Huertos	Huertos, Los	40	Segovia	07	41.00024	-4.21123	173
40104	4	Ituero y Lama		40	Segovia	07	40.79889	-4.37267	492
40105	7	Juarros de Riomoros		40	Segovia	07	40.93263	-4.32104	53
40106	0	Juarros de Voltoya		40	Segovia	07	41.04625	-4.50863	185
40107	6	Labajos		40	Segovia	07	40.84925	-4.51779	105
40108	2	Laguna de Contreras		40	Segovia	07	41.49264	-4.02001	111
40109	5	Languilla		40	Segovia	07	41.45453	-3.40863	79
40110	9	Lastras de Cuéllar		40	Segovia	07	41.28019	-4.08249	295
40111	6	Lastras del Pozo		40	Segovia	07	40.87042	-4.31273	55
40112	1	La Lastrilla	Lastrilla, La	40	Segovia	07	40.96898	-4.09050	4781
40113	7	La Losa	Losa, La	40	Segovia	07	40.84030	-4.15165	543
40115	5	Maderuelo		40	Segovia	07	41.51334	-3.52019	100
40118	0	Marazuela		40	Segovia	07	40.98046	-4.35694	58
40119	3	Martín Miguel		40	Segovia	07	40.95705	-4.27931	276
40120	7	Martín Muñoz de la Dehesa		40	Segovia	07	41.06796	-4.67998	309
40121	4	Martín Muñoz de las Posadas		40	Segovia	07	40.98883	-4.54738	251
40122	9	Marugán		40	Segovia	07	40.89705	-4.38807	775
40123	5	Matabuena		40	Segovia	07	41.09197	-3.75094	204
40124	0	Mata de Cuéllar		40	Segovia	07	41.39993	-4.47965	261
40125	3	La Matilla	Matilla, La	40	Segovia	07	41.18734	-3.80375	72
40126	6	Melque de Cercos		40	Segovia	07	41.05337	-4.47490	58
40127	2	Membibre de la Hoz		40	Segovia	07	41.45792	-4.09625	42
40128	8	Migueláñez		40	Segovia	07	41.14255	-4.37940	136
40129	1	Montejo de Arévalo		40	Segovia	07	41.14855	-4.66873	158
40130	5	Montejo de la Vega de la Serrezuela		40	Segovia	07	41.55158	-3.61615	121
40131	2	Monterrubio		40	Segovia	07	40.84154	-4.36715	51
40132	7	Moral de Hornuez		40	Segovia	07	41.47232	-3.61453	38
40134	8	Mozoncillo		40	Segovia	07	41.15042	-4.18560	916
40135	1	Muñopedro		40	Segovia	07	40.88154	-4.48883	298
40136	4	Muñoveros		40	Segovia	07	41.18329	-3.94852	138
40138	6	Nava de la Asunción		40	Segovia	07	41.14889	-4.49050	2806
40139	9	Navafría		40	Segovia	07	41.03129	-3.83262	282
40140	3	Navalilla		40	Segovia	07	41.33859	-3.93851	90
40141	0	Navalmanzano		40	Segovia	07	41.22208	-4.25447	1041
40142	5	Navares de Ayuso		40	Segovia	07	41.37323	-3.69717	58
40143	1	Navares de Enmedio		40	Segovia	07	41.40740	-3.73174	90
40144	6	Navares de las Cuevas		40	Segovia	07	41.42499	-3.75267	22
40145	9	Navas de Oro		40	Segovia	07	41.20812	-4.42138	1305
40146	2	Navas de San Antonio		40	Segovia	07	40.72094	-4.34548	368
40148	4	Nieva		40	Segovia	07	41.09233	-4.45246	256
40149	7	Olombrada		40	Segovia	07	41.43226	-4.15046	490
40150	0	Orejana		40	Segovia	07	41.16047	-3.77378	61
40151	7	Ortigosa de Pestaño		40	Segovia	07	41.09345	-4.38979	51
40152	2	Otero de Herreros		40	Segovia	07	40.81728	-4.21201	987
40154	3	Pajarejos		40	Segovia	07	41.39099	-3.59350	22
40155	6	Palazuelos de Eresma		40	Segovia	07	40.92496	-4.01930	6107
40156	9	Pedraza		40	Segovia	07	41.13333	-3.81231	335
40157	5	Pelayos del Arroyo		40	Segovia	07	41.05882	-3.95147	45
40158	1	Perosillo		40	Segovia	07	41.38815	-4.14419	21
40159	4	Pinarejos		40	Segovia	07	41.24968	-4.27681	205
40160	8	Pinarnegrillo		40	Segovia	07	41.19769	-4.21090	98
40161	5	Carabias		40	Segovia	07	41.45168	-3.69187	55
40162	0	Prádena		40	Segovia	07	41.15014	-3.68715	473
40163	6	Puebla de Pedraza		40	Segovia	07	41.19859	-3.92226	56
40164	1	Rapariegos		40	Segovia	07	41.09488	-4.63018	187
40165	4	Rebollo		40	Segovia	07	41.19268	-3.85830	70
40166	7	Remondo		40	Segovia	07	41.34738	-4.48690	329
40168	9	Riaguas de San Bartolomé		40	Segovia	07	41.42530	-3.48689	28
40170	6	Riaza		40	Segovia	07	41.30051	-3.44909	2128
40171	3	Ribota		40	Segovia	07	41.35272	-3.42571	40
40172	8	Riofrío de Riaza		40	Segovia	07	41.23719	-3.43311	29
40173	4	Roda de Eresma		40	Segovia	07	41.03267	-4.17872	260
40174	9	Sacramenia		40	Segovia	07	41.51610	-3.93933	324
40176	5	Samboal		40	Segovia	07	41.26833	-4.42570	459
40177	1	San Cristóbal de Cuéllar		40	Segovia	07	41.42933	-4.39040	161
40178	7	San Cristóbal de la Vega		40	Segovia	07	41.12063	-4.62197	81
40179	0	Sanchonuño		40	Segovia	07	41.32611	-4.28320	1053
40180	4	Sangarcía		40	Segovia	07	40.94732	-4.42709	281
40181	1	Real Sitio de San Ildefonso		40	Segovia	07	40.85611	-4.03385	5217
40182	6	San Martín y Mudrián		40	Segovia	07	41.22003	-4.35827	263
40183	2	San Miguel de Bernuy		40	Segovia	07	41.40247	-3.94484	119
40184	7	San Pedro de Gaíllos		40	Segovia	07	41.22996	-3.82074	315
40185	0	Santa María la Real de Nieva		40	Segovia	07	41.01189	-4.42123	906
40186	3	Santa Marta del Cerro		40	Segovia	07	41.21272	-3.68107	45
40188	5	Santiuste de Pedraza		40	Segovia	07	41.08950	-3.87574	81
40189	8	Santiuste de San Juan Bautista		40	Segovia	07	41.16266	-4.56244	534
40190	2	Santo Domingo de Pirón		40	Segovia	07	41.01080	-3.96076	51
40191	9	Santo Tomé del Puerto		40	Segovia	07	41.18722	-3.57782	230
40192	4	Sauquillo de Cabezas		40	Segovia	07	41.20259	-4.05767	135
40193	0	Sebúlcor		40	Segovia	07	41.28925	-3.86304	239
40194	5	Segovia		40	Segovia	07	40.90194	-4.18299	52375
40195	8	Sepúlveda		40	Segovia	07	41.28988	-3.78145	979
40196	1	Sequera de Fresno		40	Segovia	07	41.35782	-3.55455	42
40198	3	Sotillo		40	Segovia	07	41.26167	-3.65001	31
40199	6	Sotosalbos		40	Segovia	07	41.02518	-3.93050	132
40200	0	Tabanera la Luenga		40	Segovia	07	41.09557	-4.24505	51
40201	7	Tolocirio		40	Segovia	07	41.13617	-4.63020	38
40202	2	Torreadrada		40	Segovia	07	41.46011	-3.83392	53
40203	8	Torrecaballeros		40	Segovia	07	40.98306	-3.98479	1505
40204	3	Torrecilla del Pinar		40	Segovia	07	41.36229	-4.05430	188
40205	6	Torreiglesias		40	Segovia	07	41.10448	-4.04411	257
40206	9	Torre Val de San Pedro		40	Segovia	07	41.03754	-3.89001	165
40207	5	Trescasas		40	Segovia	07	40.95105	-4.00540	1130
40208	1	Turégano		40	Segovia	07	41.13673	-3.98884	1007
40210	8	Urueñas		40	Segovia	07	41.35775	-3.75731	105
40211	5	Valdeprados		40	Segovia	07	40.82494	-4.27505	63
40212	0	Valdevacas de Montejo		40	Segovia	07	41.52062	-3.62543	29
40213	6	Valdevacas y Guijar		40	Segovia	07	41.15408	-3.92092	83
40214	1	Valseca		40	Segovia	07	40.99651	-4.16661	208
40215	4	Valtiendas		40	Segovia	07	41.48848	-3.90545	75
40216	7	Valverde del Majano		40	Segovia	07	40.95285	-4.20744	1097
40218	9	Valle de Tabladillo		40	Segovia	07	41.36818	-3.83342	78
40219	2	Vallelado		40	Segovia	07	41.39282	-4.42327	750
40220	6	Valleruela de Pedraza		40	Segovia	07	41.17246	-3.82311	61
40221	3	Valleruela de Sepúlveda		40	Segovia	07	41.19190	-3.76641	48
40222	8	Veganzones		40	Segovia	07	41.21432	-3.99891	211
40223	4	Vegas de Matute		40	Segovia	07	40.79075	-4.26695	370
40224	9	Ventosilla y Tejadilla		40	Segovia	07	41.18445	-3.69139	17
40225	2	Villacastín		40	Segovia	07	40.76364	-4.41601	1567
40228	7	Villaverde de Íscar		40	Segovia	07	41.29620	-4.56140	579
40229	0	Villaverde de Montejo		40	Segovia	07	41.50545	-3.66759	22
40230	4	Villeguillo		40	Segovia	07	41.25273	-4.57768	129
40231	1	Yanguas de Eresma		40	Segovia	07	41.06692	-4.25148	117
40233	2	Zarzuela del Monte		40	Segovia	07	40.81125	-4.32637	507
40234	7	Zarzuela del Pinar		40	Segovia	07	41.26595	-4.17963	408
40901	0	Ortigosa del Monte		40	Segovia	07	40.82789	-4.16611	608
40902	5	Cozuelos de Fuentidueña		40	Segovia	07	41.39828	-4.08487	102
40903	1	Marazoleja		40	Segovia	07	40.94287	-4.33962	98
40904	6	Navas de Riofrío		40	Segovia	07	40.84901	-4.11465	430
40905	9	Cuevas de Provanco		40	Segovia	07	41.53963	-3.93553	131
40906	2	San Cristóbal de Segovia		40	Segovia	07	40.95449	-4.07921	3161
41001	6	Aguadulce		41	Sevilla	01	37.25069	-4.97988	2109
41002	1	Alanís		41	Sevilla	01	38.02801	-5.64318	1638
41003	7	Albaida del Aljarafe		41	Sevilla	01	37.43588	-6.17372	3220
41004	2	Alcalá de Guadaíra		41	Sevilla	01	37.27456	-5.81642	77474
41005	5	Alcalá del Río		41	Sevilla	01	37.55265	-5.96481	12335
41006	8	Alcolea del Río		41	Sevilla	01	37.63403	-5.64431	3265
41007	4	La Algaba	Algaba, La	41	Sevilla	01	37.47639	-6.01916	16803
41008	0	Algámitas		41	Sevilla	01	37.02513	-5.15144	1258
41009	3	Almadén de la Plata		41	Sevilla	01	37.83034	-6.03365	1328
41010	7	Almensilla		41	Sevilla	01	37.30658	-6.11103	6646
41011	4	Arahal		41	Sevilla	01	37.18635	-5.55492	19546
41012	9	Aznalcázar		41	Sevilla	01	37.15143	-6.26903	4875
41013	5	Aznalcóllar		41	Sevilla	01	37.54912	-6.31661	6096
41014	0	Badolatosa		41	Sevilla	01	37.30702	-4.68928	3058
41015	3	Benacazón		41	Sevilla	01	37.34036	-6.21053	7363
41016	6	Bollullos de la Mitación		41	Sevilla	01	37.33422	-6.14158	11431
41017	2	Bormujos		41	Sevilla	01	37.36459	-6.08618	23071
41018	8	Brenes		41	Sevilla	01	37.55394	-5.88182	12975
41019	1	Burguillos		41	Sevilla	01	37.59860	-5.95502	7448
41020	5	Las Cabezas de San Juan	Cabezas de San Juan, Las	41	Sevilla	01	36.97509	-5.90631	16388
41021	2	Camas		41	Sevilla	01	37.39937	-6.03644	29089
41022	7	La Campana	Campana, La	41	Sevilla	01	37.57108	-5.39797	5122
41023	3	Cantillana		41	Sevilla	01	37.62091	-5.81939	10780
41024	8	Carmona		41	Sevilla	01	37.46553	-5.63152	30240
41025	1	Carrión de los Céspedes		41	Sevilla	01	37.36325	-6.32792	2647
41026	4	Casariche		41	Sevilla	01	37.30370	-4.75817	5291
41027	0	Castilblanco de los Arroyos		41	Sevilla	01	37.72598	-6.00028	5145
41028	6	Castilleja de Guzmán		41	Sevilla	01	37.40936	-6.05029	2843
41029	9	Castilleja de la Cuesta		41	Sevilla	01	37.38701	-6.05461	17074
41030	3	Castilleja del Campo		41	Sevilla	01	37.38586	-6.33837	611
41031	0	El Castillo de las Guardas	Castillo de las Guardas, El	41	Sevilla	01	37.68912	-6.35031	1501
41032	5	Cazalla de la Sierra		41	Sevilla	01	37.94600	-5.76233	4626
41033	1	Constantina		41	Sevilla	01	37.84958	-5.60296	5745
41034	6	Coria del Río		41	Sevilla	01	37.24441	-6.04203	31278
41035	9	Coripe		41	Sevilla	01	36.99637	-5.39837	1218
41036	2	El Coronil	Coronil, El	41	Sevilla	01	37.01432	-5.61367	4659
41037	8	Los Corrales	Corrales, Los	41	Sevilla	01	37.11786	-5.02136	4021
41038	4	Dos Hermanas		41	Sevilla	01	37.25217	-5.95985	142519
41039	7	Écija		41	Sevilla	01	37.56697	-5.09790	39659
41040	1	Espartinas		41	Sevilla	01	37.38645	-6.12690	16479
41041	8	Estepa		41	Sevilla	01	37.31116	-4.88297	12430
41042	3	Fuentes de Andalucía		41	Sevilla	01	37.52684	-5.33272	7247
41043	9	El Garrobo	Garrobo, El	41	Sevilla	01	37.62777	-6.16385	800
41044	4	Gelves		41	Sevilla	01	37.33144	-6.02436	10548
41045	7	Gerena		41	Sevilla	01	37.55606	-6.16213	7971
41046	0	Gilena		41	Sevilla	01	37.23513	-4.92567	3647
41047	6	Gines		41	Sevilla	01	37.38705	-6.07770	13634
41048	2	Guadalcanal		41	Sevilla	01	38.09859	-5.82036	2544
41049	5	Guillena		41	Sevilla	01	37.60762	-6.08918	14260
41050	8	Herrera		41	Sevilla	01	37.38673	-4.85852	6575
41051	5	Huévar del Aljarafe		41	Sevilla	01	37.35242	-6.29432	3388
41052	0	Lantejuela		41	Sevilla	01	37.35841	-5.21884	3857
41053	6	Lebrija		41	Sevilla	01	36.92110	-6.02983	27788
41054	1	Lora de Estepa		41	Sevilla	01	37.27651	-4.82082	890
41055	4	Lora del Río		41	Sevilla	01	37.66015	-5.48845	18122
41056	7	La Luisiana	Luisiana, La	41	Sevilla	01	37.54963	-5.22339	4618
41057	3	El Madroño	Madroño, El	41	Sevilla	01	37.64508	-6.45492	286
41058	9	Mairena del Alcor		41	Sevilla	01	37.34532	-5.74201	24339
41059	2	Mairena del Aljarafe		41	Sevilla	01	37.33576	-6.07384	48017
41060	6	Marchena		41	Sevilla	01	37.30536	-5.39396	19405
41061	3	Marinaleda		41	Sevilla	01	37.37029	-4.94233	2562
41062	8	Martín de la Jara		41	Sevilla	01	37.13934	-4.96794	2627
41063	4	Los Molares	Molares, Los	41	Sevilla	01	37.15996	-5.69152	3659
41064	9	Montellano		41	Sevilla	01	36.99726	-5.53448	7032
41065	2	Morón de la Frontera		41	Sevilla	01	37.10375	-5.40797	27210
41066	5	Las Navas de la Concepción	Navas de la Concepción, Las	41	Sevilla	01	37.93159	-5.45337	1501
41067	1	Olivares		41	Sevilla	01	37.44735	-6.16425	9537
41068	7	Osuna		41	Sevilla	01	37.22229	-5.11371	17396
41069	0	Los Palacios y Villafranca	Palacios y Villafranca, Los	41	Sevilla	01	37.15682	-5.91361	38761
41070	4	Palomares del Río		41	Sevilla	01	37.31625	-6.05662	9421
41071	1	Paradas		41	Sevilla	01	37.28559	-5.48163	6762
41072	6	Pedrera		41	Sevilla	01	37.20124	-4.90345	5057
41073	2	El Pedroso	Pedroso, El	41	Sevilla	01	37.81124	-5.78589	2062
41074	7	Peñaflor		41	Sevilla	01	37.72762	-5.36379	3628
41075	0	Pilas		41	Sevilla	01	37.31231	-6.31623	14222
41076	3	Pruna		41	Sevilla	01	37.00622	-5.22262	2461
41077	9	La Puebla de Cazalla	Puebla de Cazalla, La	41	Sevilla	01	37.15996	-5.26158	10830
41078	5	La Puebla de los Infantes	Puebla de los Infantes, La	41	Sevilla	01	37.81327	-5.41071	2949
41079	8	La Puebla del Río	Puebla del Río, La	41	Sevilla	01	37.13975	-6.13535	11903
41080	2	El Real de la Jara	Real de la Jara, El	41	Sevilla	01	37.94892	-6.05789	1517
41081	9	La Rinconada	Rinconada, La	41	Sevilla	01	37.47948	-5.91013	40724
41082	4	La Roda de Andalucía	Roda de Andalucía, La	41	Sevilla	01	37.20892	-4.78133	4168
41083	0	El Ronquillo	Ronquillo, El	41	Sevilla	01	37.74333	-6.17136	1453
41084	5	El Rubio	Rubio, El	41	Sevilla	01	37.34261	-5.00582	3287
41085	8	Salteras		41	Sevilla	01	37.44858	-6.11431	5604
41086	1	San Juan de Aznalfarache		41	Sevilla	01	37.36499	-6.03134	23408
41087	7	Sanlúcar la Mayor		41	Sevilla	01	37.44938	-6.24117	14648
41088	3	San Nicolás del Puerto		41	Sevilla	01	37.98008	-5.64306	604
41089	6	Santiponce		41	Sevilla	01	37.43352	-6.04479	8634
41090	0	El Saucejo	Saucejo, El	41	Sevilla	01	37.07870	-5.09638	4189
41091	7	Sevilla		41	Sevilla	01	37.39141	-5.95918	689423
41092	2	Tocina		41	Sevilla	01	37.60107	-5.72413	9431
41093	8	Tomares		41	Sevilla	01	37.37270	-6.04372	25432
41094	3	Umbrete		41	Sevilla	01	37.35019	-6.17262	9455
41095	6	Utrera		41	Sevilla	01	37.08610	-5.78614	52403
41096	9	Valencina de la Concepción		41	Sevilla	01	37.41934	-6.06969	8050
41097	5	Villamanrique de la Condesa		41	Sevilla	01	37.23879	-6.31854	4694
41098	1	Villanueva del Ariscal		41	Sevilla	01	37.39616	-6.13989	6965
41099	4	Villanueva del Río y Minas		41	Sevilla	01	37.63911	-5.71075	5073
41100	8	Villanueva de San Juan		41	Sevilla	01	37.07167	-5.18541	986
41101	5	Villaverde del Río		41	Sevilla	01	37.60083	-5.89514	7885
41102	0	El Viso del Alcor	Viso del Alcor, El	41	Sevilla	01	37.38827	-5.71455	19458
41901	7	Cañada Rosal		41	Sevilla	01	37.59996	-5.22413	3481
41902	2	Isla Mayor		41	Sevilla	01	37.13296	-6.17212	5748
41903	8	El Cuervo de Sevilla	Cuervo de Sevilla, El	41	Sevilla	01	36.86924	-6.01245	8783
41904	3	El Palmar de Troya	Palmar de Troya, El	41	Sevilla	01	37.06154	-5.80471	2301
42001	1	Abejar		42	Soria	07	41.80009	-2.78080	287
42003	2	Adradas		42	Soria	07	41.33996	-2.48342	65
42004	7	Ágreda		42	Soria	07	41.86137	-1.89357	3133
42006	3	Alconaba		42	Soria	07	41.73392	-2.40383	198
42007	9	Alcubilla de Avellaneda		42	Soria	07	41.71417	-3.29502	111
42008	5	Alcubilla de las Peñas		42	Soria	07	41.27934	-2.51096	61
42009	8	Aldealafuente		42	Soria	07	41.64481	-2.33059	85
42010	2	Aldealices		42	Soria	07	41.91535	-2.29277	22
42011	9	Aldealpozo		42	Soria	07	41.78984	-2.19488	18
42012	4	Aldealseñor		42	Soria	07	41.88537	-2.30846	29
42013	0	Aldehuela de Periáñez		42	Soria	07	41.80704	-2.32879	27
42014	5	Las Aldehuelas	Aldehuelas, Las	42	Soria	07	42.00598	-2.36914	58
42015	8	Alentisque		42	Soria	07	41.40123	-2.34387	23
42016	1	Aliud		42	Soria	07	41.65562	-2.24576	20
42017	7	Almajano		42	Soria	07	41.84639	-2.33618	179
42018	3	Almaluez		42	Soria	07	41.32323	-2.25614	113
42019	6	Almarza		42	Soria	07	41.94235	-2.46791	601
42020	0	Almazán		42	Soria	07	41.50284	-2.53581	5544
42021	7	Almazul		42	Soria	07	41.56527	-2.15722	61
42022	2	Almenar de Soria		42	Soria	07	41.68325	-2.13928	233
42023	8	Alpanseque		42	Soria	07	41.27441	-2.69517	52
42024	3	Arancón		42	Soria	07	41.78293	-2.25082	73
42025	6	Arcos de Jalón		42	Soria	07	41.19190	-2.28177	1531
42026	9	Arenillas		42	Soria	07	41.33502	-2.83964	29
42027	5	Arévalo de la Sierra		42	Soria	07	41.96351	-2.40715	71
42028	1	Ausejo de la Sierra		42	Soria	07	41.91328	-2.35781	113
42029	4	Baraona		42	Soria	07	41.29073	-2.62344	117
42030	8	Barca		42	Soria	07	41.45568	-2.63752	116
42031	5	Barcones		42	Soria	07	41.29167	-2.80589	25
42032	0	Bayubas de Abajo		42	Soria	07	41.51768	-2.90706	148
42033	6	Bayubas de Arriba		42	Soria	07	41.56049	-2.89343	56
42034	1	Beratón		42	Soria	07	41.71885	-1.81891	38
42035	4	Berlanga de Duero		42	Soria	07	41.46803	-2.86240	810
42036	7	Blacos		42	Soria	07	41.69538	-2.87435	36
42037	3	Bliecos		42	Soria	07	41.53316	-2.26302	25
42038	9	Borjabad		42	Soria	07	41.55985	-2.39704	29
42039	2	Borobia		42	Soria	07	41.68378	-1.87719	218
42041	3	Buberos		42	Soria	07	41.65121	-2.17168	27
42042	8	Buitrago		42	Soria	07	41.84337	-2.40434	68
42043	4	Burgo de Osma-Ciudad de Osma		42	Soria	07	41.60363	-3.06524	5283
42044	9	Cabrejas del Campo		42	Soria	07	41.69102	-2.27652	48
42045	2	Cabrejas del Pinar		42	Soria	07	41.77194	-2.88279	288
42046	5	Calatañazor		42	Soria	07	41.72900	-2.80085	43
42048	7	Caltojar		42	Soria	07	41.40284	-2.74240	53
42049	0	Candilichera		42	Soria	07	41.73122	-2.29735	99
42050	3	Cañamaque		42	Soria	07	41.45176	-2.22400	29
42051	0	Carabantes		42	Soria	07	41.55008	-1.99117	21
42052	5	Caracena		42	Soria	07	41.39311	-3.10426	13
42053	1	Carrascosa de Abajo		42	Soria	07	41.43088	-3.09153	18
42054	6	Carrascosa de la Sierra		42	Soria	07	41.91361	-2.25673	19
42055	9	Casarejos		42	Soria	07	41.80693	-3.04649	145
42056	2	Castilfrío de la Sierra		42	Soria	07	41.93251	-2.29142	35
42057	8	Castilruiz		42	Soria	07	41.88271	-2.02295	170
42058	4	Castillejo de Robledo		42	Soria	07	41.57218	-3.50295	100
42059	7	Centenera de Andaluz		42	Soria	07	41.51005	-2.72326	19
42060	1	Cerbón		42	Soria	07	41.94703	-2.16115	27
42061	8	Cidones		42	Soria	07	41.82413	-2.67197	313
42062	3	Cigudosa		42	Soria	07	41.93376	-2.06811	14
42063	9	Cihuela		42	Soria	07	41.41602	-1.98592	35
42064	4	Ciria		42	Soria	07	41.63515	-1.95677	67
42065	7	Cirujales del Río		42	Soria	07	41.86882	-2.32510	21
42068	2	Coscurita		42	Soria	07	41.43996	-2.47827	69
42069	5	Covaleda		42	Soria	07	41.95067	-2.87017	1560
42070	9	Cubilla		42	Soria	07	41.73474	-2.94077	22
42071	6	Cubo de la Solana		42	Soria	07	41.60870	-2.47100	177
42073	7	Cueva de Ágreda		42	Soria	07	41.75930	-1.88381	67
42075	5	Dévanos		42	Soria	07	41.91742	-1.93839	72
42076	8	Deza		42	Soria	07	41.48201	-2.02108	162
42078	0	Duruelo de la Sierra		42	Soria	07	41.96610	-2.92531	1035
42079	3	Escobosa de Almazán		42	Soria	07	41.48773	-2.36862	19
42080	7	Espeja de San Marcelino		42	Soria	07	41.78363	-3.23546	160
42081	4	Espejón		42	Soria	07	41.85649	-3.26815	122
42082	9	Estepa de San Juan		42	Soria	07	41.93884	-2.32035	13
42083	5	Frechilla de Almazán		42	Soria	07	41.42192	-2.51611	20
42084	0	Fresno de Caracena		42	Soria	07	41.45881	-3.10310	16
42085	3	Fuentearmegil		42	Soria	07	41.71546	-3.18863	148
42086	6	Fuentecambrón		42	Soria	07	41.49031	-3.33711	29
42087	2	Fuentecantos		42	Soria	07	41.84425	-2.43230	65
42088	8	Fuentelmonge		42	Soria	07	41.41468	-2.18048	58
42089	1	Fuentelsaz de Soria		42	Soria	07	41.86896	-2.42579	65
42090	5	Fuentepinilla		42	Soria	07	41.55345	-2.74577	73
42092	7	Fuentes de Magaña		42	Soria	07	41.92950	-2.20067	47
42093	3	Fuentestrún		42	Soria	07	41.86898	-2.08051	55
42094	8	Garray		42	Soria	07	41.83744	-2.49639	794
42095	1	Golmayo		42	Soria	07	41.72254	-2.64966	3085
42096	4	Gómara		42	Soria	07	41.59067	-2.22196	286
42097	0	Gormaz		42	Soria	07	41.51076	-3.01404	18
42098	6	Herrera de Soria		42	Soria	07	41.76194	-3.03936	12
42100	3	Hinojosa del Campo		42	Soria	07	41.74678	-2.08476	24
42103	1	Langa de Duero		42	Soria	07	41.61800	-3.36973	696
42105	9	Liceras		42	Soria	07	41.39826	-3.23328	49
42106	2	La Losilla	Losilla, La	42	Soria	07	41.87558	-2.26276	12
42107	8	Magaña		42	Soria	07	41.89299	-2.18344	61
42108	4	Maján		42	Soria	07	41.46844	-2.29761	10
42110	1	Matalebreras		42	Soria	07	41.82942	-2.05464	81
42111	8	Matamala de Almazán		42	Soria	07	41.49484	-2.63169	251
42113	9	Medinaceli		42	Soria	07	41.15547	-2.41892	686
42115	7	Miño de Medinaceli		42	Soria	07	41.17303	-2.55186	73
42116	0	Miño de San Esteban		42	Soria	07	41.55318	-3.34180	43
42117	6	Molinos de Duero		42	Soria	07	41.88251	-2.82760	162
42118	2	Momblona		42	Soria	07	41.44126	-2.32416	19
42119	5	Monteagudo de las Vicarías		42	Soria	07	41.37533	-2.20382	169
42120	9	Montejo de Tiermes		42	Soria	07	41.38371	-3.20805	134
42121	6	Montenegro de Cameros		42	Soria	07	42.08635	-2.74913	43
42123	7	Morón de Almazán		42	Soria	07	41.40184	-2.38518	196
42124	2	Muriel de la Fuente		42	Soria	07	41.72507	-2.86784	53
42125	5	Muriel Viejo		42	Soria	07	41.77626	-2.90780	73
42127	4	Nafría de Ucero		42	Soria	07	41.72146	-3.10085	35
42128	0	Narros		42	Soria	07	41.85295	-2.27753	68
42129	3	Navaleno		42	Soria	07	41.85118	-3.00553	698
42130	7	Nepas		42	Soria	07	41.51499	-2.40953	49
42131	4	Nolay		42	Soria	07	41.52252	-2.34514	45
42132	9	Noviercas		42	Soria	07	41.68966	-1.99236	156
42134	0	Ólvega		42	Soria	07	41.79148	-1.97983	3782
42135	3	Oncala		42	Soria	07	41.96629	-2.28793	61
42139	1	Pinilla del Campo		42	Soria	07	41.70927	-2.10784	17
42140	5	Portillo de Soria		42	Soria	07	41.63196	-2.11507	11
42141	2	La Póveda de Soria	Póveda de Soria, La	42	Soria	07	42.01631	-2.51840	108
42142	7	Pozalmuro		42	Soria	07	41.77180	-2.10294	49
42144	8	Quintana Redonda		42	Soria	07	41.62261	-2.64692	499
42145	1	Quintanas de Gormaz		42	Soria	07	41.50396	-2.96223	119
42148	6	Quiñonería		42	Soria	07	41.55868	-2.05310	10
42149	9	Los Rábanos	Rábanos, Los	42	Soria	07	41.68517	-2.47565	470
42151	9	Rebollar		42	Soria	07	41.91160	-2.50884	36
42152	4	Recuerda		42	Soria	07	41.44411	-2.99482	61
42153	0	Rello		42	Soria	07	41.33443	-2.74951	21
42154	5	Renieblas		42	Soria	07	41.80199	-2.36678	107
42155	8	Retortillo de Soria		42	Soria	07	41.32560	-3.02336	126
42156	1	Reznos		42	Soria	07	41.59442	-2.01441	21
42157	7	La Riba de Escalote	Riba de Escalote, La	42	Soria	07	41.34287	-2.79727	9
42158	3	Rioseco de Soria		42	Soria	07	41.64929	-2.87734	123
42159	6	Rollamienta		42	Soria	07	41.93333	-2.53021	49
42160	0	El Royo	Royo, El	42	Soria	07	41.92469	-2.67195	248
42161	7	Salduero		42	Soria	07	41.89914	-2.80906	148
42162	2	San Esteban de Gormaz		42	Soria	07	41.54814	-3.22840	2962
42163	8	San Felices		42	Soria	07	41.92347	-2.01478	55
42164	3	San Leonardo de Yagüe		42	Soria	07	41.83182	-3.08203	1954
42165	6	San Pedro Manrique		42	Soria	07	42.03817	-2.17841	626
42166	9	Santa Cruz de Yanguas		42	Soria	07	42.06592	-2.46783	56
42167	5	Santa María de Huerta		42	Soria	07	41.22071	-2.16484	239
42168	1	Santa María de las Hoyas		42	Soria	07	41.77642	-3.12715	112
42171	5	Serón de Nágima		42	Soria	07	41.50651	-2.19882	125
42172	0	Soliedra		42	Soria	07	41.45945	-2.39182	37
42173	6	Soria		42	Soria	07	41.77016	-2.47935	41025
42174	1	Sotillo del Rincón		42	Soria	07	41.95732	-2.61484	171
42175	4	Suellacabras		42	Soria	07	41.86014	-2.20212	32
42176	7	Tajahuerce		42	Soria	07	41.75021	-2.15802	22
42177	3	Tajueco		42	Soria	07	41.53717	-2.84637	61
42178	9	Talveila		42	Soria	07	41.74109	-2.96946	105
42181	3	Tardelcuende		42	Soria	07	41.59037	-2.63003	414
42182	8	Taroda		42	Soria	07	41.32573	-2.42967	45
42183	4	Tejado		42	Soria	07	41.58271	-2.30240	100
42184	9	Torlengua		42	Soria	07	41.46052	-2.13468	43
42185	2	Torreblacos		42	Soria	07	41.67324	-2.89311	28
42187	1	Torrubia de Soria		42	Soria	07	41.63005	-2.06052	52
42188	7	Trévago		42	Soria	07	41.85929	-2.11671	47
42189	0	Ucero		42	Soria	07	41.72417	-3.05952	80
42190	4	Vadillo		42	Soria	07	41.81539	-3.00242	81
42191	1	Valdeavellano de Tera		42	Soria	07	41.93629	-2.57534	222
42192	6	Valdegeña		42	Soria	07	41.81868	-2.16381	36
42193	2	Valdelagua del Cerro		42	Soria	07	41.88748	-2.11066	13
42194	7	Valdemaluque		42	Soria	07	41.68847	-3.03965	139
42195	0	Valdenebro		42	Soria	07	41.58760	-2.92727	85
42196	3	Valdeprado		42	Soria	07	41.95335	-2.12734	8
42197	9	Valderrodilla		42	Soria	07	41.56725	-2.81163	59
42198	5	Valtajeros		42	Soria	07	41.93925	-2.23296	16
42200	2	Velamazán		42	Soria	07	41.48392	-2.72872	66
42201	9	Velilla de la Sierra		42	Soria	07	41.79714	-2.40230	26
42202	4	Velilla de los Ajos		42	Soria	07	41.49668	-2.27836	15
42204	5	Viana de Duero		42	Soria	07	41.52637	-2.46349	47
42205	8	Villaciervos		42	Soria	07	41.76815	-2.65912	86
42206	1	Villanueva de Gormaz		42	Soria	07	41.47453	-3.05758	6
42207	7	Villar del Ala		42	Soria	07	41.91437	-2.56089	50
42208	3	Villar del Campo		42	Soria	07	41.79623	-2.14937	29
42209	6	Villar del Río		42	Soria	07	42.06356	-2.39935	155
42211	7	Los Villares de Soria	Villares de Soria, Los	42	Soria	07	41.87706	-2.36334	72
42212	2	Villasayas		42	Soria	07	41.35820	-2.61607	59
42213	8	Villaseca de Arciel		42	Soria	07	41.61857	-2.14770	23
42215	6	Vinuesa		42	Soria	07	41.95001	-2.77398	826
42216	9	Vizmanos		42	Soria	07	42.03693	-2.40562	31
42217	5	Vozmediano		42	Soria	07	41.84205	-1.83876	29
42218	1	Yanguas		42	Soria	07	42.11716	-2.32504	104
42219	4	Yelo		42	Soria	07	41.22022	-2.54200	40
43001	7	Aiguamúrcia		43	Tarragona	09	41.36299	1.42400	987
43002	2	Albinyana		43	Tarragona	09	41.24188	1.49536	2718
43003	8	L'Albiol	Albiol, L'	43	Tarragona	09	41.24640	1.12092	557
43004	3	Alcanar		43	Tarragona	09	40.54329	0.48065	10104
43005	6	Alcover		43	Tarragona	09	41.26925	1.16649	5362
43006	9	Aldover		43	Tarragona	09	40.86588	0.47092	901
43007	5	L'Aleixar	Aleixar, L'	43	Tarragona	09	41.20592	1.06632	1009
43008	1	Alfara de Carles		43	Tarragona	09	40.83401	0.33406	355
43009	4	Alforja		43	Tarragona	09	41.20590	0.95248	2024
43010	8	Alió		43	Tarragona	09	41.29820	1.31150	496
43011	5	Almoster		43	Tarragona	09	41.20011	1.10112	1384
43012	0	Altafulla		43	Tarragona	09	41.15488	1.38422	5870
43013	6	L'Ametlla de Mar	Ametlla de Mar, L'	43	Tarragona	09	40.89628	0.79242	7446
43014	1	Amposta		43	Tarragona	09	40.70888	0.57781	23080
43015	4	Arbolí		43	Tarragona	09	41.23899	0.96372	138
43016	7	L'Arboç	Arboç, L'	43	Tarragona	09	41.27748	1.60570	5721
43017	3	L'Argentera	Argentera, L'	43	Tarragona	09	41.13458	0.90497	139
43018	9	Arnes		43	Tarragona	09	40.90949	0.25921	461
43019	2	Ascó		43	Tarragona	09	41.16288	0.55208	1589
43020	6	Banyeres del Penedès		43	Tarragona	09	41.27040	1.56095	3395
43021	3	Barberà de la Conca		43	Tarragona	09	41.41831	1.21841	476
43022	8	Batea		43	Tarragona	09	41.10664	0.30247	1875
43023	4	Bellmunt del Priorat		43	Tarragona	09	41.16365	0.76442	290
43024	9	Bellvei		43	Tarragona	09	41.23638	1.57155	2460
43025	2	Benifallet		43	Tarragona	09	40.96601	0.52388	706
43026	5	Benissanet		43	Tarragona	09	41.06900	0.58174	1186
43027	1	La Bisbal de Montsant	Bisbal de Montsant, La	43	Tarragona	09	41.28408	0.72315	214
43028	7	La Bisbal del Penedès	Bisbal del Penedès, La	43	Tarragona	09	41.27960	1.47930	4278
43029	0	Blancafort		43	Tarragona	09	41.44469	1.15771	392
43030	4	Bonastre		43	Tarragona	09	41.22027	1.43872	777
43031	1	Les Borges del Camp	Borges del Camp, Les	43	Tarragona	09	41.18173	1.01772	2319
43032	6	Bot		43	Tarragona	09	41.01753	0.36712	548
43033	2	Botarell		43	Tarragona	09	41.15378	1.00665	1161
43034	7	Bràfim		43	Tarragona	09	41.28021	1.34459	697
43035	0	Cabacés		43	Tarragona	09	41.24677	0.73122	296
43036	3	Cabra del Camp		43	Tarragona	09	41.40101	1.30935	1388
43037	9	Calafell		43	Tarragona	09	41.19932	1.56521	32624
43038	5	Cambrils		43	Tarragona	09	41.07613	1.04832	37042
43039	8	Capafonts		43	Tarragona	09	41.29595	1.02824	101
43040	2	Capçanes		43	Tarragona	09	41.09930	0.80775	444
43041	9	Caseres		43	Tarragona	09	41.04488	0.27683	250
43042	4	Castellvell del Camp		43	Tarragona	09	41.18821	1.09442	3002
43043	0	El Catllar	Catllar, El	43	Tarragona	09	41.17973	1.31205	5375
43044	5	La Sénia	Sénia, La	43	Tarragona	09	40.71614	0.26112	5516
43045	8	Colldejou		43	Tarragona	09	41.09902	0.88457	155
43046	1	Conesa		43	Tarragona	09	41.51680	1.28158	111
43047	7	Constantí		43	Tarragona	09	41.15358	1.21056	7108
43048	3	Corbera d'Ebre		43	Tarragona	09	41.10540	0.47241	1023
43049	6	Cornudella de Montsant		43	Tarragona	09	41.26387	0.92856	999
43050	9	Creixell		43	Tarragona	09	41.18365	1.42484	4261
43051	6	Cunit		43	Tarragona	09	41.19751	1.63319	16385
43052	1	Xerta		43	Tarragona	09	40.90295	0.46335	1180
43053	7	Duesaigües		43	Tarragona	09	41.16211	0.92550	217
43054	2	L'Espluga de Francolí	Espluga de Francolí, L'	43	Tarragona	09	41.41518	1.10107	3863
43055	5	Falset		43	Tarragona	09	41.16637	0.81742	2890
43056	8	La Fatarella	Fatarella, La	43	Tarragona	09	41.15968	0.48756	840
43057	4	La Febró	Febró, La	43	Tarragona	09	41.27472	0.99807	35
43058	0	La Figuera	Figuera, La	43	Tarragona	09	41.20517	0.71343	115
43059	3	Figuerola del Camp		43	Tarragona	09	41.36229	1.25968	342
43060	7	Flix		43	Tarragona	09	41.22877	0.54794	3340
43061	4	Forès		43	Tarragona	09	41.50108	1.23693	38
43062	9	Freginals		43	Tarragona	09	40.65206	0.52216	443
43063	5	La Galera	Galera, La	43	Tarragona	09	40.69663	0.44895	726
43064	0	Gandesa		43	Tarragona	09	41.04810	0.43260	3150
43065	3	Garcia		43	Tarragona	09	41.14151	0.65274	551
43066	6	Els Garidells	Garidells, Els	43	Tarragona	09	41.21128	1.24023	211
43067	2	Ginestar		43	Tarragona	09	41.02688	0.63303	800
43068	8	Godall		43	Tarragona	09	40.67163	0.46288	591
43069	1	Gratallops		43	Tarragona	09	41.18949	0.76982	226
43070	5	Els Guiamets	Guiamets, Els	43	Tarragona	09	41.10885	0.74723	254
43071	2	Horta de Sant Joan		43	Tarragona	09	40.94458	0.31646	1150
43072	7	El Lloar	Lloar, El	43	Tarragona	09	41.19209	0.74406	99
43073	3	Llorac		43	Tarragona	09	41.55586	1.33005	105
43074	8	Llorenç del Penedès		43	Tarragona	09	41.28865	1.54138	2425
43075	1	Margalef		43	Tarragona	09	41.30366	0.78046	106
43076	4	Marçà		43	Tarragona	09	41.12410	0.80607	623
43077	0	Mas de Barberans		43	Tarragona	09	40.71687	0.35516	535
43078	6	Masdenverge		43	Tarragona	09	40.71708	0.52834	1138
43079	9	Masllorenç		43	Tarragona	09	41.26588	1.43642	573
43080	3	La Masó	Masó, La	43	Tarragona	09	41.24055	1.22204	307
43081	0	Maspujols		43	Tarragona	09	41.18980	1.03393	915
43082	5	El Masroig	Masroig, El	43	Tarragona	09	41.13209	0.72617	473
43083	1	El Milà	Milà, El	43	Tarragona	09	41.24996	1.20737	194
43084	6	Miravet		43	Tarragona	09	41.04370	0.58170	703
43085	9	El Molar	Molar, El	43	Tarragona	09	41.17230	0.71338	295
43086	2	Montblanc		43	Tarragona	09	41.34652	1.14321	7542
43088	4	Montbrió del Camp		43	Tarragona	09	41.11968	0.99445	3157
43089	7	Montferri		43	Tarragona	09	41.26202	1.37820	502
43090	1	El Montmell	Montmell, El	43	Tarragona	09	41.33509	1.49613	1958
43091	8	Mont-ral		43	Tarragona	09	41.29911	1.11120	174
43092	3	Mont-roig del Camp		43	Tarragona	09	41.05043	0.95835	14615
43093	9	Móra d'Ebre		43	Tarragona	09	41.10400	0.59622	5811
43094	4	Móra la Nova		43	Tarragona	09	41.09848	0.66125	3350
43095	7	El Morell	Morell, El	43	Tarragona	09	41.20398	1.21325	3811
43096	0	La Morera de Montsant	Morera de Montsant, La	43	Tarragona	09	41.26400	0.83942	150
43097	6	La Nou de Gaià	Nou de Gaià, La	43	Tarragona	09	41.18637	1.38038	603
43098	2	Nulles		43	Tarragona	09	41.25205	1.29063	551
43099	5	La Palma d'Ebre	Palma d'Ebre, La	43	Tarragona	09	41.27220	0.66641	333
43100	9	Els Pallaresos	Pallaresos, Els	43	Tarragona	09	41.16949	1.25836	5028
43101	6	Passanant i Belltall		43	Tarragona	09	41.53056	1.19425	149
43102	1	Paüls		43	Tarragona	09	40.93668	0.40916	558
43103	7	Perafort		43	Tarragona	09	41.18920	1.24045	1342
43104	2	El Perelló	Perelló, El	43	Tarragona	09	40.85826	0.68802	2948
43105	5	Les Piles	Piles, Les	43	Tarragona	09	41.50122	1.34817	229
43106	8	El Pinell de Brai	Pinell de Brai, El	43	Tarragona	09	41.01569	0.50010	948
43107	4	Pira		43	Tarragona	09	41.41668	1.19501	512
43108	0	El Pla de Santa Maria	Pla de Santa Maria, El	43	Tarragona	09	41.34153	1.30467	2408
43109	3	La Pobla de Mafumet	Pobla de Mafumet, La	43	Tarragona	09	41.18462	1.20919	4175
43110	7	La Pobla de Massaluca	Pobla de Massaluca, La	43	Tarragona	09	41.19448	0.36024	344
43111	4	La Pobla de Montornès	Pobla de Montornès, La	43	Tarragona	09	41.18593	1.40830	3440
43112	9	Poboleda		43	Tarragona	09	41.23236	0.83494	345
43113	5	El Pont d'Armentera	Pont d'Armentera, El	43	Tarragona	09	41.40815	1.34139	500
43114	0	Porrera		43	Tarragona	09	41.19347	0.85483	405
43115	3	Pradell de la Teixeta		43	Tarragona	09	41.14524	0.87040	182
43116	6	Prades		43	Tarragona	09	41.32103	1.01632	629
43117	2	Prat de Comte		43	Tarragona	09	40.97560	0.41002	174
43118	8	Pratdip		43	Tarragona	09	41.05183	0.87256	781
43119	1	Puigpelat		43	Tarragona	09	41.27727	1.29870	1222
43120	5	Querol		43	Tarragona	09	41.42022	1.43839	611
43121	2	Rasquera		43	Tarragona	09	40.97629	0.61309	786
43122	7	Renau		43	Tarragona	09	41.21793	1.31742	165
43123	3	Reus		43	Tarragona	09	41.15552	1.10533	111601
43124	8	La Riba	Riba, La	43	Tarragona	09	41.30898	1.16904	574
43125	1	Riba-roja d'Ebre		43	Tarragona	09	41.24813	0.44737	1132
43126	4	La Riera de Gaià	Riera de Gaià, La	43	Tarragona	09	41.16490	1.36490	1834
43127	0	Riudecanyes		43	Tarragona	09	41.13386	0.95195	1362
43128	6	Riudecols		43	Tarragona	09	41.17548	0.96204	1264
43129	9	Riudoms		43	Tarragona	09	41.14307	1.05710	6891
43130	3	Rocafort de Queralt		43	Tarragona	09	41.47830	1.27056	247
43131	0	Roda de Berà		43	Tarragona	09	41.17760	1.46600	8260
43132	5	Rodonyà		43	Tarragona	09	41.28064	1.41258	519
43133	1	Roquetes		43	Tarragona	09	40.79250	0.41463	8607
43134	6	El Rourell	Rourell, El	43	Tarragona	09	41.22187	1.21910	385
43135	9	Salomó		43	Tarragona	09	41.23826	1.36258	519
43136	2	La Ràpita	Ràpita, La	43	Tarragona	09	40.62926	0.60639	16119
43137	8	Sant Jaume dels Domenys		43	Tarragona	09	41.30460	1.55844	2819
43138	4	Santa Bàrbara		43	Tarragona	09	40.72553	0.48769	3871
43139	7	Santa Coloma de Queralt		43	Tarragona	09	41.54660	1.39142	2795
43140	1	Santa Oliva		43	Tarragona	09	41.25424	1.53428	3711
43141	8	Pontils		43	Tarragona	09	41.46986	1.39450	124
43142	3	Sarral		43	Tarragona	09	41.46394	1.28255	1644
43143	9	Savallà del Comtat		43	Tarragona	09	41.54088	1.28690	49
43144	4	La Secuita	Secuita, La	43	Tarragona	09	41.21526	1.28413	1845
43145	7	La Selva del Camp	Selva del Camp, La	43	Tarragona	09	41.21143	1.12996	5732
43146	0	Senan		43	Tarragona	09	41.47742	1.07415	47
43147	6	Solivella		43	Tarragona	09	41.46689	1.18600	633
43148	2	Tarragona		43	Tarragona	09	41.12386	1.26639	143649
43149	5	Tivenys		43	Tarragona	09	40.91337	0.56806	948
43150	8	Tivissa		43	Tarragona	09	41.03301	0.75886	1658
43151	5	La Torre de Fontaubella	Torre de Fontaubella, La	43	Tarragona	09	41.12774	0.86621	124
43152	0	La Torre de l'Espanyol	Torre de l'Espanyol, La	43	Tarragona	09	41.20672	0.65554	641
43153	6	Torredembarra		43	Tarragona	09	41.14888	1.40506	18237
43154	1	Torroja del Priorat		43	Tarragona	09	41.22720	0.81695	129
43155	4	Tortosa		43	Tarragona	09	40.83485	0.47756	35997
43156	7	Ulldecona		43	Tarragona	09	40.59724	0.44726	6714
43157	3	Ulldemolins		43	Tarragona	09	41.31791	0.85445	389
43158	9	Vallclara		43	Tarragona	09	41.36999	0.98680	91
43159	2	Vallfogona de Riucorb		43	Tarragona	09	41.55959	1.23892	95
43160	6	Vallmoll		43	Tarragona	09	41.24882	1.25342	1997
43161	3	Valls		43	Tarragona	09	41.29111	1.23633	25518
43162	8	Vandellòs i l'Hospitalet de l'Infant		43	Tarragona	09	40.99445	0.86420	7143
43163	4	El Vendrell	Vendrell, El	43	Tarragona	09	41.20657	1.52882	41133
43164	9	Vespella de Gaià		43	Tarragona	09	41.20723	1.35132	502
43165	2	Vilabella		43	Tarragona	09	41.24267	1.33388	724
43166	5	Vilallonga del Camp		43	Tarragona	09	41.21308	1.19787	2495
43167	1	Vilanova d'Escornalbou		43	Tarragona	09	41.11188	0.93067	614
43168	7	Vilanova de Prades		43	Tarragona	09	41.34412	0.94561	111
43169	0	Vilaplana		43	Tarragona	09	41.24842	1.02463	549
43170	4	Vila-rodona		43	Tarragona	09	41.31159	1.36844	1382
43171	1	Vila-seca		43	Tarragona	09	41.10172	1.14434	23917
43172	6	Vilaverd		43	Tarragona	09	41.34039	1.17640	493
43173	2	La Vilella Alta	Vilella Alta, La	43	Tarragona	09	41.23420	0.78377	127
43174	7	La Vilella Baixa	Vilella Baixa, La	43	Tarragona	09	41.22120	0.75818	201
43175	0	Vilalba dels Arcs		43	Tarragona	09	41.15991	0.39473	611
43176	3	Vimbodí i Poblet		43	Tarragona	09	41.36233	1.04664	887
43177	9	Vinebre		43	Tarragona	09	41.21743	0.63038	427
43178	5	Vinyols i els Arcs		43	Tarragona	09	41.09376	1.05779	2450
43901	8	Deltebre		43	Tarragona	09	40.74987	0.78680	12041
43902	3	Sant Jaume d'Enveja		43	Tarragona	09	40.69145	0.78225	3745
43903	9	Camarles		43	Tarragona	09	40.79093	0.64348	3465
43904	4	L'Aldea	Aldea, L'	43	Tarragona	09	40.76183	0.61414	4657
43905	7	Salou		43	Tarragona	09	41.07870	1.15200	31491
43906	0	L'Ampolla	Ampolla, L'	43	Tarragona	09	40.83020	0.69306	3785
43907	6	La Canonja	Canonja, La	43	Tarragona	09	41.12071	1.18189	6001
44001	2	Ababuj		44	Teruel	02	40.55147	-0.82612	73
44002	7	Abejuela		44	Teruel	02	39.90598	-0.86738	62
44003	3	Aguatón		44	Teruel	02	40.66845	-1.22497	18
44004	8	Aguaviva		44	Teruel	02	40.82203	-0.19909	562
44005	1	Aguilar del Alfambra		44	Teruel	02	40.58947	-0.81350	82
44006	4	Alacón		44	Teruel	02	41.05331	-0.70769	204
44007	0	Alba		44	Teruel	02	40.61645	-1.35822	186
44008	6	Albalate del Arzobispo		44	Teruel	02	41.11363	-0.58158	1936
44009	9	Albarracín		44	Teruel	02	40.36329	-1.54087	998
44010	3	Albentosa		44	Teruel	02	40.08736	-0.73465	290
44011	0	Alcaine		44	Teruel	02	40.95181	-0.70665	38
44012	5	Alcalá de la Selva		44	Teruel	02	40.35689	-0.69776	382
44013	1	Alcañiz		44	Teruel	02	41.05017	-0.19124	16505
44014	6	Alcorisa		44	Teruel	02	40.92783	-0.35186	3243
44016	2	Alfambra		44	Teruel	02	40.53029	-1.03353	485
44017	8	Aliaga		44	Teruel	02	40.68462	-0.67562	344
44018	4	Almohaja		44	Teruel	02	40.60265	-1.43090	10
44019	7	Alobras		44	Teruel	02	40.18533	-1.38224	63
44020	1	Alpeñés		44	Teruel	02	40.80524	-1.07750	27
44021	8	Allepuz		44	Teruel	02	40.46988	-0.67916	123
44022	3	Alloza		44	Teruel	02	40.96765	-0.54874	556
44023	9	Allueva		44	Teruel	02	40.98088	-1.04151	31
44024	4	Anadón		44	Teruel	02	40.98700	-0.96964	35
44025	7	Andorra		44	Teruel	02	41.02125	-0.41223	7223
44026	0	Arcos de las Salinas		44	Teruel	02	40.01302	-1.05553	105
44027	6	Arens de Lledó		44	Teruel	02	40.99247	0.26779	181
44028	2	Argente		44	Teruel	02	40.69217	-1.17901	204
44029	5	Ariño		44	Teruel	02	41.05046	-0.60491	605
44031	6	Azaila		44	Teruel	02	41.33076	-0.52335	94
44032	1	Bádenas		44	Teruel	02	41.09208	-1.12129	28
44033	7	Báguena		44	Teruel	02	41.03468	-1.34987	278
44034	2	Bañón		44	Teruel	02	40.82809	-1.21190	152
44035	5	Barrachina		44	Teruel	02	40.89006	-1.14236	113
44036	8	Bea		44	Teruel	02	41.01984	-1.13763	30
44037	4	Beceite		44	Teruel	02	40.83148	0.18059	572
44038	0	Belmonte de San José		44	Teruel	02	40.87406	-0.06660	114
44039	3	Bello		44	Teruel	02	40.91570	-1.51313	204
44040	7	Berge		44	Teruel	02	40.84899	-0.41056	218
44041	4	Bezas		44	Teruel	02	40.32888	-1.32885	73
44042	9	Blancas		44	Teruel	02	40.82257	-1.47038	132
44043	5	Blesa		44	Teruel	02	41.07741	-0.90216	74
44044	0	Bordón		44	Teruel	02	40.68556	-0.34480	116
44045	3	Bronchales		44	Teruel	02	40.52853	-1.55935	465
44046	6	Bueña		44	Teruel	02	40.71679	-1.27097	65
44047	2	Burbáguena		44	Teruel	02	41.01096	-1.33659	396
44048	8	Cabra de Mora		44	Teruel	02	40.30624	-0.81042	66
44049	1	Calaceite		44	Teruel	02	41.01483	0.20279	961
44050	4	Calamocha		44	Teruel	02	40.94825	-1.23548	4655
44051	1	Calanda		44	Teruel	02	40.93723	-0.21098	3745
44052	6	Calomarde		44	Teruel	02	40.37200	-1.57658	76
44053	2	Camañas		44	Teruel	02	40.60103	-1.15190	136
44054	7	Camarena de la Sierra		44	Teruel	02	40.13312	-1.05810	137
44055	0	Camarillas		44	Teruel	02	40.62146	-0.76852	100
44056	3	Caminreal		44	Teruel	02	40.84118	-1.34201	606
44059	8	Cantavieja		44	Teruel	02	40.52235	-0.35791	729
44060	2	Cañada de Benatanduz		44	Teruel	02	40.58445	-0.52753	40
44061	9	La Cañada de Verich	Cañada de Verich, La	44	Teruel	02	40.85310	-0.10158	72
44062	4	Cañada Vellida		44	Teruel	02	40.70292	-0.92200	36
44063	0	Cañizar del Olivar		44	Teruel	02	40.79531	-0.64647	112
44064	5	Cascante del Río		44	Teruel	02	40.19488	-1.13487	73
44065	8	Castejón de Tornos		44	Teruel	02	40.99866	-1.40806	64
44066	1	Castel de Cabra		44	Teruel	02	40.79846	-0.69869	79
44067	7	Castelnou		44	Teruel	02	41.23831	-0.34303	94
44068	3	Castelserás		44	Teruel	02	40.96256	-0.14190	804
44070	0	El Castellar	Castellar, El	44	Teruel	02	40.38452	-0.83619	54
44071	7	Castellote		44	Teruel	02	40.74809	-0.34924	665
44074	3	Cedrillas		44	Teruel	02	40.42928	-0.85281	652
44075	6	Celadas		44	Teruel	02	40.51875	-1.15734	331
44076	9	Cella		44	Teruel	02	40.44187	-1.29384	2702
44077	5	La Cerollera	Cerollera, La	44	Teruel	02	40.82437	-0.08258	77
44080	8	La Codoñera	Codoñera, La	44	Teruel	02	40.92719	-0.06158	312
44082	0	Corbalán		44	Teruel	02	40.41059	-0.97256	117
44084	1	Cortes de Aragón		44	Teruel	02	40.98220	-0.81720	62
44085	4	Cosa		44	Teruel	02	40.80402	-1.12560	63
44086	7	Cretas		44	Teruel	02	40.92752	0.20943	559
44087	3	Crivillén		44	Teruel	02	40.90025	-0.57944	92
44088	9	La Cuba	Cuba, La	44	Teruel	02	40.59159	-0.30058	53
44089	2	Cubla		44	Teruel	02	40.21558	-1.05957	56
44090	6	Cucalón		44	Teruel	02	41.07860	-1.19100	77
44092	8	El Cuervo	Cuervo, El	44	Teruel	02	40.15808	-1.35284	88
44093	4	Cuevas de Almudén		44	Teruel	02	40.73366	-0.81453	119
44094	9	Cuevas Labradas		44	Teruel	02	40.45300	-1.00745	126
44096	5	Ejulve		44	Teruel	02	40.75278	-0.56223	172
44097	1	Escorihuela		44	Teruel	02	40.53004	-0.94614	130
44099	0	Escucha		44	Teruel	02	40.77599	-0.84671	788
44100	4	Estercuel		44	Teruel	02	40.88736	-0.62508	198
44101	1	Ferreruela de Huerva		44	Teruel	02	41.05603	-1.23774	81
44102	6	Fonfría		44	Teruel	02	40.99011	-1.08514	35
44103	2	Formiche Alto		44	Teruel	02	40.31994	-0.87968	156
44105	0	Fórnoles		44	Teruel	02	40.89214	-0.00863	71
44106	3	Fortanete		44	Teruel	02	40.49819	-0.53263	195
44107	9	Foz-Calanda		44	Teruel	02	40.91345	-0.26919	272
44108	5	La Fresneda	Fresneda, La	44	Teruel	02	40.92769	0.07307	459
44109	8	Frías de Albarracín		44	Teruel	02	40.33532	-1.61455	109
44110	2	Fuenferrada		44	Teruel	02	40.86612	-1.01271	38
44111	9	Fuentes Calientes		44	Teruel	02	40.69013	-0.97546	89
44112	4	Fuentes Claras		44	Teruel	02	40.86426	-1.32551	428
44113	0	Fuentes de Rubielos		44	Teruel	02	40.16596	-0.59947	148
44114	5	Fuentespalda		44	Teruel	02	40.82055	0.06766	305
44115	8	Galve		44	Teruel	02	40.64771	-0.87617	149
44116	1	Gargallo		44	Teruel	02	40.83152	-0.58883	88
44117	7	Gea de Albarracín		44	Teruel	02	40.39881	-1.34881	459
44118	3	La Ginebrosa	Ginebrosa, La	44	Teruel	02	40.85673	-0.19389	188
44119	6	Griegos		44	Teruel	02	40.44202	-1.71699	154
44120	0	Guadalaviar		44	Teruel	02	40.40650	-1.74385	238
44121	7	Gúdar		44	Teruel	02	40.43232	-0.69119	73
44122	2	Híjar		44	Teruel	02	41.14129	-0.40610	1766
44123	8	Hinojosa de Jarque		44	Teruel	02	40.67482	-0.76562	104
44124	3	La Hoz de la Vieja	Hoz de la Vieja, La	44	Teruel	02	40.93294	-0.83688	85
44125	6	Huesa del Común		44	Teruel	02	41.01103	-0.96030	55
44126	9	La Iglesuela del Cid	Iglesuela del Cid, La	44	Teruel	02	40.48413	-0.31233	357
44127	5	Jabaloyas		44	Teruel	02	40.23704	-1.40806	66
44128	1	Jarque de la Val		44	Teruel	02	40.70995	-0.79543	66
44129	4	Jatiel		44	Teruel	02	41.23775	-0.40015	48
44130	8	Jorcas		44	Teruel	02	40.54827	-0.75389	42
44131	5	Josa		44	Teruel	02	40.96279	-0.77276	34
44132	0	Lagueruela		44	Teruel	02	41.02926	-1.19910	73
44133	6	Lanzuela		44	Teruel	02	41.10851	-1.18661	24
44135	4	Libros		44	Teruel	02	40.14220	-1.21908	102
44136	7	Lidón		44	Teruel	02	40.72820	-1.10542	56
44137	3	Linares de Mora		44	Teruel	02	40.30903	-0.55175	242
44138	9	Loscos		44	Teruel	02	41.06604	-1.05907	121
44141	3	Lledó		44	Teruel	02	40.95449	0.27449	150
44142	8	Maicas		44	Teruel	02	40.96549	-0.88939	35
44143	4	Manzanera		44	Teruel	02	40.01851	-0.85890	530
44144	9	Martín del Río		44	Teruel	02	40.83490	-0.91749	367
44145	2	Mas de las Matas		44	Teruel	02	40.85003	-0.26136	1230
44146	5	La Mata de los Olmos	Mata de los Olmos, La	44	Teruel	02	40.87388	-0.52330	255
44147	1	Mazaleón		44	Teruel	02	41.02409	0.10210	474
44148	7	Mezquita de Jarque		44	Teruel	02	40.73299	-0.87395	83
44149	0	Mirambel		44	Teruel	02	40.58488	-0.34615	110
44150	3	Miravete de la Sierra		44	Teruel	02	40.56705	-0.70855	31
44151	0	Molinos		44	Teruel	02	40.81992	-0.46396	232
44152	5	Monforte de Moyuela		44	Teruel	02	41.05478	-0.99973	84
44153	1	Monreal del Campo		44	Teruel	02	40.77203	-1.33461	2578
44154	6	Monroyo		44	Teruel	02	40.78812	-0.01375	324
44155	9	Montalbán		44	Teruel	02	40.84955	-0.79763	1162
44156	2	Monteagudo del Castillo		44	Teruel	02	40.45281	-0.78042	43
44157	8	Monterde de Albarracín		44	Teruel	02	40.49981	-1.48630	62
44158	4	Mora de Rubielos		44	Teruel	02	40.22664	-0.73177	1752
44159	7	Moscardón		44	Teruel	02	40.32271	-1.54707	62
44160	1	Mosqueruela		44	Teruel	02	40.36272	-0.40060	563
44161	8	Muniesa		44	Teruel	02	41.07441	-0.76065	575
44163	9	Noguera de Albarracín		44	Teruel	02	40.45851	-1.62562	131
44164	4	Nogueras		44	Teruel	02	41.14670	-1.07575	36
44165	7	Nogueruelas		44	Teruel	02	40.25266	-0.62245	188
44167	6	Obón		44	Teruel	02	40.91286	-0.72487	35
44168	2	Odón		44	Teruel	02	40.88218	-1.55767	191
44169	5	Ojos Negros		44	Teruel	02	40.72830	-1.47174	321
44171	6	Olba		44	Teruel	02	40.12597	-0.64169	286
44172	1	Oliete		44	Teruel	02	40.99376	-0.63968	351
44173	7	Los Olmos	Olmos, Los	44	Teruel	02	40.89885	-0.47492	111
44174	2	Orihuela del Tremedal		44	Teruel	02	40.54805	-1.62716	450
44175	5	Orrios		44	Teruel	02	40.58375	-0.95473	112
44176	8	Palomar de Arroyos		44	Teruel	02	40.77360	-0.71986	166
44177	4	Pancrudo		44	Teruel	02	40.79477	-0.99868	118
44178	0	Las Parras de Castellote	Parras de Castellote, Las	44	Teruel	02	40.76065	-0.22991	61
44179	3	Peñarroya de Tastavins		44	Teruel	02	40.75166	0.06516	467
44180	7	Peracense		44	Teruel	02	40.66020	-1.46692	68
44181	4	Peralejos		44	Teruel	02	40.48240	-0.99266	89
44182	9	Perales del Alfambra		44	Teruel	02	40.63238	-0.95910	293
44183	5	Pitarque		44	Teruel	02	40.61848	-0.61639	62
44184	0	Plou		44	Teruel	02	40.99954	-0.84874	42
44185	3	El Pobo	Pobo, El	44	Teruel	02	40.50007	-0.87822	97
44187	2	La Portellada	Portellada, La	44	Teruel	02	40.88471	0.07579	249
44189	1	Pozondón		44	Teruel	02	40.55947	-1.44887	53
44190	5	Pozuel del Campo		44	Teruel	02	40.77626	-1.48358	76
44191	2	La Puebla de Híjar	Puebla de Híjar, La	44	Teruel	02	41.24857	-0.44602	935
44192	7	La Puebla de Valverde	Puebla de Valverde, La	44	Teruel	02	40.20587	-0.94823	485
44193	3	Puertomingalvo		44	Teruel	02	40.29361	-0.45308	135
44194	8	Ráfales		44	Teruel	02	40.84570	0.01960	149
44195	1	Rillo		44	Teruel	02	40.73096	-0.97659	95
44196	4	Riodeva		44	Teruel	02	40.12190	-1.14058	113
44197	0	Ródenas		44	Teruel	02	40.62371	-1.51128	57
44198	6	Royuela		44	Teruel	02	40.35688	-1.51072	229
44199	9	Rubiales		44	Teruel	02	40.27019	-1.27240	43
44200	3	Rubielos de la Cérida		44	Teruel	02	40.77118	-1.21699	20
44201	0	Rubielos de Mora		44	Teruel	02	40.18272	-0.67023	600
44203	1	Salcedillo		44	Teruel	02	40.94511	-1.00987	14
44204	6	Saldón		44	Teruel	02	40.33004	-1.42076	32
44205	9	Samper de Calanda		44	Teruel	02	41.19249	-0.32756	734
44206	2	San Agustín		44	Teruel	02	40.09255	-0.67161	132
44207	8	San Martín del Río		44	Teruel	02	41.06209	-1.37975	135
44208	4	Santa Cruz de Nogueras		44	Teruel	02	41.11857	-1.08261	24
44209	7	Santa Eulalia		44	Teruel	02	40.55847	-1.28800	1004
44210	1	Sarrión		44	Teruel	02	40.15840	-0.81374	1261
44211	8	Segura de los Baños		44	Teruel	02	40.92964	-0.96198	55
44212	3	Seno		44	Teruel	02	40.82831	-0.34996	39
44213	9	Singra		44	Teruel	02	40.66290	-1.29383	76
44215	7	Terriente		44	Teruel	02	40.29208	-1.49733	198
44216	0	Teruel		44	Teruel	02	40.36334	-1.08938	36655
44217	6	Toril y Masegoso		44	Teruel	02	40.22934	-1.49602	31
44218	2	Tormón		44	Teruel	02	40.21222	-1.33575	29
44219	5	Tornos		44	Teruel	02	40.95021	-1.41173	175
44220	9	Torralba de los Sisones		44	Teruel	02	40.89205	-1.43782	145
44221	6	Torrecilla de Alcañiz		44	Teruel	02	40.96811	-0.09515	436
44222	1	Torrecilla del Rebollar		44	Teruel	02	40.91542	-1.06118	114
44223	7	Torre de Arcas		44	Teruel	02	40.76376	-0.10967	76
44224	2	Torre de las Arcas		44	Teruel	02	40.85059	-0.70407	19
44225	5	Torre del Compte		44	Teruel	02	40.94597	0.12204	120
44226	8	Torrelacárcel		44	Teruel	02	40.63728	-1.28295	131
44227	4	Torre los Negros		44	Teruel	02	40.84806	-1.08839	77
44228	0	Torremocha de Jiloca		44	Teruel	02	40.59126	-1.24149	115
44229	3	Torres de Albarracín		44	Teruel	02	40.42801	-1.53237	187
44230	7	Torrevelilla		44	Teruel	02	40.91335	-0.11547	161
44231	4	Torrijas		44	Teruel	02	40.02014	-0.95896	36
44232	9	Torrijo del Campo		44	Teruel	02	40.82022	-1.33559	501
44234	0	Tramacastiel		44	Teruel	02	40.20539	-1.26402	62
44235	3	Tramacastilla		44	Teruel	02	40.42528	-1.58301	133
44236	6	Tronchón		44	Teruel	02	40.62156	-0.38426	56
44237	2	Urrea de Gaén		44	Teruel	02	41.16639	-0.48629	455
44238	8	Utrillas		44	Teruel	02	40.80076	-0.88054	3069
44239	1	Valacloche		44	Teruel	02	40.18268	-1.08071	33
44240	5	Valbona		44	Teruel	02	40.22287	-0.81419	187
44241	2	Valdealgorfa		44	Teruel	02	41.00088	-0.00323	581
44243	3	Valdecuenca		44	Teruel	02	40.29615	-1.40730	33
44244	8	Valdelinares		44	Teruel	02	40.40008	-0.60901	82
44245	1	Valdeltormo		44	Teruel	02	40.97188	0.09557	304
44246	4	Valderrobres		44	Teruel	02	40.85394	0.14523	2555
44247	0	Valjunquera		44	Teruel	02	40.96928	0.02174	336
44249	9	El Vallecillo	Vallecillo, El	44	Teruel	02	40.24196	-1.57268	40
44250	2	Veguillas de la Sierra		44	Teruel	02	40.14960	-1.40684	27
44251	9	Villafranca del Campo		44	Teruel	02	40.70354	-1.36439	290
44252	4	Villahermosa del Campo		44	Teruel	02	41.11431	-1.22431	91
44256	1	Villanueva del Rebollar de la Sierra		44	Teruel	02	40.90331	-1.00985	49
44257	7	Villar del Cobo		44	Teruel	02	40.39772	-1.67842	158
44258	3	Villar del Salz		44	Teruel	02	40.68110	-1.47674	58
44260	0	Villarluengo		44	Teruel	02	40.66156	-0.50128	159
44261	7	Villarquemado		44	Teruel	02	40.53479	-1.22612	901
44262	2	Villarroya de los Pinares		44	Teruel	02	40.51105	-0.65577	160
44263	8	Villastar		44	Teruel	02	40.26855	-1.16025	566
44264	3	Villel		44	Teruel	02	40.21922	-1.19670	336
44265	6	Vinaceite		44	Teruel	02	41.25954	-0.57804	176
44266	9	Visiedo		44	Teruel	02	40.67438	-1.11077	132
44267	5	Vivel del Río Martín		44	Teruel	02	40.88826	-0.92044	63
44268	1	La Zoma	Zoma, La	44	Teruel	02	40.77558	-0.61199	28
45001	5	Ajofrín		45	Toledo	08	39.72871	-3.98381	2379
45002	0	Alameda de la Sagra		45	Toledo	08	40.00669	-3.80600	4350
45003	6	Albarreal de Tajo		45	Toledo	08	39.88702	-4.21994	804
45004	1	Alcabón		45	Toledo	08	40.00007	-4.37166	792
45005	4	Alcañizo		45	Toledo	08	39.90802	-5.11449	259
45006	7	Alcaudete de la Jara		45	Toledo	08	39.77685	-4.85117	1720
45007	3	Alcolea de Tajo		45	Toledo	08	39.81123	-5.12725	839
45008	9	Aldea en Cabo		45	Toledo	08	40.19251	-4.46872	184
45009	2	Aldeanueva de Barbarroya		45	Toledo	08	39.73805	-5.02074	456
45010	6	Aldeanueva de San Bartolomé		45	Toledo	08	39.64723	-5.10735	404
45011	3	Almendral de la Cañada		45	Toledo	08	40.19199	-4.74957	341
45012	8	Almonacid de Toledo		45	Toledo	08	39.79754	-3.84305	991
45013	4	Almorox		45	Toledo	08	40.24949	-4.38399	2569
45014	9	Añover de Tajo		45	Toledo	08	39.97567	-3.76502	5454
45015	2	Arcicóllar		45	Toledo	08	40.05808	-4.10156	1089
45016	5	Argés		45	Toledo	08	39.80747	-4.07840	7178
45017	1	Azután		45	Toledo	08	39.77298	-5.13014	286
45018	7	Barcience		45	Toledo	08	39.98300	-4.23245	1110
45019	0	Bargas		45	Toledo	08	39.96416	-4.06769	11274
45020	4	Belvís de la Jara		45	Toledo	08	39.76893	-4.94002	1475
45021	1	Borox		45	Toledo	08	40.05559	-3.71843	4306
45022	6	Buenaventura		45	Toledo	08	40.17181	-4.87414	386
45023	2	Burguillos de Toledo		45	Toledo	08	39.78552	-3.99771	3872
45024	7	Burujón		45	Toledo	08	39.87712	-4.28246	1344
45025	0	Cabañas de la Sagra		45	Toledo	08	40.00417	-3.95353	2177
45026	3	Cabañas de Yepes		45	Toledo	08	39.89246	-3.52979	316
45027	9	Cabezamesada		45	Toledo	08	39.81434	-3.07924	343
45028	5	Calera y Chozas		45	Toledo	08	39.87910	-5.00804	4834
45029	8	Caleruela		45	Toledo	08	39.86875	-5.25762	203
45030	2	Calzada de Oropesa		45	Toledo	08	39.97987	-5.29501	514
45031	9	Camarena		45	Toledo	08	40.10238	-4.10551	4848
45032	4	Camarenilla		45	Toledo	08	40.01074	-4.08703	606
45033	0	El Campillo de la Jara	Campillo de la Jara, El	45	Toledo	08	39.59646	-5.03875	326
45034	5	Camuñas		45	Toledo	08	39.38100	-3.49072	1742
45035	8	Cardiel de los Montes		45	Toledo	08	40.07325	-4.63920	406
45036	1	Carmena		45	Toledo	08	39.93513	-4.39432	771
45037	7	El Carpio de Tajo	Carpio de Tajo, El	45	Toledo	08	39.85790	-4.47496	1948
45038	3	Carranque		45	Toledo	08	40.16956	-3.90006	5469
45039	6	Carriches		45	Toledo	08	39.96477	-4.45717	260
45040	0	El Casar de Escalona	Casar de Escalona, El	45	Toledo	08	40.05622	-4.52315	2280
45041	7	Casarrubios del Monte		45	Toledo	08	40.19959	-4.06556	7424
45042	2	Casasbuenas		45	Toledo	08	39.76511	-4.09733	210
45043	8	Castillo de Bayuela		45	Toledo	08	40.09167	-4.68489	889
45045	6	Cazalegas		45	Toledo	08	40.00400	-4.69601	2195
45046	9	Cebolla		45	Toledo	08	39.93765	-4.56109	3270
45047	5	Cedillo del Condado		45	Toledo	08	40.09543	-3.92959	4525
45048	1	Los Cerralbos	Cerralbos, Los	45	Toledo	08	40.01513	-4.58478	452
45049	4	Cervera de los Montes		45	Toledo	08	40.05765	-4.83027	513
45050	7	Ciruelos		45	Toledo	08	39.94682	-3.62017	723
45051	4	Cobeja		45	Toledo	08	40.00958	-3.84905	2719
45052	9	Cobisa		45	Toledo	08	39.79584	-4.02153	4550
45053	5	Consuegra		45	Toledo	08	39.48349	-3.72501	9767
45054	0	Corral de Almaguer		45	Toledo	08	39.75447	-3.18649	5280
45055	3	Cuerva		45	Toledo	08	39.66231	-4.21075	1226
45056	6	Chozas de Canales		45	Toledo	08	40.10798	-4.04843	5044
45057	2	Chueca		45	Toledo	08	39.72862	-3.93900	252
45058	8	Domingo Pérez		45	Toledo	08	39.98168	-4.50367	418
45059	1	Dosbarrios		45	Toledo	08	39.84885	-3.49435	2228
45060	5	Erustes		45	Toledo	08	39.95539	-4.49856	220
45061	2	Escalona		45	Toledo	08	40.15228	-4.38532	3987
45062	7	Escalonilla		45	Toledo	08	39.92191	-4.34180	1545
45063	3	Espinoso del Rey		45	Toledo	08	39.64306	-4.79146	420
45064	8	Esquivias		45	Toledo	08	40.10833	-3.75169	5833
45065	1	La Estrella	Estrella, La	45	Toledo	08	39.69060	-5.07872	251
45066	4	Fuensalida		45	Toledo	08	40.06396	-4.18003	12669
45067	0	Gálvez		45	Toledo	08	39.72573	-4.28401	3044
45068	6	Garciotum		45	Toledo	08	40.11735	-4.63610	220
45069	9	Gerindote		45	Toledo	08	39.94532	-4.27500	2828
45070	3	Guadamur		45	Toledo	08	39.82389	-4.14740	1796
45071	0	La Guardia	Guardia, La	45	Toledo	08	39.78520	-3.43899	2200
45072	5	Las Herencias	Herencias, Las	45	Toledo	08	39.88595	-4.82574	821
45073	1	Herreruela de Oropesa		45	Toledo	08	39.89852	-5.23809	323
45074	6	Hinojosa de San Vicente		45	Toledo	08	40.10919	-4.73919	363
45075	9	Hontanar		45	Toledo	08	39.55774	-4.53206	139
45076	2	Hormigos		45	Toledo	08	40.09219	-4.45523	1035
45077	8	Huecas		45	Toledo	08	40.01522	-4.19855	890
45078	4	Huerta de Valdecarábanos		45	Toledo	08	39.83037	-3.61862	1836
45079	7	La Iglesuela del Tiétar	Iglesuela del Tiétar, La	45	Toledo	08	40.23254	-4.74162	448
45080	1	Illán de Vacas		45	Toledo	08	39.97150	-4.55648	8
45081	8	Illescas		45	Toledo	08	40.13581	-3.85713	33301
45082	3	Lagartera		45	Toledo	08	39.98233	-5.23499	1294
45083	9	Layos		45	Toledo	08	39.76980	-4.05858	931
45084	4	Lillo		45	Toledo	08	39.70885	-3.34683	2519
45085	7	Lominchar		45	Toledo	08	40.08552	-3.98148	2989
45086	0	Lucillos		45	Toledo	08	40.00202	-4.62111	666
45087	6	Madridejos		45	Toledo	08	39.43565	-3.53674	10088
45088	2	Magán		45	Toledo	08	39.96834	-3.93095	4384
45089	5	Malpica de Tajo		45	Toledo	08	39.89111	-4.57212	1655
45090	9	Manzaneque		45	Toledo	08	39.64016	-3.79350	407
45091	6	Maqueda		45	Toledo	08	40.08006	-4.34501	548
45092	1	Marjaliza		45	Toledo	08	39.55183	-3.96261	258
45093	7	Marrupe		45	Toledo	08	40.08817	-4.80704	166
45094	2	Mascaraque		45	Toledo	08	39.74776	-3.80216	441
45095	5	La Mata	Mata, La	45	Toledo	08	39.92751	-4.44727	910
45096	8	Mazarambroz		45	Toledo	08	39.64008	-4.06530	1251
45097	4	Mejorada		45	Toledo	08	40.01736	-4.92759	1387
45098	0	Menasalbas		45	Toledo	08	39.62433	-4.36526	2465
45099	3	Méntrida		45	Toledo	08	40.23075	-4.16859	6495
45100	7	Mesegar de Tajo		45	Toledo	08	39.91874	-4.50022	199
45101	4	Miguel Esteban		45	Toledo	08	39.51933	-3.10345	4751
45102	9	Mocejón		45	Toledo	08	39.91805	-3.90916	5188
45103	5	Mohedas de la Jara		45	Toledo	08	39.60207	-5.15632	384
45104	0	Montearagón		45	Toledo	08	39.95808	-4.63373	598
45105	3	Montesclaros		45	Toledo	08	40.08975	-4.92683	377
45106	6	Mora		45	Toledo	08	39.68548	-3.73734	10064
45107	2	Nambroca		45	Toledo	08	39.80284	-3.91661	5263
45108	8	La Nava de Ricomalillo	Nava de Ricomalillo, La	45	Toledo	08	39.65120	-5.00287	514
45109	1	Navahermosa		45	Toledo	08	39.65629	-4.47207	3587
45110	5	Navalcán		45	Toledo	08	40.11128	-5.08902	1859
45111	2	Navalmoralejo		45	Toledo	08	39.75022	-5.11844	56
45112	7	Los Navalmorales	Navalmorales, Los	45	Toledo	08	39.70631	-4.61443	2074
45113	3	Los Navalucillos	Navalucillos, Los	45	Toledo	08	39.56660	-4.68030	1889
45114	8	Navamorcuende		45	Toledo	08	40.13057	-4.83622	581
45115	1	Noblejas		45	Toledo	08	40.00253	-3.42577	3998
45116	4	Noez		45	Toledo	08	39.73965	-4.15544	1058
45117	0	Nombela		45	Toledo	08	40.13196	-4.52940	904
45118	6	Novés		45	Toledo	08	40.04168	-4.27679	3564
45119	9	Numancia de la Sagra		45	Toledo	08	40.07805	-3.82333	5674
45120	3	Nuño Gómez		45	Toledo	08	40.12877	-4.60734	178
45121	0	Ocaña		45	Toledo	08	39.95667	-3.49970	15560
45122	5	Olías del Rey		45	Toledo	08	39.95242	-3.98408	9174
45123	1	Ontígola		45	Toledo	08	40.00639	-3.53525	5101
45124	6	Orgaz		45	Toledo	08	39.64994	-3.90875	2639
45125	9	Oropesa		45	Toledo	08	39.96684	-5.20517	2587
45126	2	Otero		45	Toledo	08	40.02218	-4.51132	436
45127	8	Palomeque		45	Toledo	08	40.11719	-3.97125	1213
45128	4	Pantoja		45	Toledo	08	40.04418	-3.82067	3536
45129	7	Paredes de Escalona		45	Toledo	08	40.21042	-4.44341	133
45130	1	Parrillas		45	Toledo	08	40.09567	-5.04447	323
45131	8	Pelahustán		45	Toledo	08	40.14979	-4.59237	335
45132	3	Pepino		45	Toledo	08	40.02043	-4.78578	3421
45133	9	Polán		45	Toledo	08	39.81663	-4.24454	3941
45134	4	Portillo de Toledo		45	Toledo	08	40.07855	-4.25287	2384
45135	7	La Puebla de Almoradiel	Puebla de Almoradiel, La	45	Toledo	08	39.60707	-3.14387	4950
45136	0	La Puebla de Montalbán	Puebla de Montalbán, La	45	Toledo	08	39.82037	-4.37343	8144
45137	6	La Pueblanueva	Pueblanueva, La	45	Toledo	08	39.91465	-4.71498	2139
45138	2	El Puente del Arzobispo	Puente del Arzobispo, El	45	Toledo	08	39.80412	-5.17185	1143
45139	5	Puerto de San Vicente		45	Toledo	08	39.51471	-5.07906	141
45140	9	Pulgar		45	Toledo	08	39.67708	-4.15859	1608
45141	6	Quero		45	Toledo	08	39.49423	-3.27265	1006
45142	1	Quintanar de la Orden		45	Toledo	08	39.59280	-3.00576	11355
45143	7	Quismondo		45	Toledo	08	40.10574	-4.31912	1857
45144	2	El Real de San Vicente	Real de San Vicente, El	45	Toledo	08	40.16731	-4.67668	966
45145	5	Recas		45	Toledo	08	40.04925	-4.01753	5037
45146	8	Retamoso de la Jara		45	Toledo	08	39.74495	-4.77055	109
45147	4	Rielves		45	Toledo	08	39.94463	-4.19320	900
45148	0	Robledo del Mazo		45	Toledo	08	39.57269	-4.80856	249
45149	3	El Romeral	Romeral, El	45	Toledo	08	39.72510	-3.43930	518
45150	6	San Bartolomé de las Abiertas		45	Toledo	08	39.84094	-4.73516	637
45151	3	San Martín de Montalbán		45	Toledo	08	39.71867	-4.43346	778
45152	8	San Martín de Pusa		45	Toledo	08	39.80601	-4.65482	623
45153	4	San Pablo de los Montes		45	Toledo	08	39.53014	-4.32995	1627
45154	9	San Román de los Montes		45	Toledo	08	40.05789	-4.75860	2191
45155	2	Santa Ana de Pusa		45	Toledo	08	39.76018	-4.71177	345
45156	5	Santa Cruz de la Zarza		45	Toledo	08	39.98630	-3.20875	4180
45157	1	Santa Cruz del Retamar		45	Toledo	08	40.16496	-4.27524	4194
45158	7	Santa Olalla		45	Toledo	08	40.00868	-4.43270	3571
45159	0	Sartajada		45	Toledo	08	40.21682	-4.79920	104
45160	4	Segurilla		45	Toledo	08	40.03749	-4.87104	1412
45161	1	Seseña		45	Toledo	08	40.08535	-3.66015	30907
45162	6	Sevilleja de la Jara		45	Toledo	08	39.54811	-4.95663	635
45163	2	Sonseca		45	Toledo	08	39.65360	-3.98517	11452
45164	7	Sotillo de las Palomas		45	Toledo	08	40.09386	-4.84746	184
45165	0	Talavera de la Reina		45	Toledo	08	39.96054	-4.83319	83803
45166	3	Tembleque		45	Toledo	08	39.67546	-3.52643	1992
45167	9	El Toboso	Toboso, El	45	Toledo	08	39.54518	-2.97791	1702
45168	5	Toledo		45	Toledo	08	39.86765	-4.00988	87216
45169	8	Torralba de Oropesa		45	Toledo	08	39.94800	-5.12604	186
45170	2	Torrecilla de la Jara		45	Toledo	08	39.67090	-4.84030	227
45171	9	La Torre de Esteban Hambrán	Torre de Esteban Hambrán, La	45	Toledo	08	40.16679	-4.20387	1946
45172	4	Torrico		45	Toledo	08	39.82954	-5.21336	688
45173	0	Torrijos		45	Toledo	08	39.98377	-4.28108	14307
45174	5	Totanés		45	Toledo	08	39.71135	-4.22314	361
45175	8	Turleque		45	Toledo	08	39.60396	-3.65691	702
45176	1	Ugena		45	Toledo	08	40.16305	-3.87243	5988
45177	7	Urda		45	Toledo	08	39.35994	-3.72681	2454
45179	6	Valdeverdeja		45	Toledo	08	39.80827	-5.26492	598
45180	0	Valmojado		45	Toledo	08	40.22166	-4.10869	4898
45181	7	Velada		45	Toledo	08	40.01875	-5.01427	2899
45182	2	Las Ventas con Peña Aguilera	Ventas con Peña Aguilera, Las	45	Toledo	08	39.56968	-4.23208	1090
45183	8	Las Ventas de Retamosa	Ventas de Retamosa, Las	45	Toledo	08	40.15641	-4.15182	4206
45184	3	Las Ventas de San Julián	Ventas de San Julián, Las	45	Toledo	08	39.99678	-5.28760	239
45185	6	Villacañas		45	Toledo	08	39.60512	-3.37797	9411
45186	9	La Villa de Don Fadrique	Villa de Don Fadrique, La	45	Toledo	08	39.64092	-3.19757	3519
45187	5	Villafranca de los Caballeros		45	Toledo	08	39.45439	-3.34005	4884
45188	1	Villaluenga de la Sagra		45	Toledo	08	40.02965	-3.90723	4308
45189	4	Villamiel de Toledo		45	Toledo	08	39.98658	-4.12934	1097
45190	8	Villaminaya		45	Toledo	08	39.71574	-3.87832	518
45191	5	Villamuelas		45	Toledo	08	39.80131	-3.73573	587
45192	0	Villanueva de Alcardete		45	Toledo	08	39.68988	-3.05513	2910
45193	6	Villanueva de Bogas		45	Toledo	08	39.72460	-3.66006	657
45194	1	Villarejo de Montalbán		45	Toledo	08	39.77049	-4.54269	83
45195	4	Villarrubia de Santiago		45	Toledo	08	40.00845	-3.33947	2583
45196	7	Villaseca de la Sagra		45	Toledo	08	39.96725	-3.85727	1910
45197	3	Villasequilla		45	Toledo	08	39.86461	-3.70505	2673
45198	9	Villatobas		45	Toledo	08	39.87046	-3.32723	2964
45199	2	El Viso de San Juan	Viso de San Juan, El	45	Toledo	08	40.15131	-3.97427	6380
45200	6	Los Yébenes	Yébenes, Los	45	Toledo	08	39.47215	-3.91658	5787
45201	3	Yeles		45	Toledo	08	40.12140	-3.78375	6514
45202	8	Yepes		45	Toledo	08	39.90678	-3.68159	5820
45203	4	Yuncler		45	Toledo	08	40.05208	-3.90546	5275
45204	9	Yunclillos		45	Toledo	08	40.01540	-4.00394	819
45205	2	Yuncos		45	Toledo	08	40.09090	-3.88794	13189
45901	6	Santo Domingo-Caudilla		45	Toledo	08	40.02165	-4.33794	1299
46001	8	Ademuz		46	Valencia	10	40.07506	-1.22341	1015
46002	3	Ador		46	Valencia	10	38.91641	-0.21947	1755
46003	9	Atzeneta d'Albaida		46	Valencia	10	38.83357	-0.48758	1193
46004	4	Agullent		46	Valencia	10	38.84231	-0.55328	2438
46005	7	Alaquàs		46	Valencia	10	39.45634	-0.46091	30166
46006	0	Albaida		46	Valencia	10	38.85398	-0.52591	6322
46007	6	Albal		46	Valencia	10	39.39173	-0.40736	17365
46008	2	Albalat de la Ribera		46	Valencia	10	39.21848	-0.37388	3523
46009	5	Albalat dels Sorells		46	Valencia	10	39.54599	-0.34063	4368
46010	9	Albalat dels Tarongers		46	Valencia	10	39.68288	-0.35585	1574
46011	6	Alberic		46	Valencia	10	39.11879	-0.51863	11099
46012	1	Alborache		46	Valencia	10	39.38220	-0.75656	1568
46013	7	Alboraia	Alboraya;Alboraia/Alboraya;Alboraia / Alboraya	46	Valencia	10	39.50453	-0.33802	26273
46014	2	Albuixech		46	Valencia	10	39.54415	-0.32173	4482
46015	5	Alcàsser		46	Valencia	10	39.37798	-0.44710	10772
46016	8	Alcàntera de Xúquer		46	Valencia	10	39.06594	-0.55551	1468
46017	4	Alzira		46	Valencia	10	39.13695	-0.45078	48236
46018	0	Alcublas		46	Valencia	10	39.80629	-0.68912	710
46019	3	L'Alcúdia	Alcúdia, l'	46	Valencia	10	39.19281	-0.52396	12587
46020	7	L'Alcúdia de Crespins	Alcúdia de Crespins, l'	46	Valencia	10	38.97264	-0.60219	5548
46021	4	Aldaia		46	Valencia	10	39.46469	-0.46168	34630
46022	9	Alfafar		46	Valencia	10	39.40972	-0.36898	22270
46023	5	Alfauir		46	Valencia	10	38.93358	-0.24384	515
46024	0	Alfara de la Baronia		46	Valencia	10	39.77153	-0.35224	624
46025	3	Alfara del Patriarca		46	Valencia	10	39.53973	-0.37990	3740
46026	6	Alfarb		46	Valencia	10	39.28354	-0.53154	1763
46027	2	Alfarrasí		46	Valencia	10	38.90879	-0.49990	1173
46028	8	Algar de Palància		46	Valencia	10	39.77797	-0.36299	565
46029	1	Algemesí		46	Valencia	10	39.21346	-0.41664	28306
46030	5	Algímia d'Alfara		46	Valencia	10	39.74396	-0.39233	1115
46031	2	Alginet		46	Valencia	10	39.26393	-0.46973	14844
46032	7	Almàssera		46	Valencia	10	39.51532	-0.34870	7887
46033	3	Almiserà		46	Valencia	10	38.92473	-0.27927	278
46034	8	Almoines		46	Valencia	10	38.94757	-0.17881	2664
46035	1	Almussafes		46	Valencia	10	39.29734	-0.40947	9070
46036	4	Alpuente		46	Valencia	10	39.92450	-1.03273	688
46037	0	L'Alqueria de la Comtessa	Alqueria de la Comtessa, l'	46	Valencia	10	38.93748	-0.15300	1547
46038	6	Andilla		46	Valencia	10	39.82862	-0.79168	338
46039	9	Anna		46	Valencia	10	39.01158	-0.64139	2600
46040	3	Antella		46	Valencia	10	39.08611	-0.60446	1130
46041	0	Aras de los Olmos		46	Valencia	10	39.93767	-1.16006	401
46042	5	Aielo de Malferit		46	Valencia	10	38.88670	-0.60153	4624
46043	1	Aielo de Rugat		46	Valencia	10	38.88098	-0.34485	160
46044	6	Ayora		46	Valencia	10	39.03258	-0.99506	5282
46045	9	Barxeta		46	Valencia	10	39.01540	-0.42781	1578
46046	2	Barx		46	Valencia	10	39.01160	-0.31174	1501
46047	8	Bèlgida		46	Valencia	10	38.86718	-0.46036	651
46048	4	Bellreguard		46	Valencia	10	38.95331	-0.15196	5032
46049	7	Bellús		46	Valencia	10	38.94734	-0.49663	317
46050	0	Benagéber		46	Valencia	10	39.72740	-1.12763	176
46051	7	Benaguasil		46	Valencia	10	39.58921	-0.61286	12668
46052	2	Benavites		46	Valencia	10	39.73549	-0.23689	652
46053	8	Beneixida		46	Valencia	10	39.06934	-0.54819	659
46054	3	Benetússer		46	Valencia	10	39.42278	-0.39614	16734
46055	6	Beniarjó		46	Valencia	10	38.93545	-0.19011	1964
46056	9	Beniatjar		46	Valencia	10	38.86179	-0.42343	209
46057	5	Benicolet		46	Valencia	10	38.91668	-0.33799	610
46058	1	Benifairó de les Valls		46	Valencia	10	39.72434	-0.27573	2359
46059	4	Benifairó de la Valldigna		46	Valencia	10	39.06025	-0.30263	1588
46060	8	Benifaió		46	Valencia	10	39.28886	-0.44072	12262
46061	5	Beniflá		46	Valencia	10	38.92787	-0.19041	505
46062	0	Benigànim		46	Valencia	10	38.95357	-0.44535	5759
46063	6	Benimodo		46	Valencia	10	39.19606	-0.55052	2332
46064	1	Benimuslem		46	Valencia	10	39.13603	-0.48937	674
46065	4	Beniparrell		46	Valencia	10	39.38317	-0.41186	2108
46066	7	Benirredrà		46	Valencia	10	38.96241	-0.19360	1576
46067	3	Benissanó		46	Valencia	10	39.61504	-0.57605	2449
46068	9	Benissoda		46	Valencia	10	38.82865	-0.52825	494
46069	2	Benissuera		46	Valencia	10	38.90990	-0.48019	196
46070	6	Bétera		46	Valencia	10	39.58530	-0.47443	28560
46071	3	Bicorp		46	Valencia	10	39.10992	-0.83745	546
46072	8	Bocairent		46	Valencia	10	38.73921	-0.60602	4130
46073	4	Bolbaite		46	Valencia	10	39.05340	-0.76108	1320
46074	9	Bonrepòs i Mirambell		46	Valencia	10	39.52204	-0.36602	4115
46075	2	Bufali		46	Valencia	10	38.88000	-0.51824	162
46076	5	Bugarra		46	Valencia	10	39.61708	-0.77501	774
46077	1	Buñol		46	Valencia	10	39.42402	-0.86908	9858
46078	7	Burjassot		46	Valencia	10	39.50613	-0.40546	41299
46079	0	Calles		46	Valencia	10	39.72722	-0.97657	465
46080	4	Camporrobles		46	Valencia	10	39.62179	-1.37175	1183
46081	1	Canals		46	Valencia	10	38.94984	-0.58592	13746
46082	6	Canet d'En Berenguer		46	Valencia	10	39.68215	-0.21668	8297
46083	2	Carcaixent		46	Valencia	10	39.10899	-0.45551	21934
46084	7	Càrcer		46	Valencia	10	39.06289	-0.57215	1795
46085	0	Carlet		46	Valencia	10	39.23295	-0.52416	16857
46086	3	Carrícola		46	Valencia	10	38.84396	-0.47028	97
46087	9	Casas Altas		46	Valencia	10	40.03138	-1.25545	118
46088	5	Casas Bajas		46	Valencia	10	40.01940	-1.26777	158
46089	8	Casinos		46	Valencia	10	39.69526	-0.73946	3153
46090	2	Castelló de Rugat		46	Valencia	10	38.87910	-0.38497	2345
46091	9	Castellonet de la Conquesta		46	Valencia	10	38.90851	-0.26401	159
46092	4	Castielfabib		46	Valencia	10	40.13961	-1.31516	284
46093	0	Catadau		46	Valencia	10	39.26479	-0.57862	3005
46094	5	Catarroja		46	Valencia	10	39.39926	-0.39968	30604
46095	8	Caudete de las Fuentes		46	Valencia	10	39.55112	-1.29275	725
46096	1	Cerdà		46	Valencia	10	38.98475	-0.61378	370
46097	7	Cofrentes		46	Valencia	10	39.26199	-1.09447	1113
46098	3	Corbera		46	Valencia	10	39.16011	-0.34471	3266
46099	6	Cortes de Pallás		46	Valencia	10	39.24411	-0.90619	727
46100	0	Cotes		46	Valencia	10	39.06469	-0.58639	314
46101	7	Quart de les Valls		46	Valencia	10	39.74976	-0.28456	1029
46102	2	Quart de Poblet		46	Valencia	10	39.48165	-0.44246	26967
46103	8	Quartell		46	Valencia	10	39.72146	-0.21368	1810
46104	3	Quatretonda		46	Valencia	10	38.96302	-0.39547	2174
46105	6	Cullera		46	Valencia	10	39.16458	-0.24939	24702
46106	9	Chelva		46	Valencia	10	39.73390	-1.02305	1863
46107	5	Chella		46	Valencia	10	39.04620	-0.69487	2452
46108	1	Chera		46	Valencia	10	39.58049	-0.93547	508
46109	4	Cheste		46	Valencia	10	39.51872	-0.70508	8951
46110	8	Xirivella		46	Valencia	10	39.46608	-0.42787	32093
46111	5	Chiva		46	Valencia	10	39.48361	-0.73423	17951
46112	0	Chulilla		46	Valencia	10	39.65135	-0.85005	710
46113	6	Daimús		46	Valencia	10	38.97206	-0.15081	3524
46114	1	Domeño		46	Valencia	10	39.70071	-0.92590	723
46115	4	Dos Aguas		46	Valencia	10	39.26840	-0.79449	340
46116	7	L'Eliana	Eliana, l'	46	Valencia	10	39.56665	-0.52788	19839
46117	3	Emperador		46	Valencia	10	39.55399	-0.33912	700
46118	9	Enguera		46	Valencia	10	38.98558	-0.84804	4807
46119	2	L'Énova	Énova, l'	46	Valencia	10	39.04665	-0.47998	952
46120	6	Estivella		46	Valencia	10	39.71877	-0.36304	1710
46121	3	Estubeny		46	Valencia	10	39.01232	-0.61410	110
46122	8	Faura		46	Valencia	10	39.72817	-0.25875	3753
46123	4	Favara		46	Valencia	10	39.11854	-0.30005	2776
46124	9	Fontanars dels Alforins		46	Valencia	10	38.77736	-0.78013	936
46125	2	Fortaleny		46	Valencia	10	39.17863	-0.31432	1024
46126	5	Foios		46	Valencia	10	39.54519	-0.36059	7995
46127	1	La Font d'en Carròs	Font d'en Carròs, la	46	Valencia	10	38.91703	-0.16038	4020
46128	7	La Font de la Figuera	Font de la Figuera, la	46	Valencia	10	38.82574	-0.89273	2022
46129	0	Fuenterrobles		46	Valencia	10	39.58607	-1.36613	678
46130	4	Gavarda		46	Valencia	10	39.08533	-0.55086	1023
46131	1	Gandia		46	Valencia	10	38.98585	-0.19627	83135
46132	6	El Genovés	Genovés, el	46	Valencia	10	38.98821	-0.47729	2822
46133	2	Gestalgar		46	Valencia	10	39.58193	-0.84997	587
46134	7	Gilet		46	Valencia	10	39.67470	-0.32810	4011
46135	0	Godella		46	Valencia	10	39.53492	-0.41874	13533
46136	3	Godelleta		46	Valencia	10	39.43163	-0.68752	4266
46137	9	La Granja de la Costera	Granja de la Costera, la	46	Valencia	10	38.99183	-0.55698	306
46138	5	Guadasséquies		46	Valencia	10	38.92876	-0.49256	478
46139	8	Guadassuar		46	Valencia	10	39.17819	-0.51758	6039
46140	2	Guardamar de la Safor		46	Valencia	10	38.96385	-0.14553	622
46141	9	Higueruelas		46	Valencia	10	39.77062	-0.86277	567
46142	4	Jalance		46	Valencia	10	39.20872	-1.11527	808
46143	0	Xeraco		46	Valencia	10	39.03578	-0.21312	6149
46144	5	Jarafuel		46	Valencia	10	39.14721	-1.08240	788
46145	8	Xàtiva		46	Valencia	10	39.00081	-0.54095	31008
46146	1	Xeresa		46	Valencia	10	39.01296	-0.23503	2418
46147	7	Llíria		46	Valencia	10	39.66370	-0.64687	25333
46148	3	Loriguilla		46	Valencia	10	39.64124	-0.97495	2188
46149	6	Losa del Obispo		46	Valencia	10	39.69583	-0.87405	531
46150	9	Llutxent		46	Valencia	10	38.94351	-0.33375	2314
46151	6	Llocnou d'En Fenollet		46	Valencia	10	39.01008	-0.46988	944
46152	1	Llocnou de la Corona		46	Valencia	10	39.42121	-0.38135	132
46153	7	Llocnou de Sant Jeroni		46	Valencia	10	38.90428	-0.28902	594
46154	2	Llanera de Ranes		46	Valencia	10	38.99983	-0.59256	1062
46155	5	Llaurí		46	Valencia	10	39.14490	-0.32052	1226
46156	8	Llombai		46	Valencia	10	39.29613	-0.57200	2791
46157	4	La Llosa de Ranes	Llosa de Ranes, la	46	Valencia	10	39.02998	-0.53935	3765
46158	0	Macastre		46	Valencia	10	39.35317	-0.80081	1461
46159	3	Manises		46	Valencia	10	39.50386	-0.48747	32609
46160	7	Manuel		46	Valencia	10	39.05568	-0.49078	2560
46161	4	Marines		46	Valencia	10	39.72385	-0.54964	1967
46162	9	Massalavés		46	Valencia	10	39.15201	-0.51414	1905
46163	5	Massalfassar		46	Valencia	10	39.55656	-0.31670	2716
46164	0	Massamagrell		46	Valencia	10	39.57259	-0.32642	17566
46165	3	Massanassa		46	Valencia	10	39.40011	-0.37282	10607
46166	6	Meliana		46	Valencia	10	39.52516	-0.33439	11055
46167	2	Millares		46	Valencia	10	39.22769	-0.77080	321
46168	8	Miramar		46	Valencia	10	38.95612	-0.13393	3143
46169	1	Mislata		46	Valencia	10	39.47518	-0.42066	47079
46170	5	Moixent	Mogente;Moixent/Mogente;Moixent / Mogente	46	Valencia	10	38.86148	-0.80750	4401
46171	2	Montcada	Moncada;Montcada/Moncada;Montcada / Moncada	46	Valencia	10	39.55679	-0.39124	22213
46172	7	Montserrat		46	Valencia	10	39.34963	-0.59021	10062
46173	3	Montaverner		46	Valencia	10	38.88779	-0.49160	1624
46174	8	Montesa		46	Valencia	10	38.94186	-0.63510	1128
46175	1	Montitxelvo	Montichelvo;Montitxelvo/Montichelvo;Montitxelvo / Montichelvo	46	Valencia	10	38.89794	-0.33491	556
46176	4	Montroi	Montroy;Montroi/Montroy;Montroi / Montroy	46	Valencia	10	39.33480	-0.64003	3792
46177	0	Museros		46	Valencia	10	39.57054	-0.34981	6871
46178	6	Nàquera	Náquera;Nàquera/Náquera;Nàquera / Náquera	46	Valencia	10	39.64596	-0.41499	8556
46179	9	Navarrés		46	Valencia	10	39.08386	-0.74360	3027
46180	3	Novetlè		46	Valencia	10	38.98128	-0.54998	872
46181	0	Oliva		46	Valencia	10	38.89730	-0.09110	26813
46182	5	Olocau		46	Valencia	10	39.68999	-0.52301	2534
46183	1	L'Olleria	Olleria, l'	46	Valencia	10	38.91055	-0.54693	8818
46184	6	Ontinyent		46	Valencia	10	38.81967	-0.66373	37012
46185	9	Otos		46	Valencia	10	38.87996	-0.44899	442
46186	2	Paiporta		46	Valencia	10	39.42711	-0.41186	28136
46187	8	Palma de Gandía		46	Valencia	10	38.94367	-0.23497	1897
46188	4	Palmera		46	Valencia	10	38.94352	-0.15127	1038
46189	7	El Palomar	Palomar, el	46	Valencia	10	38.86080	-0.49421	593
46190	1	Paterna		46	Valencia	10	39.53229	-0.47315	76019
46191	8	Pedralba		46	Valencia	10	39.59469	-0.72050	3225
46192	3	Petrés		46	Valencia	10	39.68585	-0.31282	1124
46193	9	Picanya		46	Valencia	10	39.43089	-0.43563	11901
46194	4	Picassent		46	Valencia	10	39.35239	-0.45542	23202
46195	7	Piles		46	Valencia	10	38.94589	-0.12410	3151
46196	0	Pinet		46	Valencia	10	38.98916	-0.31668	156
46197	6	Polinyà de Xúquer		46	Valencia	10	39.19248	-0.37334	2577
46198	2	Potries		46	Valencia	10	38.91631	-0.18987	1135
46199	5	La Pobla de Farnals	Pobla de Farnals, la	46	Valencia	10	39.57890	-0.32933	9255
46200	9	La Pobla del Duc	Pobla del Duc, la	46	Valencia	10	38.90314	-0.42715	2451
46201	6	Puebla de San Miguel		46	Valencia	10	40.06608	-1.13402	53
46202	1	La Pobla de Vallbona	Pobla de Vallbona, la	46	Valencia	10	39.59419	-0.54474	27471
46203	7	La Pobla Llarga	Pobla Llarga, la	46	Valencia	10	39.08130	-0.47197	4665
46204	2	El Puig de Santa Maria	Puig de Santa Maria, el	46	Valencia	10	39.59303	-0.31541	9490
46205	5	Puçol		46	Valencia	10	39.61320	-0.30038	21659
46206	8	Quesa		46	Valencia	10	39.07687	-0.80960	691
46207	4	Rafelbunyol		46	Valencia	10	39.58697	-0.32710	9974
46208	0	Rafelcofer		46	Valencia	10	38.93458	-0.16906	1409
46209	3	Rafelguaraf		46	Valencia	10	39.05120	-0.44317	2395
46210	7	Ráfol de Salem		46	Valencia	10	38.86620	-0.40616	463
46211	4	El Real de Gandia	Real de Gandia, el	46	Valencia	10	38.94938	-0.19963	2722
46212	9	Real		46	Valencia	10	39.32785	-0.60798	2497
46213	5	Requena		46	Valencia	10	39.42747	-1.20347	20982
46214	0	Riba-roja de Túria		46	Valencia	10	39.50713	-0.55797	24616
46215	3	Riola		46	Valencia	10	39.19370	-0.33491	1820
46216	6	Rocafort		46	Valencia	10	39.53729	-0.41203	7751
46217	2	Rotglà i Corberà		46	Valencia	10	39.01180	-0.55700	1171
46218	8	Ròtova		46	Valencia	10	38.93979	-0.27017	1283
46219	1	Rugat		46	Valencia	10	38.88234	-0.35968	165
46220	5	Sagunt	Sagunto;Sagunt/Sagunto;Sagunt / Sagunto	46	Valencia	10	39.70972	-0.27102	73031
46221	2	Salem		46	Valencia	10	38.85173	-0.37886	407
46222	7	Sant Joanet		46	Valencia	10	39.07395	-0.48675	527
46223	3	Sedaví		46	Valencia	10	39.42353	-0.37129	10837
46224	8	Segart		46	Valencia	10	39.68283	-0.38231	180
46225	1	Sellent		46	Valencia	10	39.03095	-0.58320	383
46226	4	Sempere		46	Valencia	10	38.91989	-0.46866	33
46227	0	Senyera		46	Valencia	10	39.06584	-0.50554	1114
46228	6	Serra		46	Valencia	10	39.67990	-0.46631	3767
46229	9	Siete Aguas		46	Valencia	10	39.50284	-0.92312	1289
46230	3	Silla		46	Valencia	10	39.35279	-0.40168	20482
46231	0	Simat de la Valldigna		46	Valencia	10	39.03683	-0.33424	3311
46232	5	Sinarcas		46	Valencia	10	39.75499	-1.20380	1176
46233	1	Sollana		46	Valencia	10	39.28320	-0.37630	5089
46234	6	Sot de Chera		46	Valencia	10	39.59427	-0.91574	427
46235	9	Sueca		46	Valencia	10	39.22927	-0.31024	29194
46236	2	Sumacàrcer		46	Valencia	10	39.08626	-0.63304	1013
46237	8	Tavernes Blanques		46	Valencia	10	39.50853	-0.36418	9824
46238	4	Tavernes de la Valldigna		46	Valencia	10	39.08636	-0.25079	17866
46239	7	Teresa de Cofrentes		46	Valencia	10	39.11233	-0.96943	620
46240	1	Terrateig		46	Valencia	10	38.90192	-0.31233	290
46241	8	Titaguas		46	Valencia	10	39.85037	-1.08067	517
46242	3	Torrebaja		46	Valencia	10	40.10167	-1.25984	398
46243	9	Torrella		46	Valencia	10	38.98832	-0.57582	151
46244	4	Torrent		46	Valencia	10	39.42591	-0.49690	90928
46245	7	Torres Torres		46	Valencia	10	39.73424	-0.37897	808
46246	0	Tous		46	Valencia	10	39.16015	-0.64599	1354
46247	6	Tuéjar		46	Valencia	10	39.80075	-1.12054	1278
46248	2	Turís		46	Valencia	10	39.38052	-0.67036	7717
46249	5	Utiel		46	Valencia	10	39.60144	-1.20342	11663
46250	8	València	Valencia	46	Valencia	10	39.45612	-0.35457	840792
46251	5	Vallada		46	Valencia	10	38.89829	-0.70784	3091
46252	0	Vallanca		46	Valencia	10	40.06161	-1.35816	128
46253	6	Vallés		46	Valencia	10	38.98961	-0.55550	161
46254	1	Venta del Moro		46	Valencia	10	39.42474	-1.43076	1143
46255	4	Vilallonga	Villalonga;Vilallonga/Villalonga;Vilallonga / Villalonga	46	Valencia	10	38.88939	-0.22682	4865
46256	7	Vilamarxant		46	Valencia	10	39.57437	-0.64787	11403
46257	3	Castelló		46	Valencia	10	39.07668	-0.51803	6972
46258	9	Villar del Arzobispo		46	Valencia	10	39.69914	-0.81618	3862
46259	2	Villargordo del Cabriel		46	Valencia	10	39.54192	-1.48614	588
46260	6	Vinalesa		46	Valencia	10	39.53426	-0.36671	3572
46261	3	Yátova		46	Valencia	10	39.35882	-0.92221	2325
46262	8	La Yesa	Yesa, La	46	Valencia	10	39.89788	-0.95959	246
46263	4	Zarra		46	Valencia	10	39.10530	-1.11397	374
46902	4	Gátova		46	Valencia	10	39.76210	-0.51979	452
46903	0	San Antonio de Benagéber		46	Valencia	10	39.56462	-0.49682	11192
46904	5	Benicull de Xúquer		46	Valencia	10	39.18539	-0.38836	1179
47001	4	Adalia		47	Valladolid	07	41.64381	-5.12630	50
47002	9	Aguasal		47	Valladolid	07	41.30409	-4.62636	18
47003	5	Aguilar de Campos		47	Valladolid	07	41.97627	-5.19669	258
47004	0	Alaejos		47	Valladolid	07	41.30737	-5.21750	1427
47005	3	Alcazarén		47	Valladolid	07	41.38475	-4.67381	623
47006	6	Aldea de San Miguel		47	Valladolid	07	41.44578	-4.61152	212
47007	2	Aldeamayor de San Martín		47	Valladolid	07	41.53328	-4.63977	6290
47008	8	Almenara de Adaja		47	Valladolid	07	41.20715	-4.67998	24
47009	1	Amusquillo		47	Valladolid	07	41.75062	-4.29018	95
47010	5	Arroyo de la Encomienda		47	Valladolid	07	41.62476	-4.79225	22800
47011	2	Ataquines		47	Valladolid	07	41.18525	-4.77566	580
47012	7	Bahabón		47	Valladolid	07	41.47744	-4.27590	97
47013	3	Barcial de la Loma		47	Valladolid	07	41.95413	-5.27993	98
47014	8	Barruelo del Valle		47	Valladolid	07	41.67511	-5.08457	51
47015	1	Becilla de Valderaduey		47	Valladolid	07	42.09761	-5.20460	206
47016	4	Benafarces		47	Valladolid	07	41.62122	-5.27895	68
47017	0	Bercero		47	Valladolid	07	41.55848	-5.07250	170
47018	6	Berceruelo		47	Valladolid	07	41.59070	-5.01695	36
47019	9	Berrueces		47	Valladolid	07	41.95051	-5.09657	85
47020	3	Bobadilla del Campo		47	Valladolid	07	41.18135	-5.03549	279
47021	0	Bocigas		47	Valladolid	07	41.24337	-4.68673	75
47022	5	Bocos de Duero		47	Valladolid	07	41.62116	-4.05875	79
47023	1	Boecillo		47	Valladolid	07	41.53891	-4.72660	4446
47024	6	Bolaños de Campos		47	Valladolid	07	42.01378	-5.27453	244
47025	9	Brahojos de Medina		47	Valladolid	07	41.22198	-5.04444	96
47026	2	Bustillo de Chaves		47	Valladolid	07	42.12490	-5.10842	66
47027	8	Cabezón de Pisuerga		47	Valladolid	07	41.73049	-4.62078	3910
47028	4	Cabezón de Valderaduey		47	Valladolid	07	42.17187	-5.16610	24
47029	7	Cabreros del Monte		47	Valladolid	07	41.84472	-5.28440	64
47030	1	Campaspero		47	Valladolid	07	41.50110	-4.22519	1001
47031	8	El Campillo	Campillo, El	47	Valladolid	07	41.26280	-4.98016	204
47032	3	Camporredondo		47	Valladolid	07	41.46952	-4.51396	143
47033	9	Canalejas de Peñafiel		47	Valladolid	07	41.51600	-4.11481	248
47034	4	Canillas de Esgueva		47	Valladolid	07	41.76433	-4.14057	71
47035	7	Carpio		47	Valladolid	07	41.21732	-5.11449	923
47036	0	Casasola de Arión		47	Valladolid	07	41.58348	-5.24948	205
47037	6	Castrejón de Trabancos		47	Valladolid	07	41.24555	-5.17538	171
47038	2	Castrillo de Duero		47	Valladolid	07	41.58435	-4.01012	108
47039	5	Castrillo-Tejeriego		47	Valladolid	07	41.69023	-4.36656	157
47040	9	Castrobol		47	Valladolid	07	42.13590	-5.31416	43
47041	6	Castrodeza		47	Valladolid	07	41.64738	-4.94975	148
47042	1	Castromembibre		47	Valladolid	07	41.67756	-5.31080	49
47043	7	Castromonte		47	Valladolid	07	41.76233	-5.05665	319
47044	2	Castronuevo de Esgueva		47	Valladolid	07	41.66900	-4.58562	412
47045	5	Castronuño		47	Valladolid	07	41.41360	-5.24556	737
47046	8	Castroponce		47	Valladolid	07	42.11797	-5.17343	128
47047	4	Castroverde de Cerrato		47	Valladolid	07	41.74756	-4.24263	192
47048	0	Ceinos de Campos		47	Valladolid	07	42.02889	-5.14623	172
47049	3	Cervillego de la Cruz		47	Valladolid	07	41.17959	-4.97431	87
47050	6	Cigales		47	Valladolid	07	41.77631	-4.71526	5454
47051	3	Ciguñuela		47	Valladolid	07	41.64091	-4.85584	361
47052	8	Cistérniga		47	Valladolid	07	41.59220	-4.64903	9489
47053	4	Cogeces de Íscar		47	Valladolid	07	41.41425	-4.54420	143
47054	9	Cogeces del Monte		47	Valladolid	07	41.54245	-4.33446	640
47055	2	Corcos		47	Valladolid	07	41.79368	-4.66379	203
47056	5	Corrales de Duero		47	Valladolid	07	41.67719	-4.05796	104
47057	1	Cubillas de Santa Marta		47	Valladolid	07	41.81811	-4.60306	394
47058	7	Cuenca de Campos		47	Valladolid	07	42.04460	-5.05360	179
47059	0	Curiel de Duero		47	Valladolid	07	41.64524	-4.09074	111
47060	4	Encinas de Esgueva		47	Valladolid	07	41.76120	-4.08317	214
47061	1	Esguevillas de Esgueva		47	Valladolid	07	41.75337	-4.37514	257
47062	6	Fombellida		47	Valladolid	07	41.74957	-4.18805	169
47063	2	Fompedraza		47	Valladolid	07	41.51857	-4.14468	113
47064	7	Fontihoyuelo		47	Valladolid	07	42.16871	-5.05439	29
47065	0	Fresno el Viejo		47	Valladolid	07	41.18041	-5.16445	825
47066	3	Fuensaldaña		47	Valladolid	07	41.71309	-4.74584	2146
47067	9	Fuente el Sol		47	Valladolid	07	41.17215	-4.93273	150
47068	5	Fuente-Olmedo		47	Valladolid	07	41.24977	-4.64096	42
47069	8	Gallegos de Hornija		47	Valladolid	07	41.60891	-5.08753	104
47070	2	Gatón de Campos		47	Valladolid	07	42.04406	-4.97958	46
47071	9	Geria		47	Valladolid	07	41.57851	-4.88559	492
47073	0	Herrín de Campos		47	Valladolid	07	42.12780	-4.96017	111
47074	5	Hornillos de Eresma		47	Valladolid	07	41.36161	-4.72189	182
47075	8	Íscar		47	Valladolid	07	41.34343	-4.52458	6493
47076	1	Laguna de Duero		47	Valladolid	07	41.56963	-4.72002	22965
47077	7	Langayo		47	Valladolid	07	41.56215	-4.24880	246
47078	3	Lomoviejo		47	Valladolid	07	41.15982	-4.88841	155
47079	6	Llano de Olmedo		47	Valladolid	07	41.27618	-4.60215	49
47080	0	Manzanillo		47	Valladolid	07	41.58932	-4.20810	48
47081	7	Marzales		47	Valladolid	07	41.57982	-5.14046	45
47082	2	Matapozuelos		47	Valladolid	07	41.41172	-4.76927	977
47083	8	Matilla de los Caños		47	Valladolid	07	41.54533	-4.95396	116
47084	3	Mayorga		47	Valladolid	07	42.16229	-5.29945	1354
47085	6	Medina del Campo		47	Valladolid	07	41.32958	-4.89734	20215
47086	9	Medina de Rioseco		47	Valladolid	07	41.86475	-5.00000	4617
47087	5	Megeces		47	Valladolid	07	41.40629	-4.58596	419
47088	1	Melgar de Abajo		47	Valladolid	07	42.24829	-5.14588	117
47089	4	Melgar de Arriba		47	Valladolid	07	42.27341	-5.09756	161
47090	8	Mojados		47	Valladolid	07	41.42784	-4.66924	3415
47091	5	Monasterio de Vega		47	Valladolid	07	42.24711	-5.21169	79
47092	0	Montealegre de Campos		47	Valladolid	07	41.89332	-4.90577	105
47093	6	Montemayor de Pililla		47	Valladolid	07	41.51016	-4.44480	837
47094	1	Moral de la Reina		47	Valladolid	07	41.97209	-5.08382	129
47095	4	Moraleja de las Panaderas		47	Valladolid	07	41.28197	-4.82350	42
47096	7	Morales de Campos		47	Valladolid	07	41.85861	-5.17483	128
47097	3	Mota del Marqués		47	Valladolid	07	41.62832	-5.17635	342
47098	9	Mucientes		47	Valladolid	07	41.76082	-4.77640	690
47099	2	La Mudarra	Mudarra, La	47	Valladolid	07	41.78456	-4.94292	167
47100	6	Muriel		47	Valladolid	07	41.12982	-4.85070	106
47101	3	Nava del Rey		47	Valladolid	07	41.37667	-5.10473	1924
47102	8	Nueva Villa de las Torres		47	Valladolid	07	41.27076	-5.09953	265
47103	4	Olivares de Duero		47	Valladolid	07	41.64646	-4.36581	328
47104	9	Olmedo		47	Valladolid	07	41.30161	-4.70881	3592
47105	2	Olmos de Esgueva		47	Valladolid	07	41.69015	-4.51208	187
47106	5	Olmos de Peñafiel		47	Valladolid	07	41.56510	-4.03658	35
47109	0	Palazuelo de Vedija		47	Valladolid	07	41.93020	-5.13510	164
47110	4	La Parrilla	Parrilla, La	47	Valladolid	07	41.53951	-4.54438	471
47111	1	La Pedraja de Portillo	Pedraja de Portillo, La	47	Valladolid	07	41.48076	-4.69821	1186
47112	6	Pedrajas de San Esteban		47	Valladolid	07	41.36117	-4.58811	3434
47113	2	Pedrosa del Rey		47	Valladolid	07	41.52892	-5.20791	147
47114	7	Peñafiel		47	Valladolid	07	41.59967	-4.12809	5143
47115	0	Peñaflor de Hornija		47	Valladolid	07	41.72600	-4.97464	350
47116	3	Pesquera de Duero		47	Valladolid	07	41.65807	-4.21148	403
47117	9	Piña de Esgueva		47	Valladolid	07	41.72866	-4.43434	313
47118	5	Piñel de Abajo		47	Valladolid	07	41.69556	-4.17145	165
47119	8	Piñel de Arriba		47	Valladolid	07	41.71283	-4.15183	81
47121	9	Pollos		47	Valladolid	07	41.43904	-5.13290	565
47122	4	Portillo		47	Valladolid	07	41.47692	-4.57092	2377
47123	0	Pozal de Gallinas		47	Valladolid	07	41.32815	-4.82722	556
47124	5	Pozaldez		47	Valladolid	07	41.37093	-4.83213	503
47125	8	Pozuelo de la Orden		47	Valladolid	07	41.81203	-5.26894	56
47126	1	Puras		47	Valladolid	07	41.18676	-4.66459	44
47127	7	Quintanilla de Arriba		47	Valladolid	07	41.60780	-4.25558	161
47128	3	Quintanilla del Molar		47	Valladolid	07	41.99137	-5.45911	43
47129	6	Quintanilla de Onésimo		47	Valladolid	07	41.60665	-4.35352	1043
47130	0	Quintanilla de Trigueros		47	Valladolid	07	41.86913	-4.65671	100
47131	7	Rábano		47	Valladolid	07	41.53408	-4.05187	169
47132	2	Ramiro		47	Valladolid	07	41.23305	-4.78362	44
47133	8	Renedo de Esgueva		47	Valladolid	07	41.64972	-4.62631	3993
47134	3	Roales de Campos		47	Valladolid	07	42.05747	-5.48565	155
47135	6	Robladillo		47	Valladolid	07	41.60962	-4.90429	86
47137	5	Roturas		47	Valladolid	07	41.67034	-4.10783	26
47138	1	Rubí de Bracamonte		47	Valladolid	07	41.22135	-4.90944	207
47139	4	Rueda		47	Valladolid	07	41.41406	-4.98914	1118
47140	8	Saelices de Mayorga		47	Valladolid	07	42.21368	-5.20924	116
47141	5	Salvador de Zapardiel		47	Valladolid	07	41.16164	-4.85278	99
47142	0	San Cebrián de Mazote		47	Valladolid	07	41.67563	-5.15439	99
47143	6	San Llorente		47	Valladolid	07	41.68984	-4.06894	93
47144	1	San Martín de Valvení		47	Valladolid	07	41.75505	-4.54563	78
47145	4	San Miguel del Arroyo		47	Valladolid	07	41.44271	-4.47484	641
47146	7	San Miguel del Pino		47	Valladolid	07	41.51515	-4.90904	365
47147	3	San Pablo de la Moraleja		47	Valladolid	07	41.15802	-4.77344	113
47148	9	San Pedro de Latarce		47	Valladolid	07	41.73910	-5.33758	429
47149	2	San Pelayo		47	Valladolid	07	41.68931	-5.02581	42
47150	5	San Román de Hornija		47	Valladolid	07	41.47385	-5.28943	295
47151	2	San Salvador		47	Valladolid	07	41.61903	-5.07608	20
47152	7	Santa Eufemia del Arroyo		47	Valladolid	07	41.89676	-5.27448	78
47153	3	Santervás de Campos		47	Valladolid	07	42.24355	-5.05617	100
47154	8	Santibáñez de Valcorba		47	Valladolid	07	41.56155	-4.42013	195
47155	1	Santovenia de Pisuerga		47	Valladolid	07	41.70157	-4.67113	4762
47156	4	San Vicente del Palacio		47	Valladolid	07	41.22987	-4.88147	155
47157	0	Sardón de Duero		47	Valladolid	07	41.60737	-4.41544	600
47158	6	La Seca	Seca, La	47	Valladolid	07	41.44239	-4.91700	1015
47159	9	Serrada		47	Valladolid	07	41.46900	-4.85317	1117
47160	3	Siete Iglesias de Trabancos		47	Valladolid	07	41.37708	-5.17591	413
47161	0	Simancas		47	Valladolid	07	41.59170	-4.82155	5533
47162	5	Tamariz de Campos		47	Valladolid	07	41.98396	-5.01667	85
47163	1	Tiedra		47	Valladolid	07	41.65428	-5.25055	273
47164	6	Tordehumos		47	Valladolid	07	41.80503	-5.15968	362
47165	9	Tordesillas		47	Valladolid	07	41.51030	-5.00824	8773
47166	2	Torrecilla de la Abadesa		47	Valladolid	07	41.49288	-5.09242	237
47167	8	Torrecilla de la Orden		47	Valladolid	07	41.21867	-5.27042	226
47168	4	Torrecilla de la Torre		47	Valladolid	07	41.67703	-5.05277	27
47169	7	Torre de Esgueva		47	Valladolid	07	41.78134	-4.23123	60
47170	1	Torre de Peñafiel		47	Valladolid	07	41.54258	-4.17056	57
47171	8	Torrelobatón		47	Valladolid	07	41.65822	-5.00840	387
47172	3	Torrescárcela		47	Valladolid	07	41.48294	-4.34740	162
47173	9	Traspinedo		47	Valladolid	07	41.59143	-4.48062	1308
47174	4	Trigueros del Valle		47	Valladolid	07	41.82199	-4.66094	320
47175	7	Tudela de Duero		47	Valladolid	07	41.58650	-4.60046	8861
47176	0	La Unión de Campos	Unión de Campos, La	47	Valladolid	07	42.09210	-5.34250	210
47177	6	Urones de Castroponce		47	Valladolid	07	42.11212	-5.28570	94
47178	2	Urueña		47	Valladolid	07	41.73790	-5.18137	200
47179	5	Valbuena de Duero		47	Valladolid	07	41.66764	-4.27939	385
47180	9	Valdearcos de la Vega		47	Valladolid	07	41.63891	-4.05723	56
47181	6	Valdenebro de los Valles		47	Valladolid	07	41.84485	-4.96390	187
47182	1	Valdestillas		47	Valladolid	07	41.48623	-4.78530	1634
47183	7	Valdunquillo		47	Valladolid	07	42.04323	-5.32726	111
47184	2	Valoria la Buena		47	Valladolid	07	41.81059	-4.52629	740
47185	5	Valverde de Campos		47	Valladolid	07	41.82663	-5.03380	89
47186	8	Valladolid		47	Valladolid	07	41.65230	-4.72854	302614
47187	4	Vega de Ruiponce		47	Valladolid	07	42.18960	-5.12104	81
47188	0	Vega de Valdetronco		47	Valladolid	07	41.59522	-5.11228	88
47189	3	Velascálvaro		47	Valladolid	07	41.23876	-4.96319	156
47190	7	Velilla		47	Valladolid	07	41.57054	-4.99950	109
47191	4	Velliza		47	Valladolid	07	41.58324	-4.94423	121
47192	9	Ventosa de la Cuesta		47	Valladolid	07	41.41771	-4.82987	110
47193	5	Viana de Cega		47	Valladolid	07	41.52539	-4.76551	2282
47194	0	Viloria		47	Valladolid	07	41.45417	-4.38044	338
47195	3	Villabáñez		47	Valladolid	07	41.62714	-4.51832	516
47196	6	Villabaruz de Campos		47	Valladolid	07	42.01126	-4.99627	31
47197	2	Villabrágima		47	Valladolid	07	41.84070	-5.10587	1075
47198	8	Villacarralón		47	Valladolid	07	42.19335	-5.04364	71
47199	1	Villacid de Campos		47	Valladolid	07	42.08298	-5.11785	83
47200	5	Villaco		47	Valladolid	07	41.73288	-4.26610	72
47203	3	Villafrades de Campos		47	Valladolid	07	42.07586	-4.95811	59
47204	8	Villafranca de Duero		47	Valladolid	07	41.43783	-5.31746	247
47205	1	Villafrechós		47	Valladolid	07	41.90093	-5.20822	473
47206	4	Villafuerte		47	Valladolid	07	41.72534	-4.31712	80
47207	0	Villagarcía de Campos		47	Valladolid	07	41.77100	-5.16727	297
47208	6	Villagómez la Nueva		47	Valladolid	07	42.14868	-5.15369	46
47209	9	Villalán de Campos		47	Valladolid	07	42.01752	-5.20992	36
47210	3	Villalar de los Comuneros		47	Valladolid	07	41.54031	-5.14819	469
47211	0	Villalba de la Loma		47	Valladolid	07	42.17663	-5.19173	56
47212	5	Villalba de los Alcores		47	Valladolid	07	41.84347	-4.86282	383
47213	1	Villalbarba		47	Valladolid	07	41.60544	-5.20775	96
47214	6	Villalón de Campos		47	Valladolid	07	42.11691	-5.03714	1473
47215	9	Villamuriel de Campos		47	Valladolid	07	41.94651	-5.19978	55
47216	2	Villán de Tordesillas		47	Valladolid	07	41.59575	-4.92301	122
47217	8	Villanubla		47	Valladolid	07	41.70064	-4.83682	2903
47218	4	Villanueva de Duero		47	Valladolid	07	41.50953	-4.85152	1263
47219	7	Villanueva de la Condesa		47	Valladolid	07	42.15180	-5.09596	64
47220	1	Villanueva de los Caballeros		47	Valladolid	07	41.77266	-5.28076	147
47221	8	Villanueva de los Infantes		47	Valladolid	07	41.71017	-4.48201	116
47222	3	Villanueva de San Mancio		47	Valladolid	07	41.92732	-5.01049	96
47223	9	Villardefrades		47	Valladolid	07	41.72454	-5.25981	145
47224	4	Villarmentero de Esgueva		47	Valladolid	07	41.68773	-4.55135	99
47225	7	Villasexmir		47	Valladolid	07	41.63265	-5.06239	67
47226	0	Villavaquerín		47	Valladolid	07	41.65626	-4.43791	155
47227	6	Villavellid		47	Valladolid	07	41.70120	-5.27456	51
47228	2	Villaverde de Medina		47	Valladolid	07	41.32478	-5.01524	497
47229	5	Villavicencio de los Caballeros		47	Valladolid	07	42.04911	-5.22862	215
47230	9	Wamba		47	Valladolid	07	41.67725	-4.91253	289
47231	6	Zaratán		47	Valladolid	07	41.65554	-4.79254	6386
47232	1	La Zarza	Zarza, La	47	Valladolid	07	41.26845	-4.76293	109
48001	0	Abadiño		48	Bizkaia	16	43.13371	-2.61892	7768
48002	5	Abanto y Ciérvana-Abanto Zierbena		48	Bizkaia	16	43.31667	-3.08333	9379
48003	1	Amorebieta-Etxano		48	Bizkaia	16	43.21986	-2.70601	19660
48004	6	Amoroto		48	Bizkaia	16	43.32393	-2.50289	390
48005	9	Arakaldo		48	Bizkaia	16	43.15195	-2.92933	156
48006	2	Arantzazu		48	Bizkaia	16	43.15148	-2.79263	411
48007	8	Munitibar-Arbatzegi Gerrikaitz		48	Bizkaia	16	43.26206	-2.59326	467
48008	4	Artzentales		48	Bizkaia	16	43.23300	-3.23710	754
48009	7	Arrankudiaga-Zollo		48	Bizkaia	16	43.16667	-2.91667	1018
48010	1	Arrieta		48	Bizkaia	16	43.34093	-2.77044	582
48011	8	Arrigorriaga		48	Bizkaia	16	43.20607	-2.91137	11939
48012	3	Bakio		48	Bizkaia	16	43.42982	-2.80514	2857
48013	9	Barakaldo		48	Bizkaia	16	43.29753	-2.98622	102986
48014	4	Barrika		48	Bizkaia	16	43.40679	-2.96083	1513
48015	7	Basauri		48	Bizkaia	16	43.23482	-2.88271	40274
48016	0	Berango		48	Bizkaia	16	43.35789	-2.97265	8242
48017	6	Bermeo		48	Bizkaia	16	43.42088	-2.72487	17038
48018	2	Berriatua		48	Bizkaia	16	43.32298	-2.45592	1224
48019	5	Berriz		48	Bizkaia	16	43.19104	-2.59326	4533
48020	9	Bilbao	Bilbo	48	Bizkaia	16	43.26035	-2.93341	351124
48021	6	Busturia		48	Bizkaia	16	43.38440	-2.69989	1693
48022	1	Karrantza Harana	Valle de Carranza;Karrantza Harana/Valle de Carranza;Karrantza Harana / Valle de Carranza	48	Bizkaia	16	43.21667	-3.35000	2715
48023	7	Artea		48	Bizkaia	16	43.12873	-2.79347	743
48024	2	Zeanuri		48	Bizkaia	16	43.10324	-2.74349	1234
48025	5	Zeberio		48	Bizkaia	16	43.16074	-2.86731	1087
48026	8	Dima		48	Bizkaia	16	43.13333	-2.73333	1531
48027	4	Durango		48	Bizkaia	16	43.16071	-2.65343	30192
48028	0	Ea		48	Bizkaia	16	43.37779	-2.58942	824
48029	3	Etxebarri		48	Bizkaia	16	43.25308	-2.88106	12038
48030	7	Etxebarria		48	Bizkaia	16	43.26079	-2.47303	791
48031	4	Elantxobe		48	Bizkaia	16	43.40280	-2.63981	320
48032	9	Elorrio		48	Bizkaia	16	43.12832	-2.53683	7277
48033	5	Ereño		48	Bizkaia	16	43.35563	-2.60673	275
48034	0	Ermua		48	Bizkaia	16	43.18774	-2.50305	15516
48035	3	Fruiz		48	Bizkaia	16	43.32646	-2.79037	591
48036	6	Galdakao		48	Bizkaia	16	43.22713	-2.84529	24776
48037	2	Galdames		48	Bizkaia	16	43.26868	-3.10650	829
48038	8	Gamiz-Fika		48	Bizkaia	16	43.31624	-2.81195	1414
48039	1	Garai		48	Bizkaia	16	43.19746	-2.61799	332
48040	5	Gatika		48	Bizkaia	16	43.36035	-2.88193	1633
48041	2	Gautegiz Arteaga		48	Bizkaia	16	43.36476	-2.66014	866
48042	7	Gordexola		48	Bizkaia	16	43.18333	-3.06667	1720
48043	3	Gorliz		48	Bizkaia	16	43.42255	-2.93972	6034
48044	8	Getxo		48	Bizkaia	16	43.35553	-3.01569	75752
48045	1	Güeñes		48	Bizkaia	16	43.22031	-3.05073	6817
48046	4	Gernika-Lumo		48	Bizkaia	16	43.30936	-2.68128	17129
48047	0	Gizaburuaga		48	Bizkaia	16	43.32711	-2.53928	196
48048	6	Ibarrangelu		48	Bizkaia	16	43.40068	-2.65736	669
48049	9	Ispaster		48	Bizkaia	16	43.36390	-2.53540	721
48050	2	Izurtza		48	Bizkaia	16	43.15144	-2.65071	224
48051	9	Lanestosa		48	Bizkaia	16	43.21820	-3.43740	244
48052	4	Larrabetzu		48	Bizkaia	16	43.26557	-2.79343	2039
48053	0	Laukiz		48	Bizkaia	16	43.34898	-2.90971	1239
48054	5	Leioa		48	Bizkaia	16	43.32719	-2.98138	32748
48055	8	Lemoa		48	Bizkaia	16	43.21667	-2.78333	3614
48056	1	Lemoiz		48	Bizkaia	16	43.42879	-2.88682	1347
48057	7	Lekeitio		48	Bizkaia	16	43.36658	-2.50074	7211
48058	3	Mallabia		48	Bizkaia	16	43.20664	-2.52888	1106
48059	6	Mañaria		48	Bizkaia	16	43.12968	-2.66283	539
48060	0	Markina-Xemein		48	Bizkaia	16	43.25969	-2.43583	5089
48061	7	Maruri-Jatabe		48	Bizkaia	16	43.39088	-2.86450	1129
48062	2	Mendata		48	Bizkaia	16	43.28339	-2.63682	382
48063	8	Mendexa		48	Bizkaia	16	43.35267	-2.47946	426
48064	3	Meñaka		48	Bizkaia	16	43.37323	-2.79687	789
48065	6	Ugao-Miraballes		48	Bizkaia	16	43.18636	-2.90481	4213
48066	9	Morga		48	Bizkaia	16	43.31062	-2.76039	416
48067	5	Muxika		48	Bizkaia	16	43.24872	-2.67836	1546
48068	1	Mundaka		48	Bizkaia	16	43.40928	-2.70367	1816
48069	4	Mungia		48	Bizkaia	16	43.34543	-2.84090	18129
48070	8	Aulesti		48	Bizkaia	16	43.29720	-2.55999	639
48071	5	Muskiz		48	Bizkaia	16	43.33030	-3.12906	7465
48072	0	Otxandio		48	Bizkaia	16	43.04088	-2.65677	1322
48073	6	Ondarroa		48	Bizkaia	16	43.32587	-2.43027	8060
48074	1	Urduña	Orduña;Urduña/Orduña;Urduña / Orduña	48	Bizkaia	16	43.01079	-3.02303	4247
48075	4	Orozko		48	Bizkaia	16	43.11667	-2.91667	2666
48076	7	Sukarrieta		48	Bizkaia	16	43.39344	-2.69562	362
48077	3	Plentzia		48	Bizkaia	16	43.39350	-2.92175	4407
48078	9	Portugalete		48	Bizkaia	16	43.31696	-3.02364	44843
48079	2	Errigoiti		48	Bizkaia	16	43.33200	-2.73414	499
48080	6	Valle de Trápaga-Trapagaran		48	Bizkaia	16	43.30457	-3.03583	11797
48081	3	Lezama		48	Bizkaia	16	43.27263	-2.82467	2430
48082	8	Santurtzi		48	Bizkaia	16	43.33460	-3.04335	46442
48083	4	Ortuella		48	Bizkaia	16	43.30732	-3.05386	8735
48084	9	Sestao		48	Bizkaia	16	43.30652	-2.99444	28512
48085	2	Sopela		48	Bizkaia	16	43.38264	-2.98281	15048
48086	5	Sopuerta		48	Bizkaia	16	43.26667	-3.16667	2820
48087	1	Trucios-Turtzioz		48	Bizkaia	16	43.28611	-3.27545	515
48088	7	Ubide		48	Bizkaia	16	43.03071	-2.69113	167
48089	0	Urduliz		48	Bizkaia	16	43.36921	-2.94162	6128
48090	4	Balmaseda		48	Bizkaia	16	43.19339	-3.20525	7718
48091	1	Atxondo		48	Bizkaia	16	43.11160	-2.58283	1342
48092	6	Bedia		48	Bizkaia	16	43.19979	-2.82029	1111
48093	2	Areatza		48	Bizkaia	16	43.11041	-2.78006	1292
48094	7	Igorre		48	Bizkaia	16	43.17560	-2.78101	4344
48095	0	Zaldibar		48	Bizkaia	16	43.17030	-2.51814	3066
48096	3	Zalla		48	Bizkaia	16	43.21667	-3.13333	8334
48097	9	Zaratamo		48	Bizkaia	16	43.20992	-2.86955	1609
48901	1	Derio		48	Bizkaia	16	43.30541	-2.88741	7294
48902	6	Erandio		48	Bizkaia	16	43.30732	-2.94640	24659
48903	2	Loiu		48	Bizkaia	16	43.31054	-2.91271	2364
48904	7	Sondika		48	Bizkaia	16	43.29341	-2.92674	4670
48905	0	Zamudio		48	Bizkaia	16	43.28902	-2.86651	3442
48906	3	Forua		48	Bizkaia	16	43.33850	-2.67629	928
48907	9	Kortezubi		48	Bizkaia	16	43.33335	-2.64298	447
48908	5	Murueta		48	Bizkaia	16	43.35836	-2.67966	311
48909	8	Nabarniz		48	Bizkaia	16	43.32560	-2.58562	264
48910	2	Iurreta		48	Bizkaia	16	43.19000	-2.65541	3897
48911	9	Ajangiz		48	Bizkaia	16	43.30297	-2.66586	458
48912	4	Alonsotegi		48	Bizkaia	16	43.22532	-2.98041	2991
48913	0	Zierbena		48	Bizkaia	16	43.35430	-3.09074	1512
48914	5	Arratzu		48	Bizkaia	16	43.31438	-2.64229	417
48915	8	Ziortza-Bolibar		48	Bizkaia	16	43.24483	-2.55689	401
48916	1	Usansolo		48	Bizkaia	16	43.22166	-2.81567	4565
49002	8	Abezames		49	Zamora	07	41.63894	-5.42686	58
49003	4	Alcañices		49	Zamora	07	41.69476	-6.35840	1062
49004	9	Alcubilla de Nogales		49	Zamora	07	42.13493	-5.91086	108
49005	2	Alfaraz de Sayago		49	Zamora	07	41.22048	-5.96462	120
49006	5	Algodre		49	Zamora	07	41.57412	-5.59741	131
49007	1	Almaraz de Duero		49	Zamora	07	41.48727	-5.90388	386
49008	7	Almeida de Sayago		49	Zamora	07	41.26465	-6.04470	411
49009	0	Andavías		49	Zamora	07	41.59244	-5.85064	404
49010	4	Arcenillas		49	Zamora	07	41.46673	-5.69581	450
49011	1	Arcos de la Polvorosa		49	Zamora	07	41.94182	-5.70691	211
49012	6	Argañín		49	Zamora	07	41.44231	-6.21405	79
49013	2	Argujillo		49	Zamora	07	41.30354	-5.58732	215
49014	7	Arquillinos		49	Zamora	07	41.71311	-5.63826	105
49015	0	Arrabalde		49	Zamora	07	42.11999	-5.89542	186
49016	3	Aspariegos		49	Zamora	07	41.66869	-5.58728	223
49017	9	Asturianos		49	Zamora	07	42.05450	-6.47630	252
49018	5	Ayoó de Vidriales		49	Zamora	07	42.13101	-6.08084	264
49019	8	Barcial del Barco		49	Zamora	07	41.93462	-5.64535	254
49020	2	Belver de los Montes		49	Zamora	07	41.71737	-5.44838	252
49021	9	Benavente		49	Zamora	07	42.00820	-5.67740	17309
49022	4	Benegiles		49	Zamora	07	41.63013	-5.61492	266
49023	0	Bermillo de Sayago		49	Zamora	07	41.36892	-6.07025	1028
49024	5	La Bóveda de Toro	Bóveda de Toro, La	49	Zamora	07	41.33191	-5.39605	682
49025	8	Bretó		49	Zamora	07	41.86691	-5.74521	163
49026	1	Bretocino		49	Zamora	07	41.88218	-5.76986	192
49027	7	Brime de Sog		49	Zamora	07	42.06069	-6.05042	114
49028	3	Brime de Urz		49	Zamora	07	42.04277	-5.87130	96
49029	6	Burganes de Valverde		49	Zamora	07	41.91733	-5.78285	593
49030	0	Bustillo del Oro		49	Zamora	07	41.67649	-5.45491	75
49031	7	Cabañas de Sayago		49	Zamora	07	41.32279	-5.81434	143
49032	2	Calzadilla de Tera		49	Zamora	07	41.97487	-6.10005	278
49033	8	Camarzana de Tera		49	Zamora	07	42.00736	-6.00253	740
49034	3	Cañizal		49	Zamora	07	41.17016	-5.37063	410
49035	6	Cañizo		49	Zamora	07	41.75439	-5.51096	197
49036	9	Carbajales de Alba		49	Zamora	07	41.64153	-5.99235	463
49037	5	Carbellino		49	Zamora	07	41.22809	-6.14326	174
49038	1	Casaseca de Campeán		49	Zamora	07	41.37243	-5.76158	88
49039	4	Casaseca de las Chanas		49	Zamora	07	41.42628	-5.66806	373
49040	8	Castrillo de la Guareña		49	Zamora	07	41.22926	-5.31660	133
49041	5	Castrogonzalo		49	Zamora	07	41.98771	-5.60438	432
49042	0	Castronuevo		49	Zamora	07	41.72321	-5.54906	216
49043	6	Castroverde de Campos		49	Zamora	07	41.99436	-5.34738	240
49044	1	Cazurra		49	Zamora	07	41.40999	-5.70219	72
49046	7	Cerecinos de Campos		49	Zamora	07	41.89722	-5.48161	231
49047	3	Cerecinos del Carrizal		49	Zamora	07	41.68205	-5.65761	111
49048	9	Cernadilla		49	Zamora	07	42.01064	-6.40813	105
49050	5	Cobreros		49	Zamora	07	42.07179	-6.68131	543
49052	7	Coomonte		49	Zamora	07	42.10991	-5.81778	180
49053	3	Coreses		49	Zamora	07	41.53864	-5.60881	1054
49054	8	Corrales del Vino		49	Zamora	07	41.32092	-5.72430	930
49055	1	Cotanes del Monte		49	Zamora	07	41.81246	-5.31007	79
49056	4	Cubillos		49	Zamora	07	41.58468	-5.74686	294
49057	0	Cubo de Benavente		49	Zamora	07	42.13052	-6.15836	115
49058	6	El Cubo de Tierra del Vino	Cubo de Tierra del Vino, El	49	Zamora	07	41.25267	-5.71340	294
49059	9	Cuelgamures		49	Zamora	07	41.29915	-5.66062	77
49061	0	Entrala		49	Zamora	07	41.43610	-5.76249	133
49062	5	Espadañedo		49	Zamora	07	42.14366	-6.41854	109
49063	1	Faramontanos de Tábara		49	Zamora	07	41.86086	-5.86447	318
49064	6	Fariza		49	Zamora	07	41.42254	-6.25812	487
49065	9	Fermoselle		49	Zamora	07	41.31008	-6.39613	1131
49066	2	Ferreras de Abajo		49	Zamora	07	41.90935	-6.06241	461
49067	8	Ferreras de Arriba		49	Zamora	07	41.92050	-6.20726	350
49068	4	Ferreruela		49	Zamora	07	41.78961	-6.03751	409
49069	7	Figueruela de Arriba		49	Zamora	07	41.86490	-6.46356	310
49071	8	Fonfría		49	Zamora	07	41.63341	-6.16975	794
49075	7	Fresno de la Polvorosa		49	Zamora	07	42.08604	-5.76686	117
49076	0	Fresno de la Ribera		49	Zamora	07	41.54514	-5.56229	326
49077	6	Fresno de Sayago		49	Zamora	07	41.31781	-5.98003	137
49078	2	Friera de Valverde		49	Zamora	07	41.90227	-5.86465	121
49079	5	Fuente Encalada		49	Zamora	07	42.12318	-6.00032	92
49080	9	Fuentelapeña		49	Zamora	07	41.24791	-5.38855	589
49081	6	Fuentesaúco		49	Zamora	07	41.24200	-5.50375	1593
49082	1	Fuentes de Ropel		49	Zamora	07	42.02330	-5.56885	369
49083	7	Fuentesecas		49	Zamora	07	41.62873	-5.47931	43
49084	2	Fuentespreadas		49	Zamora	07	41.33111	-5.62888	267
49085	5	Galende		49	Zamora	07	42.11925	-6.70304	1019
49086	8	Gallegos del Pan		49	Zamora	07	41.60061	-5.58023	118
49087	4	Gallegos del Río		49	Zamora	07	41.73537	-6.17481	455
49088	0	Gamones		49	Zamora	07	41.46714	-6.17711	89
49090	7	Gema		49	Zamora	07	41.40328	-5.62650	201
49091	4	Granja de Moreruela		49	Zamora	07	41.82049	-5.75077	228
49092	9	Granucillo		49	Zamora	07	42.04843	-5.91599	105
49093	5	Guarrate		49	Zamora	07	41.30479	-5.49003	313
49094	0	Hermisende		49	Zamora	07	41.98310	-6.91311	207
49095	3	La Hiniesta	Hiniesta, La	49	Zamora	07	41.56577	-5.82374	293
49096	6	Jambrina		49	Zamora	07	41.38592	-5.64832	149
49097	2	Justel		49	Zamora	07	42.14779	-6.27390	75
49098	8	Losacino		49	Zamora	07	41.67295	-6.06609	189
49099	1	Losacio		49	Zamora	07	41.71890	-6.03816	90
49100	5	Lubián		49	Zamora	07	42.05636	-6.89668	296
49101	2	Luelmo		49	Zamora	07	41.43238	-6.13765	148
49102	7	El Maderal	Maderal, El	49	Zamora	07	41.27054	-5.63372	172
49103	3	Madridanos		49	Zamora	07	41.47216	-5.58553	461
49104	8	Mahide		49	Zamora	07	41.89298	-6.35559	299
49105	1	Maire de Castroponce		49	Zamora	07	42.11490	-5.78119	138
49107	0	Malva		49	Zamora	07	41.65831	-5.49385	92
49108	6	Manganeses de la Lampreana		49	Zamora	07	41.76043	-5.71577	438
49109	9	Manganeses de la Polvorosa		49	Zamora	07	42.03856	-5.74768	637
49110	3	Manzanal de Arriba		49	Zamora	07	41.97806	-6.43938	332
49111	0	Manzanal del Barco		49	Zamora	07	41.63022	-5.93323	118
49112	5	Manzanal de los Infantes		49	Zamora	07	42.06051	-6.36397	133
49113	1	Matilla de Arzón		49	Zamora	07	42.10781	-5.64365	150
49114	6	Matilla la Seca		49	Zamora	07	41.58490	-5.49502	33
49115	9	Mayalde		49	Zamora	07	41.24424	-5.79943	140
49116	2	Melgar de Tera		49	Zamora	07	41.95584	-6.03427	331
49117	8	Micereces de Tera		49	Zamora	07	41.98323	-5.86387	404
49118	4	Milles de la Polvorosa		49	Zamora	07	41.92307	-5.74048	206
49119	7	Molacillos		49	Zamora	07	41.58793	-5.66753	223
49120	1	Molezuelas de la Carballeda		49	Zamora	07	42.07648	-6.19949	47
49121	8	Mombuey		49	Zamora	07	42.00140	-6.32816	395
49122	3	Monfarracinos		49	Zamora	07	41.56228	-5.70126	998
49123	9	Montamarta		49	Zamora	07	41.65759	-5.81503	549
49124	4	Moral de Sayago		49	Zamora	07	41.46274	-6.04736	265
49125	7	Moraleja del Vino		49	Zamora	07	41.46012	-5.64935	1796
49126	0	Moraleja de Sayago		49	Zamora	07	41.17666	-5.98191	300
49127	6	Morales del Vino		49	Zamora	07	41.44288	-5.72664	3040
49128	2	Morales de Rey		49	Zamora	07	42.06522	-5.77055	529
49129	5	Morales de Toro		49	Zamora	07	41.53524	-5.29909	918
49130	9	Morales de Valverde		49	Zamora	07	41.93911	-5.88006	156
49131	6	Moralina		49	Zamora	07	41.50413	-6.13962	211
49132	1	Moreruela de los Infanzones		49	Zamora	07	41.63276	-5.73091	318
49133	7	Moreruela de Tábara		49	Zamora	07	41.80738	-5.82544	290
49134	2	Muelas de los Caballeros		49	Zamora	07	42.14592	-6.32799	184
49135	5	Muelas del Pan		49	Zamora	07	41.55844	-5.99777	592
49136	8	Muga de Sayago		49	Zamora	07	41.36567	-6.21647	313
49137	4	Navianos de Valverde		49	Zamora	07	41.95274	-5.81440	157
49138	0	Olmillos de Castro		49	Zamora	07	41.73399	-5.97293	182
49139	3	Otero de Bodas		49	Zamora	07	41.95751	-6.18417	164
49141	4	Pajares de la Lampreana		49	Zamora	07	41.71208	-5.68344	282
49142	9	Palacios del Pan		49	Zamora	07	41.60906	-5.88907	249
49143	5	Palacios de Sanabria		49	Zamora	07	42.04047	-6.54536	233
49145	3	Pedralba de la Pradería		49	Zamora	07	41.98893	-6.68299	198
49146	6	El Pego	Pego, El	49	Zamora	07	41.35261	-5.47761	268
49147	2	Peleagonzalo		49	Zamora	07	41.48696	-5.47729	286
49148	8	Peleas de Abajo		49	Zamora	07	41.38924	-5.68729	248
49149	1	Peñausende		49	Zamora	07	41.28258	-5.89263	386
49150	4	Peque		49	Zamora	07	42.07307	-6.26227	111
49151	1	El Perdigón	Perdigón, El	49	Zamora	07	41.42171	-5.79677	673
49152	6	Pereruela		49	Zamora	07	41.42085	-5.87936	499
49153	2	Perilla de Castro		49	Zamora	07	41.72864	-5.84028	150
49154	7	Pías		49	Zamora	07	42.09945	-6.98365	91
49155	0	Piedrahita de Castro		49	Zamora	07	41.66817	-5.73747	104
49156	3	Pinilla de Toro		49	Zamora	07	41.62477	-5.35530	186
49157	9	Pino del Oro		49	Zamora	07	41.58202	-6.11839	173
49158	5	El Piñero	Piñero, El	49	Zamora	07	41.36569	-5.59068	210
49159	8	Pobladura del Valle		49	Zamora	07	42.10156	-5.73083	269
49160	2	Pobladura de Valderaduey		49	Zamora	07	41.69562	-5.53389	34
49162	4	Porto		49	Zamora	07	42.16528	-6.83717	147
49163	0	Pozoantiguo		49	Zamora	07	41.59068	-5.44336	188
49164	5	Pozuelo de Tábara		49	Zamora	07	41.77955	-5.89886	150
49165	8	Prado		49	Zamora	07	41.92603	-5.42288	53
49166	1	Puebla de Sanabria		49	Zamora	07	42.03097	-6.58536	1378
49167	7	Pueblica de Valverde		49	Zamora	07	41.91227	-5.91601	172
49168	3	Quintanilla del Monte		49	Zamora	07	41.86395	-5.33892	93
49169	6	Quintanilla del Olmo		49	Zamora	07	41.91151	-5.41141	38
49170	0	Quintanilla de Urz		49	Zamora	07	42.03747	-5.84860	98
49171	7	Quiruelas de Vidriales		49	Zamora	07	42.01382	-5.83078	615
49172	2	Rabanales		49	Zamora	07	41.74048	-6.27019	497
49173	8	Rábano de Aliste		49	Zamora	07	41.72929	-6.42901	313
49174	3	Requejo		49	Zamora	07	42.02476	-6.76835	107
49175	6	Revellinos		49	Zamora	07	41.87692	-5.55367	223
49176	9	Riofrío de Aliste		49	Zamora	07	41.83479	-6.20373	589
49177	5	Rionegro del Puente		49	Zamora	07	41.99942	-6.21365	224
49178	1	Roales		49	Zamora	07	41.54954	-5.78125	1019
49179	4	Robleda-Cervantes		49	Zamora	07	42.08317	-6.59837	375
49180	8	Roelos de Sayago		49	Zamora	07	41.26764	-6.17923	133
49181	5	Rosinos de la Requejada		49	Zamora	07	42.14431	-6.51216	292
49183	6	Salce		49	Zamora	07	41.27632	-6.22344	83
49184	1	Samir de los Caños		49	Zamora	07	41.67393	-6.15250	158
49185	4	San Agustín del Pozo		49	Zamora	07	41.89681	-5.60693	163
49186	7	San Cebrián de Castro		49	Zamora	07	41.71760	-5.79378	250
49187	3	San Cristóbal de Entreviñas		49	Zamora	07	42.05034	-5.62554	1328
49188	9	San Esteban del Molar		49	Zamora	07	41.93758	-5.55273	117
49189	2	San Justo		49	Zamora	07	42.17413	-6.64082	207
49190	6	San Martín de Valderaduey		49	Zamora	07	41.79843	-5.47897	47
49191	3	San Miguel de la Ribera		49	Zamora	07	41.33867	-5.55847	244
49192	8	San Miguel del Valle		49	Zamora	07	42.03512	-5.50217	123
49193	4	San Pedro de Ceque		49	Zamora	07	42.04865	-6.10690	417
49194	9	San Pedro de la Nave-Almendra		49	Zamora	07	41.58333	-5.93333	313
49197	1	Santa Clara de Avedillo		49	Zamora	07	41.34130	-5.66587	153
49199	0	Santa Colomba de las Monjas		49	Zamora	07	41.95702	-5.68203	236
49200	4	Santa Cristina de la Polvorosa		49	Zamora	07	41.99161	-5.73700	1034
49201	1	Santa Croya de Tera		49	Zamora	07	41.97329	-5.97010	253
49202	6	Santa Eufemia del Barco		49	Zamora	07	41.68535	-5.89231	169
49203	2	Santa María de la Vega		49	Zamora	07	42.08536	-5.81065	259
49204	7	Santa María de Valverde		49	Zamora	07	41.93978	-5.92959	50
49205	0	Santibáñez de Tera		49	Zamora	07	41.99536	-5.92138	351
49206	3	Santibáñez de Vidriales		49	Zamora	07	42.07504	-6.01450	846
49207	9	Santovenia		49	Zamora	07	41.86501	-5.70761	219
49208	5	San Vicente de la Cabeza		49	Zamora	07	41.80697	-6.24087	309
49209	8	San Vitero		49	Zamora	07	41.77963	-6.36221	419
49210	2	Sanzoles		49	Zamora	07	41.42467	-5.56411	454
49214	5	Tábara		49	Zamora	07	41.85390	-5.97460	743
49216	1	Tapioles		49	Zamora	07	41.85160	-5.49004	128
49219	6	Toro		49	Zamora	07	41.47558	-5.44277	8336
49220	0	La Torre del Valle	Torre del Valle, La	49	Zamora	07	42.09232	-5.70887	122
49221	7	Torregamones		49	Zamora	07	41.49205	-6.21518	225
49222	2	Torres del Carrizal		49	Zamora	07	41.63173	-5.68373	413
49223	8	Trabazos		49	Zamora	07	41.73896	-6.52258	848
49224	3	Trefacio		49	Zamora	07	42.14091	-6.66659	163
49225	6	Uña de Quintana		49	Zamora	07	42.09367	-6.13809	119
49226	9	Vadillo de la Guareña		49	Zamora	07	41.29567	-5.34435	240
49227	5	Valcabado		49	Zamora	07	41.54869	-5.74663	414
49228	1	Valdefinjas		49	Zamora	07	41.42962	-5.46457	60
49229	4	Valdescorriel		49	Zamora	07	42.03786	-5.52747	131
49230	8	Vallesa de la Guareña		49	Zamora	07	41.15397	-5.31497	67
49231	5	Vega de Tera		49	Zamora	07	42.00150	-6.12475	265
49232	0	Vega de Villalobos		49	Zamora	07	41.97606	-5.47275	88
49233	6	Vegalatrave		49	Zamora	07	41.71134	-6.10322	79
49234	1	Venialbo		49	Zamora	07	41.38778	-5.53897	439
49235	4	Vezdemarbán		49	Zamora	07	41.67539	-5.36939	423
49236	7	Vidayanes		49	Zamora	07	41.91896	-5.58807	74
49237	3	Videmala		49	Zamora	07	41.60818	-6.02106	131
49238	9	Villabrázaro		49	Zamora	07	42.06081	-5.71693	255
49239	2	Villabuena del Puente		49	Zamora	07	41.38276	-5.38132	574
49240	6	Villadepera		49	Zamora	07	41.54034	-6.13879	165
49241	3	Villaescusa		49	Zamora	07	41.19005	-5.45584	237
49242	8	Villafáfila		49	Zamora	07	41.84063	-5.59626	429
49243	4	Villaferrueña		49	Zamora	07	42.09232	-5.87269	105
49244	9	Villageriz		49	Zamora	07	42.11538	-5.95112	63
49245	2	Villalazán		49	Zamora	07	41.50134	-5.59009	241
49246	5	Villalba de la Lampreana		49	Zamora	07	41.75211	-5.62053	212
49247	1	Villalcampo		49	Zamora	07	41.52348	-6.05441	380
49248	7	Villalobos		49	Zamora	07	41.94706	-5.48732	200
49249	0	Villalonso		49	Zamora	07	41.59381	-5.29987	80
49250	3	Villalpando		49	Zamora	07	41.82406	-5.41788	1433
49251	0	Villalube		49	Zamora	07	41.61884	-5.54396	143
49252	5	Villamayor de Campos		49	Zamora	07	41.91033	-5.36105	330
49255	9	Villamor de los Escuderos		49	Zamora	07	41.25368	-5.56686	362
49256	2	Villanázar		49	Zamora	07	41.96882	-5.78082	256
49257	8	Villanueva de Azoague		49	Zamora	07	41.96873	-5.64618	398
49258	4	Villanueva de Campeán		49	Zamora	07	41.34989	-5.77800	115
49259	7	Villanueva de las Peras		49	Zamora	07	41.92890	-5.98695	85
49260	1	Villanueva del Campo		49	Zamora	07	41.98924	-5.39085	736
49261	8	Villaralbo		49	Zamora	07	41.49988	-5.66493	1782
49262	3	Villardeciervos		49	Zamora	07	41.95202	-6.29903	383
49263	9	Villar de Fallaves		49	Zamora	07	41.92511	-5.34480	50
49264	4	Villar del Buey		49	Zamora	07	41.33589	-6.27300	483
49265	7	Villardiegua de la Ribera		49	Zamora	07	41.53742	-6.19974	106
49266	0	Villárdiga		49	Zamora	07	41.82463	-5.48519	60
49267	6	Villardondiego		49	Zamora	07	41.57467	-5.39961	110
49268	2	Villarrín de Campos		49	Zamora	07	41.79057	-5.65563	387
49269	5	Villaseco del Pan		49	Zamora	07	41.47482	-5.99490	201
49270	9	Villavendimio		49	Zamora	07	41.57919	-5.33442	150
49271	6	Villaveza del Agua		49	Zamora	07	41.90853	-5.66960	162
49272	1	Villaveza de Valverde		49	Zamora	07	41.93328	-5.85532	72
49273	7	Viñas		49	Zamora	07	41.78458	-6.45028	148
49275	5	Zamora		49	Zamora	07	41.52259	-5.80054	59815
50001	6	Abanto		50	Zaragoza	02	41.13384	-1.67899	78
50002	1	Acered		50	Zaragoza	02	41.16437	-1.60079	131
50003	7	Agón		50	Zaragoza	02	41.84957	-1.44130	135
50004	2	Aguarón		50	Zaragoza	02	41.33282	-1.29812	602
50005	5	Aguilón		50	Zaragoza	02	41.29192	-1.02744	265
50006	8	Ainzón		50	Zaragoza	02	41.78870	-1.52377	1036
50007	4	Aladrén		50	Zaragoza	02	41.24303	-1.15487	62
50008	0	Alagón		50	Zaragoza	02	41.76865	-1.12420	7532
50009	3	Alarba		50	Zaragoza	02	41.20584	-1.61236	91
50010	7	Alberite de San Juan		50	Zaragoza	02	41.80884	-1.46084	79
50011	4	Albeta		50	Zaragoza	02	41.82508	-1.50207	138
50012	9	Alborge		50	Zaragoza	02	41.33951	-0.35351	104
50013	5	Alcalá de Ebro		50	Zaragoza	02	41.81572	-1.18589	244
50014	0	Alcalá de Moncayo		50	Zaragoza	02	41.79823	-1.68580	147
50015	3	Alconchel de Ariza		50	Zaragoza	02	41.21760	-2.09075	79
50016	6	Aldehuela de Liestos		50	Zaragoza	02	41.05767	-1.71732	48
50017	2	Alfajarín		50	Zaragoza	02	41.62310	-0.67567	2423
50018	8	Alfamén		50	Zaragoza	02	41.46110	-1.21364	1470
50019	1	Alforque		50	Zaragoza	02	41.34856	-0.38724	57
50020	5	Alhama de Aragón		50	Zaragoza	02	41.29510	-1.90013	917
50021	2	Almochuel		50	Zaragoza	02	41.28406	-0.55164	22
50022	7	La Almolda	Almolda, La	50	Zaragoza	02	41.54426	-0.23868	521
50023	3	Almonacid de la Cuba		50	Zaragoza	02	41.27706	-0.78654	220
50024	8	Almonacid de la Sierra		50	Zaragoza	02	41.41139	-1.32846	756
50025	1	La Almunia de Doña Godina	Almunia de Doña Godina, La	50	Zaragoza	02	41.47743	-1.37405	8080
50026	4	Alpartir		50	Zaragoza	02	41.39933	-1.37501	599
50027	0	Ambel		50	Zaragoza	02	41.76919	-1.62278	253
50028	6	Anento		50	Zaragoza	02	41.06792	-1.33096	117
50029	9	Aniñón		50	Zaragoza	02	41.46778	-1.70504	678
50030	3	Añón de Moncayo		50	Zaragoza	02	41.76595	-1.74725	207
50031	0	Aranda de Moncayo		50	Zaragoza	02	41.59802	-1.78847	112
50032	5	Arándiga		50	Zaragoza	02	41.51423	-1.49956	279
50033	1	Ardisa		50	Zaragoza	02	42.19138	-0.78316	73
50034	6	Ariza		50	Zaragoza	02	41.31047	-2.03970	1096
50035	9	Artieda		50	Zaragoza	02	42.59240	-0.99266	90
50036	2	Asín		50	Zaragoza	02	42.27125	-1.05314	88
50037	8	Atea		50	Zaragoza	02	41.15096	-1.55354	142
50038	4	Ateca		50	Zaragoza	02	41.34418	-1.80584	1785
50039	7	Azuara		50	Zaragoza	02	41.21810	-0.87767	548
50040	1	Badules		50	Zaragoza	02	41.16686	-1.23263	83
50041	8	Bagüés		50	Zaragoza	02	42.54948	-0.94577	16
50042	3	Balconchán		50	Zaragoza	02	41.07297	-1.49119	19
50043	9	Bárboles		50	Zaragoza	02	41.72408	-1.17286	277
50044	4	Bardallur		50	Zaragoza	02	41.68868	-1.19894	242
50045	7	Belchite		50	Zaragoza	02	41.33045	-0.78518	1495
50046	0	Belmonte de Gracián		50	Zaragoza	02	41.32952	-1.49312	183
50047	6	Berdejo		50	Zaragoza	02	41.57366	-1.94831	40
50048	2	Berrueco		50	Zaragoza	02	40.98054	-1.47642	32
50050	8	Bijuesca		50	Zaragoza	02	41.53950	-1.91016	93
50051	5	Biota		50	Zaragoza	02	42.25440	-1.16726	832
50052	0	Bisimbre		50	Zaragoza	02	41.85817	-1.42306	98
50053	6	Boquiñeni		50	Zaragoza	02	41.84380	-1.26593	743
50054	1	Bordalba		50	Zaragoza	02	41.40635	-2.07649	47
50055	4	Borja		50	Zaragoza	02	41.83583	-1.55369	5202
50056	7	Botorrita		50	Zaragoza	02	41.48326	-1.02759	587
50057	3	Brea de Aragón		50	Zaragoza	02	41.52550	-1.59650	1517
50058	9	Bubierca		50	Zaragoza	02	41.32278	-1.87319	66
50059	2	Bujaraloz		50	Zaragoza	02	41.45230	-0.14304	938
50060	6	Bulbuente		50	Zaragoza	02	41.82847	-1.61702	250
50061	3	Bureta		50	Zaragoza	02	41.80242	-1.48993	210
50062	8	El Burgo de Ebro	Burgo de Ebro, El	50	Zaragoza	02	41.56913	-0.72329	2750
50063	4	El Buste	Buste, El	50	Zaragoza	02	41.89501	-1.59584	60
50064	9	Cabañas de Ebro		50	Zaragoza	02	41.79698	-1.16857	473
50065	2	Cabolafuente		50	Zaragoza	02	41.21869	-2.04075	50
50066	5	Cadrete		50	Zaragoza	02	41.54919	-0.95408	4688
50067	1	Calatayud		50	Zaragoza	02	41.38757	-1.62390	20158
50068	7	Calatorao		50	Zaragoza	02	41.52802	-1.31160	2970
50069	0	Calcena		50	Zaragoza	02	41.66912	-1.72546	65
50070	4	Calmarza		50	Zaragoza	02	41.17441	-1.92703	57
50071	1	Campillo de Aragón		50	Zaragoza	02	41.13290	-1.83820	111
50072	6	Carenas		50	Zaragoza	02	41.26288	-1.79857	169
50073	2	Cariñena		50	Zaragoza	02	41.35135	-1.21220	3530
50074	7	Caspe		50	Zaragoza	02	41.26919	-0.02252	10365
50075	0	Castejón de Alarba		50	Zaragoza	02	41.18417	-1.64504	75
50076	3	Castejón de las Armas		50	Zaragoza	02	41.29834	-1.82080	87
50077	9	Castejón de Valdejasa		50	Zaragoza	02	41.99396	-0.99886	188
50078	5	Castiliscar		50	Zaragoza	02	42.36167	-1.28013	219
50079	8	Cervera de la Cañada		50	Zaragoza	02	41.42297	-1.74457	263
50080	2	Cerveruela		50	Zaragoza	02	41.22341	-1.21176	38
50081	9	Cetina		50	Zaragoza	02	41.26362	-1.95971	534
50082	4	Cimballa		50	Zaragoza	02	41.08958	-1.76401	70
50083	0	Cinco Olivas		50	Zaragoza	02	41.33896	-0.36803	97
50084	5	Clarés de Ribota		50	Zaragoza	02	41.53416	-1.83743	73
50085	8	Codo		50	Zaragoza	02	41.34377	-0.67437	204
50086	1	Codos		50	Zaragoza	02	41.28522	-1.35798	237
50087	7	Contamina		50	Zaragoza	02	41.26132	-1.92991	34
50088	3	Cosuenda		50	Zaragoza	02	41.36194	-1.31159	344
50089	6	Cuarte de Huerva		50	Zaragoza	02	41.59259	-0.92652	15408
50090	0	Cubel		50	Zaragoza	02	41.09864	-1.62142	145
50091	7	Las Cuerlas	Cuerlas, Las	50	Zaragoza	02	40.96286	-1.56117	44
50092	2	Chiprana		50	Zaragoza	02	41.26630	-0.15649	496
50093	8	Chodes		50	Zaragoza	02	41.48661	-1.48019	98
50094	3	Daroca		50	Zaragoza	02	41.11458	-1.41436	1899
50095	6	Ejea de los Caballeros		50	Zaragoza	02	42.15968	-1.15371	17129
50096	9	Embid de Ariza		50	Zaragoza	02	41.38439	-1.95363	28
50098	1	Encinacorba		50	Zaragoza	02	41.28586	-1.27574	176
50099	4	Épila		50	Zaragoza	02	41.59100	-1.33241	4704
50100	8	Erla		50	Zaragoza	02	42.11152	-0.98458	374
50101	5	Escatrón		50	Zaragoza	02	41.26740	-0.28389	1189
50102	0	Fabara		50	Zaragoza	02	41.20178	0.16673	1063
50104	1	Farlete		50	Zaragoza	02	41.69551	-0.52764	372
50105	4	Fayón		50	Zaragoza	02	41.26536	0.31859	448
50106	7	Los Fayos	Fayos, Los	50	Zaragoza	02	41.87656	-1.78292	135
50107	3	Figueruelas		50	Zaragoza	02	41.76930	-1.18420	1303
50108	9	Fombuena		50	Zaragoza	02	41.17079	-1.18965	59
50109	2	El Frago	Frago, El	50	Zaragoza	02	42.28256	-0.93213	129
50110	6	El Frasno	Frasno, El	50	Zaragoza	02	41.41130	-1.50191	370
50111	3	Fréscano		50	Zaragoza	02	41.87907	-1.45614	196
50113	4	Fuendejalón		50	Zaragoza	02	41.73293	-1.45526	774
50114	9	Fuendetodos		50	Zaragoza	02	41.36015	-0.91885	130
50115	2	Fuentes de Ebro		50	Zaragoza	02	41.49251	-0.62886	4659
50116	5	Fuentes de Jiloca		50	Zaragoza	02	41.22324	-1.54825	209
50117	1	Gallocanta		50	Zaragoza	02	40.99398	-1.52489	128
50118	7	Gallur		50	Zaragoza	02	41.86721	-1.31534	2642
50119	0	Gelsa		50	Zaragoza	02	41.42871	-0.39370	996
50120	4	Godojos		50	Zaragoza	02	41.26406	-1.87327	55
50121	1	Gotor		50	Zaragoza	02	41.55115	-1.65545	309
50122	6	Grisel		50	Zaragoza	02	41.87097	-1.71745	101
50123	2	Grisén		50	Zaragoza	02	41.74459	-1.15955	630
50124	7	Herrera de los Navarros		50	Zaragoza	02	41.21766	-1.08138	495
50125	0	Ibdes		50	Zaragoza	02	41.22266	-1.85912	351
50126	3	Illueca		50	Zaragoza	02	41.53558	-1.62591	2782
50128	5	Isuerre		50	Zaragoza	02	42.47864	-1.05734	32
50129	8	Jaraba		50	Zaragoza	02	41.19962	-1.89822	294
50130	2	Jarque de Moncayo		50	Zaragoza	02	41.56673	-1.69391	373
50131	9	Jaulín		50	Zaragoza	02	41.42984	-0.97542	305
50132	4	La Joyosa	Joyosa, La	50	Zaragoza	02	41.75147	-1.07645	1156
50133	0	Lagata		50	Zaragoza	02	41.21025	-0.80463	113
50134	5	Langa del Castillo		50	Zaragoza	02	41.22729	-1.39397	110
50135	8	Layana		50	Zaragoza	02	42.30306	-1.24379	95
50136	1	Lécera		50	Zaragoza	02	41.19863	-0.70424	578
50137	7	Leciñena		50	Zaragoza	02	41.83768	-0.61569	1087
50138	3	Lechón		50	Zaragoza	02	41.09092	-1.28226	39
50139	6	Letux		50	Zaragoza	02	41.22978	-0.78735	349
50140	0	Litago		50	Zaragoza	02	41.80118	-1.76362	173
50141	7	Lituénigo		50	Zaragoza	02	41.83275	-1.76901	123
50142	2	Lobera de Onsella		50	Zaragoza	02	42.46753	-1.00530	28
50143	8	Longares		50	Zaragoza	02	41.39225	-1.14764	802
50144	3	Longás		50	Zaragoza	02	42.47464	-0.93128	45
50146	9	Lucena de Jalón		50	Zaragoza	02	41.56039	-1.30083	223
50147	5	Luceni		50	Zaragoza	02	41.81997	-1.24727	1003
50148	1	Luesia		50	Zaragoza	02	42.35989	-1.01419	332
50149	4	Luesma		50	Zaragoza	02	41.18101	-1.15200	42
50150	7	Lumpiaque		50	Zaragoza	02	41.64301	-1.35147	889
50151	4	Luna		50	Zaragoza	02	42.17954	-0.92446	674
50152	9	Maella		50	Zaragoza	02	41.11146	0.09976	2158
50153	5	Magallón		50	Zaragoza	02	41.81221	-1.39576	1108
50154	0	Mainar		50	Zaragoza	02	41.21645	-1.29886	162
50155	3	Malanquilla		50	Zaragoza	02	41.57786	-1.87823	71
50156	6	Maleján		50	Zaragoza	02	41.82767	-1.54869	282
50157	2	Malón		50	Zaragoza	02	41.95339	-1.66631	474
50159	1	Maluenda		50	Zaragoza	02	41.26008	-1.63488	895
50160	5	Mallén		50	Zaragoza	02	41.89628	-1.43263	2951
50161	2	Manchones		50	Zaragoza	02	41.15668	-1.44339	91
50162	7	Mara		50	Zaragoza	02	41.28457	-1.51919	161
50163	3	María de Huerva		50	Zaragoza	02	41.52984	-1.02652	6558
50164	8	Mediana de Aragón		50	Zaragoza	02	41.45200	-0.72793	469
50165	1	Mequinenza		50	Zaragoza	02	41.32462	0.24593	2236
50166	4	Mesones de Isuela		50	Zaragoza	02	41.58099	-1.53559	270
50167	0	Mezalocha		50	Zaragoza	02	41.41653	-1.06292	197
50168	6	Mianos		50	Zaragoza	02	42.59096	-0.93980	25
50169	9	Miedes de Aragón		50	Zaragoza	02	41.24791	-1.45187	408
50170	3	Monegrillo		50	Zaragoza	02	41.64836	-0.41572	378
50171	0	Moneva		50	Zaragoza	02	41.15276	-0.82032	107
50172	5	Monreal de Ariza		50	Zaragoza	02	41.28744	-2.11157	175
50173	1	Monterde		50	Zaragoza	02	41.17350	-1.75556	143
50174	6	Montón		50	Zaragoza	02	41.20703	-1.51687	89
50175	9	Morata de Jalón		50	Zaragoza	02	41.44961	-1.46278	1100
50176	2	Morata de Jiloca		50	Zaragoza	02	41.24494	-1.58364	285
50177	8	Morés		50	Zaragoza	02	41.47717	-1.56647	303
50178	4	Moros		50	Zaragoza	02	41.39734	-1.83507	274
50179	7	Moyuela		50	Zaragoza	02	41.15158	-0.91574	221
50180	1	Mozota		50	Zaragoza	02	41.47715	-1.05244	130
50181	8	Muel		50	Zaragoza	02	41.46830	-1.11344	1540
50182	3	La Muela	Muela, La	50	Zaragoza	02	41.56453	-1.09056	6737
50183	9	Munébrega		50	Zaragoza	02	41.24813	-1.71819	351
50184	4	Murero		50	Zaragoza	02	41.16911	-1.48648	85
50185	7	Murillo de Gállego		50	Zaragoza	02	42.22890	-0.81622	194
50186	0	Navardún		50	Zaragoza	02	42.50667	-1.16188	35
50187	6	Nigüella		50	Zaragoza	02	41.55558	-1.50842	58
50188	2	Nombrevilla		50	Zaragoza	02	41.10514	-1.34995	40
50189	5	Nonaspe		50	Zaragoza	02	41.21463	0.24856	997
50190	9	Novallas		50	Zaragoza	02	41.94711	-1.70948	859
50191	6	Novillas		50	Zaragoza	02	41.91906	-1.37615	508
50192	1	Nuévalos		50	Zaragoza	02	41.20288	-1.77372	318
50193	7	Nuez de Ebro		50	Zaragoza	02	41.58115	-0.68514	886
50194	2	Olvés		50	Zaragoza	02	41.22746	-1.66306	107
50195	5	Orcajo		50	Zaragoza	02	41.10740	-1.50750	65
50196	8	Orera		50	Zaragoza	02	41.30724	-1.45172	103
50197	4	Orés		50	Zaragoza	02	42.25759	-1.01386	72
50198	0	Oseja		50	Zaragoza	02	41.60740	-1.69580	43
50199	3	Osera de Ebro		50	Zaragoza	02	41.53513	-0.54842	442
50200	7	Paniza		50	Zaragoza	02	41.26856	-1.20898	574
50201	4	Paracuellos de Jiloca		50	Zaragoza	02	41.30059	-1.66277	610
50202	9	Paracuellos de la Ribera		50	Zaragoza	02	41.42655	-1.55316	111
50203	5	Pastriz		50	Zaragoza	02	41.60739	-0.76397	1316
50204	0	Pedrola		50	Zaragoza	02	41.76560	-1.23197	3842
50205	3	Las Pedrosas	Pedrosas, Las	50	Zaragoza	02	42.03135	-0.87668	118
50206	6	Perdiguera		50	Zaragoza	02	41.75136	-0.60658	559
50207	2	Piedratajada		50	Zaragoza	02	42.11334	-0.77994	96
50208	8	Pina de Ebro		50	Zaragoza	02	41.48933	-0.52672	2478
50209	1	Pinseque		50	Zaragoza	02	41.73212	-1.08300	4601
50210	5	Los Pintanos	Pintanos, Los	50	Zaragoza	02	42.56454	-1.04229	37
50211	2	Plasencia de Jalón		50	Zaragoza	02	41.68820	-1.25038	378
50212	7	Pleitas		50	Zaragoza	02	41.71464	-1.19878	29
50213	3	Plenas		50	Zaragoza	02	41.10868	-0.95440	110
50214	8	Pomer		50	Zaragoza	02	41.63182	-1.83875	23
50215	1	Pozuel de Ariza		50	Zaragoza	02	41.35445	-2.13228	15
50216	4	Pozuelo de Aragón		50	Zaragoza	02	41.74847	-1.37876	247
50217	0	Pradilla de Ebro		50	Zaragoza	02	41.87354	-1.18626	553
50218	6	Puebla de Albortón		50	Zaragoza	02	41.39670	-0.85026	133
50219	9	La Puebla de Alfindén	Puebla de Alfindén, La	50	Zaragoza	02	41.63992	-0.74292	6550
50220	3	Puendeluna		50	Zaragoza	02	42.15485	-0.76985	42
50221	0	Purujosa		50	Zaragoza	02	41.69151	-1.76180	29
50222	5	Quinto		50	Zaragoza	02	41.41270	-0.51937	1882
50223	1	Remolinos		50	Zaragoza	02	41.84010	-1.18217	1018
50224	6	Retascón		50	Zaragoza	02	41.15991	-1.38730	77
50225	9	Ricla		50	Zaragoza	02	41.52394	-1.40631	3019
50227	8	Romanos		50	Zaragoza	02	41.11912	-1.29260	140
50228	4	Rueda de Jalón		50	Zaragoza	02	41.66449	-1.34808	325
50229	7	Ruesca		50	Zaragoza	02	41.28190	-1.45697	69
50230	1	Sádaba		50	Zaragoza	02	42.27538	-1.32075	1278
50231	8	Salillas de Jalón		50	Zaragoza	02	41.56183	-1.32163	372
50232	3	Salvatierra de Esca		50	Zaragoza	02	42.69068	-0.94653	187
50233	9	Samper del Salz		50	Zaragoza	02	41.20750	-0.82762	79
50234	4	San Martín de la Virgen de Moncayo		50	Zaragoza	02	41.83500	-1.79269	266
50235	7	San Mateo de Gállego		50	Zaragoza	02	41.85779	-0.71946	3489
50236	0	Santa Cruz de Grío		50	Zaragoza	02	41.37584	-1.41922	95
50237	6	Santa Cruz de Moncayo		50	Zaragoza	02	41.88089	-1.75562	123
50238	2	Santa Eulalia de Gállego		50	Zaragoza	02	42.26556	-0.78120	101
50239	5	Santed		50	Zaragoza	02	41.03743	-1.51242	72
50240	9	Sástago		50	Zaragoza	02	41.32363	-0.27571	1067
50241	6	Sabiñán		50	Zaragoza	02	41.44746	-1.55968	697
50242	1	Sediles		50	Zaragoza	02	41.35772	-1.51577	109
50243	7	Sestrica		50	Zaragoza	02	41.48116	-1.62528	329
50244	2	Sierra de Luna		50	Zaragoza	02	42.04201	-0.93482	269
50245	5	Sigüés		50	Zaragoza	02	42.62067	-1.03178	72
50246	8	Sisamón		50	Zaragoza	02	41.19114	-2.00439	50
50247	4	Sobradiel		50	Zaragoza	02	41.74217	-1.03068	1110
50248	0	Sos del Rey Católico		50	Zaragoza	02	42.47810	-1.20233	582
50249	3	Tabuenca		50	Zaragoza	02	41.68282	-1.52232	305
50250	6	Talamantes		50	Zaragoza	02	41.72225	-1.67076	68
50251	3	Tarazona		50	Zaragoza	02	41.89417	-1.74145	10873
50252	8	Tauste		50	Zaragoza	02	41.92346	-1.18947	6838
50253	4	Terrer		50	Zaragoza	02	41.32389	-1.72729	580
50254	9	Tierga		50	Zaragoza	02	41.61050	-1.58463	170
50255	2	Tobed		50	Zaragoza	02	41.34761	-1.38616	196
50256	5	Torralba de los Frailes		50	Zaragoza	02	41.02601	-1.66465	65
50257	1	Torralba de Ribota		50	Zaragoza	02	41.42092	-1.67608	157
50258	7	Torralbilla		50	Zaragoza	02	41.23003	-1.33300	38
50259	0	Torrehermosa		50	Zaragoza	02	41.24554	-2.12351	69
50260	4	Torrelapaja		50	Zaragoza	02	41.58816	-1.95102	30
50261	1	Torrellas		50	Zaragoza	02	41.89784	-1.76809	249
50262	6	Torres de Berrellén		50	Zaragoza	02	41.79978	-1.09899	1515
50263	2	Torrijo de la Cañada		50	Zaragoza	02	41.46856	-1.88404	187
50264	7	Tosos		50	Zaragoza	02	41.30703	-1.10966	176
50265	0	Trasmoz		50	Zaragoza	02	41.82381	-1.73429	88
50266	3	Trasobares		50	Zaragoza	02	41.66373	-1.63003	124
50267	9	Uncastillo		50	Zaragoza	02	42.36512	-1.14414	594
50268	5	Undués de Lerda		50	Zaragoza	02	42.58896	-1.14793	60
50269	8	Urrea de Jalón		50	Zaragoza	02	41.65514	-1.23742	434
50270	2	Urriés		50	Zaragoza	02	42.54966	-1.09781	50
50271	9	Used		50	Zaragoza	02	41.02905	-1.57971	250
50272	4	Utebo		50	Zaragoza	02	41.71559	-1.00454	19116
50273	0	Valdehorna		50	Zaragoza	02	41.06343	-1.42126	29
50274	5	Val de San Martín		50	Zaragoza	02	41.04808	-1.44117	55
50275	8	Valmadrid		50	Zaragoza	02	41.44893	-0.87993	112
50276	1	Valpalmas		50	Zaragoza	02	42.16328	-0.85661	122
50277	7	Valtorres		50	Zaragoza	02	41.30066	-1.74309	65
50278	3	Velilla de Ebro		50	Zaragoza	02	41.38212	-0.38921	208
50279	6	Velilla de Jiloca		50	Zaragoza	02	41.27124	-1.59517	90
50280	0	Vera de Moncayo		50	Zaragoza	02	41.83506	-1.67794	317
50281	7	Vierlas		50	Zaragoza	02	41.93063	-1.68020	88
50282	2	La Vilueña	Vilueña, La	50	Zaragoza	02	41.28296	-1.72124	59
50283	8	Villadoz		50	Zaragoza	02	41.17297	-1.26241	80
50284	3	Villafeliche		50	Zaragoza	02	41.18472	-1.50088	163
50285	6	Villafranca de Ebro		50	Zaragoza	02	41.57452	-0.60652	828
50286	9	Villalba de Perejil		50	Zaragoza	02	41.33836	-1.55126	86
50287	5	Villalengua		50	Zaragoza	02	41.42386	-1.87618	295
50288	1	Villanueva de Gállego		50	Zaragoza	02	41.77858	-0.84852	4852
50289	4	Villanueva de Jiloca		50	Zaragoza	02	41.08465	-1.38103	73
50290	8	Villanueva de Huerva		50	Zaragoza	02	41.36738	-1.03891	360
50291	5	Villar de los Navarros		50	Zaragoza	02	41.17168	-1.01407	147
50292	0	Villarreal de Huerva		50	Zaragoza	02	41.20815	-1.26711	270
50293	6	Villarroya de la Sierra		50	Zaragoza	02	41.47823	-1.78442	397
50294	1	Villarroya del Campo		50	Zaragoza	02	41.14730	-1.32819	70
50295	4	Vistabella		50	Zaragoza	02	41.20827	-1.16423	51
50296	7	La Zaida	Zaida, La	50	Zaragoza	02	41.33057	-0.42933	433
50297	3	Zaragoza		50	Zaragoza	02	41.64829	-0.88303	693091
50298	9	Zuera		50	Zaragoza	02	41.88920	-0.75176	8766
50901	7	Biel		50	Zaragoza	02	42.36462	-0.90894	166
50902	2	Marracos		50	Zaragoza	02	42.09642	-0.77574	82
50903	8	Villamayor de Gállego		50	Zaragoza	02	41.69433	-0.73196	2841
51001	3	Ceuta		51	Ceuta	18	35.88682	-5.31738	83595
52001	8	Melilla		52	Melilla	19	35.29187	-2.94090	86780
