022007	Comuna 1	CO	02	Ciudad Autónoma de Buenos Aires	-34.606444	-58.371512	223554	
022014	Comuna 2	CO	02	Ciudad Autónoma de Buenos Aires	-34.585789	-58.394904	161645	
022021	Comuna 3	CO	02	Ciudad Autónoma de Buenos Aires	-34.613843	-58.402651	196240	
022028	Comuna 4	CO	02	Ciudad Autónoma de Buenos Aires	-34.642105	-58.38762	229240	
022035	Comuna 5	CO	02	Ciudad Autónoma de Buenos Aires	-34.61737	-58.420572	194271	
022042	Comuna 6	CO	02	Ciudad Autónoma de Buenos Aires	-34.616843	-58.443568	203043	
022049	Comuna 7	CO	02	Ciudad Autónoma de Buenos Aires	-34.636554	-58.451887	215896	
022056	Comuna 8	CO	02	Ciudad Autónoma de Buenos Aires	-34.674517	-58.461874	204367	
022063	Comuna 9	CO	02	Ciudad Autónoma de Buenos Aires	-34.651746	-58.498997	169063	
022070	Comuna 10	CO	02	Ciudad Autónoma de Buenos Aires	-34.627837	-58.502815	173004	
022077	Comuna 11	CO	02	Ciudad Autónoma de Buenos Aires	-34.606105	-58.496844	204601	
022084	Comuna 12	CO	02	Ciudad Autónoma de Buenos Aires	-34.566315	-58.490467	236887	
022091	Comuna 13	CO	02	Ciudad Autónoma de Buenos Aires	-34.554179	-58.45396	264385	
022098	Comuna 14	CO	02	Ciudad Autónoma de Buenos Aires	-34.573875	-58.422294	248635	
022105	Comuna 15	CO	02	Ciudad Autónoma de Buenos Aires	-34.591884	-58.462774	196876	
060007	Adolfo Alsina	MU	06	Buenos Aires	-37.196762	-63.056055	17552	
060014	Adolfo Gonzales Chaves	MU	06	Buenos Aires	-37.964616	-60.248282	12914	
060021	Alberti	MU	06	Buenos Aires	-35.036969	-60.281977	12982	
060028	Almirante Brown	MU	06	Buenos Aires	-34.835619	-58.367373	584827	
060035	Avellaneda	MU	06	Buenos Aires	-34.678165	-58.341167	367554	
060042	Ayacucho	MU	06	Buenos Aires	-37.035431	-58.442557	21977	
060049	Azul	MU	06	Buenos Aires	-36.785935	-59.696478	75905	
060056	Bahía Blanca	MU	06	Buenos Aires	-38.584189	-62.169417	336557	
060063	Balcarce	MU	06	Buenos Aires	-37.71462	-58.271748	48982	
060070	Baradero	MU	06	Buenos Aires	-33.931962	-59.492792	40002	
060077	Arrecifes	MU	06	Buenos Aires	-34.011812	-60.062664	32215	
060084	Benito Juárez	MU	06	Buenos Aires	-37.586111	-59.888398	22292	
060091	Berazategui	MU	06	Buenos Aires	-34.818245	-58.155462	358712	
060098	Berisso	MU	06	Buenos Aires	-34.909355	-57.82838	100930	
060105	Bolívar	MU	06	Buenos Aires	-36.298948	-61.14986	37594	
060112	Bragado	MU	06	Buenos Aires	-35.061412	-60.604047	46504	
060119	Brandsen	MU	06	Buenos Aires	-35.22252	-58.175234	32448	
060126	Campana	MU	06	Buenos Aires	-34.138389	-58.882957	110566	
060134	Cañuelas	MU	06	Buenos Aires	-35.144804	-58.691094	70684	
060140	Capitán Sarmiento	MU	06	Buenos Aires	-34.149845	-59.854015	15965	
060147	Carlos Casares	MU	06	Buenos Aires	-35.749922	-61.374378	23100	
060154	Carlos Tejedor	MU	06	Buenos Aires	-35.379745	-62.42979	14079	
060161	Carmen de Areco	MU	06	Buenos Aires	-34.406798	-59.884413	17499	
060168	Castelli	MU	06	Buenos Aires	-36.04149	-57.657425	9594	
060175	Colón	MU	06	Buenos Aires	-33.885865	-61.062484	27504	
060182	Coronel de Marina Leonardo Rosales	MU	06	Buenos Aires	-38.849077	-61.835584	67503	
060189	Coronel Dorrego	MU	06	Buenos Aires	-38.670818	-61.095551	15968	
060196	Coronel Pringles	MU	06	Buenos Aires	-38.147917	-61.264417	24420	
060203	Coronel Suárez	MU	06	Buenos Aires	-37.534856	-61.889092	42110	
060210	Chacabuco	MU	06	Buenos Aires	-34.6182	-60.354308	52729	
060218	Chascomús	MU	06	Buenos Aires	-35.618688	-57.903981	42452	
060224	Chivilcoy	MU	06	Buenos Aires	-34.915487	-59.958419	70839	
060231	Daireaux	MU	06	Buenos Aires	-36.640869	-61.89125	18422	
060238	Dolores	MU	06	Buenos Aires	-36.398938	-57.631926	32032	
060245	Ensenada	MU	06	Buenos Aires	-34.84215	-57.979109	63997	
060252	Escobar	MU	06	Buenos Aires	-34.328683	-58.771179	256268	
060260	Esteban Echeverría	MU	06	Buenos Aires	-34.831214	-58.476948	338480	
060266	Exaltación de la Cruz	MU	06	Buenos Aires	-34.295134	-59.155946	40159	
060270	Ezeiza	MU	06	Buenos Aires	-34.876097	-58.564701	201511	
060274	Florencio Varela	MU	06	Buenos Aires	-34.877745	-58.258555	496433	
060277	Florentino Ameghino	MU	06	Buenos Aires	-34.874106	-62.401716	10790	
060280	General Alvarado	MU	06	Buenos Aires	-38.202628	-58.071805	45526	
060287	General Alvear	MU	06	Buenos Aires	-36.034711	-60.133153	12631	
060294	General Arenales	MU	06	Buenos Aires	-34.237902	-61.283381	16350	
060301	General Belgrano	MU	06	Buenos Aires	-35.834662	-58.69808	20791	
060308	General Guido	MU	06	Buenos Aires	-36.666035	-57.995737	3174	
060315	General Juan Madariaga	MU	06	Buenos Aires	-37.153516	-57.230661	22624	
060322	General La Madrid	MU	06	Buenos Aires	-37.356128	-61.344131	11618	
060329	General Las Heras	MU	06	Buenos Aires	-34.909424	-58.995447	18022	
060336	General Lavalle	MU	06	Buenos Aires	-36.65075	-56.941003	4870	
060343	General Paz	MU	06	Buenos Aires	-35.466183	-58.389652	14207	
060351	General Pinto	MU	06	Buenos Aires	-34.669622	-62.039853	12941	
060357	General Pueyrredón	MU	06	Buenos Aires	-37.965683	-57.743028	667082	
060364	General Rodríguez	MU	06	Buenos Aires	-34.650616	-58.987847	142709	
060371	General San Martín	MU	06	Buenos Aires	-34.552754	-58.564304	450518	
060385	General Viamonte	MU	06	Buenos Aires	-34.997779	-61.049657	22649	
060392	General Villegas	MU	06	Buenos Aires	-34.770261	-62.954199	35251	
060399	Guaminí	MU	06	Buenos Aires	-36.890676	-62.418531	11801	
060406	Hipólito Yrigoyen	MU	06	Buenos Aires	-36.259189	-61.660188	10661	
060408	Hurlingham	MU	06	Buenos Aires	-34.599283	-58.649525	185641	
060410	Ituzaingó	MU	06	Buenos Aires	-34.636072	-58.68876	180232	
060412	José C. Paz	MU	06	Buenos Aires	-34.511853	-58.777635	326992	
060413	Junín	MU	06	Buenos Aires	-34.546475	-61.00525	103787	
060420	La Costa	MU	06	Buenos Aires	-36.697168	-56.71594	100689	
060427	La Matanza	MU	06	Buenos Aires	-34.770298	-58.625378	1841247	
060434	Lanús	MU	06	Buenos Aires	-34.705642	-58.394711	461267	
060441	La Plata	MU	06	Buenos Aires	-35.003847	-58.017778	768547	
060448	Laprida	MU	06	Buenos Aires	-37.516506	-60.768148	11646	
060455	Las Flores	MU	06	Buenos Aires	-36.015827	-59.176461	27239	
060462	Leandro N. Alem	MU	06	Buenos Aires	-34.498565	-61.612587	17266	
060466	Lezama	MU	06	Buenos Aires	-35.849208	-57.894844	6221	
060469	Lincoln	MU	06	Buenos Aires	-35.070448	-61.682458	45506	
060476	Lobería	MU	06	Buenos Aires	-38.090053	-58.69355	18243	
060483	Lobos	MU	06	Buenos Aires	-35.219586	-59.145742	41760	
060490	Lomas de Zamora	MU	06	Buenos Aires	-34.754972	-58.424093	690480	
060497	Luján	MU	06	Buenos Aires	-34.567322	-59.158456	111251	
060505	Magdalena	MU	06	Buenos Aires	-35.185103	-57.686128	26613	
060511	Maipú	MU	06	Buenos Aires	-36.886933	-57.586119	11323	
060515	Malvinas Argentinas	MU	06	Buenos Aires	-34.487311	-58.712137	350674	
060518	Mar Chiquita	MU	06	Buenos Aires	-37.498641	-57.643266	33110	
060525	Marcos Paz	MU	06	Buenos Aires	-34.814003	-58.847831	67011	
060532	Mercedes	MU	06	Buenos Aires	-34.697321	-59.420481	72980	
060539	Merlo	MU	06	Buenos Aires	-34.711003	-58.741958	582486	
060547	Monte	MU	06	Buenos Aires	-35.509827	-58.767236	24868	
060553	Monte Hermoso	MU	06	Buenos Aires	-38.961624	-61.292147	8465	
060560	Moreno	MU	06	Buenos Aires	-34.610681	-58.810899	576632	
060568	Morón	MU	06	Buenos Aires	-34.649386	-58.619832	331183	
060574	Navarro	MU	06	Buenos Aires	-35.030484	-59.429359	19899	
060581	Necochea	MU	06	Buenos Aires	-38.255411	-59.167387	102110	
060588	9 de Julio	MU	06	Buenos Aires	-35.481227	-60.975425	52607	
060595	Olavarría	MU	06	Buenos Aires	-36.857634	-60.670205	125751	
060602	Patagones	MU	06	Buenos Aires	-40.196385	-62.850804	37646	
060609	Pehuajó	MU	06	Buenos Aires	-35.883621	-61.928126	44783	
060616	Pellegrini	MU	06	Buenos Aires	-36.271192	-63.225752	7143	
060623	Pergamino	MU	06	Buenos Aires	-33.836067	-60.544783	115340	
060630	Pila	MU	06	Buenos Aires	-36.202984	-58.340443	4642	
060638	Pilar	MU	06	Buenos Aires	-34.448164	-58.903333	394754	
060644	Pinamar	MU	06	Buenos Aires	-37.111074	-56.870283	39449	
060648	Presidente Perón	MU	06	Buenos Aires	-34.929848	-58.398084	102106	
060651	Puan	MU	06	Buenos Aires	-38.076076	-63.057433	16613	Puán
060655	Punta Indio	MU	06	Buenos Aires	-35.426056	-57.399234	12297	
060658	Quilmes	MU	06	Buenos Aires	-34.734971	-58.276858	633391	
060665	Ramallo	MU	06	Buenos Aires	-33.587187	-60.057508	39730	
060672	Rauch	MU	06	Buenos Aires	-36.572194	-58.944141	16635	
060679	Rivadavia	MU	06	Buenos Aires	-35.581057	-63.094761	19849	
060686	Rojas	MU	06	Buenos Aires	-34.192817	-60.788023	25627	
060693	Roque Pérez	MU	06	Buenos Aires	-35.481636	-59.357512	13977	
060700	Saavedra	MU	06	Buenos Aires	-37.770638	-62.434383	22347	
060707	Saladillo	MU	06	Buenos Aires	-35.676806	-59.702661	35656	
060714	Salto	MU	06	Buenos Aires	-34.271078	-60.305288	39425	
060721	Salliqueló	MU	06	Buenos Aires	-36.671778	-63.047974	9427	
060728	San Andrés de Giles	MU	06	Buenos Aires	-34.437731	-59.473199	26510	
060735	San Antonio de Areco	MU	06	Buenos Aires	-34.220757	-59.519443	26897	
060742	San Cayetano	MU	06	Buenos Aires	-38.389073	-59.586326	8994	
060749	San Fernando	MU	06	Buenos Aires	-34.155836	-58.534582	171616	
060756	San Isidro	MU	06	Buenos Aires	-34.486893	-58.537209	297282	
060760	San Miguel	MU	06	Buenos Aires	-34.552134	-58.691784	328835	
060763	San Nicolás	MU	06	Buenos Aires	-33.482987	-60.293149	168041	
060770	San Pedro	MU	06	Buenos Aires	-33.780986	-59.782626	68613	
060778	San Vicente	MU	06	Buenos Aires	-35.071509	-58.431812	98215	
060784	Suipacha	MU	06	Buenos Aires	-34.748574	-59.703386	11786	
060791	Tandil	MU	06	Buenos Aires	-37.336429	-59.181983	145575	
060798	Tapalqué	MU	06	Buenos Aires	-36.347144	-60.131065	10783	
060805	Tigre	MU	06	Buenos Aires	-34.38202	-58.588174	446949	
060812	Tordillo	MU	06	Buenos Aires	-36.390515	-57.273812	2542	
060819	Tornquist	MU	06	Buenos Aires	-38.257642	-62.290566	14810	
060826	Trenque Lauquen	MU	06	Buenos Aires	-36.056766	-62.63508	49499	
060833	Tres Arroyos	MU	06	Buenos Aires	-38.511814	-60.237417	62426	
060840	Tres de Febrero	MU	06	Buenos Aires	-34.596062	-58.579169	364176	
060847	Tres Lomas	MU	06	Buenos Aires	-36.4971	-62.863908	9164	
060854	25 de Mayo	MU	06	Buenos Aires	-35.527209	-60.230284	35563	
060861	Vicente López	MU	06	Buenos Aires	-34.526555	-58.50441	282280	
060868	Villa Gesell	MU	06	Buenos Aires	-37.367072	-57.063398	37463	
060875	Villarino	MU	06	Buenos Aires	-39.128565	-62.724599	32717	
060882	Zárate	MU	06	Buenos Aires	-33.997088	-59.128218	132221	
100007	El Rodeo	M3	10	Catamarca	-28.243115	-65.947018	1237	
100014	La Puerta	M3	10	Catamarca	-28.160162	-65.805604	1255	
100021	Las Juntas	M3	10	Catamarca	-28.053851	-65.96788	583	
100028	Los Varela	M3	10	Catamarca	-27.856063	-65.925091	2054	
100035	Ancasti	M2	10	Catamarca	-28.927413	-65.504299	3302	
100042	Aconquija	M2	10	Catamarca	-27.504635	-66.058483	3165	
100049	Andalgalá	M1	10	Catamarca	-27.55749	-66.404374	16513	
100056	Antofagasta de la Sierra	M3	10	Catamarca	-25.946762	-67.677876	2022	
100063	Belén	M1	10	Catamarca	-27.712969	-66.847327	16581	
100070	Corral Quemado	M3	10	Catamarca	-26.982058	-67.014612	1722	
100077	Hualfín	M3	10	Catamarca	-27.235262	-66.685908	1612	Hualfin
100084	Londres	M2	10	Catamarca	-27.856067	-67.152065	3542	
100091	Pozo de Piedra	M3	10	Catamarca	-27.548067	-67.171317	2093	
100098	Puerta de Corral Quemado	M3	10	Catamarca	-27.262199	-67.140656	1568	
100105	Puerta de San José	M3	10	Catamarca	-27.435824	-66.94676	1052	
100112	San Fernando	M3	10	Catamarca	-27.310118	-66.856935	791	
100119	Villa Vil	M3	10	Catamarca	-26.550935	-66.806667	1608	
100126	Capayán	M2	10	Catamarca	-29.037124	-65.895142	8012	
100133	Huillapima	M2	10	Catamarca	-28.65662	-65.91475	11873	
100140	San Fernando del Valle de Catamarca	M1	10	Catamarca	-28.411789	-65.836726	186947	
100147	El Alto	M2	10	Catamarca	-28.424567	-65.430796	2849	
100154	Tapso	M3	10	Catamarca	-28.448	-65.200039	1526	
100161	Fray Mamerto Esquiú	M1	10	Catamarca	-28.334334	-65.731191	14625	
100168	Icaño	M2	10	Catamarca	-28.862377	-65.150773	8022	
100175	Recreo	M1	10	Catamarca	-29.526343	-65.202159	18348	
100182	Paclín	M2	10	Catamarca	-28.110314	-65.67432	4725	
100185	Mutquín	M3	10	Catamarca	-28.310311	-66.148216	1235	Mutquin
100189	Pomán	M2	10	Catamarca	-28.413742	-66.429606	4718	
100196	Saujil	M2	10	Catamarca	-28.081302	-66.368525	6307	
100203	San José	M2	10	Catamarca	-26.879764	-66.295673	5930	
100210	Santa María	M1	10	Catamarca	-26.493076	-66.149601	20999	
100213	Los Altos	M2	10	Catamarca	-28.040336	-65.450986	8767	
100217	Santa Rosa	M2	10	Catamarca	-28.116011	-65.241013	4555	
100224	Fiambalá	M2	10	Catamarca	-27.376073	-68.051274	8824	
100231	Tinogasta	M1	10	Catamarca	-28.081183	-67.538603	16571	
100238	Valle Viejo	M1	10	Catamarca	-28.600068	-65.707932	34029	
140007	Embalse	MU	14	Córdoba	-32.215683	-64.381687	9681	
140014	La Cruz	MU	14	Córdoba	-32.310375	-64.480561	1834	
140021	Los Cóndores	MU	14	Córdoba	-32.294127	-64.263175	3390	
140028	Río de los Sauces	MU	14	Córdoba	-32.500839	-64.712026	1262	
140035	Santa Rosa de Calamuchita	MU	14	Córdoba	-32.075303	-64.5467	19125	
140042	Villa del Dique	MU	14	Córdoba	-32.134857	-64.433127	5162	
140049	Villa General Belgrano	MU	14	Córdoba	-31.984374	-64.585415	11775	
140056	San Agustín	MU	14	Córdoba	-31.972726	-64.37644	3911	
140063	Villa Rumipal	MU	14	Córdoba	-32.162561	-64.48586	4015	
140070	Villa Yacanto	MU	14	Córdoba	-32.122539	-64.785588	3362	
140077	Córdoba	MU	14	Córdoba	-31.417052	-64.183223	1505250	
140084	Agua de Oro	MU	14	Córdoba	-31.050025	-64.325994	3242	
140091	Colonia Caroya	MU	14	Córdoba	-31.054154	-64.085954	25261	
140098	Colonia Tirolesa	MU	14	Córdoba	-31.218255	-64.029511	8154	
140102	Estación General Paz	MU	14	Córdoba	-31.12285	-64.147344	2750	
140105	Estación Juárez Celman	MU	14	Córdoba	-31.243785	-64.179399	13890	
140112	Jesús María	MU	14	Córdoba	-30.983036	-64.128279	36582	
140119	La Calera	MU	14	Córdoba	-31.326727	-64.373748	45689	
140126	La Granja	MU	14	Córdoba	-31.000099	-64.275388	4818	
140133	Malvinas Argentinas	MU	14	Córdoba	-31.390846	-64.010457	16122	
140140	Mendiolaza	MU	14	Córdoba	-31.258543	-64.284847	14718	
140143	Mi Granja	MU	14	Córdoba	-31.327557	-63.979	2794	
140147	Río Ceballos	MU	14	Córdoba	-31.172983	-64.319104	27136	
140154	Saldán	MU	14	Córdoba	-31.314741	-64.310895	12891	
140161	Salsipuedes	MU	14	Córdoba	-31.124817	-64.300622	15997	
140168	Unquillo	MU	14	Córdoba	-31.219235	-64.334516	25240	
140175	Villa Allende	MU	14	Córdoba	-31.27233	-64.336146	36982	
140182	Cruz del Eje	MU	14	Córdoba	-30.7457	-64.774981	37001	
140185	El Brete	MU	14	Córdoba	-30.656277	-64.879844	2416	
140189	San Marcos Sierra	MU	14	Córdoba	-30.767319	-64.65118	3494	
140196	Serrezuela	MU	14	Córdoba	-30.567352	-65.351453	3006	
140203	Villa de Soto	MU	14	Córdoba	-30.869081	-65.007398	10577	
140210	Buchardo	MU	14	Córdoba	-34.723679	-63.507312	1960	
140217	Del Campillo	MU	14	Córdoba	-34.37385	-64.531779	3721	
140224	Huinca Renancó	MU	14	Córdoba	-34.837511	-64.375922	9715	
140231	Italó	MU	14	Córdoba	-34.787375	-63.780999	1157	
140238	Jovita	MU	14	Córdoba	-34.517531	-63.943102	5103	
140245	Mattaldi	MU	14	Córdoba	-34.485303	-64.177915	1832	
140252	Villa Huidobro	MU	14	Córdoba	-34.839656	-64.582204	6345	
140259	Villa Valeria	MU	14	Córdoba	-34.341455	-64.919203	3489	
140266	Arroyo Algodón	MU	14	Córdoba	-32.20149	-63.162966	970	
140273	Arroyo Cabral	MU	14	Córdoba	-32.4891	-63.401405	3264	
140280	Ausonia	MU	14	Córdoba	-32.589035	-63.247332	1044	
140287	Chazón	MU	14	Córdoba	-33.077984	-63.274484	1215	
140294	Etruria	MU	14	Córdoba	-32.939587	-63.247634	4609	
140301	La Laguna	MU	14	Córdoba	-32.801996	-63.246247	1628	
140308	La Palestina	MU	14	Córdoba	-32.614685	-63.409951	627	
140315	La Playosa	MU	14	Córdoba	-32.098968	-63.032503	3123	
140322	Luca	MU	14	Córdoba	-32.540125	-63.477391	649	
140329	Pasco	MU	14	Córdoba	-32.745342	-63.340214	1605	
140336	Silvio Pellico	MU	14	Córdoba	-32.251179	-62.932551	522	
140343	Ticino	MU	14	Córdoba	-32.694879	-63.435047	2615	
140350	Tío Pujio	MU	14	Córdoba	-32.279948	-63.351776	3659	
140357	Villa María	MU	14	Córdoba	-32.403101	-63.23663	97815	
140364	Villa Nueva	MU	14	Córdoba	-32.434878	-63.262446	26359	
140371	Deán Funes	MU	14	Córdoba	-30.422748	-64.354676	25360	
140378	Quilino	MU	14	Córdoba	-30.220489	-64.477822	6575	
140385	Alejandro Roca	MU	14	Córdoba	-33.344276	-63.72033	6108	
140392	Bengolea	MU	14	Córdoba	-33.027768	-63.671487	1004	
140399	Carnerillo	MU	14	Córdoba	-32.916645	-64.023984	2698	
140406	Charras	MU	14	Córdoba	-33.023129	-64.048193	1270	
140413	General Cabrera	MU	14	Córdoba	-32.81263	-63.870745	14473	
140420	General Deheza	MU	14	Córdoba	-32.761916	-63.792428	12711	
140427	Huanchilla	MU	14	Córdoba	-33.66666	-63.63519	1147	
140434	La Carlota	MU	14	Córdoba	-33.413706	-63.296377	14571	
140441	Los Cisnes	MU	14	Córdoba	-33.376277	-63.47088	711	
140448	Olaeta	MU	14	Córdoba	-33.044185	-63.910051	670	
140455	Reducción	MU	14	Córdoba	-33.20281	-63.86273	1900	
140462	Santa Eufemia	MU	14	Córdoba	-33.193545	-63.284126	2685	
140469	Ucacha	MU	14	Córdoba	-33.031799	-63.507136	5941	
140476	Alejo Ledesma	MU	14	Córdoba	-33.598736	-62.623854	3624	
140483	Arias	MU	14	Córdoba	-33.639469	-62.40287	7580	
140490	Camilo Aldao	MU	14	Córdoba	-33.126823	-62.095365	4923	
140497	Capitán General Bernardo O'Higgins	MU	14	Córdoba	-33.249044	-62.269039	563	
140504	Cavanagh	MU	14	Córdoba	-33.477402	-62.338793	1286	
140511	Colonia Italiana	MU	14	Córdoba	-33.306574	-62.181364	732	
140518	Corral de Bustos Ifflinger	MU	14	Córdoba	-33.279888	-62.19621	11062	
140525	Cruz Alta	MU	14	Córdoba	-33.006267	-61.811401	7387	
140532	General Baldissera	MU	14	Córdoba	-33.123589	-62.300609	2307	
140539	General Roca	MU	14	Córdoba	-32.727512	-61.914501	2885	
140546	Guatimozín	MU	14	Córdoba	-33.460568	-62.433943	2520	
140553	Inriville	MU	14	Córdoba	-32.944483	-62.223231	3793	
140560	Isla Verde	MU	14	Córdoba	-33.238414	-62.402982	4378	
140567	Leones	MU	14	Córdoba	-32.653388	-62.297776	11433	
140574	Los Surgentes	MU	14	Córdoba	-32.974345	-62.014685	2924	
140581	Marcos Juárez	MU	14	Córdoba	-32.683463	-62.105318	28706	
140588	Monte Buey	MU	14	Córdoba	-32.916989	-62.45315	7187	
140595	Saira	MU	14	Córdoba	-32.408306	-62.101057	917	
140602	San Carlos Minas	MU	14	Córdoba	-31.163758	-65.0831	2181	
140609	Salsacate	MU	14	Córdoba	-31.339377	-65.128217	2126	
140616	General Levalle	MU	14	Córdoba	-34.013245	-63.926821	5815	
140623	La Cesira	MU	14	Córdoba	-33.952241	-62.97593	1348	
140630	Laboulaye	MU	14	Córdoba	-34.12811	-63.387836	22609	
140637	Melo	MU	14	Córdoba	-34.349352	-63.436578	1172	
140644	Rosales	MU	14	Córdoba	-34.174759	-63.15298	486	
140651	Serrano	MU	14	Córdoba	-34.475585	-63.533366	3464	
140658	Villa Rossi	MU	14	Córdoba	-34.297604	-63.270415	526	
140665	Bialet Massé	MU	14	Córdoba	-31.312124	-64.502578	9910	
140672	Capilla del Monte	MU	14	Córdoba	-30.847865	-64.526171	13031	
140679	Cosquín	MU	14	Córdoba	-31.23144	-64.607644	25461	
140686	Huerta Grande	MU	14	Córdoba	-31.072011	-64.496593	7986	
140693	La Cumbre	MU	14	Córdoba	-30.974262	-64.504356	7279	
140700	La Falda	MU	14	Córdoba	-31.103775	-64.524685	16937	
140707	Los Cocos	MU	14	Córdoba	-30.926737	-64.5026	1414	
140710	San Antonio de Arredondo	MU	14	Córdoba	-31.525038	-64.544108	6129	
140714	San Esteban	MU	14	Córdoba	-30.921434	-64.531631	1215	
140721	Santa María de Punilla	MU	14	Córdoba	-31.26705	-64.51629	12108	
140728	Tanti	MU	14	Córdoba	-31.361988	-64.569469	11035	
140735	Valle Hermoso	MU	14	Córdoba	-31.132373	-64.492099	7369	
140742	Villa Carlos Paz	MU	14	Córdoba	-31.420692	-64.508884	71719	
140749	Villa Giardino	MU	14	Córdoba	-31.040129	-64.513438	7386	
140752	Villa Río Icho Cruz	MU	14	Córdoba	-31.486608	-64.561896	2857	
140754	Villa Santa Cruz del Lago	MU	14	Córdoba	-31.370559	-64.51049	3672	
140756	Achiras	MU	14	Córdoba	-33.169696	-64.978331	2870	
140763	Adelia María	MU	14	Córdoba	-33.63339	-64.018706	7975	
140770	Alcira	MU	14	Córdoba	-32.751712	-64.335536	6627	
140777	Alpa Corral	MU	14	Córdoba	-32.682752	-64.727592	1276	
140784	Berrotarán	MU	14	Córdoba	-32.448008	-64.38891	7432	
140791	Bulnes	MU	14	Córdoba	-33.504281	-64.6777	1090	
140798	Chaján	MU	14	Córdoba	-33.556222	-65.004569	618	
140805	Coronel Baigorria	MU	14	Córdoba	-32.853558	-64.367974	1845	
140812	Coronel Moldes	MU	14	Córdoba	-33.621376	-64.595737	9608	
140819	Elena	MU	14	Córdoba	-32.569907	-64.393949	3399	
140826	La Cautiva	MU	14	Córdoba	-33.982049	-64.085502	898	
140833	Las Acequias	MU	14	Córdoba	-33.2801	-63.978297	2537	
140840	Las Higueras	MU	14	Córdoba	-33.104125	-64.294438	10343	
140847	Las Vertientes	MU	14	Córdoba	-33.282153	-64.579801	985	
140854	Monte de los Gauchos	MU	14	Córdoba	-33.63604	-63.902154	864	
140861	Río Cuarto	MU	14	Córdoba	-33.115558	-64.357088	182038	
140868	Sampacho	MU	14	Córdoba	-33.372512	-64.708109	8554	
140875	San Basilio	MU	14	Córdoba	-33.49754	-64.315456	4007	
140882	Santa Catalina Holmberg	MU	14	Córdoba	-33.202408	-64.426254	5057	
140889	Tosquita	MU	14	Córdoba	-33.82144	-64.461116	603	
140896	Vicuña Mackenna	MU	14	Córdoba	-33.928815	-64.407293	11712	
140903	La Para	MU	14	Córdoba	-30.897106	-62.996344	4333	
140910	La Puerta	MU	14	Córdoba	-30.888941	-63.254494	2788	
140917	Montecristo	MU	14	Córdoba	-31.31455	-63.900996	14938	
140924	Obispo Trejo	MU	14	Córdoba	-30.776938	-63.416619	2889	
140931	Piquillín	MU	14	Córdoba	-31.301482	-63.759223	1617	
140938	Río Primero	MU	14	Córdoba	-31.329636	-63.623476	11726	
140945	Villa Santa Rosa	MU	14	Córdoba	-31.153319	-63.40301	9327	
140952	Villa Fontana	MU	14	Córdoba	-30.895189	-63.115433	1093	
140959	Sebastián Elcano	MU	14	Córdoba	-30.159422	-63.592742	3193	
140966	Villa de María	MU	14	Córdoba	-29.894178	-63.725163	6184	
140973	Calchín	MU	14	Córdoba	-31.667654	-63.197421	2940	
140980	Calchín Oeste	MU	14	Córdoba	-31.862693	-63.278109	841	
140987	Capilla del Carmen	MU	14	Córdoba	-31.507855	-63.34122	507	
140994	Carrilobo	MU	14	Córdoba	-31.868863	-63.115197	1561	
141001	Colazo	MU	14	Córdoba	-31.961884	-63.381541	1548	
141008	Costa Sacate	MU	14	Córdoba	-31.647082	-63.762277	1480	
141015	Laguna Larga	MU	14	Córdoba	-31.775722	-63.785984	7966	
141022	Las Junturas	MU	14	Córdoba	-31.829574	-63.450124	1946	
141029	Luque	MU	14	Córdoba	-31.646634	-63.341118	7082	
141036	Manfredi	MU	14	Córdoba	-31.844277	-63.743066	1139	
141043	Matorrales	MU	14	Córdoba	-31.714961	-63.512453	1017	
141050	Oncativo	MU	14	Córdoba	-31.915126	-63.676002	14702	
141057	Pilar	MU	14	Córdoba	-31.680286	-63.882189	18674	
141064	Pozo del Molle	MU	14	Córdoba	-32.019175	-62.917833	5302	
141071	Río Segundo	MU	14	Córdoba	-31.644016	-63.900995	22258	
141078	Santiago Temple	MU	14	Córdoba	-31.39	-63.41857	3298	
141085	Villa del Rosario	MU	14	Córdoba	-31.557009	-63.534075	17680	
141092	Mina Clavero	MU	14	Córdoba	-31.676082	-64.91455	11955	
141099	Nono	MU	14	Córdoba	-31.804725	-65.008991	2169	
141106	San Pedro	MU	14	Córdoba	-31.874351	-65.245058	4469	
141113	Villa Cura Brochero	MU	14	Córdoba	-31.709906	-65.015539	8426	
141120	Villa Sarmiento	MU	14	Córdoba	-31.920035	-65.192885	4736	
141127	La Paz	MU	14	Córdoba	-32.256778	-65.093819	5956	
141130	Las Tapias	MU	14	Córdoba	-31.943941	-65.108335	2862	
141132	Los Cerrillos	MU	14	Córdoba	-31.950781	-65.401167	2599	
141134	San Javier y Yacanto	MU	14	Córdoba	-32.018995	-65.035649	2942	
141141	San José	MU	14	Córdoba	-31.982168	-65.316869	2803	
141148	Villa de las Rosas	MU	14	Córdoba	-31.939449	-65.036573	6008	
141155	Villa Dolores	MU	14	Córdoba	-31.977125	-65.201513	34005	
141162	Alicia	MU	14	Córdoba	-31.939359	-62.465597	3529	
141169	Altos de Chipión	MU	14	Córdoba	-30.954722	-62.33733	2051	
141176	Arroyito	MU	14	Córdoba	-31.419788	-63.046106	28161	
141183	Balnearia	MU	14	Córdoba	-31.009017	-62.669538	6840	
141190	Brinkmann	MU	14	Córdoba	-30.873805	-62.038212	11419	
141197	Colonia Marina	MU	14	Córdoba	-31.248886	-62.362603	1273	
141204	Colonia Prosperidad	MU	14	Córdoba	-31.625521	-62.381647	372	
141211	Colonia San Bartolomé	MU	14	Córdoba	-31.527981	-62.723641	1472	
141218	Colonia Vignaud	MU	14	Córdoba	-30.842435	-61.955456	737	
141225	Devoto	MU	14	Córdoba	-31.405452	-62.304879	7098	
141232	El Arañado	MU	14	Córdoba	-31.742099	-62.894638	1496	
141239	El Fortín	MU	14	Córdoba	-31.969666	-62.301707	1699	
141246	El Tío	MU	14	Córdoba	-31.388936	-62.822581	2397	
141253	Freyre	MU	14	Córdoba	-31.165665	-62.097908	7703	
141260	La Francia	MU	14	Córdoba	-31.404608	-62.636149	4162	
141267	La Paquita	MU	14	Córdoba	-30.90681	-62.215044	1128	
141274	La Tordilla	MU	14	Córdoba	-31.243151	-63.062212	1507	
141281	Las Varas	MU	14	Córdoba	-31.803722	-62.618919	1426	
141288	Las Varillas	MU	14	Córdoba	-31.875339	-62.708509	18849	
141295	Marull	MU	14	Córdoba	-30.996275	-62.824462	2039	
141302	Miramar de Ansenuza	MU	14	Córdoba	-30.917164	-62.669162	2799	
141309	Morteros	MU	14	Córdoba	-30.711769	-62.009154	20729	
141316	Porteña	MU	14	Córdoba	-30.988951	-62.063204	6253	
141323	Quebracho Herrado	MU	14	Córdoba	-31.549883	-62.227048	432	
141330	Sacanta	MU	14	Córdoba	-31.664304	-63.046753	3401	
141337	San Francisco	MU	14	Córdoba	-31.429052	-62.108506	69391	
141344	Saturnino María Laspiur	MU	14	Córdoba	-31.703458	-62.483325	2829	
141351	Seeber	MU	14	Córdoba	-30.925328	-62.019685	780	
141358	Tránsito	MU	14	Córdoba	-31.431325	-63.194738	3847	
141365	Villa Concepción del Tío	MU	14	Córdoba	-31.329798	-62.812206	2441	
141372	Alta Gracia	MU	14	Córdoba	-31.650835	-64.440698	60695	
141375	Anisacate	MU	14	Córdoba	-31.713841	-64.404458	8582	
141377	Bouwer	MU	14	Córdoba	-31.549741	-64.179182	1729	
141379	Despeñaderos	MU	14	Córdoba	-31.802373	-64.303728	7812	
141386	Lozada	MU	14	Córdoba	-31.65461	-64.093712	1189	
141393	Malagueño	MU	14	Córdoba	-31.459878	-64.396789	25918	
141400	Monte Ralo	MU	14	Córdoba	-31.916085	-64.23559	592	
141407	Toledo	MU	14	Córdoba	-31.55265	-64.010814	6367	
141410	Villa Parque Santa Ana	MU	14	Córdoba	-31.59028	-64.347177	5543	
141414	San Francisco del Chañar	MU	14	Córdoba	-29.833582	-63.938883	3196	
141421	Almafuerte	MU	14	Córdoba	-32.202281	-64.241398	13235	
141428	Colonia Almada	MU	14	Córdoba	-32.034494	-63.863783	516	
141435	Corralito	MU	14	Córdoba	-32.02559	-64.187132	1913	
141442	Dalmacio Vélez	MU	14	Córdoba	-32.612453	-63.583831	1880	
141449	Hernando	MU	14	Córdoba	-32.429836	-63.731977	11897	
141456	James Craik	MU	14	Córdoba	-32.16538	-63.461439	6020	
141463	Las Perdices	MU	14	Córdoba	-32.69899	-63.706714	5376	
141470	Los Zorros	MU	14	Córdoba	-32.045061	-63.20639	514	
141477	Oliva	MU	14	Córdoba	-32.048598	-63.557023	13179	
141484	Pampayasta Sud	MU	14	Córdoba	-32.261577	-63.653237	1376	
141491	Río Tercero	MU	14	Córdoba	-32.168393	-64.102709	53416	
141498	Tancacha	MU	14	Córdoba	-32.239513	-63.979258	5677	
141505	Villa Ascasubi	MU	14	Córdoba	-32.169482	-63.889877	2764	
141512	Cañada de Luque	MU	14	Córdoba	-30.738149	-63.725138	1372	
141519	Las Peñas	MU	14	Córdoba	-30.555486	-64.002488	2077	
141526	Sarmiento	MU	14	Córdoba	-30.774969	-64.119926	1394	
141533	Sinsacate	MU	14	Córdoba	-30.942271	-64.080697	2636	
141540	Villa del Totoral	MU	14	Córdoba	-30.709512	-64.056945	10928	
141547	Las Arrias	MU	14	Córdoba	-30.390076	-63.58491	1502	
141554	Lucio Victorio Mansilla	MU	14	Córdoba	-29.794933	-64.668054	1005	
141561	San José de la Dormida	MU	14	Córdoba	-30.357154	-63.947568	5828	
141568	San José de las Salinas	MU	14	Córdoba	-30.006594	-64.596427	912	
141575	San Pedro Norte	MU	14	Córdoba	-30.255458	-64.214611	638	
141582	Villa Tulumba	MU	14	Córdoba	-30.395882	-64.120611	1610	
141589	Alto Alegre	MU	14	Córdoba	-32.34222	-62.881956	1057	
141596	Ballesteros	MU	14	Córdoba	-32.546238	-62.980731	4782	
141603	Ballesteros Sud	MU	14	Córdoba	-32.588795	-63.025079	699	
141610	Bell Ville	MU	14	Córdoba	-32.618729	-62.695039	37995	
141617	Benjamín Gould	MU	14	Córdoba	-33.583964	-62.727545	849	
141624	Canals	MU	14	Córdoba	-33.558695	-62.881141	8390	
141631	Chilibroste	MU	14	Córdoba	-32.332692	-62.513415	893	
141638	Cintra	MU	14	Córdoba	-32.308729	-62.65173	1722	
141645	Colonia Bismarck	MU	14	Córdoba	-33.300508	-62.715996	443	
141652	Idiazábal	MU	14	Córdoba	-32.811825	-63.031431	1737	
141659	Justiniano Posse	MU	14	Córdoba	-32.885116	-62.680314	9591	
141666	Laborde	MU	14	Córdoba	-33.150832	-62.859193	6609	
141673	Monte Leña	MU	14	Córdoba	-32.607341	-62.588795	571	
141680	Monte Maíz	MU	14	Córdoba	-33.205997	-62.60351	8460	
141687	Morrison	MU	14	Córdoba	-32.592916	-62.833793	4019	
141694	Noetinger	MU	14	Córdoba	-32.360807	-62.313278	5762	
141701	Ordóñez	MU	14	Córdoba	-32.840626	-62.864508	2949	
141708	Pascanas	MU	14	Córdoba	-33.126239	-63.041176	2761	
141715	Pueblo Italiano	MU	14	Córdoba	-33.879741	-62.841905	1838	
141722	San Antonio de Litín	MU	14	Córdoba	-32.215457	-62.63314	1796	
141729	San Marcos Sud	MU	14	Córdoba	-32.62626	-62.480458	3487	
141736	Viamonte	MU	14	Córdoba	-33.747305	-63.099481	1789	
141743	Wenceslao Escalante	MU	14	Córdoba	-33.171637	-62.770416	1507	
142007	Amboy	CO	14	Córdoba	-32.176428	-64.575089	353	
142014	Parque Calmayo	CO	14	Córdoba	-32.045634	-64.458349	160	
142021	Cañada del Sauce	CO	14	Córdoba	-32.38272	-64.636927	149	
142028	Las Bajadas	CO	14	Córdoba	-32.092171	-64.340264	231	
142035	Las Caleras	CO	14	Córdoba	-32.401733	-64.518892	301	
142042	Los Molinos	CO	14	Córdoba	-31.856553	-64.379108	460	
142049	Los Reartes	CO	14	Córdoba	-31.915313	-64.589835	3111	
142056	Lutti	CO	14	Córdoba	-32.306573	-64.737789	94	
142063	San Ignacio	CO	14	Córdoba	-32.151683	-64.54691	171	
142070	Segunda Usina	CO	14	Córdoba	-32.17526	-64.372693	196	
142077	Villa Amancay	CO	14	Córdoba	-32.21826	-64.58056	854	
142084	Villa Ciudad Parque Los Reartes	CO	14	Córdoba	-31.889784	-64.521569	2740	
142091	Villa Quillinzo	CO	14	Córdoba	-32.241972	-64.529985	490	
142098	Colonia Vicente Agüero	CO	14	Córdoba	-31.016668	-64.001955	412	
142105	El Manzano	CO	14	Córdoba	-31.082062	-64.338284	1827	
142126	Villa Cerro Azul	CO	14	Córdoba	-31.071705	-64.330009	509	
142133	Alto de los Quebrachos	CO	14	Córdoba	-30.535178	-65.122547	155	
142140	Bañado de Soto	CO	14	Córdoba	-30.803603	-65.05503	735	
142147	Cruz de Caña	CO	14	Córdoba	-31.082888	-64.947591	327	
142161	Guanaco Muerto	CO	14	Córdoba	-30.460202	-65.065989	425	
142168	La Batea	CO	14	Córdoba	-30.428238	-65.26808	176	
142175	La Higuera	CO	14	Córdoba	-31.015471	-65.103303	629	
142182	Las Cañadas	CO	14	Córdoba	-30.974228	-64.764426	295	
142189	Las Playas	CO	14	Córdoba	-30.71254	-64.851201	1104	
142196	Los Chañaritos	CO	14	Córdoba	-30.57355	-64.961222	603	
142203	Media Naranja	CO	14	Córdoba	-30.631265	-64.939251	1197	
142210	Paso Viejo	CO	14	Córdoba	-30.766346	-65.191094	1135	
142217	Tuclame	CO	14	Córdoba	-30.74684	-65.235734	971	
142224	Nicolás Bruzzone	CO	14	Córdoba	-34.441609	-64.338249	368	
142231	Onagoity	CO	14	Córdoba	-34.76991	-63.671713	51	
142238	Pincén	CO	14	Córdoba	-34.838314	-63.917555	218	
142245	Ranqueles	CO	14	Córdoba	-34.842953	-64.09998	60	
142252	Villa Sarmiento	CO	14	Córdoba	-34.15122	-64.736189	421	
142259	Avellaneda	CO	14	Córdoba	-30.59731	-64.228412	467	
142266	Cañada de Río Pinto	CO	14	Córdoba	-30.740523	-64.252693	323	
142273	Chuña	CO	14	Córdoba	-30.454973	-64.641504	697	
142280	Copacabana	CO	14	Córdoba	-30.64426	-64.501592	180	
142287	Los Pozos	CO	14	Córdoba	-30.518452	-64.264907	66	
142294	Olivares de San Nicolás	CO	14	Córdoba	-30.546058	-64.878767	553	
142301	Villa Gutiérrez	CO	14	Córdoba	-30.695621	-64.191111	344	
142308	Assunta	CO	14	Córdoba	-33.633769	-63.225276	75	
142315	El Rastreador	CO	14	Córdoba	-33.665458	-63.539947	131	
142322	Pacheco de Melo	CO	14	Córdoba	-33.757774	-63.489455	138	
142329	Paso del Durazno	CO	14	Córdoba	-33.148846	-64.02141	38	
142336	Colonia Barge	CO	14	Córdoba	-33.256059	-62.607477	412	
142343	Saladillo	CO	14	Córdoba	-32.933038	-62.343035	231	
142350	Villa Elisa	CO	14	Córdoba	-32.833879	-62.295001	42	
142357	Ciénaga del Coro	CO	14	Córdoba	-31.005316	-65.217353	571	
142364	El Chacho	CO	14	Córdoba	-30.808691	-65.459402	165	
142371	Estancia de Guadalupe	CO	14	Córdoba	-31.18563	-65.246001	562	
142378	Guasapampa	CO	14	Córdoba	-31.134641	-65.309883	221	
142385	La Playa	CO	14	Córdoba	-30.949151	-65.348157	369	
142392	Talaini	CO	14	Córdoba	-31.240044	-65.173845	110	
142399	Tosno	CO	14	Córdoba	-30.945585	-65.282838	98	
142406	Chancani	CO	14	Córdoba	-31.41412	-65.454136	572	
142413	Las Palmas	CO	14	Córdoba	-31.374854	-65.332979	319	
142420	Los Talares	CO	14	Córdoba	-31.402593	-65.058261	100	
142427	San Gerónimo	CO	14	Córdoba	-31.355994	-64.929415	184	
142434	Tala Cañada	CO	14	Córdoba	-31.358958	-64.998261	359	
142441	Villa de Pocho	CO	14	Córdoba	-31.473083	-65.284181	301	
142448	Leguizamón	CO	14	Córdoba	-34.204791	-62.979179	35	
142455	Río Bamba	CO	14	Córdoba	-34.060141	-63.734006	103	
142462	San Joaquín	CO	14	Córdoba	-34.510881	-63.713185	180	
142469	Cabalango	CO	14	Córdoba	-31.400901	-64.564047	615	
142476	Casa Grande	CO	14	Córdoba	-31.158289	-64.478139	1406	
142483	Charbonier	CO	14	Córdoba	-30.76106	-64.563354	820	
142490	Cuesta Blanca	CO	14	Córdoba	-31.485021	-64.598433	669	
142497	Estancia Vieja	CO	14	Córdoba	-31.386139	-64.526351	2357	
142504	Mayu Sumaj	CO	14	Córdoba	-31.466017	-64.549632	2876	
142518	San Roque	CO	14	Córdoba	-31.351425	-64.450468	2476	
142525	Tala Huasi	CO	14	Córdoba	-31.467011	-64.572784	200	
142532	Villa Parque Síquiman	CO	14	Córdoba	-31.352153	-64.492694	3561	
142553	Chucul	CO	14	Córdoba	-33.010848	-64.170442	585	
142560	La Carolina El Potosí	CO	14	Córdoba	-33.189081	-64.726749	193	
142567	Las Albahacas	CO	14	Córdoba	-32.897035	-64.816908	382	
142574	Las Peñas Sud	CO	14	Córdoba	-32.533406	-64.108314	178	
142581	Malena	CO	14	Córdoba	-33.490451	-64.431744	369	
142588	Suco	CO	14	Córdoba	-33.441436	-64.829047	374	
142595	Villa El Chacay	CO	14	Córdoba	-32.894409	-64.865882	83	
142602	Washington	CO	14	Córdoba	-33.874813	-64.690751	550	
142609	Atahona	CO	14	Córdoba	-30.904037	-63.705782	157	
142616	Cañada de Machado	CO	14	Córdoba	-31.429123	-63.586975	186	
142623	Capilla de los Remedios	CO	14	Córdoba	-31.426908	-63.820334	1197	
142630	Chalacea	CO	14	Córdoba	-30.763205	-63.576918	171	
142637	Colonia Las Cuatro Esquinas	CO	14	Córdoba	-31.203627	-63.224324	93	
142644	Comechingones	CO	14	Córdoba	-31.171689	-63.606641	316	
142651	Diego de Rojas	CO	14	Córdoba	-31.027609	-63.341251	542	
142658	El Crispín	CO	14	Córdoba	-31.01898	-63.607185	230	
142665	Esquina	CO	14	Córdoba	-31.096555	-63.778771	286	
142672	Kilómetro 658	CO	14	Córdoba	-31.369637	-63.530934	475	
142679	La Posta	CO	14	Córdoba	-30.568448	-63.515098	320	
142686	La Quinta	CO	14	Córdoba	-31.075871	-63.15035	190	
142693	Las Gramillas	CO	14	Córdoba	-31.132706	-63.228251	121	
142700	Las Saladas	CO	14	Córdoba	-30.760151	-63.204319	175	
142707	Maquinista Gallini	CO	14	Córdoba	-30.918198	-63.534628	100	
142714	Plaza de Mercedes	CO	14	Córdoba	-30.977225	-63.261176	56	
142721	Sagrada Familia	CO	14	Córdoba	-31.287931	-63.445389	72	
142728	Tinoco	CO	14	Córdoba	-31.104532	-63.905254	472	
142735	Cerro Colorado	CO	14	Córdoba	-30.101903	-63.930832	307	
142742	Chañar Viejo	CO	14	Córdoba	-29.992499	-63.8515	187	
142749	Eufrasio Loza	CO	14	Córdoba	-29.924964	-63.589536	169	
142756	Gutemberg	CO	14	Córdoba	-29.703742	-63.550457	818	
142763	La Rinconada	CO	14	Córdoba	-30.160281	-62.933484	273	
142770	Los Hoyos	CO	14	Córdoba	-29.78485	-63.626676	448	
142777	Puesto de Castro	CO	14	Córdoba	-30.193668	-63.40257	293	
142784	Rayo Cortado	CO	14	Córdoba	-30.071938	-63.828433	849	
142791	Santa Elena	CO	14	Córdoba	-30.114783	-63.858796	367	
142798	Villa Candelaria Norte	CO	14	Córdoba	-29.824061	-63.342832	428	
142805	Colonia Videla	CO	14	Córdoba	-31.916955	-63.503991	97	
142812	Impira	CO	14	Córdoba	-31.796828	-63.6503	175	
142819	Los Chañaritos	CO	14	Córdoba	-31.401439	-63.334191	264	
142826	Rincón	CO	14	Córdoba	-31.594178	-63.626215	634	
142833	Ambul	CO	14	Córdoba	-31.518677	-65.07803	1307	
142840	Arroyo de los Patos	CO	14	Córdoba	-31.76422	-65.001323	1413	
142847	Las Calles	CO	14	Córdoba	-31.835949	-64.928894	735	
142854	Las Rabonas	CO	14	Córdoba	-31.870962	-64.948943	974	
142861	Panaholma	CO	14	Córdoba	-31.620478	-65.06864	243	
142868	San Lorenzo	CO	14	Córdoba	-31.658644	-65.005101	2200	
142875	San Vicente	CO	14	Córdoba	-31.836804	-65.531256	1709	
142882	Sauce Arriba	CO	14	Córdoba	-31.911188	-65.162548	685	
142889	Conlara	CO	14	Córdoba	-32.089275	-65.166265	341	
142896	La Población	CO	14	Córdoba	-32.077989	-64.997002	783	
142917	Los Hornillos	CO	14	Córdoba	-31.898533	-64.987449	1901	
142924	Luyaba	CO	14	Córdoba	-32.148269	-65.074117	2142	
142931	Colonia Anita	CO	14	Córdoba	-31.121099	-62.234251	9	
142938	Colonia Iturraspe	CO	14	Córdoba	-31.207643	-62.111194	19	
142945	Colonia Las Pichanas	CO	14	Córdoba	-31.303996	-62.936694	256	
142952	Colonia San Pedro	CO	14	Córdoba	-30.782689	-61.917354	124	
142959	Colonia Valtelina	CO	14	Córdoba	-31.052408	-62.23398	249	
142966	Plaza Luxardo	CO	14	Córdoba	-31.307526	-62.145865	225	
142973	Toro Pujio	CO	14	Córdoba	-31.105627	-62.997513	210	
142980	Villa San Esteban	CO	14	Córdoba	-31.645567	-62.903336	85	
143001	Dique Chico	CO	14	Córdoba	-31.718132	-64.353161	488	
143008	Falda del Carmen	CO	14	Córdoba	-31.576198	-64.482402	2066	
143015	La Cumbrecita	CO	14	Córdoba	-31.898387	-64.786484	748	
143022	La Paisanita	CO	14	Córdoba	-31.698419	-64.478661	287	
143029	La Rancherita	CO	14	Córdoba	-31.755785	-64.46141	230	
143036	La Serranita	CO	14	Córdoba	-31.741137	-64.461782	598	
143043	Los Cedros	CO	14	Córdoba	-31.531176	-64.288337	1595	
143050	Potrero de Garay	CO	14	Córdoba	-31.801159	-64.589143	2268	
143057	Rafael García	CO	14	Córdoba	-31.648481	-64.261463	636	
143064	San Clemente	CO	14	Córdoba	-31.722279	-64.63448	211	
143071	Valle de Anisacate	CO	14	Córdoba	-31.735076	-64.419221	1829	
143078	Villa Ciudad de América	CO	14	Córdoba	-31.767092	-64.515527	1145	
143085	Villa del Prado	CO	14	Córdoba	-31.620468	-64.391792	4051	
143092	Villa La Bolsa	CO	14	Córdoba	-31.732072	-64.429477	1456	
143099	Villa Los Aromos	CO	14	Córdoba	-31.7199	-64.438356	1554	
143113	Villa San Isidro	CO	14	Córdoba	-31.804689	-64.416156	607	
143120	Caminiaga	CO	14	Córdoba	-30.063611	-64.015967	332	
143127	Chuña Huasi	CO	14	Córdoba	-29.89394	-64.126086	84	
143134	Pozo Nuevo	CO	14	Córdoba	-29.575293	-64.124895	348	
143141	General Fotheringham	CO	14	Córdoba	-32.321804	-63.867821	337	
143148	Las Isletillas	CO	14	Córdoba	-32.50817	-63.929421	262	
143155	Pampayasta Norte	CO	14	Córdoba	-32.237996	-63.656993	264	
143162	Punta del Agua	CO	14	Córdoba	-32.576514	-63.81119	237	
143169	Candelaria Sud	CO	14	Córdoba	-30.843318	-63.803259	112	
143176	Capilla de Sitón	CO	14	Córdoba	-30.57214	-63.653162	555	
143183	La Pampa	CO	14	Córdoba	-30.946022	-64.267738	882	
143190	Los Mistoles	CO	14	Córdoba	-30.626346	-63.883133	125	
143197	Simbolar	CO	14	Córdoba	-30.475938	-63.984892	443	
143204	Churqui Cañada	CO	14	Córdoba	-30.215081	-63.938668	93	
143211	El Rodeo	CO	14	Córdoba	-30.164758	-63.857647	206	
143218	Rosario del Saladillo	CO	14	Córdoba	-30.365343	-63.390423	219	
143225	Aldea Santa María	CO	14	Córdoba	-33.699324	-62.914224	157	
143232	Ana Zumarán	CO	14	Córdoba	-32.392033	-63.058042	215	
143239	Colonia Bremen	CO	14	Córdoba	-33.463414	-62.730992	290	
143246	Villa Los Patos	CO	14	Córdoba	-32.767565	-62.727498	25	
180007	Bella Vista	MU	18	Corrientes	-28.603183	-58.933614	41358	
180010	Tres de Abril	MU	18	Corrientes	-28.360794	-58.926331	3048	
180014	San Antonio de Itatí	MU	18	Corrientes	-27.477352	-57.612014	2826	
180021	Corrientes	MU	18	Corrientes	-27.493821	-58.770884	430170	
180028	Riachuelo	MU	18	Corrientes	-27.587789	-58.743205	7652	
180035	Santa Rosa	MU	18	Corrientes	-28.148142	-57.945475	13480	Colonia Santa Rosa
180042	Concepción del Yaguareté Corá	MU	18	Corrientes	-28.508569	-58.031585	6253	
180049	Tabay	MU	18	Corrientes	-28.2855	-58.287388	3351	
180056	Tatacuá	MU	18	Corrientes	-28.378708	-58.305082	3198	
180059	Cazadores Correntinos	MU	18	Corrientes	-30.114997	-58.269784	1270	
180063	Curuzú Cuatiá	MU	18	Corrientes	-29.684306	-58.278671	44294	
180070	Perugorría	MU	18	Corrientes	-29.293894	-58.512588	5968	
180073	El Sombrero	MU	18	Corrientes	-27.702873	-58.668654	1694	
180077	Empedrado	MU	18	Corrientes	-27.93899	-58.665042	14903	
180081	Manuel Derqui	MU	18	Corrientes	-27.811053	-58.692296	1371	
180084	Esquina	MU	18	Corrientes	-29.933746	-59.226621	35339	
180091	Pueblo Libertador	MU	18	Corrientes	-30.256484	-59.318977	3846	
180098	Alvear	MU	18	Corrientes	-28.767859	-56.527235	8816	
180105	Estación Torrent	MU	18	Corrientes	-28.816951	-56.421678	329	
180112	Caá Catí	MU	18	Corrientes	-27.717968	-57.733017	8578	
180119	Itá Ibaté	MU	18	Corrientes	-27.532313	-57.364581	5388	
180126	Lomas de Vallejos	MU	18	Corrientes	-27.745887	-58.029778	1440	
180133	Palmar Grande	MU	18	Corrientes	-27.922999	-57.91462	1614	
180137	Carolina	MU	18	Corrientes	-29.122402	-59.131046	2489	
180140	Goya	MU	18	Corrientes	-29.338278	-59.180663	98514	
180143	San Isidro	MU	18	Corrientes	-29.703757	-59.418443	5368	
180147	Itatí	MU	18	Corrientes	-27.343465	-58.049134	10345	
180154	Ramada Paso	MU	18	Corrientes	-27.366936	-58.299808	1665	
180161	Colonia Liebig	MU	18	Corrientes	-27.779746	-56.056804	4423	
180168	Ituzaingó	MU	18	Corrientes	-27.966398	-56.916302	27487	
180175	San Antonio Isla Apipé Grande	MU	18	Corrientes	-27.508796	-56.866624	1809	
180182	San Carlos	MU	18	Corrientes	-27.640424	-56.027416	3585	
180186	Villa Olivari	MU	18	Corrientes	-27.629483	-56.945043	1533	
180188	Cecilio Echavarría	MU	18	Corrientes	-28.92951	-59.137171	1305	
180189	Cruz de los Milagros	MU	18	Corrientes	-28.845985	-59.081982	1702	
180196	Gobernador Martínez	MU	18	Corrientes	-28.907864	-58.911094	4653	
180203	Lavalle	MU	18	Corrientes	-29.028343	-59.172278	9236	
180210	Santa Lucía	MU	18	Corrientes	-29.004867	-59.06262	20163	
180217	Yatay Ti Calle	MU	18	Corrientes	-29.060171	-58.797446	3389	
180224	Mburucuyá	MU	18	Corrientes	-28.016384	-58.185564	11568	
180231	Felipe Yofre	MU	18	Corrientes	-29.061516	-58.404241	2368	Felipe Yofré
180238	Mariano I. Loza	MU	18	Corrientes	-29.342768	-58.165543	2561	
180245	Mercedes	MU	18	Corrientes	-29.054358	-57.759642	44953	
180252	Colonia Libertad	MU	18	Corrientes	-29.959861	-57.897586	1670	
180259	Juan Pujol	MU	18	Corrientes	-30.377747	-57.888895	2991	
180266	Mocoretá	MU	18	Corrientes	-30.548736	-57.957719	9535	
180273	Monte Caseros	MU	18	Corrientes	-30.18163	-57.82451	31474	
180280	Bonpland	MU	18	Corrientes	-29.94494	-57.460995	1372	
180287	Parada Pucheta	MU	18	Corrientes	-29.831933	-57.586087	877	
180294	Paso de los Libres	MU	18	Corrientes	-29.51039	-57.304634	53969	
180301	Tapebicuá	MU	18	Corrientes	-29.382575	-56.994495	771	
180308	Saladas	MU	18	Corrientes	-28.303807	-58.624007	22347	
180315	San Lorenzo	MU	18	Corrientes	-28.162508	-58.772003	4592	
180318	Pago de los Deseos	MU	18	Corrientes	-28.127551	-58.454842	2259	
180322	Paso de la Patria	MU	18	Corrientes	-27.344844	-58.579566	8765	
180329	San Cosme	MU	18	Corrientes	-27.371289	-58.447417	6206	
180336	Santa Ana de los Guácaras	MU	18	Corrientes	-27.444995	-58.611851	4735	
180343	Herlitzka	MU	18	Corrientes	-27.617176	-58.335007	968	
180350	San Luis del Palmar	MU	18	Corrientes	-27.600347	-58.260832	20491	
180357	Carlos Pellegrini	MU	18	Corrientes	-28.522815	-56.97965	1120	Colonia Carlos Pellegrini
180364	Guaviraví	MU	18	Corrientes	-29.324715	-56.820106	991	
180371	La Cruz	MU	18	Corrientes	-28.910251	-56.921162	10663	
180378	Yapeyú	MU	18	Corrientes	-29.389237	-56.789584	2413	
180385	Loreto	MU	18	Corrientes	-27.665044	-57.238912	3526	
180392	San Miguel	MU	18	Corrientes	-28.038098	-57.541741	9187	
180399	9 de Julio	MU	18	Corrientes	-28.826454	-58.828108	3402	
180406	Pedro R. Fernández	MU	18	Corrientes	-28.774877	-58.654018	2496	
180413	Chavarría	MU	18	Corrientes	-28.878126	-58.51919	3438	
180417	Colonia Pando	MU	18	Corrientes	-28.488848	-58.496395	2680	
180420	San Roque	MU	18	Corrientes	-28.671136	-58.769172	10699	
180427	Garruchos	MU	18	Corrientes	-28.10461	-55.741781	1081	
180434	Gobernador Ingeniero Valentín Virasoro	MU	18	Corrientes	-28.025371	-56.146362	37202	Gobernador Virasoro
180441	Garaví	MU	18	Corrientes	-28.194022	-55.840045	1765	
180448	Santo Tomé	MU	18	Corrientes	-28.330698	-56.308613	31879	
180455	Sauce	MU	18	Corrientes	-29.999503	-58.794997	10382	
220007	Concepción del Bermejo	M2	22	Chaco	-26.436939	-60.914011	6360	
220014	Los Frentones	M3	22	Chaco	-26.035567	-61.474532	8176	
220021	Pampa del Infierno	M2	22	Chaco	-26.397766	-61.14121	12089	
220028	Taco Pozo	M2	22	Chaco	-25.32899	-62.582939	11226	
220035	General Vedia	M3	22	Chaco	-26.822209	-58.72837	3593	
220042	Isla del Cerrito	M3	22	Chaco	-27.304153	-58.68044	2335	
220049	La Leonesa	M2	22	Chaco	-26.990947	-58.84695	12609	
220056	Las Palmas	M2	22	Chaco	-27.124685	-58.676382	6841	
220063	Puerto Bermejo	M3	22	Chaco	-26.887473	-58.521824	2207	
220070	Puerto Eva Perón	M3	22	Chaco	-26.711877	-58.637221	559	
220077	Presidencia Roque Sáenz Peña	M1	22	Chaco	-26.78539	-60.461287	101960	
220084	Charata	M1	22	Chaco	-27.11535	-61.308835	34598	
220091	Gancedo	M3	22	Chaco	-27.405543	-61.633781	5829	
220098	General Capdevila	M3	22	Chaco	-27.410267	-61.467446	443	
220105	General Pinedo	M2	22	Chaco	-27.274471	-61.36832	16950	
220112	Hermoso Campo	M2	22	Chaco	-27.619855	-61.328952	8319	
220119	Chorotis	M3	22	Chaco	-27.879182	-61.541884	1404	
220126	Santa Sylvina	M2	22	Chaco	-27.853915	-61.122208	9249	
220133	Corzuela	M2	22	Chaco	-26.847848	-61.071355	12807	
220140	La Escondida	M2	22	Chaco	-27.095025	-59.485938	4397	
220147	Lapachito	M3	22	Chaco	-27.259945	-59.467735	1512	
220154	La Verde	M3	22	Chaco	-27.071512	-59.326679	3142	
220161	Makallé	M2	22	Chaco	-27.111566	-59.23119	6045	
220165	El Espinillo	M3	22	Chaco	-25.408798	-60.447785	1538	
220168	El Sauzalito	M3	22	Chaco	-24.654311	-61.648138	8366	
220175	Fuerte Esperanza	M3	22	Chaco	-25.040999	-61.994769	3775	
220182	Juan José Castelli	M2	22	Chaco	-25.915687	-60.663032	31103	
220189	Miraflores	M2	22	Chaco	-25.477957	-61.036622	9925	
220196	Misión Nueva Pompeya	M3	22	Chaco	-24.99184	-61.55299	5317	
220203	Villa Río Bermejito	M3	22	Chaco	-25.457496	-60.512369	8501	
220210	Avia Terai	M2	22	Chaco	-26.580976	-60.726022	7349	
220217	Campo Largo	M2	22	Chaco	-26.854235	-60.802688	11448	
220224	Napenay	M3	22	Chaco	-26.678743	-60.630434	3199	
220231	Colonia Popular	M3	22	Chaco	-27.293537	-59.127619	566	
220238	Laguna Blanca	M3	22	Chaco	-27.22585	-59.19089	1045	
220245	Puerto Tirol	M2	22	Chaco	-27.379582	-59.297634	12196	
220252	Ciervo Petiso	M3	22	Chaco	-26.567776	-59.621218	1261	
220259	General San Martín	M1	22	Chaco	-26.521336	-59.275281	35790	
220266	La Eduvigis	M3	22	Chaco	-26.730581	-58.935973	1911	
220273	Laguna Limpia	M3	22	Chaco	-26.416056	-59.682436	1757	
220280	Pampa Almirón	M3	22	Chaco	-26.64294	-59.043672	1564	
220287	Pampa del Indio	M2	22	Chaco	-26.020262	-59.971049	18284	
220294	Presidencia Roca	M3	22	Chaco	-26.177015	-59.684145	5119	
220301	Tres Isletas	M2	22	Chaco	-26.31901	-60.454644	26416	
220308	Coronel Du Graty	M2	22	Chaco	-27.749103	-60.894719	9665	
220315	Enrique Urién	M3	22	Chaco	-27.797616	-60.452969	776	
220322	Villa Ángela	M1	22	Chaco	-27.676039	-60.756287	49524	
220329	Las Breñas	M1	22	Chaco	-26.943639	-61.264612	30258	
220336	La Clotilde	M3	22	Chaco	-27.165829	-60.680226	4154	
220343	La Tigra	M3	22	Chaco	-27.082755	-60.615348	4563	
220350	San Bernardo	M2	22	Chaco	-27.336748	-60.70059	12862	
220357	Presidencia de la Plaza	M2	22	Chaco	-27.044625	-59.774564	13956	
220364	Colonia Benítez	M3	22	Chaco	-27.309313	-58.85343	5824	
220371	Margarita Belén	M3	22	Chaco	-27.087415	-59.018567	8455	
220378	Quitilipi	M1	22	Chaco	-26.660904	-60.171812	32642	
220385	Barranqueras	M1	22	Chaco	-27.481909	-58.919652	59846	
220392	Basail	M3	22	Chaco	-27.874721	-59.179316	3844	
220399	Fontana	M1	22	Chaco	-27.424029	-59.047156	40660	
220406	Puerto Vilelas	M2	22	Chaco	-27.705395	-58.910502	11150	
220413	Resistencia	M1	22	Chaco	-27.594622	-59.144104	300640	
220420	Samuhú	M3	22	Chaco	-27.608525	-60.352014	1901	
220427	Villa Berthet	M2	22	Chaco	-27.264193	-60.370765	14161	
220434	Capitán Solari	M3	22	Chaco	-26.801005	-59.435272	2664	
220441	Colonia Elisa	M3	22	Chaco	-26.924505	-59.407008	5764	
220448	Colonias Unidas	M3	22	Chaco	-26.69683	-59.620033	4308	
220455	Las Garcitas	M3	22	Chaco	-26.621101	-59.778538	6057	
220462	Cote Lai	M3	22	Chaco	-27.689613	-59.567037	1696	
220469	Charadai	M3	22	Chaco	-27.644254	-59.961583	2363	
220473	Colonia Aborigen	M3	22	Chaco	-26.955888	-60.202873	1289	
220476	Machagai	M1	22	Chaco	-26.818775	-60.020956	31504	
260007	Puerto Madryn	M1	26	Chubut	-42.731477	-65.048338	102505	
260014	Cholila	M2	26	Chubut	-42.482633	-71.421853	2831	
260021	El Hoyo	M2	26	Chubut	-42.108223	-71.493934	4210	
260028	El Maitén	M2	26	Chubut	-42.122772	-71.150929	4885	
260035	Epuyén	M2	26	Chubut	-42.274215	-71.347738	2413	
260042	Lago Puelo	M2	26	Chubut	-42.030476	-71.566736	10083	
260049	Comodoro Rivadavia	M1	26	Chubut	-45.839341	-67.591315	201854	
260056	Rada Tilly	M1	26	Chubut	-45.933266	-67.577962	13494	
260063	Camarones	M2	26	Chubut	-44.798316	-65.750107	1638	
260070	Corcovado	M2	26	Chubut	-43.51793	-71.457094	1616	
260077	Esquel	M1	26	Chubut	-42.910518	-71.315843	37261	
260084	Trevelin	M1	26	Chubut	-43.197539	-71.45043	10812	
260091	Dolavon	M2	26	Chubut	-43.332971	-65.683609	3967	
260098	Gaiman	M1	26	Chubut	-43.308497	-65.511817	7851	
260105	Tecka	M2	26	Chubut	-43.513165	-70.830328	1259	
260112	Rawson	M1	26	Chubut	-43.258566	-65.088623	38652	
260119	Trelew	M1	26	Chubut	-43.248944	-65.318117	106796	
260126	Alto Río Senguer	M2	26	Chubut	-44.943532	-71.206035	1701	
260133	Río Mayo	M2	26	Chubut	-45.700601	-70.267509	3164	
260140	Sarmiento	M1	26	Chubut	-45.640521	-69.015894	14394	
260147	Gobernador Costa	M2	26	Chubut	-44.282243	-70.779037	2717	
260154	José de San Martín	M2	26	Chubut	-44.051505	-70.463884	1610	
260161	Río Pico	M2	26	Chubut	-44.181342	-71.343114	1300	
265007	Gualjaina	CF	26	Chubut	-42.714208	-70.538506	1045	
265014	28 de Julio	CF	26	Chubut	-43.383702	-65.839121	609	
265021	Paso de Indios	CF	26	Chubut	-43.868399	-69.048342	1367	
265028	Puerto Pirámides	CF	26	Chubut	-42.548684	-64.270513	524	
268014	Cushamen	CR	26	Chubut	-42.16306	-70.658771	983	
268021	Cerro Centinela	CR	26	Chubut	-43.462326	-71.609076	80	
268028	Dique Florentino Ameghino	CR	26	Chubut	-43.694645	-66.493818	183	
268035	Gastre	CR	26	Chubut	-42.287176	-69.216774	612	
268042	Lagunita Salada	CR	26	Chubut	-42.765134	-69.175788	154	
268049	Aldea Epulef	CR	26	Chubut	-43.304819	-69.683215	166	
268056	Carrenleufú	CR	26	Chubut	-43.577521	-71.656128	320	
268063	Colan Conhué	CR	26	Chubut	-43.256967	-70.016593	246	Colan Conhue
268070	Paso del Sapo	CR	26	Chubut	-42.74632	-69.583628	514	
268077	Las Plumas	CR	26	Chubut	-43.713722	-67.292593	589	
268084	Los Altares	CR	26	Chubut	-43.891537	-68.439661	202	
268091	Aldea Beleiro	CR	26	Chubut	-45.55476	-71.547943	199	
268098	Doctor Ricardo Rojas	CR	26	Chubut	-45.577703	-71.037233	234	
268105	Facundo	CR	26	Chubut	-45.295779	-69.968919	256	
268112	Lago Blanco	CR	26	Chubut	-45.933487	-71.282143	227	
268119	Buen Pasto	CR	26	Chubut	-45.068317	-69.465388	88	
268126	Gan Gan	CR	26	Chubut	-42.517454	-68.282712	768	
268133	Telsen	CR	26	Chubut	-42.422508	-66.953076	577	
268140	Aldea Apeleg	CR	26	Chubut	-44.687639	-70.852913	142	
268147	Dr. Atilio Oscar Viglione	CR	26	Chubut	-44.173103	-71.679404	184	
300007	Colón	MU	30	Entre Ríos	-32.260509	-58.207616	31744	
300011	Pueblo Liebig	MU	30	Entre Ríos	-32.147907	-58.231793	1641	
300014	San José	MU	30	Entre Ríos	-32.206767	-58.267552	22309	
300021	Ubajay	MU	30	Entre Ríos	-31.771774	-58.267287	3240	
300028	Villa Elisa	MU	30	Entre Ríos	-32.138526	-58.409049	12524	
300035	Colonia Ayuí	MU	30	Entre Ríos	-31.216139	-58.034551	2588	
300042	Concordia	MU	30	Entre Ríos	-31.343991	-58.034228	180325	
300049	Estancia Grande	MU	30	Entre Ríos	-31.462766	-58.162024	3119	
300056	La Criolla	MU	30	Entre Ríos	-31.26433	-58.112785	2345	
300063	Los Charrúas	MU	30	Entre Ríos	-31.208057	-58.194307	3867	
300070	Puerto Yeruá	MU	30	Entre Ríos	-31.553419	-58.059341	1980	
300074	Aldea Brasilera	MU	30	Entre Ríos	-31.903236	-60.622201	1322	
300077	Valle María	MU	30	Entre Ríos	-31.989587	-60.595456	3189	Aldea Valle María
300084	Diamante	MU	30	Entre Ríos	-32.097698	-60.581144	21562	
300091	General Ramírez	MU	30	Entre Ríos	-32.180346	-60.217927	10796	
300098	Libertador San Martín	MU	30	Entre Ríos	-32.087903	-60.471004	9419	Villa Libertador San Martín
300105	Chajarí	MU	30	Entre Ríos	-30.739916	-57.978453	41884	
300112	Federación	MU	30	Entre Ríos	-31.050943	-57.949548	19938	
300115	Los Conquistadores	MU	30	Entre Ríos	-30.597949	-58.438087	1537	
300119	San Jaime de la Frontera	MU	30	Entre Ríos	-30.33626	-58.301224	4841	
300126	Santa Ana	MU	30	Entre Ríos	-30.866006	-57.92597	1991	
300133	Villa del Rosario	MU	30	Entre Ríos	-30.793499	-57.876238	4401	
300140	Conscripto Bernardi	MU	30	Entre Ríos	-31.025964	-59.106429	1815	
300147	Federal	MU	30	Entre Ríos	-30.947547	-58.771149	21638	
300154	Sauce de Luna	MU	30	Entre Ríos	-31.245855	-59.234144	3270	
300161	San José de Feliciano	MU	30	Entre Ríos	-30.373476	-58.753965	14440	
300168	General Galarza	MU	30	Entre Ríos	-32.71359	-59.397517	5808	
300175	Gualeguay	MU	30	Entre Ríos	-33.147901	-59.328847	48163	
300182	Aldea San Antonio	MU	30	Entre Ríos	-32.623507	-58.708411	1771	
300184	Enrique Carbó	MU	30	Entre Ríos	-33.162059	-59.096755	1326	
300185	Gilbert	MU	30	Entre Ríos	-32.540942	-58.923349	1020	
300189	Gualeguaychú	MU	30	Entre Ríos	-33.027644	-58.420761	95337	San José de Gualeguaychú
300196	Larroque	MU	30	Entre Ríos	-33.034676	-58.995518	7617	
300199	Pueblo General Belgrano	MU	30	Entre Ríos	-32.996949	-58.431799	3660	
300203	Urdinarrain	MU	30	Entre Ríos	-32.687526	-58.883229	10397	
300210	Ceibas	MU	30	Entre Ríos	-33.546253	-58.828317	2538	
300217	Ibicuy	MU	30	Entre Ríos	-33.719101	-59.118352	5688	
300224	Villa Paranacito	MU	30	Entre Ríos	-33.80447	-58.661117	4758	
300231	Alcaraz	MU	30	Entre Ríos	-31.418834	-59.589441	2943	
300238	Bovril	MU	30	Entre Ríos	-31.32617	-59.452718	9633	
300245	La Paz	MU	30	Entre Ríos	-30.753293	-59.602583	30858	
300252	Piedras Blancas	MU	30	Entre Ríos	-31.195354	-59.888444	2087	
300255	San Gustavo	MU	30	Entre Ríos	-30.690804	-59.444264	1999	
300259	Santa Elena	MU	30	Entre Ríos	-30.939287	-59.740888	20538	
300266	Aranguren	MU	30	Entre Ríos	-32.206466	-60.118787	2165	Villa Aranguren
300273	Hernández	MU	30	Entre Ríos	-32.319382	-60.025892	2034	Villa Sabá Z. Hernández
300280	Lucas González	MU	30	Entre Ríos	-32.403806	-59.526706	5058	
300287	Nogoyá	MU	30	Entre Ríos	-32.3877	-59.820066	27493	
300291	Aldea María Luisa	MU	30	Entre Ríos	-31.883852	-60.410506	1394	
300294	Cerrito	MU	30	Entre Ríos	-31.565262	-60.071021	6398	
300297	Colonia Avellaneda	MU	30	Entre Ríos	-31.734886	-60.398246	9276	
300301	Crespo	MU	30	Entre Ríos	-32.024534	-60.311361	24570	
300305	El Pingo	MU	30	Entre Ríos	-31.582968	-59.890848	1166	
300308	Hasenkamp	MU	30	Entre Ríos	-31.522594	-59.830925	5620	
300315	Villa Hernandarias	MU	30	Entre Ríos	-31.265789	-59.996569	6539	Hernandarias
300322	María Grande	MU	30	Entre Ríos	-31.663164	-59.892836	9339	
300329	Oro Verde	MU	30	Entre Ríos	-31.818686	-60.516288	7581	
300336	Paraná	MU	30	Entre Ríos	-31.749356	-60.501204	271304	
300340	Pueblo Brugo	MU	30	Entre Ríos	-31.387329	-60.091814	1234	
300343	San Benito	MU	30	Entre Ríos	-31.802648	-60.417701	16830	
300350	Seguí	MU	30	Entre Ríos	-31.948329	-60.131255	4510	
300357	Tabossi	MU	30	Entre Ríos	-31.803996	-59.907399	1763	
300364	Viale	MU	30	Entre Ríos	-31.862458	-59.968352	11204	
300371	Villa Urquiza	MU	30	Entre Ríos	-31.670931	-60.317245	1794	
300378	General Campos	MU	30	Entre Ríos	-31.536848	-58.414954	3712	
300385	San Salvador	MU	30	Entre Ríos	-31.617799	-58.501106	16251	
300392	Gobernador Mansilla	MU	30	Entre Ríos	-32.553886	-59.339744	2992	
300399	Maciá	MU	30	Entre Ríos	-32.16867	-59.389511	8346	
300406	Rosario del Tala	MU	30	Entre Ríos	-32.300726	-59.138874	16813	
300413	Basavilbaso	MU	30	Entre Ríos	-32.361255	-58.879111	10683	
300420	Caseros	MU	30	Entre Ríos	-32.475136	-58.484232	2823	
300423	Colonia Elía	MU	30	Entre Ríos	-32.780377	-58.296538	1474	
300427	Concepción del Uruguay	MU	30	Entre Ríos	-32.4617	-58.282173	86735	
300434	Herrera	MU	30	Entre Ríos	-32.442542	-58.610045	2131	
300437	1° de Mayo	MU	30	Entre Ríos	-32.25042	-58.482923	1290	1º de Mayo
300441	Pronunciamiento	MU	30	Entre Ríos	-32.340159	-58.454842	1656	
300448	San Justo	MU	30	Entre Ríos	-32.430913	-58.447651	2353	
300455	Santa Anita	MU	30	Entre Ríos	-32.168367	-58.774384	1669	
300462	Villa Mantero	MU	30	Entre Ríos	-32.383848	-58.771583	1697	
300469	Victoria	MU	30	Entre Ríos	-32.896212	-60.269336	36973	
300476	Villa Clara	MU	30	Entre Ríos	-31.807264	-58.826913	3170	
300483	Villa Domínguez	MU	30	Entre Ríos	-31.97001	-58.931878	1815	
300490	Villaguay	MU	30	Entre Ríos	-31.835759	-59.030141	42215	
302007	Arroyo Barú	CO1	30	Entre Ríos	-31.841726	-58.455242	749	
302042	Pueblo Cazes	CO2	30	Entre Ríos	-32.006577	-58.515037	285	
302077	General Roca	CO1	30	Entre Ríos	-31.323478	-58.108082	972	
302084	Nueva Escocia	CO1	30	Entre Ríos	-31.66507	-58.064256	635	
302091	Pedernal	CO2	30	Entre Ríos	-31.681898	-58.199855	821	
302112	Aldea Protestante	CO1	30	Entre Ríos	-32.03374	-60.571535	812	
302126	Aldea Spatzenkutter	CO1	30	Entre Ríos	-31.947418	-60.578229	567	
302133	Colonia Ensayo	CO1	30	Entre Ríos	-31.854943	-60.587636	972	
302161	General Racedo	CO1	30	Entre Ríos	-31.980275	-60.392236	738	Gobernador Racedo
302175	Las Cuevas	CO1	30	Entre Ríos	-32.345	-60.459244	1162	
302287	El Cimarrón	CO1	30	Entre Ríos	-30.947302	-59.008412	520	
302376	San Víctor	CO1	30	Entre Ríos	-30.446462	-58.927723	658	
302383	Aldea Asunción	CO1	30	Entre Ríos	-32.794104	-59.215511	452	
302411	Distrito 6º Costa de Nogoyá	CO1	30	Entre Ríos	-32.804158	-59.756012	798	Distrito Sexto
302453	Aldea San Juan	CO1	30	Entre Ríos	-32.70637	-58.767203	303	
302512	Estación Parera	CO2	30	Entre Ríos	-32.802939	-58.879833	369	
302526	Irazusta	CO1	30	Entre Ríos	-32.939879	-58.96203	366	
302596	Colonia Avigdor	CO1	30	Entre Ríos	-31.147225	-59.446017	685	
302638	El Solar, San Carlos y Colonia Bertozzi	CO1	30	Entre Ríos	-31.176196	-59.672216	646	El Solar
302666	Ombú	CO2	30	Entre Ríos	-30.464369	-59.236997	428	
302780	Don Cristóbal II	CO2	30	Entre Ríos	-32.058604	-60.014143	688	
302787	Febre	CO2	30	Entre Ríos	-32.483657	-59.871329	322	
302808	XX de Septiembre	CO2	30	Entre Ríos	-32.37164	-59.670285	547	
302836	Aldea Santa María	CO1	30	Entre Ríos	-31.619116	-60.003273	527	
302843	Aldea Santa Rosa	CO2	30	Entre Ríos	-32.009189	-60.211668	338	
302899	Colonia Crespo	CO2	30	Entre Ríos	-31.70179	-60.212259	238	
302927	El Palenque	CO1	30	Entre Ríos	-31.633546	-60.164324	374	
302941	Estación Sosa	CO1	30	Entre Ríos	-31.735027	-59.867649	556	
302948	Gobernador Etchevehere	CO2	30	Entre Ríos	-31.932598	-60.412519	455	
302955	La Picada	CO1	30	Entre Ríos	-31.745291	-60.281569	840	
302962	Las Garzas	CO2	30	Entre Ríos	-31.475229	-59.710886	387	
302976	Paraje Las Tunas	CO1	30	Entre Ríos	-31.856972	-59.721828	404	
302999	Puerto Curtiembre	CO1	30	Entre Ríos	-31.515647	-60.154913	643	
303020	Sauce Montrull	CO1	30	Entre Ríos	-31.756726	-60.350106	1559	
303027	Sauce Pinto	CO2	30	Entre Ríos	-31.831907	-60.359946	151	
303034	Tezanos Pinto	CO2	30	Entre Ríos	-31.859835	-60.49016	265	
303041	Villa Fontana	CO2	30	Entre Ríos	-31.902828	-60.470777	280	
303091	Durazno	CO2	30	Entre Ríos	-31.994336	-59.270287	594	
303098	Gobernador Echagüe	CO2	30	Entre Ríos	-32.391265	-59.273575	297	
303112	Gobernador Sola	CO1	30	Entre Ríos	-32.335658	-59.406625	606	
303119	Guardamonte	CO2	30	Entre Ríos	-32.089921	-59.319084	308	
303154	Tala	CO1	30	Entre Ríos	-32.592515	-58.437591	639	Comuna Tala
303161	Las Moscas	CO1	30	Entre Ríos	-32.098707	-58.983972	435	
303175	Rocamora	CO2	30	Entre Ríos	-32.394787	-59.002739	537	
303182	San Cipriano	CO1	30	Entre Ríos	-32.348665	-58.329281	511	
303189	San Marcial	CO1	30	Entre Ríos	-32.196666	-58.988881	863	
303245	Rincón de Nogoyá	CO1	30	Entre Ríos	-32.780351	-59.90963	643	
303252	Rincón del Doll	CO1	30	Entre Ríos	-32.404513	-60.367791	625	
303273	Ingeniero Sajaroff	CO2	30	Entre Ríos	-31.914114	-58.863804	863	
303280	Jubileo	CO1	30	Entre Ríos	-31.712364	-58.675288	842	
303329	Paso de la Laguna	CO1	30	Entre Ríos	-31.785025	-59.250083	796	Paso de La Laguna
309007	Colonia San Anselmo y Aledañas	JG3	30	Entre Ríos	-32.313302	-58.207935	231	
309010	Hambis	JG4	30	Entre Ríos	-31.921472	-58.51741	154	
309015	Colonia Hocker	JG3	30	Entre Ríos	-32.050315	-58.293682	570	Hocker
309029	San Miguel	JG2	30	Entre Ríos	-32.063488	-58.602752	503	
309035	Clodomiro Ledesma	JG4	30	Entre Ríos	-31.565407	-58.211188	167	
309045	El Redomón	JG4	30	Entre Ríos	-31.031696	-58.378391	385	
309050	Estación Yeruá	JG2	30	Entre Ríos	-31.432778	-58.330667	515	
309055	Estación Yuquerí	JG2	30	Entre Ríos	-31.354223	-58.161044	585	
309070	Colonia San Justo	JG4	30	Entre Ríos	-31.117218	-58.148602	153	San Justo
309080	Aldea Grapschental	JG4	30	Entre Ríos	-31.966688	-60.504246	122	
309090	Aldea Salto	JG4	30	Entre Ríos	-31.924544	-60.547578	283	
309105	Costa Grande	JG3	30	Entre Ríos	-32.20344	-60.470975	554	
309110	Estación Camps	JG3	30	Entre Ríos	-32.109951	-60.280809	462	
309120	General Alvear	JG2	30	Entre Ríos	-31.95148	-60.650948	603	
309125	Isletas	JG2	30	Entre Ríos	-32.203885	-60.329713	480	
309135	Colonia Alemana	JG3	30	Entre Ríos	-30.907915	-58.023193	392	
309140	Colonia La Argentina	JG2	30	Entre Ríos	-31.078473	-58.017859	421	
309143	Colonia Santa María y Las Margaritas	JG4	30	Entre Ríos	-30.577904	-58.157237	346	
309145	Colonia Tunas	JG4	30	Entre Ríos	-30.386962	-58.227163	110	
309150	Gualeguaycito	JG4	30	Entre Ríos	-31.044342	-58.13178	310	
309155	La Florida	JG3	30	Entre Ríos	-30.65944	-58.044052	485	
309160	La Fraternidad y Santa Juana	JG4	30	Entre Ríos	-30.64283	-58.146549	139	
309175	San Pedro	JG2	30	Entre Ríos	-30.724793	-58.120157	636	
309180	San Ramón	JG2	30	Entre Ríos	-30.849221	-58.193704	418	
309185	San Roque	JG4	30	Entre Ríos	-30.69231	-57.898527	120	
309190	Arroyo del Medio	JG4	30	Entre Ríos	-31.322325	-59.107324	144	
309192	Arroyo Las Tunas	JG4	30	Entre Ríos	-30.761413	-58.848509	127	
309193	Banderas	JG3	30	Entre Ríos	-30.867387	-59.201002	169	
309195	Diego López	JG4	30	Entre Ríos	-31.112625	-58.902927	233	Distrito Diego López
309205	El Gramiyal	JG4	30	Entre Ríos	-31.200683	-59.080294	132	
309220	Paso Duarte	JG2	30	Entre Ríos	-31.188797	-58.649503	437	
309230	Chañar	JG4	30	Entre Ríos	-30.29163	-59.019374	656	Distrito Chañar
309245	La Verbena	JG3	30	Entre Ríos	-30.458887	-58.597769	367	
309250	Laguna Benítez	JG3	30	Entre Ríos	-30.580256	-58.728414	251	
309280	Primer Distrito Cuchilla	JG3	30	Entre Ríos	-33.083048	-59.377119	262	Distrito Primero
309302	Isla Las Lechiguanas	JG3	30	Entre Ríos	-33.500061	-59.680718	180	
309330	Costa Uruguay Norte	JG2	30	Entre Ríos	-32.92924	-58.344503	282	
309340	Cuchilla Redonda	JG4	30	Entre Ríos	-33.072877	-59.157912	83	
309345	Distrito Talitas	JG4	30	Entre Ríos	-32.898116	-59.071647	62	
309355	Estación Escriña	JG4	30	Entre Ríos	-32.603346	-58.89332	81	
309365	General Almada	JG3	30	Entre Ríos	-32.854073	-58.772008	194	
309375	Las Mercedes	JG3	30	Entre Ríos	-33.175907	-58.880134	91	
309395	Rincón del Cinto	JG4	30	Entre Ríos	-32.594464	-58.596511	60	
309400	Rincón del Gato	JG4	30	Entre Ríos	-32.722816	-58.561285	35	
309405	Médanos	JG2	30	Entre Ríos	-33.435706	-59.068825	656	
309415	Alcaraz Norte	JG4	30	Entre Ríos	-31.335031	-59.685735	243	
309420	Alcaraz Sur	JG4	30	Entre Ríos	-31.365501	-59.839678	419	
309430	Colonia Carrasco	JG4	30	Entre Ríos	-31.309706	-59.555624	97	
309440	Colonia Oficial N° 3 y 14	JG3	30	Entre Ríos	-30.575885	-59.358424	302	Colonia Oficial Nº 3 y 14
309445	Colonia Viraró	JG4	30	Entre Ríos	-31.261778	-59.403029	36	
309450	El Quebracho	JG4	30	Entre Ríos	-30.974241	-59.687205	247	
309460	Estaquitas	JG4	30	Entre Ríos	-30.837588	-59.564159	292	
309465	La Providencia	JG3	30	Entre Ríos	-31.270828	-59.762797	320	
309480	Picada Berón	JG4	30	Entre Ríos	-30.89128	-59.345911	133	
309485	Puerto Algarrobo	JG3	30	Entre Ríos	-31.147362	-59.819994	173	
309495	San Ramírez	JG3	30	Entre Ríos	-30.428492	-59.361516	202	
309497	Saucesito	JG3	30	Entre Ríos	-30.68658	-59.250357	167	Saucecito
309500	Sir Leonard	JG3	30	Entre Ríos	-31.402617	-59.505501	434	
309505	Yacaré	JG3	30	Entre Ríos	-30.540153	-59.494755	410	
309510	Yeso Oeste	JG3	30	Entre Ríos	-30.992782	-59.450119	647	
309515	Aldea San Miguel	JG3	30	Entre Ríos	-32.080404	-60.172888	305	
309520	Betbeder	JG4	30	Entre Ríos	-32.370782	-59.930601	457	
309525	Crucesitas Octava	JG3	30	Entre Ríos	-32.015259	-59.489012	663	
309540	Chiqueros	JG4	30	Entre Ríos	-32.176598	-59.540972	132	Distrito Chiqueros
309545	Don Cristóbal 1°	JG2	30	Entre Ríos	-32.177463	-59.835111	349	Don Cristóbal I
309560	Justo José de Urquiza	JG2	30	Entre Ríos	-31.978911	-59.649845	354	
309565	Laurencena	JG4	30	Entre Ríos	-32.268963	-59.694469	163	
309575	Aldea Eigenfeld	JG3	30	Entre Ríos	-31.895152	-60.236679	165	
309585	Aldea San Antonio	JG4	30	Entre Ríos	-31.873405	-60.165179	286	
309590	Aldea San Rafael	JG3	30	Entre Ríos	-31.967539	-60.261078	346	
309605	Antonio Tomás	JG3	30	Entre Ríos	-31.391072	-59.958112	269	
309610	Arroyo Burgos	JG2	30	Entre Ríos	-31.548726	-59.658229	271	
309615	Arroyo Corralito	JG2	30	Entre Ríos	-31.486108	-59.981535	306	
309620	Paraje Arroyo Maturrango	JG4	30	Entre Ríos	-31.700012	-59.953455	33	Arroyo Maturrango
309625	Arroyo Palo Seco	JG4	30	Entre Ríos	-31.620131	-59.768184	103	
309635	Colonia Celina	JG3	30	Entre Ríos	-31.608167	-60.249377	200	
309650	Colonia Merou	JG4	30	Entre Ríos	-31.903176	-60.312262	271	
309670	Distrito Tala	JG4	30	Entre Ríos	-31.715019	-59.997301	34	
309685	Espinillo Norte	JG3	30	Entre Ríos	-31.809438	-60.294726	193	
309705	María Grande 2da	JG4	30	Entre Ríos	-31.661598	-59.623943	233	María Grande 2º
309710	Paso de la Arena	JG3	30	Entre Ríos	-31.78904	-60.093068	280	
309715	Paso de las Piedras	JG3	30	Entre Ríos	-31.695518	-60.120465	203	
309730	Quebracho	JG4	30	Entre Ríos	-31.82676	-60.153626	436	
309735	Santa Luisa	JG3	30	Entre Ríos	-31.753768	-59.708874	183	
309770	Colonia Baylina	JG3	30	Entre Ríos	-31.770703	-58.524957	150	
309775	Colonia Oficial N° 5	JG4	30	Entre Ríos	-31.596532	-58.32628	88	Colonia Oficial Nº 5
309780	San Ernesto	JG3	30	Entre Ríos	-31.838131	-58.630218	238	
309785	Walter Moss	JG4	30	Entre Ríos	-31.34944	-58.537223	234	
309790	Altamirano Sur	JG3	30	Entre Ríos	-32.13505	-59.150415	160	
309795	Arroyo Clé	JG3	30	Entre Ríos	-32.610529	-59.379776	223	Arroyo Cle
309820	La Ollita	JG4	30	Entre Ríos	-32.39754	-59.156711	64	
309825	Las Guachas	JG3	30	Entre Ríos	-32.493793	-59.173406	104	
309832	Arroyo Gená	JG3	30	Entre Ríos	-32.193853	-58.68581	139	
309880	Chilcas	JG4	30	Entre Ríos	-32.311785	-60.26802	122	
309885	Pajonal	JG4	30	Entre Ríos	-32.434334	-60.285012	129	Distrito Pajonal
309890	Hinojal	JG4	30	Entre Ríos	-32.342071	-60.117966	41	
309895	Laguna del Pescado	JG4	30	Entre Ríos	-32.675715	-60.031356	55	
309917	Colonia Adivino	JG3	30	Entre Ríos	-31.403383	-59.329774	143	
309920	Estación Raíces	JG2	30	Entre Ríos	-31.90261	-59.203358	392	
309935	Lucas Norte	JG3	30	Entre Ríos	-31.378095	-58.906267	1246	
309940	Lucas Sur 1ro	JG4	30	Entre Ríos	-31.706405	-59.030459	541	Lucas Sur Primero
309945	Lucas Sur 2do	JG4	30	Entre Ríos	-31.531365	-58.76355	833	Lucas Sur Segundo
309950	Mojones Norte	JG3	30	Entre Ríos	-31.437699	-59.19234	872	
309955	Mojones Sur	JG3	30	Entre Ríos	-31.622531	-59.250462	598	
309957	Paraje Los Algarrobos	JG2	30	Entre Ríos	-31.536782	-59.464035	316	
309965	Raíces Oeste	JG3	30	Entre Ríos	-31.803616	-59.465474	1029	
340007	Laguna Yema	M3	34	Formosa	-24.284241	-61.25141	7936	
340028	Formosa	M1	34	Formosa	-26.195864	-58.217344	264452	
340049	General Lucio Victorio Mansilla	M3	34	Formosa	-26.653673	-58.634176	3579	
340056	Herradura	M3	34	Formosa	-26.486176	-58.299197	4133	
340063	Misión San Francisco de Laishi	M3	34	Formosa	-26.241566	-58.631257	8828	
340070	Villa Escolar	M3	34	Formosa	-26.631377	-58.668722	2521	
340077	Ingeniero Guillermo Nicasio Juárez	M2	34	Formosa	-23.898567	-61.855175	17042	
340091	Comandante Fontana	M3	34	Formosa	-25.336959	-59.684854	10206	
340098	Estanislao del Campo	M2	34	Formosa	-25.063755	-60.108997	7045	
340112	General Manuel Belgrano	M3	34	Formosa	-24.940953	-59.01917	7067	
340119	Villa General Güemes	M3	34	Formosa	-24.757292	-59.486018	5362	
340126	Ibarreta	M2	34	Formosa	-25.213555	-59.864759	11722	
340133	Las Lomitas	M2	34	Formosa	-24.710216	-60.598288	22186	
340140	Pozo del Tigre	M3	34	Formosa	-24.885202	-60.316583	8165	
340147	San Martín Dos	M3	34	Formosa	-24.437391	-59.644734	5264	
340168	El Espinillo	M3	34	Formosa	-25.000466	-58.564788	6613	
340175	Misión Tacaaglé	M3	34	Formosa	-24.972937	-58.823943	5052	
340189	Clorinda	M1	34	Formosa	-25.336544	-57.750525	60171	
340196	Laguna Blanca	M2	34	Formosa	-25.111562	-58.269681	14583	
340203	Laguna Naick Neck	M3	34	Formosa	-25.220216	-58.12045	9355	
340210	Riacho He-Hé	M3	34	Formosa	-25.36249	-58.271882	7480	Riacho He He
340224	El Colorado	M2	34	Formosa	-26.278656	-59.352519	18201	
340231	Mayor Villafañe	M3	34	Formosa	-26.204381	-59.080749	9637	
340238	Palo Santo	M3	34	Formosa	-25.565422	-59.342945	10365	
340245	Pirané	M2	34	Formosa	-25.748413	-59.120848	27378	
340252	Villa Dos Trece	M3	34	Formosa	-26.184604	-59.364211	7065	
340259	El Chorro	M3	34	Formosa	-23.183667	-62.300659	16063	
345007	Los Chiriguanos	CF	34	Formosa	-24.106258	-61.473454	1747	
345014	Colonia Pastoril	CF	34	Formosa	-25.683526	-58.26681	1489	
345021	Gran Guardia	CF	34	Formosa	-25.862469	-58.88691	2478	
345028	San Hilario	CF	34	Formosa	-26.025904	-58.647128	1613	
345035	Pozo de Maza	CF	34	Formosa	-23.49765	-61.613926	6029	
345042	Fortín Lugones	CF	34	Formosa	-24.287411	-59.829834	3872	
345049	Subteniente Perín	CF	34	Formosa	-25.531869	-60.017468	2475	
345056	Buena Vista	CF	34	Formosa	-25.07105	-58.385276	3016	
345063	Tres Lagunas	CF	34	Formosa	-25.214118	-58.511457	4598	
345070	Siete Palmas	CF	34	Formosa	-25.201624	-58.329023	2631	
380014	Abra Pampa	MU	38	Jujuy	-22.843186	-66.032093	12513	
380035	San Salvador de Jujuy	MU	38	Jujuy	-24.194333	-65.41875	312446	
380042	Yala	MU	38	Jujuy	-24.030172	-65.464197	8544	
380049	Aguas Calientes	MU	38	Jujuy	-24.56475	-64.934685	4635	
380056	El Carmen	MU	38	Jujuy	-24.414947	-65.273165	22438	
380063	Monterrico	MU	38	Jujuy	-24.459305	-65.135224	23878	
380070	Pampa Blanca	MU	38	Jujuy	-24.539114	-65.039297	4907	
380074	Puesto Viejo	MU	38	Jujuy	-24.47147	-64.963314	5088	
380077	Perico	MU	38	Jujuy	-24.389946	-65.085348	61420	
380091	El Aguilar	MU	38	Jujuy	-23.211062	-65.637996	1362	
380105	Humahuaca	MU	38	Jujuy	-23.172877	-65.372352	15992	
380119	Caimancito	MU	38	Jujuy	-23.646943	-64.697886	6303	
380126	Calilegua	MU	38	Jujuy	-23.734058	-64.760033	12318	
380133	Fraile Pintado	MU	38	Jujuy	-23.921136	-64.975529	17682	
380140	Libertador General San Martín	MU	38	Jujuy	-23.831708	-64.851479	48518	
380147	Yuto	MU	38	Jujuy	-23.565352	-64.617637	9431	
380154	Palpalá	MU	38	Jujuy	-24.194923	-65.12645	65541	
380161	San Antonio	MU	38	Jujuy	-24.346662	-65.446506	6729	
380196	La Esperanza	MU	38	Jujuy	-24.204201	-64.771815	6887	
380203	La Mendieta	MU	38	Jujuy	-24.295585	-65.007455	4581	
380224	San Pedro de Jujuy	MU	38	Jujuy	-24.311911	-64.790152	72015	
380238	El Talar	MU	38	Jujuy	-23.576906	-64.289966	3057	
380245	Palma Sola	MU	38	Jujuy	-24.072421	-64.306747	5708	
380252	Santa Clara	MU	38	Jujuy	-24.273447	-64.609529	6374	
380322	Maimará	MU	38	Jujuy	-23.64069	-65.438319	6906	
380329	Tilcara	MU	38	Jujuy	-23.618044	-65.274493	5691	
380406	La Quiaca	MU	38	Jujuy	-22.145918	-65.65416	22211	
386007	Abdón Castro Tolay	CM	38	Jujuy	-23.320279	-65.991907	1302	
386014	Abralaite	CM	38	Jujuy	-23.136396	-65.792432	508	
386021	Puesto del Marquéz	CM	38	Jujuy	-22.592213	-65.603141	731	Puesto del Marquez
386056	Hipólito Yrigoyen	CM	38	Jujuy	-22.874804	-65.345728	771	
386060	Palca de Aparzo	CM	38	Jujuy	-23.130673	-65.154281	657	
386063	Tres Cruces	CM	38	Jujuy	-22.930123	-65.544139	622	
386067	Uquía	CM	38	Jujuy	-23.318237	-65.393988	1510	Uquia
386070	Mina Pirquitas	CM	38	Jujuy	-22.718378	-66.633315	614	
386077	Rinconada	CM	38	Jujuy	-22.469525	-66.114334	1007	
386091	Arrayanal	CM	38	Jujuy	-24.131423	-64.778646	874	
386098	El Fuerte	CM	38	Jujuy	-24.321841	-64.457803	691	
386105	Rodeito	CM	38	Jujuy	-24.308431	-64.798027	2572	
386112	Rosario de Río Grande	CM	38	Jujuy	-24.367335	-64.904598	1312	
386119	El Piquete	CM	38	Jujuy	-24.032551	-64.578038	3369	
386126	Vinalito	CM	38	Jujuy	-23.729817	-64.356145	1300	
386133	Cieneguillas	CM	38	Jujuy	-22.12551	-65.942145	1047	
386140	Cusi Cusi	CM	38	Jujuy	-22.492079	-66.741034	860	
386147	Santa Catalina	CM	38	Jujuy	-22.075553	-66.183232	920	
386154	Catua	CM	38	Jujuy	-23.660355	-66.959549	539	
386161	Coranzuli	CM	38	Jujuy	-23.194867	-66.614555	585	
386168	Susques	CM	38	Jujuy	-23.705918	-66.559048	2974	
386175	Huacalera	CM	38	Jujuy	-23.397148	-65.395464	2124	
386179	El Moreno	CM	38	Jujuy	-23.710852	-65.81234	851	
386189	Purmamarca	CM	38	Jujuy	-23.706437	-65.60092	1838	
386196	Tumbaya	CM	38	Jujuy	-23.821068	-65.480142	849	
386203	Volcán	CM	38	Jujuy	-23.923828	-65.463449	1843	
386210	Caspalá	CM	38	Jujuy	-23.331474	-65.084995	274	
386217	Pampichuela	CM	38	Jujuy	-23.558124	-65.048164	302	
386224	San Francisco	CM	38	Jujuy	-23.627118	-64.924681	618	
386231	Santa Ana	CM	38	Jujuy	-23.356398	-64.96235	647	
386238	Valle Grande	CM	38	Jujuy	-23.489834	-64.941102	668	
386245	Barrios	CM	38	Jujuy	-22.271302	-65.519836	276	
386252	Cangrejillos	CM	38	Jujuy	-22.443935	-65.540917	347	
386259	El Cóndor	CM	38	Jujuy	-22.413968	-65.379747	614	
386266	Pumahuasi	CM	38	Jujuy	-22.318889	-65.780554	1499	
386273	Yavi	CM	38	Jujuy	-22.193901	-65.334953	921	
420007	Abramo	MU	42	La Pampa	-37.921841	-64.190663	471	
420011	Algarrobo del Águila	MU	42	La Pampa	-36.39987	-67.408844	526	
420014	Alpachiri	MU	42	La Pampa	-37.387894	-63.836689	2063	
420021	Alta Italia	MU	42	La Pampa	-35.349867	-64.099455	1571	
420028	Anguil	MU	42	La Pampa	-36.55431	-64.045242	2325	
420035	Arata	MU	42	La Pampa	-35.639651	-64.371961	1212	
420042	Ataliva Roca	MU	42	La Pampa	-36.952943	-64.41499	1020	
420049	Bernardo Larroudé	MU	42	La Pampa	-35.07077	-63.494536	1715	
420056	Bernasconi	MU	42	La Pampa	-38.180573	-64.107519	1783	
420063	Caleufú	MU	42	La Pampa	-35.643983	-64.591668	2323	
420070	Carro Quemado	MU	42	La Pampa	-36.67705	-65.329424	514	
420077	Catriló	MU	42	La Pampa	-36.456673	-63.479203	4840	
420084	Ceballos	MU	42	La Pampa	-35.257313	-63.813201	393	
420091	Colonia Barón	MU	42	La Pampa	-36.207097	-63.836188	2796	
420098	Conhelo	MU	42	La Pampa	-35.989579	-64.606864	663	
420105	Coronel Hilario Lagos	MU	42	La Pampa	-35.08124	-63.85846	662	
420112	Doblas	MU	42	La Pampa	-37.139299	-64.005701	1771	
420116	Dorila	MU	42	La Pampa	-35.792273	-63.745825	754	
420119	Eduardo Castex	MU	42	La Pampa	-35.937127	-64.329683	10568	
420126	Embajador Martini	MU	42	La Pampa	-35.361211	-64.294073	1448	
420133	General Acha	MU	42	La Pampa	-37.609683	-65.065994	15522	
420140	General Campos	MU	42	La Pampa	-37.411502	-63.535323	1291	
420147	General Pico	MU	42	La Pampa	-35.579774	-63.616273	67585	
420154	General San Martín	MU	42	La Pampa	-38.282396	-63.748361	2873	
420158	Gobernador Duval	MU	42	La Pampa	-38.5454	-65.857133	582	
420161	Guatraché	MU	42	La Pampa	-37.677175	-63.673544	5484	
420168	Ingeniero Luiggi	MU	42	La Pampa	-35.386898	-64.634212	5016	
420175	Intendente Alvear	MU	42	La Pampa	-35.27312	-63.550787	8520	
420182	Jacinto Aráuz	MU	42	La Pampa	-38.269157	-63.481241	2672	
420189	La Adela	MU	42	La Pampa	-38.783558	-64.111743	2603	
420196	La Humada	MU	42	La Pampa	-36.394147	-67.973252	940	
420210	La Maruja	MU	42	La Pampa	-35.614718	-64.995864	1461	
420217	Lonquimay	MU	42	La Pampa	-36.49184	-63.637668	1959	
420224	Luan Toro	MU	42	La Pampa	-36.220601	-65.023836	785	
420231	Macachín	MU	42	La Pampa	-37.122955	-63.694394	5735	
420238	Mauricio Mayer	MU	42	La Pampa	-36.23579	-64.068811	437	
420245	Metileo	MU	42	La Pampa	-35.818753	-63.945516	609	
420252	Miguel Cané	MU	42	La Pampa	-36.170882	-63.520961	763	
420259	Miguel Riglos	MU	42	La Pampa	-36.832035	-63.797688	2495	
420266	Monte Nievas	MU	42	La Pampa	-35.873958	-64.11734	624	
420273	Parera	MU	42	La Pampa	-35.185212	-64.499314	2566	
420280	Puelches	MU	42	La Pampa	-38.031265	-66.056843	538	
420287	Puelén	MU	42	La Pampa	-37.150539	-67.669138	759	
420294	Quehué	MU	42	La Pampa	-37.104927	-64.710046	569	
420301	Quemú Quemú	MU	42	La Pampa	-35.989924	-63.59634	4215	
420308	Rancul	MU	42	La Pampa	-35.163245	-64.865075	3981	
420315	Realicó	MU	42	La Pampa	-35.110451	-64.242859	8379	
420322	Rolón	MU	42	La Pampa	-37.140564	-63.466759	758	
420329	Santa Isabel	MU	42	La Pampa	-36.424413	-66.604668	2881	
420336	Santa Rosa	MU	42	La Pampa	-36.532237	-64.408934	117201	
420343	Colonia Santa Teresa	MU	42	La Pampa	-37.557731	-63.530285	612	
420350	Telén	MU	42	La Pampa	-36.513453	-65.790033	1588	
420357	Toay	MU	42	La Pampa	-36.682476	-64.719604	17909	
420364	Tomás M. Anchorena	MU	42	La Pampa	-36.829682	-63.497777	476	
420371	Trenel	MU	42	La Pampa	-35.641301	-64.122695	3848	
420378	Uriburu	MU	42	La Pampa	-36.508374	-63.830324	1346	
420385	Colonia 25 de Mayo	MU	42	La Pampa	-37.796597	-67.303689	10743	
420392	Vértiz	MU	42	La Pampa	-35.420328	-63.903576	787	
420399	Victorica	MU	42	La Pampa	-36.095045	-65.842774	6344	
420406	Villa Mirasol	MU	42	La Pampa	-36.008463	-63.930723	578	
420413	Winifreda	MU	42	La Pampa	-36.261182	-64.455244	2686	
422007	Casa de Piedra	CO	42	La Pampa	-38.235965	-66.983728	211	
425007	Adolfo Van Praet	CF	42	La Pampa	-35.072873	-64.016108	360	
425014	Agustoni	CF	42	La Pampa	-35.792785	-63.48273	362	
425028	Colonia Santa María	CF	42	La Pampa	-37.436906	-64.176842	298	
425042	Cuchillo Co	CF	42	La Pampa	-38.288064	-64.815456	287	
425049	Chacharramendi	CF	42	La Pampa	-37.231984	-65.704437	351	
425063	Falucho	CF	42	La Pampa	-35.187895	-64.078286	331	
425077	La Reforma	CF	42	La Pampa	-37.434707	-66.228694	261	
425084	Limay Mahuida	CF	42	La Pampa	-37.107641	-66.644793	162	
425091	Loventué	CF	42	La Pampa	-36.171416	-65.250907	160	
425098	Maisonave	CF	42	La Pampa	-35.050426	-64.40023	382	
425105	Perú	CF	42	La Pampa	-37.657981	-64.051682	91	
425112	Pichi Huinca	CF	42	La Pampa	-35.648677	-64.794746	281	
425119	Quetrequén	CF	42	La Pampa	-35.050796	-64.536689	528	
425126	Relmo	CF	42	La Pampa	-36.243659	-63.497949	143	
425133	Rucanelo	CF	42	La Pampa	-36.014391	-64.843604	300	
425140	Sarah	CF	42	La Pampa	-35.071729	-63.687268	264	
425147	Speluzzi	CF	42	La Pampa	-35.533347	-63.870393	789	
425154	Unanué	CF	42	La Pampa	-37.612409	-64.364343	160	
460007	Arauco	MU	46	La Rioja	-28.533044	-66.719103	16257	
460014	La Rioja	MU	46	La Rioja	-29.46059	-66.3526	211651	
460021	Castro Barros	MU	46	La Rioja	-28.859983	-66.918585	5810	
460028	General Felipe Varela	MU	46	La Rioja	-29.449905	-68.328557	11372	
460035	Chamical	MU	46	La Rioja	-30.167645	-65.956498	15666	
460042	Chilecito	MU	46	La Rioja	-29.395937	-67.427887	58798	
460049	Famatina	MU	46	La Rioja	-28.697354	-67.559254	7002	
460056	Ángel Vicente Peñaloza	MU	46	La Rioja	-30.312898	-66.663052	3185	
460063	General Belgrano	MU	46	La Rioja	-30.577808	-65.932474	7618	
460070	General Juan Facundo Quiroga	MU	46	La Rioja	-30.800638	-66.867857	4017	
460077	General Lamadrid	MU	46	La Rioja	-28.790439	-68.697544	1886	
460084	General Ortiz de Ocampo	MU	46	La Rioja	-31.006761	-66.058985	7349	
460091	General San Martín	MU	46	La Rioja	-31.641465	-66.145816	5019	
460098	Vinchina	MU	46	La Rioja	-28.316697	-68.525293	2699	
460105	Independencia	MU	46	La Rioja	-30.114456	-67.33551	2401	
460112	Rosario Vera Peñaloza	MU	46	La Rioja	-31.422983	-66.674164	15783	
460119	San Blas de los Sauces	MU	46	La Rioja	-28.543294	-67.158135	4314	San Blas de Los Sauces
460126	Sanagasta	MU	46	La Rioja	-29.158527	-67.065884	3038	
500007	Mendoza	MU	50	Mendoza	-32.882896	-68.893649	127160	
500014	General Alvear	MU	50	Mendoza	-35.218846	-67.080588	52584	
500021	Godoy Cruz	MU	50	Mendoza	-32.932074	-68.914136	195159	
500028	Guaymallén	MU	50	Mendoza	-32.892975	-68.733303	321966	
500035	Junín	MU	50	Mendoza	-33.150394	-68.497361	46604	
500042	La Paz	MU	50	Mendoza	-33.701285	-67.249724	12086	
500049	Las Heras	MU	50	Mendoza	-32.524621	-69.267904	234401	
500056	Lavalle	MU	50	Mendoza	-32.575467	-67.896692	47167	
500063	Luján de Cuyo	MU	50	Mendoza	-33.038495	-69.451685	175056	
500070	Maipú	MU	50	Mendoza	-32.97975	-68.656313	219402	
500077	Malargüe	MU	50	Mendoza	-36.15894	-69.313081	32717	
500084	Rivadavia	MU	50	Mendoza	-33.417077	-68.604973	63724	
500091	San Carlos	MU	50	Mendoza	-34.075524	-69.09731	39869	
500098	San Martín	MU	50	Mendoza	-32.914038	-68.288846	139792	
500105	San Rafael	MU	50	Mendoza	-34.945449	-68.38424	215020	
500112	Santa Rosa	MU	50	Mendoza	-33.616999	-67.963856	19382	
500119	Tunuyán	MU	50	Mendoza	-33.622885	-69.509297	60171	
500126	Tupungato	MU	50	Mendoza	-33.293401	-69.296286	41280	
540007	Apóstoles	M1	54	Misiones	-27.902494	-55.721577	34979	
540014	Azara	M2	54	Misiones	-28.054306	-55.666316	5081	
540021	San José	M2	54	Misiones	-27.77543	-55.668916	8928	
540028	Tres Capones	M2	54	Misiones	-27.991815	-55.614138	1609	
540035	Aristóbulo del Valle	M1	54	Misiones	-27.124745	-54.82691	20475	
540042	Campo Grande	M1	54	Misiones	-27.231896	-54.961414	14170	
540049	Dos de Mayo	M1	54	Misiones	-27.091617	-54.611433	18857	
540053	Salto Encantado	M2	54	Misiones	-27.077218	-54.818698	6451	
540056	Bonpland	M2	54	Misiones	-27.477864	-55.471869	2907	
540063	Candelaria	M1	54	Misiones	-27.468919	-55.714518	18112	
540070	Cerro Corá	M2	54	Misiones	-27.526957	-55.602079	1925	
540077	Loreto	M2	54	Misiones	-27.356776	-55.512707	1414	
540084	Mártires	M2	54	Misiones	-27.419274	-55.381873	2077	
540091	Profundidad	M2	54	Misiones	-27.559607	-55.718472	654	
540098	Santa Ana	M2	54	Misiones	-27.409312	-55.597518	8229	
540105	Fachinal	M2	54	Misiones	-27.668111	-55.752136	520	
540112	Garupá	M1	54	Misiones	-27.543552	-55.86472	63520	
540119	Posadas	M1	54	Misiones	-27.433529	-55.958707	328879	
540126	Concepción de la Sierra	M2	54	Misiones	-27.997511	-55.516164	8507	
540133	Santa María	M2	54	Misiones	-27.874775	-55.425278	1841	
540140	Colonia Delicia	M2	54	Misiones	-26.205468	-54.396872	7295	
540147	Colonia Victoria	M2	54	Misiones	-26.307912	-54.49564	2757	
540154	Eldorado	M1	54	Misiones	-26.422379	-54.615301	75692	
540161	9 de Julio	M2	54	Misiones	-26.434888	-54.491214	3892	
540168	Santiago de Liniers	M2	54	Misiones	-26.405905	-54.357498	2092	
540175	Bernardo de Irigoyen	M1	54	Misiones	-26.181594	-53.94697	14920	
540182	Comandante Andresito	M1	54	Misiones	-25.722609	-54.011311	19770	
540189	San Antonio	M2	54	Misiones	-25.996368	-53.938534	10880	
540196	El Soberbio	M1	54	Misiones	-27.079189	-54.156879	27166	
540203	San Vicente	M1	54	Misiones	-26.962819	-54.404075	49994	
540210	Puerto Esperanza	M1	54	Misiones	-26.081249	-54.472172	19237	
540217	Puerto Iguazú	M1	54	Misiones	-25.674573	-54.375751	54903	
540224	Libertad	M2	54	Misiones	-25.849262	-54.420626	8065	
540231	Colonia Wanda	M1	54	Misiones	-25.980748	-54.310008	17891	
540238	Almafuerte	M2	54	Misiones	-27.52556	-55.387472	1103	
540245	Arroyo del Medio	M2	54	Misiones	-27.729259	-55.397873	1989	
540252	Caá Yarí	M2	54	Misiones	-27.517203	-55.305453	1057	
540259	Cerro Azul	M2	54	Misiones	-27.649269	-55.513464	6148	
540266	Dos Arroyos	M2	54	Misiones	-27.705958	-55.267338	3183	
540273	Gobernador López	M2	54	Misiones	-27.639038	-55.21198	2214	
540280	Leandro N. Alem	M1	54	Misiones	-27.616628	-55.330013	32289	
540287	Olegario V. Andrade	M2	54	Misiones	-27.565621	-55.496678	1814	
540294	Capioví	M2	54	Misiones	-26.917003	-55.058958	6506	
540301	El Alcázar	M2	54	Misiones	-26.843608	-54.777136	5346	
540308	Garuhapé	M2	54	Misiones	-26.887261	-54.907214	9974	
540315	Puerto Leoni	M2	54	Misiones	-26.996197	-55.138075	3028	
540322	Puerto Rico	M1	54	Misiones	-26.844311	-55.046428	23526	
540329	Ruiz de Montoya	M2	54	Misiones	-27.013723	-55.0416	4048	
540336	Caraguatay	M2	54	Misiones	-26.788079	-54.671474	3094	
540343	Montecarlo	M1	54	Misiones	-26.63978	-54.562576	26027	
540350	Puerto Piray	M2	54	Misiones	-26.538633	-54.426181	9548	
540357	Campo Ramón	M1	54	Misiones	-27.479246	-54.966278	9986	
540364	Campo Viera	M1	54	Misiones	-27.282385	-55.071861	10570	
540371	Colonia Alberdi	M2	54	Misiones	-27.357348	-55.201229	3655	
540378	General Alvear	M2	54	Misiones	-27.419059	-55.180054	1334	
540385	Guaraní	M2	54	Misiones	-27.560719	-55.176619	5772	
540392	Los Helechos	M2	54	Misiones	-27.570657	-55.059387	3701	
540399	Oberá	M1	54	Misiones	-27.452453	-55.117635	77803	
540406	Panambí	M2	54	Misiones	-27.677228	-54.969439	6473	
540413	San Martín	M2	54	Misiones	-27.472725	-55.262785	2407	
540420	Colonia Polana	M2	54	Misiones	-27.00789	-55.316615	710	
540427	Corpus Christi	M2	54	Misiones	-27.146349	-55.507085	3861	
540434	General Urquiza	M2	54	Misiones	-27.050032	-55.393619	1092	
540441	Gobernador Roca	M2	54	Misiones	-27.253181	-55.368038	7176	
540448	Hipólito Yrigoyen	M2	54	Misiones	-27.100183	-55.307198	2626	
540455	Jardín América	M1	54	Misiones	-27.087312	-55.194609	27581	
540462	San Ignacio	M1	54	Misiones	-27.293347	-55.459262	14073	
540469	Santo Pipó	M2	54	Misiones	-27.206329	-55.279571	6275	
540476	Florentino Ameghino	M2	54	Misiones	-27.695289	-55.061594	2226	
540483	Itacaruaré	M2	54	Misiones	-27.835806	-55.279309	3582	
540490	Mojón Grande	M2	54	Misiones	-27.725708	-55.120226	2138	
540497	San Javier	M1	54	Misiones	-27.809366	-55.154044	15557	
540501	Pozo Azul	M2	54	Misiones	-26.346714	-54.038799	8039	
540504	San Pedro	M1	54	Misiones	-26.711209	-53.941229	26762	
540511	Alba Posse	M2	54	Misiones	-27.481181	-54.798546	8367	
540518	Colonia Aurora	M2	54	Misiones	-27.357637	-54.448572	8536	
540525	25 de Mayo	M1	54	Misiones	-27.333105	-54.681495	13988	
580007	Aluminé	M2	58	Neuquén	-39.234273	-70.912095	6005	
580014	Añelo	M2	58	Neuquén	-38.359991	-68.805446	6511	
580021	San Patricio del Chañar	M1	58	Neuquén	-38.593731	-68.350922	10891	
580028	Las Coloradas	M3	58	Neuquén	-39.607691	-70.582519	1213	
580035	Piedra del Águila	M2	58	Neuquén	-40.05566	-70.081426	3940	
580042	Centenario	M1	58	Neuquén	-38.704226	-68.26669	49039	
580049	Cutral Co	M1	58	Neuquén	-38.939894	-69.254146	40418	
580056	Neuquén	M1	58	Neuquén	-38.942081	-68.103829	289527	
580063	Plaza Huincul	M1	58	Neuquén	-38.940658	-69.159856	16046	
580070	Plottier	M1	58	Neuquén	-38.948562	-68.277356	52433	
580077	Senillosa	M1	58	Neuquén	-38.911661	-68.677462	11733	
580084	Villa El Chocón	M2	58	Neuquén	-39.256369	-68.840872	1581	
580091	Vista Alegre	M2	58	Neuquén	-38.768828	-68.200245	4275	
580098	Chos Malal	M1	58	Neuquén	-37.356081	-70.270771	15655	
580105	Tricao Malal	M3	58	Neuquén	-37.04443	-70.365403	1026	
580112	Junín de los Andes	M1	58	Neuquén	-39.921097	-71.099766	19108	
580119	San Martín de los Andes	M1	58	Neuquén	-40.134799	-71.301541	37381	
580126	Loncopué	M2	58	Neuquén	-38.130764	-70.607011	6309	
580133	Villa La Angostura	M1	58	Neuquén	-40.780853	-71.623679	14422	
580140	Andacollo	M2	58	Neuquén	-37.262723	-70.613016	3669	
580147	Huinganco	M3	58	Neuquén	-37.063845	-70.599983	1144	
580154	Las Ovejas	M2	58	Neuquén	-36.841957	-70.918053	1705	
580161	Los Miches	M3	58	Neuquén	-37.147206	-70.964143	714	
580168	Caviahue - Copahue	M3	58	Neuquén	-37.856362	-71.04502	1063	
580175	El Cholar	M3	58	Neuquén	-37.455833	-70.687343	1136	
580182	El Huecú	M3	58	Neuquén	-37.649778	-70.583348	1720	
580189	Taquimilán	M3	58	Neuquén	-37.591	-70.345834	941	
580196	Barrancas	M3	58	Neuquén	-36.859903	-69.93713	1439	
580203	Buta Ranquil	M2	58	Neuquén	-37.242256	-69.821216	3448	
580210	Rincón de los Sauces	M1	58	Neuquén	-37.428054	-68.90534	24304	
580217	Picún Leufú	M2	58	Neuquén	-39.527296	-69.304134	4216	
580224	Bajada del Agrio	M3	58	Neuquén	-38.405678	-70.031016	1069	
580231	Las Lajas	M2	58	Neuquén	-38.544724	-70.306417	6218	
580238	Mariano Moreno	M2	58	Neuquén	-38.768793	-70.016027	3382	
580245	Zapala	M1	58	Neuquén	-38.932839	-70.143209	40698	
580252	Villa Pehuenia	M2	58	Neuquén	-38.907136	-71.178501	2296	
585014	Aguada San Roque	CF	58	Neuquén	-37.973868	-68.937147	223	
585021	Los Chihuidos	CF	58	Neuquén	-38.050424	-69.533845	242	
585028	Pilo Lil	CF	58	Neuquén	-39.626025	-70.89803	210	
585035	Santo Tomás	CF	58	Neuquén	-39.840927	-70.093818	427	
585042	Sauzal Bonito	CF	58	Neuquén	-38.562927	-69.013412	329	
585049	Coyuco - Cochico	CF	58	Neuquén	-36.541872	-70.249306	214	
585056	Villa Curi Leuvú	CF	58	Neuquén	-37.170944	-70.429669	564	
585063	Chorriaca	CF	58	Neuquén	-37.918749	-70.045489	549	
585070	Villa Traful	CF	58	Neuquén	-40.671692	-71.399688	761	
585077	Guañacos	CF	58	Neuquén	-37.286348	-70.932978	269	
585084	Manzano Amargo	CF	58	Neuquén	-36.688755	-70.807151	728	
585091	Varvarco - Invernada Vieja	CF	58	Neuquén	-36.793376	-70.596274	698	
585098	Villa del Nahueve	CF	58	Neuquén	-37.016569	-70.918949	332	
585105	Octavio Pico	CF	58	Neuquén	-37.630914	-68.361305	188	
585112	El Sauce	CF	58	Neuquén	-39.481615	-69.525865	430	
585119	Paso Aguerre	CF	58	Neuquén	-39.336572	-69.795644	376	
585126	Quili Malal	CF	58	Neuquén	-38.411939	-69.750318	137	
585133	Covunco Abajo	CF	58	Neuquén	-38.616687	-69.691649	254	
585140	Los Catutos	CF	58	Neuquén	-38.829	-70.126236	510	
585147	Ramón M. Castro	CF	58	Neuquén	-38.969391	-69.756365	302	
585154	Villa Puente Picún Leufú	CF	58	Neuquén	-39.207609	-70.082234	175	
620007	Guardia Mitre	MU	62	Río Negro	-40.439453	-63.707541	817	
620014	Viedma	MU	62	Río Negro	-41.029261	-63.326761	60903	
620021	Chimpay	MU	62	Río Negro	-39.157872	-66.15656	4721	
620028	Choele Choel	MU	62	Río Negro	-39.297391	-65.650174	13657	
620035	Coronel Belisle	MU	62	Río Negro	-39.206228	-65.975507	1923	
620042	Darwin	MU	62	Río Negro	-39.215664	-65.765047	1525	
620049	Lamarque	MU	62	Río Negro	-39.403377	-65.676055	9991	
620056	Luis Beltrán	MU	62	Río Negro	-39.31235	-65.788403	8147	
620063	Pomona	MU	62	Río Negro	-39.525939	-65.661749	1119	
620070	El Bolsón	MU	62	Río Negro	-41.863056	-71.530331	24303	
620077	San Carlos de Bariloche	MU	62	Río Negro	-41.10273	-71.455958	136528	
620084	General Conesa	MU	62	Río Negro	-40.119417	-64.372801	7156	
620091	Allen	MU	62	Río Negro	-39.007661	-67.795887	31941	
620098	Campo Grande	MU	62	Río Negro	-38.687938	-68.179645	3525	
620105	Catriel	MU	62	Río Negro	-37.883696	-67.850512	24220	
620112	Cervantes	MU	62	Río Negro	-39.051778	-67.436199	7571	
620119	Chichinales	MU	62	Río Negro	-39.130303	-66.95032	5197	
620126	Cinco Saltos	MU	62	Río Negro	-38.813994	-68.06485	27615	
620133	Cipolletti	MU	62	Río Negro	-39.454243	-68.695523	105647	
620140	Contralmirante Cordero	MU	62	Río Negro	-38.723782	-68.118564	2344	
620147	General Enrique Godoy	MU	62	Río Negro	-38.878118	-67.156993	4614	
620154	General Fernández Oro	MU	62	Río Negro	-38.963312	-67.924251	15808	
620161	General Roca	MU	62	Río Negro	-39.010583	-67.618327	109366	
620168	Ingeniero Huergo	MU	62	Río Negro	-38.837291	-67.233006	8765	
620175	Mainqué	MU	62	Río Negro	-38.839879	-67.319141	3211	
620182	Villa Regina	MU	62	Río Negro	-38.939856	-67.068574	33121	
620189	Ministro Ramos Mexía	MU	62	Río Negro	-40.500957	-67.255967	1142	
620196	Sierra Colorada	MU	62	Río Negro	-40.596002	-67.70186	1718	
620203	Ñorquinco	MU	62	Río Negro	-41.842045	-70.894857	593	
620210	Río Colorado	MU	62	Río Negro	-39.024461	-64.248826	16309	
620217	Comallo	MU	62	Río Negro	-41.027006	-70.271405	1803	
620224	Pilcaniyeu	MU	62	Río Negro	-41.087151	-70.785057	1124	
620231	San Antonio Oeste	MU	62	Río Negro	-40.698718	-65.335374	26718	
620238	Sierra Grande	MU	62	Río Negro	-41.620345	-65.392821	9076	
620245	Valcheta	MU	62	Río Negro	-40.673264	-66.163439	3610	
620252	Ingeniero Jacobacci	MU	62	Río Negro	-41.331408	-69.551652	8171	
620259	Los Menucos	MU	62	Río Negro	-40.827835	-68.087268	4243	
620266	Maquinchao	MU	62	Río Negro	-41.242906	-68.687622	2901	
620273	Dina Huapi	MU	62	Río Negro	-41.078356	-71.151726	5943	
625014	Fuerte San Javier	CF	62	Río Negro	-40.799261	-63.570029	2100	
625028	El Manso	CF	62	Río Negro	-41.595266	-71.562963	851	
625035	Paso Flores	CF	62	Río Negro	-40.710484	-70.638465	125	
625042	Villa Llanquín	CF	62	Río Negro	-40.89456	-71.036667	264	
625049	Villa Mascardi	CF	62	Río Negro	-41.349554	-71.509042	92	
625056	El Cuy	CF	62	Río Negro	-39.802407	-68.225209	609	
625063	Cerro Policía	CF	62	Río Negro	-39.689241	-68.490068	284	
625070	Mencué	CF	62	Río Negro	-40.380586	-69.523978	344	
625077	Aguada Guzmán	CF	62	Río Negro	-40.094156	-68.94187	186	
625084	Chelforó	CF	62	Río Negro	-39.087718	-66.520752	86	
625098	Naupa Huen	CF	62	Río Negro	-39.830225	-69.509124	292	
625105	Peñas Blancas	CF	62	Río Negro	-37.676221	-67.962265	413	
625112	Valle Azul	CF	62	Río Negro	-39.156312	-66.787553	889	
625119	Rincón Treneta	CF	62	Río Negro	-41.174356	-66.994598	128	
625126	Yaminué	CF	62	Río Negro	-40.977492	-67.192349	121	
625133	Pichi Mahuida	CF	62	Río Negro	-38.83197	-64.934028	9	
625140	Pilquiniyeu del Limay	CF	62	Río Negro	-40.516231	-70.02585	65	
625147	Arroyo Los Berros	CF	62	Río Negro	-41.482359	-66.22407	171	
625154	Arroyo Ventana	CF	62	Río Negro	-41.752085	-66.127871	85	
625161	Cona Niyeu	CF	62	Río Negro	-41.815343	-66.90547	183	
625168	Aguada Cecilio	CF	62	Río Negro	-40.861988	-65.826555	120	
625175	Chipauquil	CF	62	Río Negro	-41.000677	-66.666171	80	
625182	Nahuel Niyeu	CF	62	Río Negro	-40.504113	-66.564688	57	
625189	Sierra Pailemán	CF	62	Río Negro	-41.226546	-66.09883	100	
625196	Aguada de Guerra	CF	62	Río Negro	-41.067887	-68.381726	265	
625203	Colán Conhué	CF	62	Río Negro	-40.668548	-69.106695	84	
625210	Comicó	CF	62	Río Negro	-41.036908	-67.44946	109	
625217	Clemente Onelli	CF	62	Río Negro	-41.271191	-70.113398	167	
625224	El Caín	CF	62	Río Negro	-41.72014	-68.16208	384	
625231	Laguna Blanca	CF	62	Río Negro	-40.744119	-69.863973	99	
625238	Mamuel Choique	CF	62	Río Negro	-41.772465	-70.138071	142	
625245	Ojos de Agua	CF	62	Río Negro	-41.650088	-69.780134	137	
625252	Pilquiniyeu	CF	62	Río Negro	-41.862034	-68.43459	94	
625259	Prahuaniyeu	CF	62	Río Negro	-41.338083	-67.905086	187	
625266	Río Chico	CF	62	Río Negro	-41.771522	-70.418968	367	
660007	Apolinario Saravia	M2	66	Salta	-24.502882	-64.145428	11669	
660014	El Quebrachal	M2	66	Salta	-25.394659	-63.571241	13877	
660021	General Pizarro	M3	66	Salta	-24.279449	-63.853399	7244	
660028	Joaquín V. González	M1	66	Salta	-24.791548	-63.649615	22660	
660035	Las Lajitas	M2	66	Salta	-24.907201	-64.574153	14720	
660042	Cachi	M3	66	Salta	-25.061835	-66.279813	6791	
660049	Payogasta	M3	66	Salta	-24.979591	-66.00473	2157	
660056	Cafayate	M1	66	Salta	-26.125749	-65.876723	17829	
660063	Salta	M1	66	Salta	-24.908885	-65.235134	594772	
660070	San Lorenzo	M3	66	Salta	-24.750854	-65.534699	32932	
660077	San José de los Cerrillos	M1	66	Salta	-24.910058	-65.430603	41646	
660084	La Merced	M2	66	Salta	-25.03595	-65.387637	14303	
660091	Chicoana	M2	66	Salta	-25.1595	-65.675147	10537	
660098	El Carril	M2	66	Salta	-25.127747	-65.404011	14192	
660105	Campo Santo	M2	66	Salta	-24.670085	-65.112061	8885	
660112	El Bordo	M2	66	Salta	-24.587247	-65.159459	7822	
660119	General Güemes	M1	66	Salta	-24.800515	-64.907711	39459	
660126	Aguaray	M1	66	Salta	-22.181891	-63.539624	17325	
660133	Embarcación	M1	66	Salta	-23.214347	-63.685103	31979	
660140	General Ballivián	M3	66	Salta	-22.897753	-63.621498	2983	
660147	General Mosconi	M1	66	Salta	-22.605547	-63.978134	19142	
660154	Profesor Salvador Mazza	M1	66	Salta	-22.081311	-63.672754	26995	
660161	Tartagal	M1	66	Salta	-22.520112	-63.451957	79580	
660168	Guachipas	M3	66	Salta	-25.702958	-65.444541	3491	
660175	Iruya	M3	66	Salta	-22.786845	-65.030439	4177	
660182	Isla de Cañas	M3	66	Salta	-22.878671	-64.676271	1941	
660189	La Caldera	M3	66	Salta	-24.558699	-65.379164	4525	
660196	Vaqueros	M3	66	Salta	-24.571339	-65.549728	7774	
660203	El Jardín	M3	66	Salta	-26.051183	-65.457977	2054	
660210	El Tala	M3	66	Salta	-26.017545	-65.286405	3671	
660217	La Candelaria	M3	66	Salta	-26.140121	-65.029463	1480	
660224	La Poma	M3	66	Salta	-24.146977	-66.207297	1789	
660231	Coronel Moldes	M3	66	Salta	-25.293679	-65.414597	5695	
660238	La Viña	M3	66	Salta	-25.536161	-65.676804	3205	
660245	San Antonio de los Cobres	M3	66	Salta	-24.573598	-66.817349	6853	
660252	Tolar Grande	M3	66	Salta	-24.695266	-67.745801	329	
660259	El Galpón	M2	66	Salta	-25.437413	-64.334877	10105	
660266	San José de Metán	M1	66	Salta	-25.52071	-64.969317	35598	
660273	Molinos	M3	66	Salta	-25.674671	-66.493578	2722	
660280	Río Piedras	M3	66	Salta	-25.272533	-65.040839	2542	
660287	Seclantás	M3	66	Salta	-25.264701	-66.349787	3098	
660290	Aguas Blancas	M3	66	Salta	-22.762314	-64.373253	3648	
660294	Colonia Santa Rosa	M1	66	Salta	-23.380144	-64.392719	19572	
660301	Hipólito Yrigoyen	M1	66	Salta	-23.276312	-64.29263	12857	
660308	Pichanal	M1	66	Salta	-23.728541	-63.850445	29653	
660315	San Ramón de la Nueva Orán	M1	66	Salta	-23.092455	-64.606923	91215	
660322	Urundel	M3	66	Salta	-23.458044	-64.57806	3697	
660329	Rivadavia Banda Norte	M2	66	Salta	-23.387019	-62.75644	12401	
660336	Rivadavia Banda Sur	M2	66	Salta	-24.304929	-62.942428	10353	
660343	Santa Victoria Este	M2	66	Salta	-22.451	-62.794817	15359	
660350	El Potrero	M3	66	Salta	-25.903457	-64.57037	3149	
660357	Rosario de la Frontera	M1	66	Salta	-25.817608	-64.996829	30660	
660364	Campo Quijano	M2	66	Salta	-24.506326	-65.86471	23216	
660371	Rosario de Lerma	M1	66	Salta	-25.004235	-65.716919	27812	
660378	Angastaco	M3	66	Salta	-25.919506	-66.328408	2150	
660385	Animaná	M3	66	Salta	-25.975117	-66.019997	1882	
660392	San Carlos	M3	66	Salta	-25.647105	-65.943792	3766	
660399	Los Toldos	M3	66	Salta	-22.466848	-64.667692	2007	
660406	Nazareno	M3	66	Salta	-22.485295	-65.072545	2978	
660413	Santa Victoria Oeste	M2	66	Salta	-22.251327	-65.014816	4428	
700007	Albardón	M2	70	San Juan	-31.209736	-68.452179	31284	
700014	Angaco	M3	70	San Juan	-31.192272	-68.132048	10176	
700021	Calingasta	M3	70	San Juan	-31.450936	-69.831866	11034	
700028	San Juan	M1	70	San Juan	-31.533075	-68.534286	115390	
700035	Caucete	M1	70	San Juan	-31.5069	-67.545441	44047	
700042	Chimbas	M1	70	San Juan	-31.48742	-68.523929	105627	
700049	Iglesia	M3	70	San Juan	-29.601191	-69.43872	8845	
700056	Jáchal	M2	70	San Juan	-30.354641	-68.439997	25297	
700063	9 de Julio	M3	70	San Juan	-31.645418	-68.38916	12514	
700070	Pocito	M1	70	San Juan	-31.747254	-68.58468	72915	
700077	Rawson	M1	70	San Juan	-31.686632	-68.467595	136617	
700084	Rivadavia	M1	70	San Juan	-31.554233	-68.641623	101666	
700091	San Martín	M2	70	San Juan	-31.528546	-68.207267	15037	
700098	Santa Lucía	M1	70	San Juan	-31.53272	-68.46341	62729	
700105	Sarmiento	M2	70	San Juan	-32.076078	-68.687225	27188	
700112	Ullum	M3	70	San Juan	-31.085285	-68.882391	6454	
700119	Valle Fértil	M3	70	San Juan	-30.716886	-67.527674	8526	
700126	25 de Mayo	M2	70	San Juan	-31.989936	-67.826951	20824	
700133	Zonda	M3	70	San Juan	-31.641778	-68.954842	6683	
740007	Candelaria	MU	74	San Luis	-32.069643	-65.833509	3923	
740014	Luján	MU	74	San Luis	-32.365	-65.935773	2559	
740021	Quines	MU	74	San Luis	-32.229782	-65.813224	9410	
740028	San Francisco	MU	74	San Luis	-32.594481	-66.126221	5239	
740035	Los Manantiales	MU	74	San Luis	-32.665919	-66.450783	290	
740038	Estancia Grande	MU	74	San Luis	-33.158109	-66.145396	574	
740039	El Trapiche	MU	74	San Luis	-33.030749	-66.061092	3105	
740042	La Toma	MU	74	San Luis	-33.046653	-65.635627	8585	
740049	Concarán	MU	74	San Luis	-32.564831	-65.238501	6312	
740056	Naschel	MU	74	San Luis	-32.899571	-65.386289	4247	
740063	Tilisarao	MU	74	San Luis	-32.736959	-65.276845	6666	
740070	Justo Daract	MU	74	San Luis	-33.858646	-65.186976	11807	
740073	Nación Ranquel	MU	74	San Luis	-34.562078	-65.965379	65	
740077	Villa Mercedes	MU	74	San Luis	-33.667694	-65.473923	132262	
740084	Buena Esperanza	MU	74	San Luis	-34.759003	-65.25377	4004	
740091	Unión	MU	74	San Luis	-35.15391	-65.945487	3037	
740095	Carpintería	MU	74	San Luis	-32.410928	-64.999612	4163	
740098	Santa Rosa	MU	74	San Luis	-32.351589	-65.214523	7182	
740105	Villa de Merlo	MU	74	San Luis	-32.352687	-65.007761	24958	
740108	Desaguadero	MU	74	San Luis	-33.293112	-67.084339	403	
740112	El Volcán	MU	74	San Luis	-33.267374	-66.147491	3001	
740119	Juana Koslay	MU	74	San Luis	-33.295108	-66.227496	19696	
740126	La Punta	MU	74	San Luis	-33.175372	-66.358381	21873	
740130	Potrero de los Funes	MU	74	San Luis	-33.210107	-66.231685	3963	
740133	San Luis	MU	74	San Luis	-33.303516	-66.343478	206921	
740140	San Martín	MU	74	San Luis	-32.41013	-65.675881	982	
746007	Leandro N. Alem	CM	74	San Luis	-32.486165	-66.052611	568	
746014	La Calera	CM	74	San Luis	-32.877217	-66.842858	766	
746021	Nogolí	CM	74	San Luis	-32.91444	-66.32603	1221	
746028	Villa de la Quebrada	CM	74	San Luis	-33.021096	-66.291667	1184	
746035	La Carolina	CM	74	San Luis	-32.823004	-66.100288	377	
746049	Fraga	CM	74	San Luis	-33.467589	-65.817667	1448	
746063	Saladillo	CM	74	San Luis	-33.202252	-65.855927	417	
746070	Cortaderas	CM	74	San Luis	-32.517988	-64.993278	3188	
746077	Papagayos	CM	74	San Luis	-32.688985	-64.995987	665	
746084	Renca	CM	74	San Luis	-32.777793	-65.374275	315	
746091	San Pablo	CM	74	San Luis	-32.652252	-65.309231	202	
746098	Villa del Carmen	CM	74	San Luis	-32.917586	-65.047059	886	
746105	Villa Larca	CM	74	San Luis	-32.605075	-64.987211	2217	
746112	San José del Morro	CM	74	San Luis	-33.212531	-65.49099	158	
746119	Juan Jorba	CM	74	San Luis	-33.615194	-65.272661	318	
746126	Juan Llerena	CM	74	San Luis	-33.283561	-65.648345	390	
746133	La Punilla	CM	74	San Luis	-33.126054	-65.11227	360	
746140	Lavaisse	CM	74	San Luis	-33.822863	-65.424376	88	
746147	Anchorena	CM	74	San Luis	-35.672961	-65.430221	810	
746154	Arizona	CM	74	San Luis	-35.727053	-65.315718	976	
746161	Bagual	CM	74	San Luis	-35.143006	-65.569456	275	
746168	Batavia	CM	74	San Luis	-34.778482	-65.687199	467	
746175	Fortín El Patria	CM	74	San Luis	-34.77396	-65.521673	635	
746182	Fortuna	CM	74	San Luis	-35.13187	-65.388362	986	
746189	Navia	CM	74	San Luis	-34.75278	-66.565563	313	
746196	Nueva Galia	CM	74	San Luis	-35.115308	-65.253859	1727	
746210	Lafinur	CM	74	San Luis	-32.095831	-65.350131	680	
746217	Los Molles	CM	74	San Luis	-32.454166	-64.999143	1506	
746224	Talita	CM	74	San Luis	-32.225377	-65.574539	149	
746231	Alto Pelado	CM	74	San Luis	-33.824128	-66.125542	179	
746238	Alto Pencoso	CM	74	San Luis	-33.431985	-66.926886	376	
746245	Balde	CM	74	San Luis	-33.452194	-66.636367	805	
746252	Beazley	CM	74	San Luis	-33.757272	-66.644621	801	
746273	San Jerónimo	CM	74	San Luis	-33.161765	-66.509487	473	
746280	Zanjitas	CM	74	San Luis	-33.804928	-66.414869	352	
746287	La Vertiente	CM	74	San Luis	-32.790514	-65.750933	155	
746294	Las Aguadas	CM	74	San Luis	-32.37547	-65.500952	122	
746301	Las Chacras	CM	74	San Luis	-32.56338	-65.779606	148	
746308	Las Lagunas	CM	74	San Luis	-32.628667	-65.547998	178	
746315	Paso Grande	CM	74	San Luis	-32.869579	-65.645206	532	
746322	Villa de Praga	CM	74	San Luis	-32.533035	-65.64382	322	
780007	Comandante Luis Piedra Buena	MU	78	Santa Cruz	-49.985577	-68.909299	9313	
780014	Puerto Santa Cruz	MU	78	Santa Cruz	-50.018659	-68.521364	5434	
780021	Caleta Olivia	MU	78	Santa Cruz	-46.447847	-67.522741	56556	
780028	Las Heras	MU	78	Santa Cruz	-46.541314	-68.932272	24728	
780035	Pico Truncado	MU	78	Santa Cruz	-46.79942	-67.957852	25346	
780042	Puerto Deseado	MU	78	Santa Cruz	-47.700375	-65.970496	16871	
780049	Río Gallegos	MU	78	Santa Cruz	-51.623463	-69.215865	116000	
780056	Río Turbio	MU	78	Santa Cruz	-51.588209	-72.221798	11745	
780063	28 de Noviembre	MU	78	Santa Cruz	-51.579614	-72.21164	9493	
780070	El Calafate	MU	78	Santa Cruz	-50.33803	-72.260665	23034	
780074	El Chaltén	MU	78	Santa Cruz	-49.332825	-72.885911	1866	
780077	Los Antiguos	MU	78	Santa Cruz	-46.551076	-71.631271	4655	
780084	Perito Moreno	MU	78	Santa Cruz	-47.018495	-70.928397	7875	
780091	Puerto San Julián	MU	78	Santa Cruz	-49.314086	-67.719744	12574	
780098	Gobernador Gregores	MU	78	Santa Cruz	-48.750897	-70.24852	5385	
785007	Cañadón Seco	CF	78	Santa Cruz	-46.561534	-67.610633	921	
785014	Jaramillo y Fitz Roy	CF	78	Santa Cruz	-47.105188	-67.19606	809	
785021	Nuestra Señora de los Dolores de Koluel Kaike	CF	78	Santa Cruz	-46.716815	-68.223581	393	
785035	Tres Lagos	CF	78	Santa Cruz	-49.59791	-71.446747	415	
785042	Lago Posadas	CF	78	Santa Cruz	-47.565663	-71.742848	662	
820007	Armstrong	M2	82	Santa Fe	-32.882184	-61.646709	12973	
820014	Las Parejas	M2	82	Santa Fe	-32.647557	-61.580514	14582	
820021	Las Rosas	M2	82	Santa Fe	-32.462467	-61.629354	14480	
820028	Casilda	M2	82	Santa Fe	-33.049673	-61.190667	38903	
820035	Frontera	M2	82	Santa Fe	-31.473574	-62.039167	10091	
820042	Rafaela	M2	82	Santa Fe	-31.242328	-61.487562	102236	
820045	San Vicente	M2	82	Santa Fe	-31.684153	-61.564831	6265	
820049	Sunchales	M2	82	Santa Fe	-30.951295	-61.583017	23528	
820056	Villa Constitución	M2	82	Santa Fe	-33.24279	-60.318119	52759	
820063	Firmat	M2	82	Santa Fe	-33.446766	-61.484592	20682	
820070	Rufino	M2	82	Santa Fe	-34.242427	-62.643604	19301	
820077	Venado Tuerto	M2	82	Santa Fe	-33.75182	-61.974459	83177	
820084	Villa Cañás	M2	82	Santa Fe	-34.019091	-61.605443	9836	
820091	Avellaneda	M2	82	Santa Fe	-29.065934	-59.535507	29314	
820095	Florencia	M2	82	Santa Fe	-28.069452	-59.144611	7454	
820098	Las Toscas	M2	82	Santa Fe	-28.333699	-59.248718	12865	
820105	Malabrigo	M2	82	Santa Fe	-29.330444	-59.919768	8708	
820112	Reconquista	M2	82	Santa Fe	-29.227396	-59.614518	88306	
820119	Villa Ocampo	M2	82	Santa Fe	-28.494262	-59.28133	19657	
820126	Cañada de Gómez	M2	82	Santa Fe	-32.843409	-61.428204	32553	
820133	Totoras	M2	82	Santa Fe	-32.583447	-61.22062	11736	
820140	Laguna Paiva	M2	82	Santa Fe	-31.303988	-60.665556	13695	
820142	Recreo	M2	82	Santa Fe	-31.493475	-60.736056	19060	
820143	San José del Rincón	M2	82	Santa Fe	-31.610521	-60.516161	14074	
820147	Santa Fe	M1	82	Santa Fe	-31.655156	-60.638771	408572	
820154	Santo Tomé	M2	82	Santa Fe	-31.648652	-60.789025	75426	
820158	Sauce Viejo	M2	82	Santa Fe	-31.793955	-60.7839	14425	
820161	Esperanza	M2	82	Santa Fe	-31.438559	-60.889531	47228	
820168	San Carlos Centro	M2	82	Santa Fe	-31.703692	-61.137167	12397	
820171	San Jerónimo Norte	M2	82	Santa Fe	-31.525853	-61.073638	7402	
820175	Tostado	M2	82	Santa Fe	-29.239027	-61.444705	17057	
820182	Arroyo Seco	M2	82	Santa Fe	-33.169076	-60.54585	24632	
820189	Funes	M2	82	Santa Fe	-32.925768	-60.826161	38390	
820196	Granadero Baigorria	M2	82	Santa Fe	-32.851319	-60.704006	44392	
820203	Pérez	M2	82	Santa Fe	-32.998262	-60.79693	32459	
820207	Pueblo Esther	M2	82	Santa Fe	-33.079904	-60.571962	12693	
820210	Rosario	M1	82	Santa Fe	-32.948959	-60.698084	1037710	
820217	Villa Gobernador Gálvez	M2	82	Santa Fe	-33.028686	-60.626697	92241	
820224	Ceres	M2	82	Santa Fe	-29.851974	-61.920753	16443	
820231	San Cristóbal	M2	82	Santa Fe	-30.236946	-61.097908	15448	
820233	San Guillermo	M2	82	Santa Fe	-30.386372	-61.877847	9335	
820235	Suardi	M2	82	Santa Fe	-30.524664	-61.861982	7761	
820237	Romang	M2	82	Santa Fe	-29.490122	-59.819833	9208	
820238	San Javier	M2	82	Santa Fe	-30.455883	-59.890552	17504	
820245	Coronda	M2	82	Santa Fe	-31.980676	-60.866431	21643	
820252	Gálvez	M2	82	Santa Fe	-32.041133	-61.235121	20307	
820256	San Genaro	M2	82	Santa Fe	-32.357982	-61.266315	9656	
820259	San Justo	M2	82	Santa Fe	-30.804607	-60.42245	26489	
820266	Capitán Bermúdez	M2	82	Santa Fe	-32.820119	-60.715501	30948	
820273	Carcarañá	M2	82	Santa Fe	-32.898144	-61.130993	17449	
820280	Fray Luis Beltrán	M2	82	Santa Fe	-32.786275	-60.733997	18536	
820287	Puerto General San Martín	M2	82	Santa Fe	-32.682164	-60.750514	17969	
820294	Roldán	M2	82	Santa Fe	-32.895778	-60.918752	30785	
820301	San Lorenzo	M2	82	Santa Fe	-32.744411	-60.752029	51180	
820308	El Trébol	M2	82	Santa Fe	-32.211639	-61.70609	12510	
820315	San Jorge	M2	82	Santa Fe	-31.911613	-61.880526	19673	
820322	Sastre y Ortiz	M2	82	Santa Fe	-31.77128	-61.833644	5876	
820329	Calchaquí	M2	82	Santa Fe	-29.881412	-60.377133	12830	
820336	Vera	M2	82	Santa Fe	-29.412701	-60.374939	22747	
822007	Bouquet	CO	82	Santa Fe	-32.417181	-61.877632	1375	
822014	Montes de Oca	CO	82	Santa Fe	-32.630372	-61.789932	2869	
822021	Tortugas	CO	82	Santa Fe	-32.822604	-61.739603	2502	
822028	Arequito	CO	82	Santa Fe	-33.151457	-61.507564	7387	
822035	Arteaga	CO	82	Santa Fe	-33.137139	-61.837159	3457	
822042	Berabevú	CO	82	Santa Fe	-33.295039	-61.866857	2127	
822049	Bigand	CO	82	Santa Fe	-33.37102	-61.184566	5620	
822056	Chabas	CO	82	Santa Fe	-33.262492	-61.364289	7479	
822063	Chañar Ladeado	CO	82	Santa Fe	-33.307334	-62.004037	5436	
822070	Gödeken	CO	82	Santa Fe	-33.413911	-61.882484	1908	
822077	Los Molinos	CO	82	Santa Fe	-33.063076	-61.351566	2022	
822084	Los Quirquinchos	CO	82	Santa Fe	-33.312127	-61.715754	2298	
822091	San José de la Esquina	CO	82	Santa Fe	-33.157276	-61.688505	6932	
822098	Sanford	CO	82	Santa Fe	-33.185745	-61.233229	2033	
822105	Villada	CO	82	Santa Fe	-33.339052	-61.495468	1267	
822112	Angélica	CO	82	Santa Fe	-31.52166	-61.504233	1475	
822119	Ataliva	CO	82	Santa Fe	-30.99625	-61.431802	2292	
822126	Aurelia	CO	82	Santa Fe	-31.392107	-61.413454	208	
822133	Bauer y Sigel	CO	82	Santa Fe	-31.264719	-61.950432	313	
822140	Bella Italia	CO	82	Santa Fe	-31.262296	-61.381205	1936	
822147	Colonia Aldao	CO	82	Santa Fe	-30.985756	-61.740055	2029	
822154	Colonia Bicha	CO	82	Santa Fe	-30.860854	-61.840775	375	
822161	Colonia Bigand	CO	82	Santa Fe	-31.066718	-61.717555	176	
822168	Castellanos	CO	82	Santa Fe	-31.158979	-61.739366	285	
822175	Colonia Cello	CO	82	Santa Fe	-31.442922	-61.869095	215	
822182	Colonia Iturraspe	CO	82	Santa Fe	-31.487237	-61.618294	88	
822189	Colonia Margarita	CO	82	Santa Fe	-31.683257	-61.652005	351	
822196	Colonia Raquel	CO	82	Santa Fe	-30.82287	-61.505383	457	
822203	Coronel Fraga	CO	82	Santa Fe	-31.178729	-61.927255	393	
822210	Egusquiza	CO	82	Santa Fe	-31.094404	-61.623024	366	
822217	Esmeralda	CO	82	Santa Fe	-31.626964	-62.000513	705	
822224	Estación Clucellas	CO	82	Santa Fe	-31.525259	-61.712689	1006	
822231	Eusebia y Carolina	CO	82	Santa Fe	-30.941507	-61.860251	1048	
822238	Eustolia	CO	82	Santa Fe	-31.580753	-61.765686	153	
822245	Fidela	CO	82	Santa Fe	-31.052424	-61.79986	179	
822252	Galisteo	CO	82	Santa Fe	-31.01883	-61.326164	253	
822259	Garibaldi	CO	82	Santa Fe	-31.656705	-61.858112	288	
822266	Hugentobler	CO	82	Santa Fe	-30.914161	-61.757244	157	
822273	Humberto Primo	CO	82	Santa Fe	-30.868882	-61.347197	5939	
822280	Josefina	CO	82	Santa Fe	-31.391899	-61.97882	2738	
822287	Lehmann	CO	82	Santa Fe	-31.126216	-61.433454	3583	
822294	María Juana	CO	82	Santa Fe	-31.675545	-61.750802	5013	
822301	Colonia Maua	CO	82	Santa Fe	-30.775468	-61.260072	80	
822308	Plaza Clucellas	CO	82	Santa Fe	-31.437706	-61.722365	1971	
822315	Presidente Roca	CO	82	Santa Fe	-31.214643	-61.620802	1035	
822322	Pueblo Marini	CO	82	Santa Fe	-31.020413	-61.882434	164	
822329	Ramona	CO	82	Santa Fe	-31.101457	-61.905372	2062	
822336	Saguier	CO	82	Santa Fe	-31.337228	-61.68956	506	
822343	San Antonio	CO	82	Santa Fe	-31.25097	-61.761178	323	
822357	Santa Clara de Saguier	CO	82	Santa Fe	-31.336221	-61.819108	2067	
822364	Susana	CO	82	Santa Fe	-31.372119	-61.530478	1834	
822371	Tacural	CO	82	Santa Fe	-30.803397	-61.614451	1553	
822378	Tacurales	CO	82	Santa Fe	-30.816078	-61.756329	448	
822385	Vila	CO	82	Santa Fe	-31.190388	-61.83282	1586	
822392	Villa San José	CO	82	Santa Fe	-31.339868	-61.616731	426	
822399	Virginia	CO	82	Santa Fe	-30.757432	-61.366914	258	
822406	Zenón Pereyra	CO	82	Santa Fe	-31.548974	-61.960753	2123	
822413	Alcorta	CO	82	Santa Fe	-33.576888	-61.136946	7714	
822420	Bombal	CO	82	Santa Fe	-33.457204	-61.305228	3532	
822427	Cañada Rica	CO	82	Santa Fe	-33.534589	-60.643446	679	
822434	Cepeda	CO	82	Santa Fe	-33.40419	-60.586351	351	
822441	Empalme Villa Constitución	CO	82	Santa Fe	-33.281834	-60.400622	7184	
822448	General Gelly	CO	82	Santa Fe	-33.603749	-60.564216	651	
822455	Godoy	CO	82	Santa Fe	-33.415826	-60.47249	1374	
822462	Juan B. Molina	CO	82	Santa Fe	-33.527111	-60.498105	1317	
822469	Juncal	CO	82	Santa Fe	-33.713528	-61.093609	996	
822476	La Vanguardia	CO	82	Santa Fe	-33.364996	-60.705063	383	
822483	Máximo Paz	CO	82	Santa Fe	-33.504385	-60.963343	3296	
822490	Pavón	CO	82	Santa Fe	-33.242383	-60.412478	3083	
822497	Pavón Arriba	CO	82	Santa Fe	-33.340932	-60.868743	2110	
822504	Peyrano	CO	82	Santa Fe	-33.515075	-60.783137	2492	
822511	Rueda	CO	82	Santa Fe	-33.359036	-60.425944	628	
822518	Santa Teresa	CO	82	Santa Fe	-33.412217	-60.820048	3257	
822525	Sargento Cabral	CO	82	Santa Fe	-33.456672	-60.662832	1057	
822532	Theobald	CO	82	Santa Fe	-33.329456	-60.348357	541	
822539	Cayastá	CO	82	Santa Fe	-31.226924	-60.243355	4951	
822546	Colonia Mascías	CO	82	Santa Fe	-30.77256	-59.965181	1044	
822553	Helvecia	CO	82	Santa Fe	-31.064253	-60.118616	10184	
822560	Saladero Mariano Cabal	CO	82	Santa Fe	-30.926361	-60.048053	918	
822567	Santa Rosa de Calchines	CO	82	Santa Fe	-31.405091	-60.323277	7830	
822574	Aarón Castellanos	CO	82	Santa Fe	-34.302284	-62.330369	401	
822581	Amenábar	CO	82	Santa Fe	-34.080811	-62.410661	1965	
822588	Cafferata	CO	82	Santa Fe	-33.480013	-62.087183	1108	
822595	Cañada del Ucle	CO	82	Santa Fe	-33.393116	-61.645016	973	
822602	Carmen	CO	82	Santa Fe	-33.68699	-61.780919	1782	
822609	Carreras	CO	82	Santa Fe	-33.625153	-61.352899	1976	
822616	Chapuy	CO	82	Santa Fe	-33.806037	-61.762986	874	
822623	Chovet	CO	82	Santa Fe	-33.549867	-61.650449	2149	
822630	Christophersen	CO	82	Santa Fe	-34.176647	-62.066927	898	
822637	Diego de Alvear	CO	82	Santa Fe	-34.312302	-62.145252	2065	
822644	Elortondo	CO	82	Santa Fe	-33.774393	-61.576862	5968	
822651	Hughes	CO	82	Santa Fe	-33.82892	-61.36982	4805	
822658	La Chispa	CO	82	Santa Fe	-33.541937	-61.963807	569	
822665	Labordeboy	CO	82	Santa Fe	-33.718744	-61.293182	1171	
822672	Lazzarino	CO	82	Santa Fe	-34.238134	-62.417944	426	
822679	Maggiolo	CO	82	Santa Fe	-33.739558	-62.259835	2082	
822686	María Teresa	CO	82	Santa Fe	-34.039567	-61.912867	4131	
822693	Melincué	CO	82	Santa Fe	-33.67163	-61.480039	2587	
822700	Miguel Torres	CO	82	Santa Fe	-33.53583	-61.445517	522	
822707	Murphy	CO	82	Santa Fe	-33.565129	-61.84933	4039	
822714	San Eduardo	CO	82	Santa Fe	-33.905242	-62.12037	1163	
822721	San Francisco de Santa Fe	CO	82	Santa Fe	-33.598689	-62.141254	313	
822728	San Gregorio	CO	82	Santa Fe	-34.266797	-61.892228	5403	
822735	Sancti Spiritu	CO	82	Santa Fe	-33.989376	-62.291588	3692	
822742	Santa Isabel	CO	82	Santa Fe	-33.899993	-61.73276	4744	
822749	Teodelina	CO	82	Santa Fe	-34.193524	-61.605985	6674	
822756	Wheelwright	CO	82	Santa Fe	-33.867359	-61.251094	6178	
822763	Arroyo Ceibal	CO	82	Santa Fe	-28.714988	-59.381584	1432	
822770	Berna	CO	82	Santa Fe	-29.227109	-59.908144	938	
822777	El Araza	CO	82	Santa Fe	-29.121377	-59.992013	787	
822784	El Rabón	CO	82	Santa Fe	-28.213162	-59.251564	1421	
822791	El Sombrerito	CO	82	Santa Fe	-28.641266	-59.277314	746	
822805	Guadalupe Norte	CO	82	Santa Fe	-28.963363	-59.414368	1700	
822808	Hardy	CO	82	Santa Fe	-28.156814	-59.246666	877	
822812	Ingeniero Chanourdie	CO	82	Santa Fe	-28.679898	-59.662925	989	
822819	La Sarita	CO	82	Santa Fe	-28.962386	-59.886679	1494	
822826	Lanteri	CO	82	Santa Fe	-28.84705	-59.677373	2573	
822833	Las Garzas	CO	82	Santa Fe	-28.84857	-59.346611	1728	
822840	Los Laureles	CO	82	Santa Fe	-29.371341	-59.686927	1487	
822847	Nicanor Molinas	CO	82	Santa Fe	-29.151662	-59.823949	549	
822854	San Antonio de Obligado	CO	82	Santa Fe	-28.386827	-59.314656	3167	
822861	Tacuarendi	CO	82	Santa Fe	-28.423127	-59.290799	2963	
822868	Villa Ana	CO	82	Santa Fe	-28.414574	-59.636662	3331	
822875	Villa Guillermina	CO	82	Santa Fe	-28.138783	-59.601372	5500	
822882	Bustinza	CO	82	Santa Fe	-32.689426	-61.352402	1349	
822889	Carrizales	CO	82	Santa Fe	-32.508894	-61.054525	1309	
822896	Classon	CO	82	Santa Fe	-32.490117	-61.349013	924	
822903	Correa	CO	82	Santa Fe	-32.866128	-61.255611	6266	
822910	Lucio V. López	CO	82	Santa Fe	-32.755963	-61.073739	505	
822917	Oliveros	CO	82	Santa Fe	-32.530804	-60.89848	5835	
822924	Pueblo Andino	CO	82	Santa Fe	-32.656258	-60.89509	4142	
822931	Salto Grande	CO	82	Santa Fe	-32.690891	-61.11745	2543	
822938	Serodino	CO	82	Santa Fe	-32.612788	-60.965071	4090	
822945	Villa Eloísa	CO	82	Santa Fe	-32.979098	-61.585478	3252	
822952	Arroyo Aguiar	CO	82	Santa Fe	-31.410799	-60.612596	1628	
822959	Arroyo Leyes	CO	82	Santa Fe	-31.542651	-60.468378	4810	
822966	Cabal	CO	82	Santa Fe	-31.104719	-60.745777	128	
822973	Campo Andino	CO	82	Santa Fe	-31.274289	-60.542704	442	
822980	Candioti	CO	82	Santa Fe	-31.393338	-60.759657	1155	
822987	Emilia	CO	82	Santa Fe	-31.054506	-60.746521	1134	
822994	Llambí Campbell	CO	82	Santa Fe	-31.175391	-60.696204	2710	
823001	Monte Vera	CO	82	Santa Fe	-31.521606	-60.657188	10037	
823008	Nelson	CO	82	Santa Fe	-31.294966	-60.813451	4969	
823036	Cavour	CO	82	Santa Fe	-31.387267	-60.995405	405	
823043	San José	CO	82	Santa Fe	-31.622307	-60.861453	272	
823050	Cululú	CO	82	Santa Fe	-31.247812	-60.926219	296	
823057	Elisa	CO	82	Santa Fe	-30.691058	-61.109423	1828	
823064	Empalme San Carlos	CO	82	Santa Fe	-31.547999	-60.831771	346	
823071	Felicia	CO	82	Santa Fe	-31.218204	-61.23192	2575	
823078	Franck	CO	82	Santa Fe	-31.586928	-60.937848	6472	
823085	Grutly	CO	82	Santa Fe	-31.237688	-61.094031	875	
823092	Hipatía	CO	82	Santa Fe	-31.099769	-61.074661	550	
823099	Humboldt	CO	82	Santa Fe	-31.401843	-61.11852	5396	
823106	Ituzaingó	CO	82	Santa Fe	-30.814897	-61.14257	82	
823113	Jacinto L. Aráuz	CO	82	Santa Fe	-30.7206	-60.956089	186	
823120	La Pelada	CO	82	Santa Fe	-30.862891	-60.9335	1440	
823127	Las Tunas	CO	82	Santa Fe	-31.569463	-61.012426	489	
823134	María Luisa	CO	82	Santa Fe	-31.018784	-60.891604	760	
823141	Matilde	CO	82	Santa Fe	-31.790917	-61.020684	966	
823148	Nuevo Torino	CO	82	Santa Fe	-31.332178	-61.259954	763	
823155	Pilar	CO	82	Santa Fe	-31.425119	-61.281586	5402	
823162	Progreso	CO	82	Santa Fe	-31.145024	-60.990026	2787	
823169	Providencia	CO	82	Santa Fe	-30.979417	-61.028459	902	
823176	Pujato Norte	CO	82	Santa Fe	-31.516167	-60.949753	495	
823183	Rivadavia	CO	82	Santa Fe	-31.307364	-61.029951	221	
823190	Sa Pereira	CO	82	Santa Fe	-31.597131	-61.346828	1594	Sa Pereyra
823197	San Agustín	CO	82	Santa Fe	-31.680551	-60.960613	1147	
823204	San Carlos Norte	CO	82	Santa Fe	-31.64604	-61.075672	1297	
823211	San Carlos Sud	CO	82	Santa Fe	-31.793828	-61.111576	2616	
823218	San Jerónimo del Sauce	CO	82	Santa Fe	-31.608231	-61.171657	993	
823232	San Mariano	CO	82	Santa Fe	-31.683092	-61.407434	380	
823239	Santa Clara de Buena Vista	CO	82	Santa Fe	-31.785307	-61.344135	3149	
823246	Santa María Centro	CO	82	Santa Fe	-31.514494	-61.307502	152	
823253	Santa María Norte	CO	82	Santa Fe	-31.513151	-61.173396	164	
823260	Santo Domingo	CO	82	Santa Fe	-31.111904	-60.880285	1815	
823267	Sarmiento	CO	82	Santa Fe	-31.078874	-61.201346	1778	
823274	Soutomayor	CO	82	Santa Fe	-30.936367	-61.175785	120	
823281	Esteban Rams	CO	82	Santa Fe	-29.675973	-61.471569	307	
823288	Gato Colorado	CO	82	Santa Fe	-28.229719	-61.039578	1106	
823295	Gregoria Pérez de Denis	CO	82	Santa Fe	-28.12742	-61.559907	1967	
823302	Juan de Garay	CO	82	Santa Fe	-29.665887	-61.66314	48	
823309	Logroño	CO	82	Santa Fe	-29.470361	-61.681943	810	
823316	Montefiore	CO	82	Santa Fe	-29.623976	-61.87905	292	
823323	Pozo Borrado	CO	82	Santa Fe	-28.939569	-61.386027	1030	
823330	San Bernardo	CO	82	Santa Fe	-28.680499	-61.242759	744	
823337	Santa Margarita	CO	82	Santa Fe	-28.339407	-61.456182	1103	
823344	Villa Minetti	CO	82	Santa Fe	-28.599845	-61.665115	6531	
823351	Acebal	CO	82	Santa Fe	-33.243384	-60.880469	5737	
823358	Albarellos	CO	82	Santa Fe	-33.238631	-60.627344	379	
823365	Álvarez	CO	82	Santa Fe	-33.140354	-60.807847	7936	
823372	Alvear	CO	82	Santa Fe	-33.07104	-60.641916	8367	
823379	Arminda	CO	82	Santa Fe	-33.249587	-60.961876	303	
823386	Carmen del Sauce	CO	82	Santa Fe	-33.230004	-60.786625	1002	
823393	Coronel Bogado	CO	82	Santa Fe	-33.306872	-60.588207	2489	
823400	Fighiera	CO	82	Santa Fe	-33.222795	-60.465385	5973	
823407	General Lagos	CO	82	Santa Fe	-33.11538	-60.576348	5174	
823414	Ibarlucea	CO	82	Santa Fe	-32.852139	-60.805557	8922	
823421	Piñero	CO	82	Santa Fe	-33.090353	-60.76111	4618	
823435	Pueblo Muñoz	CO	82	Santa Fe	-33.175279	-60.905293	567	
823442	Soldini	CO	82	Santa Fe	-33.044693	-60.784681	4286	
823449	Uranga	CO	82	Santa Fe	-33.273207	-60.71755	909	
823456	Villa Amelia	CO	82	Santa Fe	-33.157017	-60.670435	1848	
823463	Zavalla	CO	82	Santa Fe	-33.017172	-60.912359	6722	
823470	Coronel Domínguez	CO	82	Santa Fe	-33.191084	-60.738447	1175	
823477	Aguará Grande	CO	82	Santa Fe	-29.988029	-60.852946	384	
823484	Ambrosetti	CO	82	Santa Fe	-29.978971	-61.546855	1326	
823491	Arrufo	CO	82	Santa Fe	-30.235998	-61.624903	2301	
823498	Capivara	CO	82	Santa Fe	-30.474802	-61.314621	352	
823505	Colonia Ana	CO	82	Santa Fe	-30.129888	-61.966279	289	
823512	Colonia Bossi	CO	82	Santa Fe	-30.672623	-61.787799	461	
823519	Colonia Rosa	CO	82	Santa Fe	-30.319336	-62.029337	1069	
823526	Constanza	CO	82	Santa Fe	-30.650384	-61.304465	256	
823533	Curupaity	CO	82	Santa Fe	-30.387759	-61.652366	387	
823540	Dos Rosas y La Legua	CO	82	Santa Fe	-30.642865	-61.889218	504	
823547	Hersilia	CO	82	Santa Fe	-29.975756	-61.829148	3449	
823554	Huanqueros	CO	82	Santa Fe	-29.857888	-61.109072	864	
823561	La Cabral	CO	82	Santa Fe	-30.098779	-61.202851	246	
823568	Colonia Clara	CO	82	Santa Fe	-30.547513	-61.065458	144	
823575	La Lucila	CO	82	Santa Fe	-30.382295	-61.000703	265	
823582	La Rubia	CO	82	Santa Fe	-30.097377	-61.759303	543	
823589	Las Avispas	CO	82	Santa Fe	-29.776633	-61.275838	127	
823596	Las Palmeras	CO	82	Santa Fe	-30.62832	-61.622565	652	
823603	Moisés Ville	CO	82	Santa Fe	-30.631383	-61.470512	2435	
823610	Monigotes	CO	82	Santa Fe	-30.50695	-61.61101	426	
823617	Monte Oscuridad	CO	82	Santa Fe	-30.462197	-62.052997	705	
823624	Ñanducita	CO	82	Santa Fe	-30.368818	-61.133818	212	
823631	Palacios	CO	82	Santa Fe	-30.714494	-61.650567	515	
823638	Portugalete	CO	82	Santa Fe	-30.237529	-61.360318	145	
823652	Santurce	CO	82	Santa Fe	-30.161269	-61.159889	58	
823659	Soledad	CO	82	Santa Fe	-30.654501	-60.848866	1125	
823673	Villa Saralegui	CO	82	Santa Fe	-30.445526	-60.771257	635	
823680	Villa Trinidad	CO	82	Santa Fe	-30.225817	-61.926398	3939	
823687	Alejandra	CO	82	Santa Fe	-29.943404	-59.824701	4408	
823694	Cacique Ariacaiquín	CO	82	Santa Fe	-30.597043	-60.26593	373	
823701	Colonia Durán	CO	82	Santa Fe	-29.571399	-59.966491	466	
823704	Colonia Teresa	CO	82	Santa Fe	-30.251836	-59.97268	701	
823708	La Brava	CO	82	Santa Fe	-30.402615	-60.177143	614	
823722	Arocena	CO	82	Santa Fe	-32.086098	-60.884025	2134	
823729	Barrancas	CO	82	Santa Fe	-32.252806	-60.899453	5622	
823736	Bernardo de Irigoyen	CO	82	Santa Fe	-32.167214	-61.265575	1658	
823743	Campo Piaggio	CO	82	Santa Fe	-31.957877	-61.308754	87	
823750	Casalegno	CO	82	Santa Fe	-32.254702	-61.134144	179	
823757	Centeno	CO	82	Santa Fe	-32.279905	-61.387929	3103	
823764	Desvío Arijón	CO	82	Santa Fe	-31.862543	-60.868904	2933	
823771	Díaz	CO	82	Santa Fe	-32.37728	-61.076088	1835	
823778	Gaboto	CO	82	Santa Fe	-32.40886	-60.807169	3714	
823785	Gessler	CO	82	Santa Fe	-31.889086	-61.128173	1177	
823792	Irigoyen	CO	82	Santa Fe	-32.161236	-61.097269	1017	
823799	Larrechea	CO	82	Santa Fe	-31.932995	-61.060381	687	
823806	Loma Alta	CO	82	Santa Fe	-31.947477	-61.18103	202	
823813	López	CO	82	Santa Fe	-31.87891	-61.282362	1590	
823820	Maciel	CO	82	Santa Fe	-32.430836	-60.935462	6128	
823827	Monje	CO	82	Santa Fe	-32.330549	-60.860697	2412	
823834	San Eugenio	CO	82	Santa Fe	-32.079641	-61.096826	124	
823841	San Fabián	CO	82	Santa Fe	-32.167853	-60.875042	1099	
823862	Angeloni	CO	82	Santa Fe	-30.860186	-60.719597	272	
823869	Cayastacito	CO	82	Santa Fe	-31.113241	-60.495644	501	
823876	Colonia Dolores	CO	82	Santa Fe	-30.40468	-60.304353	761	
823883	Esther	CO	82	Santa Fe	-31.044087	-60.605905	79	
823890	Gobernador Crespo	CO	82	Santa Fe	-30.34218	-60.385319	6480	
823897	La Camila	CO	82	Santa Fe	-30.072073	-60.620312	111	
823904	La Criolla	CO	82	Santa Fe	-30.20052	-60.514158	2502	
823911	La Penca y Caraguatá	CO	82	Santa Fe	-30.323201	-60.568257	380	
823918	Marcelino Escalada	CO	82	Santa Fe	-30.60804	-60.426425	2052	
823925	Naré	CO	82	Santa Fe	-30.977083	-60.446891	336	
823932	Pedro Gómez Cello	CO	82	Santa Fe	-30.005197	-60.474284	657	
823939	Ramayón	CO	82	Santa Fe	-30.612035	-60.561962	693	
823946	San Bernardo	CO	82	Santa Fe	-30.874327	-60.557273	81	
823953	San Martín Norte	CO	82	Santa Fe	-30.269972	-60.244729	954	
823960	Silva	CO	82	Santa Fe	-30.450454	-60.473644	452	
823967	Vera y Pintado	CO	82	Santa Fe	-30.128831	-60.343499	1343	
823974	Videla	CO	82	Santa Fe	-30.973412	-60.70555	2522	
823981	Aldao	CO	82	Santa Fe	-32.710575	-60.860255	802	
823988	Coronel Arnold	CO	82	Santa Fe	-33.097318	-60.971854	990	
823995	Fuentes	CO	82	Santa Fe	-33.180891	-61.050419	2751	
824002	Luis Palacios	CO	82	Santa Fe	-32.777141	-60.957584	1543	
824009	Pujato	CO	82	Santa Fe	-32.997019	-61.048226	3574	
824016	Ricardone	CO	82	Santa Fe	-32.789189	-60.805922	6003	
824023	San Jerónimo Sud	CO	82	Santa Fe	-32.877961	-61.029745	3113	
824030	Timbúes	CO	82	Santa Fe	-32.574295	-60.802212	6469	
824037	Villa Mugueta	CO	82	Santa Fe	-33.321067	-61.044682	2269	
824044	Cañada Rosquín	CO	82	Santa Fe	-32.018487	-61.571738	5649	
824051	Carlos Pellegrini	CO	82	Santa Fe	-32.053138	-61.81609	6111	
824058	Casas	CO	82	Santa Fe	-32.157723	-61.571784	777	
824065	Castelar	CO	82	Santa Fe	-31.676063	-62.11429	755	
824072	Colonia Belgrano	CO	82	Santa Fe	-31.954112	-61.421539	1430	
824079	Crispi	CO	82	Santa Fe	-31.805198	-62.011792	454	
824086	Landeta	CO	82	Santa Fe	-32.012396	-62.070387	1517	
824093	Las Bandurrias	CO	82	Santa Fe	-32.142288	-61.438767	308	
824100	Las Petacas	CO	82	Santa Fe	-31.816955	-62.14768	952	
824107	Los Cardos	CO	82	Santa Fe	-32.316465	-61.608211	1333	
824114	María Susana	CO	82	Santa Fe	-32.256661	-61.9243	3597	
824121	Piamonte	CO	82	Santa Fe	-32.152597	-62.025707	3642	
824128	San Martín de las Escobas	CO	82	Santa Fe	-31.839454	-61.605995	3048	
824135	Traill	CO	82	Santa Fe	-31.930759	-61.68901	195	
824142	Cañada Ombú	CO	82	Santa Fe	-28.289159	-60.319953	914	
824149	Fortín Olmos	CO	82	Santa Fe	-28.988612	-60.667953	3510	
824156	Garabato	CO	82	Santa Fe	-28.888765	-60.214179	1919	
824163	Golondrina	CO	82	Santa Fe	-28.458582	-60.441938	443	
824170	Intiyaco	CO	82	Santa Fe	-28.659419	-60.344285	1469	
824177	La Gallareta	CO	82	Santa Fe	-29.531328	-60.734704	2789	
824184	Los Amores	CO	82	Santa Fe	-28.122411	-60.237599	1227	
824188	Los Tábanos	CO	82	Santa Fe	-28.450643	-59.931781	495	
824191	Margarita	CO	82	Santa Fe	-29.749945	-60.147462	4900	
824198	Tartagal	CO	82	Santa Fe	-28.68147	-59.864044	1860	
824205	Toba	CO	82	Santa Fe	-29.228224	-60.170689	924	
860007	Pinto	M3	86	Santiago del Estero	-29.141754	-62.654548	5483	
860014	Campo Gallo	M3	86	Santiago del Estero	-26.583953	-62.84705	8323	
860021	Villa Atamisqui	M3	86	Santiago del Estero	-28.496444	-63.817329	5600	
860028	Colonia Dora	M3	86	Santiago del Estero	-28.604023	-62.950418	5020	
860035	Clodomira	M2	86	Santiago del Estero	-27.580564	-64.135226	12625	
860042	La Banda	M1	86	Santiago del Estero	-27.73065	-64.24336	128834	
860049	Bandera	M3	86	Santiago del Estero	-28.888092	-62.269025	8516	
860056	Santiago del Estero	M1	86	Santiago del Estero	-27.787684	-64.259668	311487	
860063	Monte Quemado	M2	86	Santiago del Estero	-25.80357	-62.830132	17418	
860070	Pampa de los Guanacos	M3	86	Santiago del Estero	-26.230182	-61.836474	6432	
860077	Frías	M1	86	Santiago del Estero	-28.637544	-65.128728	33605	
860084	Añatuya	M1	86	Santiago del Estero	-28.460203	-62.833542	30026	
860091	Los Juríes	M3	86	Santiago del Estero	-28.462926	-62.11024	5406	
860098	San Pedro de Guasayán	M3	86	Santiago del Estero	-27.956	-65.168	2956	
860105	Pozo Hondo	M3	86	Santiago del Estero	-27.167065	-64.490763	4717	
860112	Suncho Corral	M3	86	Santiago del Estero	-27.932846	-63.430152	9308	
860119	Loreto	M2	86	Santiago del Estero	-28.300986	-64.184139	14642	
860126	Quimilí	M2	86	Santiago del Estero	-27.644686	-62.41737	19299	
860133	Tintina	M3	86	Santiago del Estero	-27.02629	-62.706405	6524	
860140	Villa Ojo de Agua	M3	86	Santiago del Estero	-29.502807	-63.694968	8335	
860147	Nueva Esperanza	M3	86	Santiago del Estero	-26.200185	-64.240018	8413	
860154	Sumampa	M3	86	Santiago del Estero	-29.382557	-63.474837	7996	
860161	Termas de Río Hondo	M1	86	Santiago del Estero	-27.498635	-64.860713	38870	
860168	Selva	M3	86	Santiago del Estero	-29.768248	-62.047532	3547	
860175	Beltrán	M3	86	Santiago del Estero	-27.826834	-64.05876	8188	
860182	Fernández	M2	86	Santiago del Estero	-27.925315	-63.894588	14791	
860189	Forres	M3	86	Santiago del Estero	-27.874566	-63.977373	7199	
860196	Los Telares	M3	86	Santiago del Estero	-28.985075	-63.4504	3302	
866007	Malbrán	CMA	86	Santiago del Estero	-29.349178	-62.44177	1355	
866014	Sacháyoj	CMA	86	Santiago del Estero	-26.675407	-61.815044	4203	
866021	Estación Atamisqui	CMA	86	Santiago del Estero	-28.493729	-63.937446	813	
866024	Hoyón	CMB	86	Santiago del Estero	-28.629464	-63.959427	133	
866026	Juanillo	CMB	86	Santiago del Estero	-28.595804	-63.692179	146	
866028	Medellín	CMA	86	Santiago del Estero	-28.652341	-63.785507	1176	
866035	Herrera	CMA	86	Santiago del Estero	-28.482914	-63.066238	3283	
866042	Icaño	CMA	86	Santiago del Estero	-28.681477	-62.88118	3146	
866049	Lugones	CMA	86	Santiago del Estero	-28.336352	-63.33933	1812	
866056	Real Sayana	CMA	86	Santiago del Estero	-28.81469	-62.843063	2396	
866063	Estación Simbolar	CMA	86	Santiago del Estero	-27.653811	-64.193122	2929	
866070	Los Quiroga	CMA	86	Santiago del Estero	-27.652603	-64.354955	2649	
866077	Fortín Inca	CMA	86	Santiago del Estero	-29.127471	-61.934476	596	
866084	Guardia Escolta	CMA	86	Santiago del Estero	-28.988339	-62.1266	961	
866091	Los Pirpintos	CMA	86	Santiago del Estero	-26.13168	-62.064365	2122	
866098	Choya	CMA	86	Santiago del Estero	-28.496103	-64.856284	1568	
866105	Laprida	CMA	86	Santiago del Estero	-28.375632	-64.530552	1876	
866112	Tapso	CMA	86	Santiago del Estero	-28.403755	-65.096249	892	
866119	Villa La Punta	CMA	86	Santiago del Estero	-28.369726	-64.794672	1247	
866126	Bandera Bajada	CMA	86	Santiago del Estero	-27.273291	-63.513182	1246	
866133	La Cañada	CMA	86	Santiago del Estero	-27.709509	-63.772554	2323	
866140	Tomás Young	CMA	86	Santiago del Estero	-28.600541	-62.182675	885	
866147	Lavalle	CMA	86	Santiago del Estero	-28.194511	-65.107666	1954	
866154	El Bobadal	CMA	86	Santiago del Estero	-26.724042	-64.396365	2974	
866161	El Charco	CMA	86	Santiago del Estero	-27.230328	-64.699062	1199	
866168	Gramilla	CMA	86	Santiago del Estero	-27.297606	-64.611747	1019	
866175	Matará	CMA	86	Santiago del Estero	-28.110414	-63.195071	1796	
866182	Vilelas	CMA	86	Santiago del Estero	-27.96122	-62.608938	2220	
866183	Yuchán	CMB	86	Santiago del Estero	-27.780854	-62.975264	808	
866184	La Noria	CMB	86	Santiago del Estero	-27.7837	-64.2642	337	
866185	San Vicente	CMB	86	Santiago del Estero	-28.487077	-64.135125	286	
866186	Sauce Solo	CMB	86	Santiago del Estero	-28.571847	-64.254017	132	
866187	Tío Pozo	CMB	86	Santiago del Estero	-28.407684	-63.98117	595	
866189	Villa Unión	CMA	86	Santiago del Estero	-29.413623	-62.790404	719	
866196	Weisburd	CMA	86	Santiago del Estero	-27.318901	-62.585042	2402	
866200	Kilómetro 49	CMB	86	Santiago del Estero	-29.050581	-63.957935	532	
866203	Sol de Julio	CMA	86	Santiago del Estero	-29.565328	-63.457079	2481	
866210	El Mojón	CMA	86	Santiago del Estero	-26.092739	-64.309154	2170	
866217	Los Núñez	CMA	86	Santiago del Estero	-27.534221	-64.528835	971	
866224	Villa Río Hondo	CMA	86	Santiago del Estero	-27.595621	-64.873437	670	
866231	Colonia Alpina	CMA	86	Santiago del Estero	-30.060097	-62.103392	199	
866238	Palo Negro	CMA	86	Santiago del Estero	-29.675072	-62.135623	332	
866245	Colonia El Simbolar	CMA	86	Santiago del Estero	-27.727567	-63.85876	4979	
866252	Vilmer	CMA	86	Santiago del Estero	-27.785425	-64.151489	1494	
866259	Chilca Juliana	CMA	86	Santiago del Estero	-28.797202	-63.575344	783	
866266	Villa Salavina	CMA	86	Santiago del Estero	-28.804317	-63.429651	1442	
866273	Brea Pozo	CMA	86	Santiago del Estero	-28.243853	-63.953337	3155	
866280	Taboada	CMA	86	Santiago del Estero	-28.008452	-63.74441	1633	
866287	Garza	CMA	86	Santiago del Estero	-28.152941	-63.538873	3034	
866294	Árraga	CMA	86	Santiago del Estero	-28.051292	-64.223791	1831	
866301	Nueva Francia	CMA	86	Santiago del Estero	-28.173765	-64.199983	1973	
866308	Argentina	CMA	86	Santiago del Estero	-29.534711	-62.26714	136	
866315	Casares	CMA	86	Santiago del Estero	-28.948139	-62.800103	248	
866322	Donadeu	CMA	86	Santiago del Estero	-26.725265	-62.72073	961	
866325	Huachana	CMB	86	Santiago del Estero	-26.407365	-63.498767	146	
866329	Santos Lugares	CMA	86	Santiago del Estero	-26.690598	-63.55921	550	
866336	Villa Mailín	CMA	86	Santiago del Estero	-28.482601	-63.276051	1990	
866340	Punta Pozo	CMB	86	Santiago del Estero	-28.497721	-63.622177	10	
866342	Abra Grande	CMB	86	Santiago del Estero	-27.290165	-64.378176	303	
866343	Antajé	CMA	86	Santiago del Estero	-27.622919	-64.254601	404	
866350	Ardiles	CMA	86	Santiago del Estero	-27.412056	-64.499321	543	
866357	Cañada Escobar	CMA	86	Santiago del Estero	-27.708497	-64.023155	29	
866364	Chaupi Pozo	CMA	86	Santiago del Estero	-27.506933	-64.419841	446	
866368	El Aibé	CMB	86	Santiago del Estero	-27.587022	-64.260531	360	
866371	La Aurora	CMA	86	Santiago del Estero	-27.49594	-64.230665	974	
866378	San Ramón - La Dársena	CMA	86	Santiago del Estero	-27.69842	-64.288343	983	
866382	Negra Muerta	CMB	86	Santiago del Estero	-27.507747	-64.135905	48	
866385	Cuatro Bocas	CMA	86	Santiago del Estero	-28.864275	-61.857593	215	
866388	El Deán	CMB	86	Santiago del Estero	-27.714647	-64.331287	1007	
866390	Remes	CMB	86	Santiago del Estero	-27.85483	-64.532342	227	
866391	San Benito	CMB	86	Santiago del Estero	-28.146452	-64.488084	233	
866392	San Pedro	CMA	86	Santiago del Estero	-27.946215	-64.164005	558	
866394	Santa María	CMB	86	Santiago del Estero	-27.949089	-64.219	502	
866396	Sol de Mayo	CMB	86	Santiago del Estero	-27.702944	-64.587895	102	
866399	Villa Zanjón	CMA	86	Santiago del Estero	-27.890137	-64.236753	5270	
866403	Vuelta de la Barranca	CMB	86	Santiago del Estero	-27.912417	-64.198127	630	
866405	Ahí Veremos	CMB	86	Santiago del Estero	-25.729303	-63.466625	129	
866406	El Caburé	CMA	86	Santiago del Estero	-26.015884	-62.334173	1030	
866413	San José del Boquerón	CMA	86	Santiago del Estero	-26.115061	-63.704019	832	
866420	Villa Matoque	CMA	86	Santiago del Estero	-25.832083	-63.794489	50	
866424	Caspi Corral	CMB	86	Santiago del Estero	-27.388417	-63.546923	954	
866427	Colonia San Juan	CMA	86	Santiago del Estero	-27.617908	-63.300577	293	
866431	El Cruce	CMB	86	Santiago del Estero	-27.7837	-64.2642	2161	
866434	La Invernada	CMA	86	Santiago del Estero	-27.405759	-63.41445	707	
866438	Vaca Huañuna	CMB	86	Santiago del Estero	-27.463694	-63.472421	137	
866441	Villa Figueroa	CMA	86	Santiago del Estero	-27.721228	-63.506563	221	
866448	Averías	CMA	86	Santiago del Estero	-28.747615	-62.450701	565	
866455	Tacañitas	CMA	86	Santiago del Estero	-28.626538	-62.606918	1715	
866459	La Nena - La Simona	CMB	86	Santiago del Estero	-28.4523	-61.838316	414	
866462	Doña Luisa	CMA	86	Santiago del Estero	-27.74632	-64.725214	167	
866469	Guampacha	CMA	86	Santiago del Estero	-28.012613	-64.791452	489	
866474	Santa Catalina	CMB	86	Santiago del Estero	-28.127673	-64.782985	337	
866476	Villa Guasayán	CMA	86	Santiago del Estero	-27.886717	-64.848999	331	
866483	El Arenal	CMA	86	Santiago del Estero	-26.770692	-64.602874	2198	
866487	Tres Cruces	CMB	86	Santiago del Estero	-27.200088	-64.680685	155	
866490	El Colorado	CMA	86	Santiago del Estero	-27.914534	-62.177357	873	
866497	El Cuadrado	CMA	86	Santiago del Estero	-28.228377	-61.802076	45	
866501	Melero	CMB	86	Santiago del Estero	-28.277649	-62.999141	488	
866504	Pozo del Toba	CMA	86	Santiago del Estero	-27.951122	-61.996539	165	
866505	San Antonio - Roldán	CMB	86	Santiago del Estero	-27.823994	-63.162902	434	
866507	Amamá	CMB	86	Santiago del Estero	-27.210113	-63.039909	525	
866509	Granadero Gatica	CMB	86	Santiago del Estero	-26.872409	-62.71669	753	
866511	Las Tinajas	CMA	86	Santiago del Estero	-27.465717	-62.917966	916	
866515	Libertad	CMB	86	Santiago del Estero	-27.084893	-63.070884	553	
866518	Otumpa	CMA	86	Santiago del Estero	-27.327815	-62.225193	644	
866525	Lilo Viejo - Patay	CMA	86	Santiago del Estero	-26.840004	-62.93052	682	
866527	Villa Brana	CMB	86	Santiago del Estero	-27.347648	-62.916112	371	
866528	Ahí Veremos	CMB	86	Santiago del Estero	-25.862486	-63.904003	494	
866529	Campo Grande	CMB	86	Santiago del Estero	-26.372562	-63.97599	190	
866532	Las Delicias	CMA	86	Santiago del Estero	-26.676914	-64.005897	823	
866539	Pozo Betbeder	CMA	86	Santiago del Estero	-26.409809	-64.337061	800	
866546	Quebracho Coto	CMA	86	Santiago del Estero	-26.282848	-64.468676	264	
866553	Rapelli	CMA	86	Santiago del Estero	-26.393318	-64.505051	1748	
866555	Santo Domingo	CMB	86	Santiago del Estero	-26.216139	-63.777617	419	
866557	Villa Mercedes	CMB	86	Santiago del Estero	-26.465266	-64.170275	85	
866560	Ramírez de Velazco	CMA	86	Santiago del Estero	-29.230952	-63.474254	402	
866564	Acos - Pozo del Arbolito	CMB	86	Santiago del Estero	-27.659	-64.964	579	
866565	Amicha	CMB	86	Santiago del Estero	-27.639945	-64.863986	379	
866574	Colonia Tinco	CMA	86	Santiago del Estero	-27.414801	-64.940771	972	
866576	El Sauzal	CMB	86	Santiago del Estero	-27.488395	-64.582026	18	
866578	Lescano	CMB	86	Santiago del Estero	-27.503623	-64.764239	189	
866579	Los Ovejeros	CMB	86	Santiago del Estero	-27.496829	-64.708356	266	
866581	Pozuelos	CMA	86	Santiago del Estero	-27.305639	-64.754937	1904	
866585	Sotelo	CMB	86	Santiago del Estero	-27.462234	-64.726824	425	
866588	Vinará	CMA	86	Santiago del Estero	-27.378899	-64.794602	1247	
866590	Los Romanos - Santo Domingo	CMB	86	Santiago del Estero	-27.818471	-64.175538	1154	
866594	Villa Hipólita	CMB	86	Santiago del Estero	-27.762668	-63.989562	632	
866595	Villa Robles	CMA	86	Santiago del Estero	-27.918745	-64.110179	309	
866599	La Paliza	CMB	86	Santiago del Estero	-28.759036	-63.181784	188	
866602	Sabagasta	CMA	86	Santiago del Estero	-28.627692	-63.494067	124	
866604	Vaca Human	CMB	86	Santiago del Estero	-28.919433	-63.629274	231	
866606	Atoj Pozo	CMB	86	Santiago del Estero	-28.296719	-63.866141	129	
866609	Estación Robles	CMA	86	Santiago del Estero	-28.04908	-63.991232	544	
866613	Villa Nueva	CMB	86	Santiago del Estero	-28.302	-64.02	231	
866616	Manogasta	CMA	86	Santiago del Estero	-28.006635	-64.167211	784	
866620	Sumamao	CMB	86	Santiago del Estero	-28.169398	-64.098894	281	
866623	Villa Silípica	CMA	86	Santiago del Estero	-28.108464	-64.149599	709	
900007	Burruyacú	M3	90	Tucumán	-26.460385	-64.736643	4441	
900014	San Miguel de Tucumán	M1	90	Tucumán	-26.833998	-65.217716	601888	
900021	Alderetes	M2	90	Tucumán	-26.791996	-65.134405	68399	
900028	Banda del Río Salí	M1	90	Tucumán	-26.867696	-65.156369	77962	
900035	Concepción	M1	90	Tucumán	-27.344747	-65.612699	58104	
900042	Famaillá	M2	90	Tucumán	-26.978867	-65.472226	42702	
900049	Graneros	M3	90	Tucumán	-27.645881	-65.426119	6869	
900056	Juan Bautista Alberdi	M2	90	Tucumán	-27.589948	-65.615705	28770	
900063	La Cocha	M3	90	Tucumán	-27.792068	-65.585526	9751	
900070	Bella Vista	M2	90	Tucumán	-27.063534	-65.307065	21562	
900077	San Isidro de Lules	M2	90	Tucumán	-26.953951	-65.340869	37566	
900084	Monteros	M2	90	Tucumán	-27.180489	-65.472958	32081	
900091	Aguilares	M2	90	Tucumán	-27.438134	-65.628434	40668	
900098	Simoca	M2	90	Tucumán	-27.258355	-65.361955	13241	
900105	Tafí del Valle	M3	90	Tucumán	-26.803286	-65.769163	8830	
900112	Las Talitas	M2	90	Tucumán	-26.762434	-65.186111	69605	
900119	Tafí Viejo	M1	90	Tucumán	-26.74171	-65.277139	85578	
900126	Trancas	M3	90	Tucumán	-26.273259	-65.250264	10909	
900133	Yerba Buena	M2	90	Tucumán	-26.807834	-65.305292	82277	
908007	7 de Abril	CR3	90	Tucumán	-26.320644	-64.582434	1174	
908014	El Chañar	CR3	90	Tucumán	-26.75851	-65.011654	9246	
908021	El Naranjo y El Sunchal	CR3	90	Tucumán	-26.596089	-65.068195	2872	
908028	El Puestito	CR1	90	Tucumán	-26.343471	-64.769008	2029	
908035	El Timbó	CR3	90	Tucumán	-26.657112	-65.124089	4606	
908042	Garmendia	CR3	90	Tucumán	-26.543705	-64.60197	4920	
908049	Gobernador Piedrabuena	CR3	90	Tucumán	-26.745689	-64.717957	3577	
908056	La Ramada y La Cruz	CR1	90	Tucumán	-26.676993	-64.90334	6723	
908063	Benjamín Aráoz y El Tajamar	CR1	90	Tucumán	-26.565028	-64.816697	4602	
908070	Villa Padre Monti	CR3	90	Tucumán	-26.410458	-64.983485	1286	
908077	Colombres	CR1	90	Tucumán	-26.892361	-65.070142	9771	
908084	Delfín Gallo	CR2	90	Tucumán	-26.84896	-65.061128	11212	
908091	El Bracho y El Cevilar	CR3	90	Tucumán	-26.980058	-65.153952	4858	
908098	El Naranjito	CR3	90	Tucumán	-26.993879	-65.073614	2451	
908105	La Florida y Luisiana	CR1	90	Tucumán	-26.811076	-65.049343	6876	
908112	Las Cejas	CR1	90	Tucumán	-26.919315	-64.796001	3223	
908119	Los Bulacio y Los Villagra	CR3	90	Tucumán	-26.980471	-65.208289	2149	
908126	Los Pereyra	CR3	90	Tucumán	-27.006855	-64.856027	2292	
908133	Los Pérez	CR3	90	Tucumán	-26.82561	-64.908399	2024	
908140	Los Ralos	CR2	90	Tucumán	-26.907727	-64.949485	11943	
908147	Ranchillos y San Miguel	CR1	90	Tucumán	-26.964926	-65.031942	14249	
908154	San Andrés	CR3	90	Tucumán	-26.919914	-65.181732	10668	
908161	Alpachiri y El Molino	CR2	90	Tucumán	-27.263615	-65.91011	5875	
908168	Alto Verde y Los Guchea	CR3	90	Tucumán	-27.38877	-65.612508	6852	
908175	Arcadia	CR3	90	Tucumán	-27.226871	-65.739563	8233	
908182	Gastona y Belicha	CR3	90	Tucumán	-27.334959	-65.492668	2796	
908189	La Trinidad	CR1	90	Tucumán	-27.402622	-65.499165	7135	
908196	Medina	CR1	90	Tucumán	-27.389637	-65.54462	3613	
908203	Lamadrid	CR1	90	Tucumán	-27.658137	-65.185124	5323	
908210	Taco Ralo	CR1	90	Tucumán	-27.816683	-65.199506	3348	
908217	Escaba	CR2	90	Tucumán	-27.630275	-65.862151	433	
908224	Villa Belgrano	CR3	90	Tucumán	-27.539489	-65.596303	3320	
908231	El Sacrificio	CR3	90	Tucumán	-27.693474	-65.638296	5094	
908238	Huasa Pampa	CR3	90	Tucumán	-27.864666	-65.623013	697	
908245	Rumi Punco	CR3	90	Tucumán	-27.951969	-65.597489	1245	
908252	San Ignacio	CR3	90	Tucumán	-27.763058	-65.64224	1367	
908259	San José de la Cocha	CR3	90	Tucumán	-27.731139	-65.563782	2205	
908266	Yánima y El Corralito	CR3	90	Tucumán	-27.642269	-65.71973	664	
908273	Agua Dulce y La Soledad	CR3	90	Tucumán	-27.093907	-65.046424	2756	
908280	El Mojón	CR3	90	Tucumán	-27.217748	-64.8963	2331	
908287	Esquina y Mancopa	CR3	90	Tucumán	-27.030114	-65.188867	3644	
908294	Estación Aráoz y Tacanas	CR1	90	Tucumán	-27.09737	-64.888496	4346	
908301	Las Talas	CR3	90	Tucumán	-27.002962	-65.27975	753	
908308	Los Gómez	CR3	90	Tucumán	-27.30595	-65.191639	2041	
908315	Los Puestos	CR2	90	Tucumán	-27.307269	-65.03702	3872	
908322	Manuel García Fernández	CR3	90	Tucumán	-26.959709	-65.281405	1948	
908329	Quilmes y Los Sueldos	CR1	90	Tucumán	-27.076455	-65.235358	7642	
908336	Río Colorado	CR2	90	Tucumán	-27.142546	-65.358509	3781	
908343	Santa Rosa de Leales y Laguna Blanca	CR2	90	Tucumán	-27.134711	-65.199304	7401	
908350	Villa de Leales	CR1	90	Tucumán	-27.221002	-65.23089	4030	
908357	El Manantial	CR2	90	Tucumán	-26.839542	-65.322167	21201	
908364	San Felipe y Santa Bárbara	CR1	90	Tucumán	-26.926311	-65.245335	4548	
908371	San Pablo y Villa Nougués	CR1	90	Tucumán	-26.82249	-65.488404	16123	
908378	Acheral	CR2	90	Tucumán	-27.142806	-65.449623	5046	
908385	Amberes	CR3	90	Tucumán	-27.275681	-65.493546	1358	
908392	Capitán Cáceres	CR1	90	Tucumán	-27.134609	-65.699796	1065	
908399	El Cercado	CR3	90	Tucumán	-27.191053	-65.575762	1788	
908406	León Rouges y Santa Rosa	CR1	90	Tucumán	-27.221224	-65.504691	9935	
908413	Los Sosa	CR3	90	Tucumán	-27.051367	-65.604183	799	
908420	Río Seco	CR1	90	Tucumán	-27.26315	-65.573231	7630	
908427	Santa Lucía	CR3	90	Tucumán	-27.027641	-65.553588	7534	
908434	Sargento Moya	CR1	90	Tucumán	-27.15301	-65.799184	736	
908441	Soldado Maldonado	CR1	90	Tucumán	-27.071346	-65.666016	1169	
908448	Teniente Berdina	CR1	90	Tucumán	-27.021194	-65.516486	1265	
908455	Villa Quinteros	CR2	90	Tucumán	-27.108778	-65.795376	7145	
908462	El Polear y Los Córdoba	CR3	90	Tucumán	-27.504422	-65.572994	1260	
908469	Los Sarmiento y La Tipa	CR2	90	Tucumán	-27.408031	-65.702676	6764	
908476	Monte Bello	CR3	90	Tucumán	-27.415213	-65.862167	911	
908483	Santa Ana	CR1	90	Tucumán	-27.480024	-65.75201	15009	
908490	Atahona	CR3	90	Tucumán	-27.398165	-65.292461	1883	
908497	Buena Vista	CR1	90	Tucumán	-27.293103	-65.408621	2890	
908504	Ciudacita	CR3	90	Tucumán	-27.442186	-65.419045	1187	
908511	Manuela Pedraza	CR1	90	Tucumán	-27.241609	-65.330464	1484	
908518	Monteagudo	CR2	90	Tucumán	-27.486707	-65.174913	2877	
908525	Pampa Mayo	CR1	90	Tucumán	-27.316552	-65.291082	1698	
908532	Río Chico y Nueva Trinidad	CR2	90	Tucumán	-27.518394	-65.319105	2243	
908539	San Pedro y San Antonio	CR3	90	Tucumán	-27.364226	-65.373327	2115	
908546	Santa Cruz y La Tuna	CR3	90	Tucumán	-27.347356	-65.444961	2192	
908553	Villa Chicligasta	CR2	90	Tucumán	-27.411377	-65.17031	2620	
908560	Yerba Buena (Simoca)	CR1	90	Tucumán	-27.23303	-65.410312	2543	Yerba Buena
908567	Amaicha del Valle	CR2	90	Tucumán	-26.510223	-65.855995	4320	
908574	Colalao del Valle	CR2	90	Tucumán	-26.428879	-66.062851	2252	
908581	El Mollar	CR1	90	Tucumán	-26.951168	-65.763439	7038	
908588	Raco	CR3	90	Tucumán	-26.68856	-65.45276	4519	
908595	Ancajuli	CR3	90	Tucumán	-26.623755	-65.632062	404	Anca Juli
908602	El Cadillal	CR1	90	Tucumán	-26.603428	-65.217616	2991	
908609	La Esperanza	CR3	90	Tucumán	-26.664345	-65.296113	1907	
908616	Los Nogales	CR3	90	Tucumán	-26.696155	-65.207233	7982	
908623	Choromoro	CR3	90	Tucumán	-26.450451	-65.417738	3481	
908630	San Pedro de Colalao	CR1	90	Tucumán	-26.241839	-65.529591	6892	
908637	Tapia	CR3	90	Tucumán	-26.551104	-65.348172	2212	
908644	Cevil Redondo	CR3	90	Tucumán	-26.760418	-65.308174	21527	
908651	San Javier	CR3	90	Tucumán	-26.786667	-65.390595	1251	
940007	Río Grande	MU	94	Tierra del Fuego	-53.858902	-67.798434	98794	
940014	Ushuaia	MU	94	Tierra del Fuego	-54.803956	-68.353251	79898	
940021	Tolhuin	MU	94	Tierra del Fuego	-54.576729	-67.195799	5843	
