02000010	Ciudad Autónoma de Buenos Aires	02		022007	-34.608412	-58.372144
06007010	Carhué	06	06007	060007	-37.179442	-62.760041
06007020	Colonia San Miguel Arcángel	06	06007	060007	-37.449773	-63.117712
06007030	Delfín Huergo	06	06007	060007	-37.31986	-63.233101
06007040	Espartillar	06	06007	060007	-37.356335	-62.438764
06007050	Esteban Agustín Gascón	06	06007	060007	-37.455034	-63.253031
06007060	La Pala	06	06007	060007	-36.662636	-63.3654
06007070	Maza	06	06007	060007	-36.800232	-63.339271
06007080	Rivera	06	06007	060007	-37.160519	-63.241762
06007100	Villa Margarita	06	06007	060007	-37.459948	-63.242626
06014010	Adolfo Gonzales Chaves	06	06014	060014	-38.032451	-60.099387
06014020	De La Garma	06	06014	060014	-37.966558	-60.416847
06014030	Juan E. Barra	06	06014	060014	-37.821242	-60.482788
06014040	Vásquez	06	06014	060014	-38.176515	-60.171532
06021010	Alberti	06	06021	060021	-35.031578	-60.280297
06021020	Coronel Seguí	06	06021	060021	-34.86757	-60.391831
06021030	Mechita	06	06021	060021	-35.068235	-60.403581
06021040	Pla	06	06021	060021	-35.122864	-60.2219
06021050	Achupallas	06	06021	060021	-35.109983	-60.070295
06021060	Villa María	06	06021	060021	-34.887801	-60.339841
06021070	Villa Ortiz	06	06021	060021	-34.844561	-60.306293
06028010	Almirante Brown	06	06028	060028	-34.835439	-58.374389
06035010	Avellaneda	06	06035	060035	-34.666033	-58.349768
06042010	Ayacucho	06	06042	060042	-37.15276	-58.488388
06042020	La Constancia	06	06042	060042	-37.226183	-58.759602
06042030	Solanet	06	06042	060042	-36.842844	-58.507722
06042040	Udaquiola	06	06042	060042	-36.562319	-58.534295
06049010	Ariel	06	06049	060049	-36.531662	-59.922327
06049020	Azul	06	06049	060049	-36.777458	-59.863445
06049030	Cacharí	06	06049	060049	-36.376703	-59.504606
06049040	Chillar	06	06049	060049	-37.312779	-59.985223
06049050	16 de Julio	06	06049	060049	-37.200098	-60.164414
06049060	Parish	06	06049	060049	-36.518123	-59.632932
06056010	Bahía Blanca	06	06056	060056	-38.717549	-62.265416
06056020	Cabildo	06	06056	060056	-38.485118	-61.893781
06056030	General Daniel Cerri	06	06056	060056	-38.714805	-62.401151
06063010	Balcarce	06	06063	060063	-37.846382	-58.255539
06063020	Los Pinos	06	06063	060063	-37.942743	-58.324292
06063030	Napaleofú	06	06063	060063	-37.623134	-58.746373
06063040	Ramos Otero	06	06063	060063	-37.540704	-58.340702
06063050	San Agustín	06	06063	060063	-38.011051	-58.355306
06063060	Villa Laguna La Brava	06	06063	060063	-37.858828	-57.980286
06070010	Baradero	06	06070	060070	-33.812055	-59.50468
06070020	Irineo Portela	06	06070	060070	-33.979792	-59.67168
06070030	Santa Coloma	06	06070	060070	-34.059362	-59.559311
06070040	Villa Alsina	06	06070	060070	-33.90794	-59.390262
06070050	Quebradas	06	06070	060070	-33.925866	-59.444155
06077010	Arrecifes	06	06077	060077	-34.067458	-60.108694
06077020	Todd	06	06077	060077	-34.031296	-60.155711
06077030	Viña	06	06077	060077	-33.9919	-60.225616
06084010	Barker	06	06084	060084	-37.639696	-59.391198
06084020	Benito Juárez	06	06084	060084	-37.674257	-59.804909
06084030	López	06	06084	060084	-37.552391	-59.626579
06084040	Tedín Uriburu	06	06084	060084	-37.364219	-59.760193
06084050	Villa Cacique	06	06084	060084	-37.672393	-59.396753
06091010	Berazategui	06	06091	060091	-34.77196	-58.206419
06098010	Berisso	06	06098	060098	-34.880725	-57.868868
06105010	Hale	06	06105	060105	-35.998234	-60.854481
06105020	Juan F. Ibarra	06	06105	060105	-36.349215	-61.256295
06105040	Paula	06	06105	060105	-36.50155	-61.025645
06105050	Pirovano	06	06105	060105	-36.510128	-61.555513
06105060	San Carlos de Bolívar	06	06105	060105	-36.229873	-61.113899
06105070	Urdampilleta	06	06105	060105	-36.427172	-61.416162
06105080	Villa Lynch Pueyrredón	06	06105	060105	-36.603305	-61.365436
06112010	Asamblea	06	06112	060112	-35.226872	-60.418547
06112020	Bragado	06	06112	060112	-35.115555	-60.489734
06112030	Comodoro Py	06	06112	060112	-35.322476	-60.52137
06112040	Eduardo O'Brien	06	06112	060112	-34.905599	-60.760509
06112050	Irala	06	06112	060112	-34.770186	-60.691018
06112060	Juan F. Salaberry	06	06112	060112	-35.061595	-60.704762
06112070	La Limpia	06	06112	060112	-35.079883	-60.591668
06112080	Mechita	06	06112	060112	-35.07334	-60.411744
06112090	Olascoaga	06	06112	060112	-35.237561	-60.611322
06112100	Warnes	06	06112	060112	-34.909984	-60.538127
06119010	Altamirano	06	06119	060119	-35.361583	-58.150487
06119020	Barrio Las Golondrinas	06	06119	060119	-34.999508	-58.137749
06119030	Barrio Los Bosquecitos	06	06119	060119	-35.105039	-58.183501
06119040	Barrio Parque Las Acacias	06	06119	060119	-35.101612	-58.275502
06119050	Coronel Brandsen	06	06119	060119	-35.167924	-58.237398
06119060	Gómez	06	06119	060119	-35.067974	-58.16473
06119070	Jeppener	06	06119	060119	-35.277484	-58.201656
06119080	Oliden	06	06119	060119	-35.184556	-57.948678
06119090	Samborombón	06	06119	060119	-35.220624	-58.28053
06119100	Barrio Las Plantaciones	06	06119	060119	-35.145029	-58.207001
06119110	Campos de Roca	06	06119	060119	-35.118556	-58.100776
06119120	Posada de los Lagos	06	06119	060119	-35.150727	-58.045615
06119130	Barrio El Mirador	06	06119	060119	-35.315071	-58.052594
06119140	Club de Campo Las Malvinas	06	06119	060119	-35.213998	-58.243303
06126010	Barrio Los Pioneros (Barrio Tavella)	06	06126	060126	-34.252438	-58.959756
06126020	Campana	06	06126	060126	-34.163228	-58.959164
06134010	Alejandro Petión	06	06134	060134	-34.980387	-58.674406
06134020	Barrio El Taladro	06	06134	060134	-35.070804	-58.865188
06134030	Barrio San Esteban - Barrio Los Pozos	06	06134	060134	-34.960906	-58.728839
06134040	Cañuelas	06	06134	060134	-35.053783	-58.762035
06134060	Gobernador Udaondo	06	06134	060134	-35.302612	-58.59608
06134070	Máximo Paz	06	06134	060134	-34.940532	-58.616096
06134080	Uribelarrea	06	06134	060134	-35.123798	-58.892104
06134100	Chacras de la Tinidad	06	06134	060134	-35.022435	-58.653265
06140010	Capitán Sarmiento	06	06140	060140	-34.171141	-59.79361
06140020	La Luisa	06	06140	060140	-34.132704	-59.93513
06147010	Bellocq	06	06147	060147	-35.916602	-61.534108
06147020	Cadret	06	06147	060147	-35.771087	-61.335684
06147030	Carlos Casares	06	06147	060147	-35.622497	-61.365452
06147040	Colonia Mauricio	06	06147	060147	-35.524335	-61.437015
06147050	Hortensia	06	06147	060147	-35.924289	-61.262878
06147060	La Sofía	06	06147	060147	-35.699414	-61.16926
06147070	Mauricio Hirsch	06	06147	060147	-35.581312	-61.524794
06147080	Moctezuma	06	06147	060147	-35.477909	-61.495749
06147090	Ordoqui	06	06147	060147	-35.880471	-61.160127
06147100	Santo Tomás	06	06147	060147	-35.6724	-61.506873
06147110	Smith	06	06147	060147	-35.49534	-61.592464
06154010	Carlos Tejedor	06	06154	060154	-35.391536	-62.419803
06154020	Colonia Seré	06	06154	060154	-35.436446	-62.727787
06154030	Curarú	06	06154	060154	-35.640843	-62.194584
06154040	Timote	06	06154	060154	-35.347427	-62.222879
06154050	Tres Algarrobos	06	06154	060154	-35.195575	-62.774391
06161010	Carmen de Areco	06	06161	060161	-34.376606	-59.822696
06161020	Pueblo Gouin	06	06161	060161	-34.49513	-59.802724
06161030	Tres Sargentos	06	06161	060161	-34.466467	-59.999395
06168010	Castelli	06	06168	060168	-36.090912	-57.807559
06168020	Centro Guerrero	06	06168	060168	-36.054371	-57.817058
06168030	Cerro de la Gloria	06	06168	060168	-35.975494	-57.449939
06175010	Colón	06	06175	060175	-33.897099	-61.099539
06175020	Pearson	06	06175	060175	-33.653393	-60.89331
06175030	Sarasa	06	06175	060175	-34.048164	-61.201706
06175040	Villa Manuel Pomar	06	06175	060175	-33.913328	-60.942381
06182010	Bajo Hondo	06	06182	060182	-38.762793	-61.920592
06182020	Pehuen Co	06	06182	060182	-38.99577	-61.551991
06182030	Punta Alta	06	06182	060182	-38.88044	-62.075009
06182050	Villa General Arias	06	06182	060182	-38.80953	-62.101033
06182060	Pago Chico	06	06182	060182	-38.78394	-62.119519
06182070	Calderón	06	06182	060182	-38.722079	-62.056792
06189010	Aparicio	06	06189	060189	-38.622473	-60.883481
06189020	Marisol	06	06189	060189	-38.922642	-60.535335
06189030	Coronel Dorrego	06	06189	060189	-38.716624	-61.288495
06189040	El Perdido	06	06189	060189	-38.677207	-61.086337
06189050	Faro	06	06189	060189	-38.797862	-61.069206
06189060	Irene	06	06189	060189	-38.554603	-60.696884
06189070	Oriente	06	06189	060189	-38.744366	-60.609446
06189080	Paraje La Ruta	06	06189	060189	-38.652234	-60.86509
06189090	San Román	06	06189	060189	-38.741313	-61.538555
06189100	Los Eucaliptus	06	06189	060189	-38.92904	-61.311353
06196010	Coronel Pringles	06	06196	060196	-37.978809	-61.356752
06196020	El Divisorio	06	06196	060196	-38.323718	-61.445042
06196030	El Pensamiento	06	06196	060196	-38.21645	-61.314812
06196040	Indio Rico	06	06196	060196	-38.330423	-60.885334
06196050	Lartigau	06	06196	060196	-38.447513	-61.567002
06203010	Cascada	06	06203	060203	-37.29239	-62.297209
06203020	Coronel Suárez	06	06203	060203	-37.458581	-61.932917
06203030	Curamalal	06	06203	060203	-37.483887	-62.10435
06203040	D'Orbigny	06	06203	060203	-37.676552	-61.707971
06203050	Huanguelén	06	06203	060203	-37.058808	-61.932536
06203060	Pasman	06	06203	060203	-37.223636	-62.164744
06203070	San José	06	06203	060203	-37.508032	-61.917794
06203080	Santa María	06	06203	060203	-37.554705	-61.875775
06203090	Santa Trinidad	06	06203	060203	-37.488142	-61.924483
06203100	Villa La Arcadia	06	06203	060203	-38.136105	-61.788177
06210010	Chacabuco	06	06210	060210	-34.642035	-60.471258
06210020	Los Ángeles	06	06210	060210	-34.457003	-60.180198
06210030	O'Higgins	06	06210	060210	-34.585514	-60.69988
06210040	Rawson	06	06210	060210	-34.605047	-60.0668
06210050	Castilla	06	06210	060210	-34.613306	-59.906126
06218010	Chascomús	06	06218	060218	-35.577053	-58.008462
06218030	Barrio Lomas Altas	06	06218	060218	-35.584723	-58.068145
06218040	Villa Parque Girado	06	06218	060218	-35.626232	-58.018062
06218060	Laguna Vitel	06	06218	060218	-35.536643	-58.14297
06218070	Adela	06	06218	060218	-35.683883	-57.954099
06218080	Don Cipriano	06	06218	060218	-35.494453	-57.770645
06224010	Chivilcoy	06	06224	060224	-34.896862	-60.019064
06224020	Emilio Ayarza	06	06224	060224	-34.743565	-60.039089
06224030	Gorostiaga	06	06224	060224	-34.838818	-59.866045
06224040	La Rica	06	06224	060224	-34.973919	-59.86393
06224050	Moquehuá	06	06224	060224	-35.092128	-59.775724
06224060	Ramón Biaus	06	06224	060224	-35.085354	-59.924103
06224070	San Sebastián	06	06224	060224	-34.943148	-59.702227
06224080	Benítez	06	06224	060224	-34.966979	-60.127301
06224090	Palemón Huergo	06	06224	060210	-34.798934	-60.206865
06231010	Andant	06	06231	060231	-36.560357	-62.13628
06231020	Arboledas	06	06231	060231	-36.8823	-61.489657
06231030	Daireaux	06	06231	060231	-36.599586	-61.747532
06231040	La Larga	06	06231	060231	-36.675103	-61.929639
06231050	Salazar	06	06231	060231	-36.307085	-62.202882
06231060	La Manuela	06	06231	060231	-36.743256	-62.071822
06238010	Dolores	06	06238	060238	-36.315368	-57.675545
06238020	Sevigné	06	06238	060238	-36.20367	-57.742754
06245010	Ensenada	06	06245	060245	-34.85746	-57.907717
06252010	Escobar	06	06252	060252	-34.346084	-58.794399
06260010	Esteban Echeverría	06	06260	060260	-34.819349	-58.465916
06266010	Arroyo de la Cruz	06	06266	060266	-34.333002	-59.114703
06266050	Capilla del Señor	06	06266	060266	-34.287244	-59.102021
06266060	Diego Gaynor	06	06266	060266	-34.286884	-59.222224
06266070	Los Cardales	06	06266	060266	-34.330611	-58.987169
06266080	Parada Orlando	06	06266	060266	-34.326223	-59.076762
06266100	Parada Robles - Pavón	06	06266	060266	-34.3755	-59.123096
06266120	El Chajá	06	06266	060266	-34.18149	-59.250265
06266130	El Malacate	06	06266	060266	-34.340754	-59.197768
06266140	La Macarena	06	06266	060266	-34.232918	-59.077157
06266150	Las Vizcachas	06	06266	060266	-34.304405	-59.034144
06266160	Torres	06	06266	060266	-34.429906	-59.121956
06270010	Ezeiza	06	06270	060270	-34.854758	-58.525193
06274010	Florencio Varela	06	06274	060274	-34.804371	-58.279272
06277010	Blaquier	06	06277	060277	-34.636164	-62.47766
06277020	Florentino Ameghino	06	06277	060277	-34.845459	-62.467109
06277030	Porvenir	06	06277	060277	-34.950115	-62.223355
06280010	Comandante Nicanor Otamendi	06	06280	060280	-38.11049	-57.841213
06280020	Mar del Sur	06	06280	060280	-38.34032	-57.995675
06280030	Mechongué	06	06280	060280	-38.146257	-58.229208
06280040	Miramar	06	06280	060280	-38.270429	-57.838782
06280050	Centinela del Mar	06	06280	060280	-38.43611	-58.223193
06287010	General Alvear	06	06287	060287	-36.021713	-60.014562
06294010	Arribeños	06	06294	060294	-34.208367	-61.355362
06294020	Ascensión	06	06294	060294	-34.230817	-61.103421
06294030	Estación Arenales	06	06294	060294	-34.270171	-61.292346
06294040	Ferré	06	06294	060294	-34.122572	-61.133427
06294050	General Arenales	06	06294	060294	-34.303348	-61.307097
06294060	La Angelita	06	06294	060294	-34.261864	-60.966032
06294070	La Trinidad	06	06294	060294	-34.106989	-61.132812
06301010	General Belgrano	06	06301	060301	-35.765682	-58.497205
06301020	Gorchs	06	06301	060301	-35.672847	-58.956948
06301030	Chas	06	06301	060301	-35.874327	-58.582294
06308010	General Guido	06	06308	060308	-36.641661	-57.792112
06308020	Labardén	06	06308	060308	-36.947434	-58.103645
06315010	General Juan Madariaga	06	06315	060315	-36.995246	-57.136882
06315020	Divisadero	06	06315	060315	-37.084888	-56.892707
06322010	General La Madrid	06	06322	060322	-37.249707	-61.262176
06322020	La Colina	06	06322	060322	-37.359537	-61.53601
06322030	Las Martinetas	06	06322	060322	-37.198738	-61.119389
06322040	Líbano	06	06322	060322	-37.53217	-61.285333
06322050	Pontaut	06	06322	060322	-37.731572	-61.323873
06329010	General Las Heras	06	06329	060329	-34.9269	-58.946815
06329020	La Choza	06	06329	060329	-34.781311	-59.111015
06329030	Plomer	06	06329	060329	-34.794679	-59.031755
06329040	Villars	06	06329	060329	-34.826011	-58.939054
06329050	General Hornos	06	06329	060329	-34.89234	-58.917806
06336010	General Lavalle	06	06336	060336	-36.406351	-56.943236
06336020	Pavón	06	06336	060336	-36.712644	-56.739383
06343010	Loma Verde	06	06343	060343	-35.27282	-58.404643
06343020	Ranchos	06	06343	060343	-35.516406	-58.318973
06343030	Villanueva (Ap. Río Salado)	06	06343	060343	-35.679618	-58.435928
06343040	Barrio Rí­o Salado	06	06343	060343	-35.695837	-58.44843
06351010	Iriarte	06	06351	060351	-34.416305	-61.929305
06351020	General Pinto	06	06351	060351	-34.764341	-61.891531
06351030	Germania	06	06351	060351	-34.577008	-62.047833
06351040	Günther	06	06351	060351	-34.597346	-61.917549
06351050	Coronel Granada	06	06351	060351	-34.790106	-62.201009
06351060	Villa Roth (Est. Ingeniero Balbín)	06	06351	060351	-34.576886	-62.171184
06357030	Barrio El Boquerón	06	06357	060357	-38.022966	-57.797682
06357060	Barrio Santa Paula	06	06357	060357	-37.930585	-57.683797
06357070	Batán	06	06357	060357	-38.0103	-57.703516
06357080	Chapadmalal	06	06357	060357	-38.176504	-57.652018
06357090	El Marquesado	06	06357	060357	-38.22791	-57.759055
06357100	Estacion Chapadmalal	06	06357	060357	-38.036572	-57.71265
06357110	Mar del Plata	06	06357	060357	-37.997619	-57.548153
06357120	Sierra de los Padres	06	06357	060357	-37.945635	-57.774521
06364030	General Rodri­guez	06	06364	060364	-34.612104	-58.954121
06371010	General San Martín	06	06371	060371	-34.57209	-58.533754
06385010	Baigorrita	06	06385	060385	-34.747784	-60.988372
06385020	La Delfina	06	06385	060385	-34.943708	-61.158677
06385030	Los Toldos	06	06385	060385	-35.000229	-61.038349
06385040	San Emilio	06	06385	060385	-35.032738	-60.865255
06385050	Zavalía	06	06385	060385	-34.895597	-61.007471
06392010	Banderaó	06	06392	060392	-35.014766	-63.375686
06392020	Santa Eleodora	06	06392	060392	-34.694561	-62.695448
06392030	Cañada Seca	06	06392	060392	-34.416713	-62.960763
06392040	Emilio V. Bunge	06	06392	060392	-34.783521	-63.195445
06392050	Coronel Charlone	06	06392	060392	-34.673992	-63.36907
06392060	General Villegas	06	06392	060392	-35.032611	-63.014837
06392070	Massey	06	06392	060392	-35.046056	-63.121481
06392080	Pichincha	06	06392	060392	-34.580479	-62.350715
06392090	Piedritas	06	06392	060392	-34.767187	-62.98574
06392100	Santa Regina	06	06392	060392	-34.549621	-63.173132
06392110	Villa Saboya	06	06392	060392	-34.459974	-62.649196
06392120	Villa Sauze	06	06392	060392	-35.28577	-63.368361
06399010	Arroyo Venado	06	06399	060399	-37.084896	-62.53842
06399020	Casbas	06	06399	060399	-36.757649	-62.504343
06399030	Garré	06	06399	060399	-36.56187	-62.604365
06399040	Guaminí	06	06399	060399	-37.010848	-62.422227
06399050	Laguna Alsina	06	06399	060399	-36.809052	-62.245148
06399060	Balneario Cochicó	06	06399	060399	-36.940567	-62.334743
06406010	Henderson	06	06406	060406	-36.298134	-61.718515
06406020	Herrera Vegas	06	06406	060406	-36.08495	-61.408357
06408010	Hurlingham	06	06408	060408	-34.59012	-58.628153
06410010	Ituzaingo	06	06410	060410	-34.657897	-58.661012
06412010	Jose C. Paz	06	06412	060412	-34.519335	-58.749768
06413010	Agustina	06	06413	060413	-34.458273	-61.068875
06413020	Balneario Laguna de Gomez	06	06413	060413	-34.658089	-61.020056
06413030	Agustí­n Roca	06	06413	060413	-34.507354	-60.86453
06413040	Fortí­n Tiburcio	06	06413	060413	-34.346019	-61.130837
06413050	Juní­n	06	06413	060413	-34.576705	-60.947068
06413060	Laplacette	06	06413	060413	-34.724524	-61.155317
06413080	Morse	06	06413	060413	-34.759727	-60.840959
06413090	Paraje La Agraria	06	06413	060413	-34.656536	-60.846786
06413100	Saforcada	06	06413	060413	-34.572871	-61.074215
06420010	Las Toninas	06	06420	060420	-36.488182	-56.705027
06420020	Mar de Ajó - San Bernardo	06	06420	060420	-36.721165	-56.680966
06420030	San Clemente del Tuyú	06	06420	060420	-36.361868	-56.718828
06420040	Santa Teresita - Mar del Tuyú	06	06420	060420	-36.577858	-56.694235
06420050	Costa Esmeralda	06	06420	060420	-37.014283	-56.798757
06420060	Punta Médanos	06	06420	060420	-36.899591	-56.689374
06420070	Villa Robles	06	06420	060420	-36.968596	-56.759418
06420080	Kilómetro 314	06	06420	060420	-36.442144	-56.705404
06427010	La Matanza	06	06427	060427	-34.677554	-58.560973
06434010	Lanus	06	06434	060434	-34.707567	-58.391148
06441030	La Plata	06	06441	060441	-34.921362	-57.9545
06441060	Martín Garcia	06	06441	060441	-34.186979	-58.252814
06448010	Laprida	06	06448	060448	-37.544142	-60.801127
06448020	Pueblo Nuevo	06	06448	060448	-37.524666	-60.770615
06448030	Pueblo San Jorge	06	06448	060448	-37.228746	-60.96114
06455010	Coronel Boerr	06	06455	060455	-35.941444	-59.069355
06455020	El Trigo	06	06455	060455	-35.881548	-59.406337
06455030	Las Flores	06	06455	060455	-36.014629	-59.092304
06455040	Pardo	06	06455	060455	-36.243758	-59.366292
06455050	Rosas	06	06455	060455	-35.965937	-58.939007
06462010	Alberdi Viejo	06	06462	060462	-34.4418	-61.844879
06462020	El Dorado	06	06462	060462	-34.652861	-61.582909
06462030	Fortíi­n Acha	06	06462	060462	-34.341855	-61.514463
06462040	Juan Bautista Alberdi	06	06462	060462	-34.438792	-61.812189
06462050	Leandro N. Alem	06	06462	060462	-34.51733	-61.388793
06462060	Vedia	06	06462	060462	-34.497907	-61.542338
06466010	Lezama	06	06466	060466	-35.873145	-57.897348
06466020	El Destino	06	06466	060466	-35.945654	-57.998757
06466030	Monasterio	06	06466	060466	-35.773658	-57.930277
06469010	Arenaza	06	06469	060469	-34.985154	-61.774278
06469020	Bayauca	06	06469	060469	-34.871051	-61.289545
06469030	Carlos Salas	06	06469	060469	-35.391366	-61.99491
06469040	Coronel Martí­nez de Hoz	06	06469	060469	-35.332182	-61.614085
06469050	El Triunfo	06	06469	060469	-35.088221	-61.516333
06469060	Las Toscas	06	06469	060469	-35.364987	-61.805549
06469070	Lincoln	06	06469	060469	-34.869042	-61.529165
06469080	Pasteur	06	06469	060469	-35.14129	-62.243974
06469090	Roberts	06	06469	060469	-35.142863	-61.970342
06469100	Bermúdez	06	06469	060469	-34.695824	-61.328987
06469110	Triunvirato	06	06469	060469	-34.675838	-61.465709
06476010	Arenas Verdes	06	06476	060476	-38.546378	-58.557322
06476020	Licenciado Matienzo	06	06476	060476	-37.90818	-58.913159
06476030	Loberí­a	06	06476	060476	-38.163423	-58.781864
06476040	Pieres	06	06476	060476	-38.393537	-58.672358
06476050	San Manuel	06	06476	060476	-37.786571	-58.848574
06476060	Tamangueyú	06	06476	060476	-38.201304	-58.739257
06483010	Antonio Carboni	06	06483	060483	-35.200919	-59.346182
06483020	Elvira	06	06483	060483	-35.242488	-59.484667
06483030	Laguna de Lobos	06	06483	060483	-35.27388	-59.134984
06483040	Lobos	06	06483	060483	-35.1855	-59.092599
06483050	Salvador Marí­a	06	06483	060483	-35.298787	-59.163777
06483060	Zapiola	06	06483	060483	-35.058106	-59.041577
06483070	La Federala	06	06483	060483	-35.214666	-59.129249
06490010	Lomas de Zamora	06	06490	060490	-34.757401	-58.402692
06497010	Carlos Keen	06	06497	060497	-34.487388	-59.219082
06497020	Luján	06	06497	060497	-34.56631	-59.114723
06497030	Olivera	06	06497	060497	-34.627729	-59.255071
06497050	Torres	06	06497	060497	-34.432825	-59.128584
06497060	Club de Campo Los Puentes	06	06497	060497	-34.570009	-59.023654
06497070	La Catalina	06	06497	060497	-34.505457	-59.243836
06497080	Loma Escondida	06	06497	060497	-34.463994	-59.115807
06497090	Estancia Las Lilas	06	06497	060497	-34.73329	-59.120255
06505010	Atalaya	06	06505	060505	-35.02487	-57.532558
06505020	Bartolomé Bavio	06	06505	060505	-35.07977	-57.747106
06505030	Los Naranjos	06	06505	060505	-34.99575	-57.703742
06505040	Magdalena	06	06505	060505	-35.082657	-57.511454
06505050	Vieytes	06	06505	060505	-35.269568	-57.575712
06505060	Camping Magdalena	06	06505	060505	-35.030769	-57.506762
06505070	Julio Arditi	06	06505	060505	-35.128605	-57.647058
06505080	Roberto J. Payró	06	06505	060505	-35.179927	-57.651986
06511010	Las Armas	06	06511	060511	-37.086333	-57.829429
06511020	Maipú	06	06511	060511	-36.862913	-57.883245
06511030	Santo Domingo	06	06511	060511	-36.711538	-57.5863
06515010	Malvinas Argentinas	06	06515	060515	-34.494103	-58.700506
06518010	Coronel Vidal	06	06518	060518	-37.446628	-57.729408
06518020	General Pirán	06	06518	060518	-37.275918	-57.77415
06518030	La Armoní­a	06	06518	060518	-37.77417	-57.635641
06518040	Mar Chiquita	06	06518	060518	-37.747086	-57.426763
06518050	Mar de Cobo	06	06518	060518	-37.772914	-57.455963
06518060	Santa Clara del Mar	06	06518	060518	-37.830423	-57.50346
06518070	Vivoratá	06	06518	060518	-37.661941	-57.668798
06525020	Marcos Paz	06	06525	060525	-34.780022	-58.833525
06532010	Goldney	06	06532	060532	-34.60164	-59.285928
06532020	Gowland	06	06532	060532	-34.651031	-59.352496
06532030	Jorge Born	06	06532	060532	-34.699688	-59.318244
06532040	Mercedes	06	06532	060532	-34.652782	-59.424882
06539010	Merlo	06	06539	060539	-34.670363	-58.730054
06547010	Abbott	06	06547	060547	-35.282506	-58.804262
06547020	San Miguel del Monte	06	06547	060547	-35.439164	-58.80946
06547030	Zenón Videla Dorna	06	06547	060547	-35.544773	-58.885591
06547040	Francisco A. Berra	06	06547	060547	-35.375405	-58.850189
06553010	Balneario Sauce Grande	06	06553	060553	-38.993547	-61.211821
06553020	Monte Hermoso	06	06553	060553	-38.983451	-61.303376
06560010	Moreno	06	06560	060560	-34.650267	-58.789474
06568010	Morón	06	06568	060568	-34.648593	-58.622101
06574010	José Juan Almeyra	06	06574	060574	-34.921567	-59.542241
06574020	Las Marianas	06	06574	060574	-35.052879	-59.512671
06574030	Navarro	06	06574	060574	-34.998647	-59.275543
06574040	Villa Moll	06	06574	060574	-35.077896	-59.651912
06581010	Claraz	06	06581	060581	-37.8904	-59.288629
06581030	Energí­a	06	06581	060581	-38.557915	-59.341077
06581040	Juan N. Fernández	06	06581	060581	-38.005529	-59.264101
06581050	Necochea - Quequen	06	06581	060581	-38.55453	-58.739263
06581060	Nicanor Olivera	06	06581	060581	-38.283627	-59.20322
06581070	Ramón Santamarina	06	06581	060581	-38.4474	-59.332688
06581080	Balneario Los Ángeles	06	06581	060581	-38.666304	-59.000634
06588010	Facundo Quiroga	06	06588	060588	-35.292215	-61.405744
06588020	Carlos María Naón	06	06588	060588	-35.237753	-60.823401
06588030	12 de Octubre	06	06588	060588	-35.607749	-60.917817
06588040	Dudignac	06	06588	060588	-35.649186	-60.702508
06588050	La Niña	06	06588	060588	-35.408761	-61.207746
06588060	French	06	06588	060588	-35.518111	-61.001156
06588070	Dennehy	06	06588	060588	-35.34261	-60.746876
06588080	Morea	06	06588	060588	-35.55535	-60.560816
06588090	Norumbega	06	06588	060588	-35.532861	-60.793556
06588100	9 de Julio	06	06588	060588	-35.44399	-60.884566
06588110	Patricios	06	06588	060588	-35.441084	-60.716586
06588120	El Provincial	06	06588	060588	-35.49796	-60.866042
06595020	Blancagrande	06	06595	060595	-36.533487	-60.885128
06595040	Colonia Nievas	06	06595	060595	-36.864796	-60.082223
06595050	Colonia San Miguel	06	06595	060595	-36.950133	-60.110016
06595060	Espigas	06	06595	060595	-36.412906	-60.673069
06595070	Hinojo	06	06595	060595	-36.86585	-60.160343
06595080	Olavarrí­a	06	06595	060595	-36.893791	-60.323263
06595090	Recalde	06	06595	060595	-36.651607	-61.086192
06595100	Santa Luisa	06	06595	060595	-37.128965	-60.40993
06595110	Sierra Chica	06	06595	060595	-36.843854	-60.229028
06595120	Sierras Bayas	06	06595	060595	-36.92983	-60.165859
06595130	Villa Alfredo Fortabat	06	06595	060595	-36.981063	-60.278573
06595150	Villa La Serraní­a	06	06595	060595	-36.989589	-60.310087
06602010	Bahí­a San Blas	06	06602	060602	-40.553872	-62.234686
06602020	Cardenal Cagliero	06	06602	060602	-40.65158	-62.754894
06602030	Carmen de Patagones	06	06602	060602	-40.793759	-62.98139
06602040	José B. Casas	06	06602	060602	-40.435723	-62.543062
06602050	Juan A. Pradere	06	06602	060602	-39.599307	-62.649914
06602060	Stroeder	06	06602	060602	-40.185805	-62.620321
06602070	Villalonga	06	06602	060602	-39.917467	-62.618902
06602080	Villa 7 de Marzo	06	06602	060602	-41.030764	-62.754448
06609010	Capitán Castro	06	06609	060609	-35.912308	-62.224964
06609020	Inocencio Sosa	06	06609	060609	-35.71842	-62.114278
06609030	Juan José Paso	06	06609	060609	-35.849314	-62.294576
06609040	Magdala	06	06609	060609	-36.084646	-61.723448
06609050	Mones Cazón	06	06609	060609	-36.227685	-62.006592
06609060	Nueva Plata	06	06609	060609	-35.918527	-61.813475
06609070	Pehuajo	06	06609	060609	-35.810792	-61.898947
06609080	Francisco Madero	06	06609	060609	-35.849414	-62.066584
06609090	Guanaco	06	06609	060609	-35.714996	-61.649923
06609100	Chiclana	06	06609	060609	-35.731497	-61.742158
06616010	Bocayuva	06	06616	060616	-36.205638	-63.075303
06616020	De Bary	06	06616	060616	-36.340584	-63.259475
06616030	Pellegrini	06	06616	060616	-36.267799	-63.164569
06623010	Acevedo	06	06623	060623	-33.752822	-60.440703
06623020	Villa San José	06	06623	060623	-34.089677	-60.411055
06623030	Guerrico	06	06623	060623	-33.671079	-60.396576
06623040	Juan A. de la Peña	06	06623	060623	-33.830143	-60.486253
06623050	Urquiza	06	06623	060623	-33.923056	-60.381182
06623060	La Violeta	06	06623	060623	-33.731876	-60.166963
06623070	Manuel Ocampo	06	06623	060623	-33.763887	-60.649407
06623080	Mariano Bení­tez	06	06623	060623	-33.706622	-60.581904
06623090	Mariano H. Alfonzo	06	06623	060623	-33.912183	-60.839135
06623100	Pergamino	06	06623	060623	-33.893276	-60.564505
06623110	Pinzón	06	06623	060623	-33.992554	-60.728462
06623120	Rancagua	06	06623	060623	-34.028416	-60.501205
06623130	El socorro	06	06623	060623	-33.66228	-60.706996
06623140	Fontezuela	06	06623	060623	-33.912368	-60.46022
06630010	Pila	06	06630	060630	-36.004217	-58.141259
06630020	Casalins	06	06630	060630	-36.314359	-58.551989
06638040	Pilar	06	06638	060638	-34.45871	-58.913989
06644010	Pinamar	06	06644	060644	-37.125045	-56.883488
06644020	Montecarlo	06	06644	060644	-37.041644	-56.814499
06648010	Presidente Perón	06	06648	060648	-34.915898	-58.370155
06651010	Azopardo	06	06651	060651	-37.70152	-62.900502
06651020	Bordenave	06	06651	060651	-37.802796	-63.038465
06651030	Darregueira	06	06651	060651	-37.689413	-63.161112
06651040	Estela	06	06651	060651	-38.109379	-62.912534
06651050	Felipe Solá	06	06651	060651	-38.009019	-62.822329
06651060	López Lecube	06	06651	060651	-38.118207	-62.726225
06651070	Puán	06	06651	060651	-37.541122	-62.769625
06651080	San Germán	06	06651	060651	-38.302501	-62.983494
06651090	Erize	06	06651	060651	-37.393834	-62.803391
06651100	17 de Agosto	06	06651	060651	-37.909803	-62.935702
06651110	Villa Iris	06	06651	060651	-38.171748	-63.235556
06655010	Álvarez Jonte	06	06655	060655	-35.32278	-57.449077
06655020	Pipinas	06	06655	060655	-35.531267	-57.328589
06655030	Punta Indio	06	06655	060655	-35.280835	-57.236007
06655040	Verónica	06	06655	060655	-35.388155	-57.33716
06655050	Base Aeronaval Punta Indio	06	06655	060655	-35.3547	-57.303375
06655060	La Viruta	06	06655	060655	-35.397786	-57.631437
06658010	Quilmes	06	06658	060658	-34.724691	-58.261341
06665010	El Paraí­so	06	06665	060665	-33.570633	-59.979195
06665020	Las Bahamas	06	06665	060665	-33.637306	-59.988328
06665030	Pérez Milán	06	06665	060665	-33.770102	-60.093895
06665040	Ramallo	06	06665	060665	-33.485067	-60.004503
06665050	Villa General Savio	06	06665	060665	-33.436991	-60.146889
06665060	Villa Ramallo	06	06665	060665	-33.497868	-60.065528
06672010	Rauch	06	06672	060672	-36.774507	-59.087275
06672020	Martí­n Colman	06	06672	060672	-36.408986	-59.143227
06672030	Miranda	06	06672	060672	-36.533215	-59.133203
06679010	Fortí­n Olavarría	06	06679	060679	-35.702524	-63.023876
06679020	González Moreno	06	06679	060679	-35.555082	-63.380117
06679030	Mira Pampa	06	06679	060679	-35.869966	-63.374378
06679040	América	06	06679	060679	-35.489111	-62.975711
06679050	Roosevelt	06	06679	060679	-35.8462	-63.289967
06679060	San Mauricio	06	06679	060679	-35.510738	-63.187983
06679070	Sansinena	06	06679	060679	-35.274265	-63.214065
06679080	Sundblad	06	06679	060679	-35.764888	-63.139065
06686010	La Beba	06	06686	060686	-34.154439	-61.012871
06686020	Las Carabelas	06	06686	060686	-34.037876	-60.867103
06686030	Los Indios	06	06686	060686	-34.37357	-60.652371
06686040	Rafael Obligado	06	06686	060686	-34.359541	-60.783842
06686050	Roberto Cano	06	06686	060686	-34.086517	-60.667192
06686060	Rojas	06	06686	060686	-34.197059	-60.730096
06686070	Sol de Mayo	06	06686	060686	-34.26826	-60.873682
06686080	Villa Manuel Pomar	06	06686	060686	-33.915951	-60.937938
06693010	Carlos Beguerie	06	06693	060693	-35.485572	-59.099784
06693020	Roque Pérez	06	06693	060693	-35.402673	-59.333522
06700010	Arroyo Corto	06	06700	060700	-37.514839	-62.312367
06700020	Dufaur	06	06700	060700	-37.944892	-62.286914
06700030	Espartillar	06	06700	060700	-37.361088	-62.433809
06700040	Goyena	06	06700	060700	-37.720995	-62.606506
06700050	Pigüé	06	06700	060700	-37.602468	-62.408476
06700060	Saavedra	06	06700	060700	-37.763917	-62.352217
06700070	Las Encadenadas	06	06700	060700	-38.036683	-62.470959
06700080	Colonia San Martíi­n	06	06700	060700	-37.976895	-62.333045
06700090	Club de Pesca Saavedra	06	06700	060700	-38.025042	-62.46424
06707010	Álvarez de Toledo	06	06707	060707	-35.637359	-59.630169
06707020	Cazon	06	06707	060707	-35.575041	-59.6629
06707030	Del Carril	06	06707	060707	-35.507925	-59.513661
06707040	Polvaredas	06	06707	060707	-35.594541	-59.506924
06707050	Saladillo	06	06707	060707	-35.638647	-59.779376
06714010	Arroyo Dulce	06	06714	060714	-34.102433	-60.406155
06714020	Berdier	06	06714	060714	-34.397767	-60.259626
06714030	Gahan	06	06714	060714	-34.336876	-60.097602
06714040	Inés Indart	06	06714	060714	-34.397227	-60.544393
06714050	La Invencible	06	06714	060714	-34.266804	-60.384965
06714060	Salto	06	06714	060714	-34.299713	-60.246768
06721010	Quenumá	06	06721	060721	-36.566274	-63.083921
06721020	Salliqueló	06	06721	060721	-36.748449	-62.956256
06728010	Azcuénaga	06	06728	060728	-34.365792	-59.375645
06728020	Cucullú	06	06728	060728	-34.444465	-59.361558
06728030	Franklin	06	06728	060728	-34.609968	-59.628365
06728040	San Andrés de Giles	06	06728	060728	-34.451154	-59.442984
06728050	Solís	06	06728	060728	-34.297971	-59.323842
06728060	Villa Espil	06	06728	060728	-34.505279	-59.338236
06728070	Villa Ruiz	06	06728	060728	-34.433883	-59.260305
06728080	Chacras de Villa Espil	06	06728	060728	-34.477191	-59.296722
06735010	Duggan	06	06735	060735	-34.207197	-59.635706
06735020	San Antonio de Areco	06	06735	060735	-34.248574	-59.47733
06735030	Villa Lía	06	06735	060735	-34.123085	-59.430498
06735040	Vagues	06	06735	060735	-34.29872	-59.444597
06742010	Balneario San Cayetano	06	06742	060742	-38.747963	-59.430596
06742020	Ochandio	06	06742	060742	-38.359337	-59.792829
06742030	San Cayetano	06	06742	060742	-38.345659	-59.60682
06742040	Cristiano Muerto	06	06742	060742	-38.647835	-59.60618
06749010	San Fernando	06	06749	060749	-34.4418	-58.55802
06756010	San Isidro	06	06756	060756	-34.472154	-58.510971
06760010	San Miguel	06	06760	060760	-34.543814	-58.712724
06763010	General Rojo	06	06763	060763	-33.473576	-60.288091
06763020	Conesa	06	06763	060763	-33.5957	-60.355771
06763030	La Emilia	06	06763	060763	-33.351047	-60.313966
06763040	Erézcano	06	06763	060763	-33.523245	-60.317445
06763050	San Nicolás de los Arroyos	06	06763	060763	-33.333432	-60.21087
06763060	Villa Esperanza	06	06763	060763	-33.421346	-60.260618
06770010	Gobernador Castro	06	06770	060770	-33.659675	-59.86952
06770020	Ingeniero Moneta	06	06770	060770	-33.930618	-59.749982
06770030	Obligado	06	06770	060770	-33.596748	-59.818649
06770040	Pueblo Doyle	06	06770	060770	-33.901408	-59.820494
06770050	Rí­o Tala	06	06770	060770	-33.769222	-59.639383
06770060	San Pedro	06	06770	060770	-33.675895	-59.662962
06770070	Santa Lucía	06	06770	060770	-33.88087	-59.874232
06778020	San Vicente	06	06778	060778	-35.024039	-58.420591
06784010	General Rivas	06	06784	060784	-34.610054	-59.751942
06784020	Suipacha	06	06784	060784	-34.768691	-59.6869
06791010	De la Canal	06	06791	060791	-37.126275	-59.105765
06791030	Gardey	06	06791	060791	-37.283082	-59.361573
06791040	Marí­a Ignacia	06	06791	060791	-37.401287	-59.505974
06791050	Tandil	06	06791	060791	-37.328664	-59.136881
06791060	Azucena	06	06791	060791	-37.487812	-59.291271
06791070	Fulton	06	06791	060791	-37.41732	-58.810121
06791080	Iraola	06	06791	060791	-37.252444	-58.917009
06791090	Barrio Cerrado La Mata	06	06791	060791	-37.374895	-59.051667
06798010	Crotto	06	06798	060798	-36.576412	-60.172205
06798020	Tapalqué	06	06798	060798	-36.35616	-60.025139
06798030	Velloso	06	06798	060798	-36.119534	-59.651727
06805010	Tigre	06	06805	060805	-34.425691	-58.581047
06812010	General Conesa	06	06812	060812	-36.519608	-57.325371
06812020	Villa Roch	06	06812	060812	-36.469385	-57.342161
06819010	Chasicó	06	06819	060819	-38.337211	-62.642805
06819040	Villa Serrana La Gruta	06	06819	060819	-38.061216	-62.076585
06819050	Saldungaray	06	06819	060819	-38.20518	-61.769791
06819060	Sierra de la Ventana	06	06819	060819	-38.131715	-61.804564
06819070	Tornquist	06	06819	060819	-38.101415	-62.222919
06819080	Tres Picos	06	06819	060819	-38.288403	-62.210074
06819090	Villa Ventana	06	06819	060819	-38.081864	-61.929801
06819100	Pelicurá	06	06819	060819	-38.194016	-62.690095
06819110	Club de Pesca Pigüé	06	06819	060819	-38.039833	-62.521016
06826010	Berutti	06	06826	060826	-35.852569	-62.512323
06826020	Girodias	06	06826	060826	-36.365104	-62.355955
06826030	La Carreta	06	06826	060826	-36.208872	-62.237917
06826040	30 de Agosto	06	06826	060826	-36.278592	-62.545089
06826050	Trenque Lauquen	06	06826	060826	-35.97326	-62.732636
06826060	Trongé	06	06826	060826	-36.460309	-62.487123
06826070	Garré Norte	06	06826	060826	-36.559308	-62.604695
06833010	Balneario Orense	06	06833	060833	-38.807428	-59.73747
06833020	Claromecó	06	06833	060833	-38.857473	-60.073058
06833030	Copetonas	06	06833	060833	-38.724724	-60.446965
06833040	Lin Calel	06	06833	060833	-38.706656	-60.24292
06833050	Micaela Cascallares	06	06833	060833	-38.492679	-60.468423
06833060	Orense	06	06833	060833	-38.683886	-59.776537
06833070	Reta	06	06833	060833	-38.897835	-60.345964
06833080	San Francisco de Bellocq	06	06833	060833	-38.689638	-60.014016
06833090	San Mayol	06	06833	060833	-38.317737	-60.025842
06833100	Tres Arroyos	06	06833	060833	-38.377002	-60.27473
06833110	Villa Rodrí­guez	06	06833	060833	-38.312582	-60.2325
06840010	Tres de Febrero	06	06840	060840	-34.60485	-58.560962
06847010	Ingeniero Thompson	06	06847	060847	-36.610939	-62.912919
06847020	Tres Lomas	06	06847	060847	-36.459128	-62.862454
06854010	Agustí­n Mosconi	06	06854	060854	-35.740312	-60.557073
06854020	Del Valle	06	06854	060854	-35.897345	-60.731609
06854030	Ernestina	06	06854	060854	-35.268782	-59.556939
06854040	Gobernador Ugarte	06	06854	060854	-35.1638	-60.078977
06854050	Lucas Monteverde	06	06854	060854	-35.483827	-59.988065
06854060	Norberto de la Riestra	06	06854	060854	-35.273318	-59.775641
06854070	Pedernales	06	06854	060854	-35.262361	-59.630757
06854080	San Enrique	06	06854	060854	-35.769743	-60.350431
06854090	Valdés	06	06854	060854	-35.647934	-60.46565
06854100	25 de Mayo	06	06854	060854	-35.432379	-60.171628
06861010	Vicente López	06	06861	060861	-34.527556	-58.503098
06868010	Mar Azul	06	06868	060868	-37.335948	-57.030392
06868020	Villa Gesell	06	06868	060868	-37.249724	-56.967862
06868030	El Salvaje	06	06868	060868	-37.358365	-57.076435
06875010	Argerich	06	06875	060875	-38.771639	-62.603486
06875030	Hilario Ascasubi	06	06875	060875	-39.375616	-62.647428
06875040	Juan Cousté	06	06875	060875	-38.894515	-63.14101
06875050	Mayor Buratovich	06	06875	060875	-39.260777	-62.615339
06875060	Médanos	06	06875	060875	-38.829205	-62.693553
06875070	Pedro Luro	06	06875	060875	-39.503486	-62.688625
06875080	Teniente Origone	06	06875	060875	-39.057824	-62.570574
06875090	Lago Parque La Salada	06	06875	060875	-39.457785	-62.686376
06875100	Colonia San Adolfo	06	06875	060875	-39.396923	-62.564306
06875110	Chapalco	06	06875	060875	-38.645508	-63.095027
06882030	Lima	06	06882	060882	-34.044678	-59.196123
06882040	Zárate	06	06882	060882	-34.095745	-59.024296
06882050	Acceso a Lima	06	06882	060882	-34.081579	-59.202961
06882060	Barrio El Mangrullo	06	06882	060882	-34.116304	-59.125346
06882070	Chacras de Olivia	06	06882	060882	-34.03107	-59.282415
06882080	Chacras del Paraná	06	06882	060882	-33.972576	-59.259845
06882090	Puente Urquiza	06	06882	060882	-33.913109	-58.894479
06882100	Puerto Panal	06	06882	060882	-34.048319	-59.131203
06882110	Ruta 9 Km 107	06	06882	060882	-34.061566	-59.281519
10007010	Chuchucaruana	10	10007	100028	-27.921401	-65.837927
10007020	Colpes	10	10007	100014	-28.058482	-65.813741
10007030	El Bolsón	10	10007	100028	-27.903487	-65.879632
10007040	El Rodeo	10	10007	100007	-28.214152	-65.87386
10007050	Huaycama	10	10007	100014	-28.123397	-65.796656
10007055	Isla Larga	10	10007	100014	-28.233273	-65.761226
10007060	La Puerta	10	10007	100014	-28.162659	-65.792547
10007070	Las Chacritas	10	10007	100028	-27.684988	-65.925919
10007080	Las Juntas	10	10007	100021	-28.102971	-65.898335
10007090	Los Castillos	10	10007	100028	-27.95823	-65.820686
10007100	Los Talas	10	10007	100028	-27.956426	-65.863942
10007110	Los Varela	10	10007	100028	-27.931507	-65.871893
10007120	Singuil	10	10007	100028	-27.814217	-65.867066
10014010	Ancasti	10	10014	100035	-28.812491	-65.499737
10014020	Anquincila	10	10014	100035	-28.746943	-65.548973
10014030	La Candelaria	10	10014	100035	-28.701057	-65.427554
10014040	La Majada	10	10014	100035	-29.032541	-65.544783
10014050	Yerba Buena	10	10014	100035	-29.006196	-65.463124
10021010	Amanao	10	10021	100049	-27.535639	-66.504609
10021020	Andalgalá	10	10021	100049	-27.590159	-66.32125
10021030	Chaquiago	10	10021	100049	-27.548952	-66.332473
10021040	Choya	10	10021	100049	-27.524807	-66.385102
10021050	El Alamito	10	10021	100042	-27.506522	-66.025173
10021060	El Lindero	10	10021	100042	-27.468381	-66.009793
10021070	El Potrero	10	10021	100049	-27.505755	-66.322038
10028010	Antofagasta de la Sierra	10	10028	100056	-26.061319	-67.407449
10028030	El Peñón	10	10028	100056	-26.478815	-67.264629
10028040	Los Nacimientos	10	10028	100056	-25.823254	-67.371288
10035010	Barranca Larga	10	10035	100119	-26.983331	-66.738508
10035020	Belén	10	10035	100063	-27.650036	-67.026495
10035030	Cóndor Huasi	10	10035	100091	-27.493536	-67.100274
10035040	Corral Quemado	10	10035	100070	-27.141611	-66.945583
10035050	El Durazno	10	10035	100098	-27.254018	-67.038795
10035055	El Eje	10	10035	100112	-27.276841	-66.87461
10035060	Farallón Negro	10	10035	100077	-27.306076	-66.680502
10035070	Hualfín	10	10035	100077	-27.225109	-66.825749
10035080	Jacipunco	10	10035	100098	-27.24212	-67.008535
10035085	La Ciénaga	10	10035	100105	-27.488497	-66.97731
10035090	La Puntilla	10	10035	100063	-27.684754	-66.995259
10035092	La Toma	10	10035	100091	-27.591208	-67.10319
10035095	Laguna Blanca	10	10035	100119	-26.586058	-66.942552
10035097	Las Barrancas	10	10035	100091	-27.523537	-67.11134
10035100	Las Juntas	10	10035	100091	-27.536091	-67.120158
10035110	Londres	10	10035	100084	-27.713456	-67.134162
10035120	Los Nacimientos	10	10035	100077	-27.163943	-66.735109
10035125	Pozo de Piedra	10	10035	100091	-27.568015	-67.134151
10035130	Puerta de Corral Quemado	10	10035	100098	-27.227569	-66.93441
10035140	Puerta de San José	10	10035	100105	-27.547036	-67.018709
10035145	San Fernando	10	10035	100112	-27.3342	-66.89802
10035147	Soledad	10	10035	100098	-27.263295	-67.048498
10035150	Villa Vil	10	10035	100119	-27.094081	-66.823069
10042030	Capayán	10	10042	100126	-28.762971	-66.047811
10042040	Chumbicha	10	10042	100126	-28.853485	-66.237436
10042050	Colonia del Valle	10	10042	100133	-28.647585	-65.878363
10042060	Colonia Nueva Coneta	10	10042	100133	-28.57356	-65.845448
10042070	Concepción	10	10042	100133	-28.687118	-66.064892
10042080	Coneta	10	10042	100133	-28.577973	-65.887668
10042090	El Bañado	10	10042	100133	-28.621446	-65.857593
10042100	Huillapima	10	10042	100133	-28.725782	-65.978892
10042105	Las Palmas	10	10042	100126	-28.742686	-66.180545
10042110	Los Angeles	10	10042	100133	-28.522148	-65.955663
10042120	Miraflores	10	10042	100133	-28.599292	-65.903833
10042130	San Martín	10	10042	100126	-29.221229	-65.774966
10042140	San Pablo	10	10042	100133	-28.700781	-66.034394
10042150	San Pedro	10	10042	100126	-28.741856	-66.127017
10049030	San Fernando del Valle de Catamarca	10	10049	100140	-28.468008	-65.788942
10049050	La Estancita	10	10049	100140	-28.466163	-65.845855
10056010	Villa Concepcion del Alto	10	10056	100147	-28.310529	-65.36441
10056020	Guayamba	10	10056	100147	-28.346057	-65.401732
10056030	Infanzón	10	10056	100147	-28.579218	-65.405179
10056040	Los Corrales	10	10056	100147	-28.49345	-65.326452
10056050	Tapso	10	10056	100154	-28.405482	-65.102949
10056060	Vilismán	10	10056	100147	-28.497203	-65.433768
10063020	Pomancillo Este	10	10063	100161	-28.302904	-65.72099
10063030	Pomancillo Oeste	10	10063	100161	-28.303199	-65.729948
10063040	San José	10	10063	100161	-28.420108	-65.708384
10063050	Villa Las Pirquitas	10	10063	100161	-28.28028	-65.731784
10070010	Casa de Piedra	10	10070	100175	-29.605009	-65.523502
10070020	El Aybal	10	10070	100175	-29.109198	-65.361888
10070030	El Bañado	10	10070	100175	-29.194025	-65.438048
10070040	El Divisadero	10	10070	100175	-29.203797	-65.452414
10070050	El Quimilo	10	10070	100175	-29.90462	-65.400678
10070060	Esquiú	10	10070	100175	-29.379066	-65.289829
10070070	Icaño	10	10070	100168	-28.919275	-65.330321
10070080	La Dorada	10	10070	100175	-29.242676	-65.481026
10070090	La Guardia	10	10070	100175	-29.556134	-65.453619
10070100	Las Esquinas	10	10070	100168	-28.740342	-65.110631
10070110	Las Palmitas	10	10070		-28.637353	-64.9863
10070120	Quirós	10	10070	100168	-28.785641	-65.110979
10070130	Ramblones	10	10070	100175	-29.154901	-65.397962
10070140	Recreo	10	10070	100175	-29.276861	-65.056564
10070150	San Antonio	10	10070	100168	-28.933105	-65.094966
10077010	Amadores	10	10077	100182	-28.261576	-65.635874
10077040	La Higuera	10	10077	100182	-27.941744	-65.698075
10077050	La Merced	10	10077	100182	-28.154637	-65.659495
10077060	La Viña	10	10077	100182	-28.039018	-65.597011
10077070	Las Lajas	10	10077	100182	-27.8472	-65.727639
10077080	Monte Potrero	10	10077	100182	-28.187111	-65.659563
10077090	Palo Labrado	10	10077	100182	-28.301981	-65.621228
10077100	San Antonio	10	10077	100182	-28.008367	-65.711044
10077110	Villa de Balcozna	10	10077	100182	-27.883833	-65.727846
10084020	Colana	10	10084	100189	-28.361397	-66.160027
10084030	Colpes	10	10084	100196	-28.059072	-66.19904
10084040	El Pajonal	10	10084	100189	-28.371845	-66.295205
10084060	Mutquin	10	10084	100185	-28.320802	-66.147386
10084070	Pomán	10	10084	100189	-28.396735	-66.218497
10084080	Rincón	10	10084	100196	-28.223506	-66.14191
10084090	San Miguel	10	10084	100196	-28.13943	-66.205975
10084100	Saujil	10	10084	100196	-28.173337	-66.214515
10084110	Siján	10	10084	100196	-28.262356	-66.22093
10091010	Andalhualá	10	10091	100203	-26.878079	-66.049008
10091030	Chañar Punco	10	10091	100210	-26.719728	-66.070544
10091040	El Cajón	10	10091	100210	-26.403597	-66.252407
10091050	El Desmonte	10	10091	100203	-26.881271	-66.100991
10091060	El Puesto	10	10091	100210	-26.652601	-66.040488
10091070	Famatanca	10	10091	100203	-26.78217	-66.083541
10091080	Fuerte Quemado	10	10091	100210	-26.621208	-66.049984
10091090	La Hoyada	10	10091	100203	-26.54363	-66.361999
10091110	Las Mojarras	10	10091	100210	-26.689818	-66.06469
10091130	Punta de Balasto	10	10091	100203	-26.955925	-66.140734
10091140	San José	10	10091	100203	-26.801425	-66.069759
10091150	Santa María	10	10091	100210	-26.697727	-66.04656
10091160	Yapes	10	10091	100203	-26.846514	-66.076651
10098010	Alijilán	10	10098	100213	-28.176244	-65.492723
10098015	Ampolla	10	10098	100217	-28.167493	-65.314829
10098020	Bañado de Ovanta	10	10098	100217	-28.106049	-65.319217
10098030	Las Cañas	10	10098	100217	-28.204798	-65.214262
10098035	Las Tunas	10	10098	100217	-28.151198	-65.359536
10098040	Lavalle	10	10098	100217	-28.19449	-65.115503
10098050	Los Altos	10	10098	100213	-28.048859	-65.497364
10098060	Manantiales	10	10098	100213	-28.137016	-65.497245
10098065	Monte Redondo	10	10098	100213	-28.002742	-65.444133
10098070	San Pedro	10	10098	100217	-27.956614	-65.171094
10105010	Anillaco	10	10105	100231	-27.907627	-67.623483
10105050	Copacabana	10	10105	100231	-28.178795	-67.489266
10105090	El Puesto	10	10105	100231	-27.964132	-67.6304
10105100	El Salado	10	10105	100231	-28.303181	-67.253323
10105110	Fiambalá	10	10105	100224	-27.690397	-67.619748
10105130	Medanitos	10	10105	100224	-27.521038	-67.591447
10105140	Palo Blanco	10	10105	100224	-27.339585	-67.75923
10105160	Saujil	10	10105	100224	-27.570112	-67.61654
10105180	Tinogasta	10	10105	100231	-28.063751	-67.58027
10112010	El Portezuelo	10	10112	100238	-28.467748	-65.643303
10112020	Huaycama	10	10112	100238	-28.512186	-65.669155
10112027	Las Esquinas	10	10112	100238	-28.715171	-65.77071
10112030	Las Tejas	10	10112	100238	-28.658589	-65.782431
10112040	San Isidro	10	10112	100238	-28.453116	-65.718192
10112050	Santa Cruz	10	10112	100238	-28.500388	-65.668181
14007010	Amboy	14	14007	142007	-32.176431	-64.575094
14007020	Arroyo San Antonio	14	14007	140014	-32.257254	-64.608343
14007030	Cañada Del Sauce	14	14007	142021	-32.366255	-64.642723
14007050	El Corcovado - El Torreón	14	14007	140063	-32.148859	-64.493772
14007055	El Durazno	14	14007	140070	-32.171718	-64.771159
14007060	Embalse	14	14007	140007	-32.206755	-64.400607
14007065	Embalse Ingeniero Reolin	14	14007	140007	-32.200366	-64.332504
14007070	La Cruz	14	14007	140014	-32.303104	-64.483054
14007075	Intiyaco	14	14007		-31.956422	-64.718755
14007080	La Cumbrecita	14	14007	143015	-31.900912	-64.77262
14007085	La Estancia	14	14007	142084	-31.828292	-64.521255
14007090	Las Bajadas	14	14007	142028	-32.095406	-64.331054
14007100	Las Caleras	14	14007	142035	-32.388757	-64.521124
14007110	Los Cóndores	14	14007	140021	-32.317479	-64.273982
14007120	Los Molinos	14	14007	142042	-31.85481	-64.378277
14007130	Los Reartes	14	14007	142049	-31.919733	-64.577119
14007140	Lutti	14	14007	142056	-32.318472	-64.747002
14007160	Parque Calmayo	14	14007	142014	-32.029263	-64.466717
14007163	Parador De La Montana	14	14007	140035	-32.100584	-64.469321
14007165	Paso Cabral	14	14007	142035	-32.412087	-64.4979
14007167	Puerto Muchita	14	14007	142084	-31.883974	-64.548727
14007170	Río De Los Sauces	14	14007	140028	-32.527515	-64.586475
14007180	San Agustin	14	14007	140056	-31.977652	-64.375574
14007190	San Ignacio (Loteo San Javier)	14	14007	142063	-32.165939	-64.51786
14007191	San Ignacio (loteo Velez Crespo)	14	14007	142063	-32.128537	-64.521016
14007210	Santa Rosa de Calamuchita	14	14007	140035	-32.069428	-64.539132
14007220	Segunda Usina	14	14007	142070	-32.165098	-64.379631
14007230	Solar de los Molinos	14	14007	142084	-31.869385	-64.531602
14007235	Tercera Usina	14	14007	140007	-32.194806	-64.314303
14007240	Villa Alpina	14	14007		-31.956681	-64.813788
14007250	Villa Amancay	14	14007	142077	-32.186008	-64.567659
14007260	Villa Berna	14	14007		-31.911358	-64.72456
14007270	Villa Ciudad Parque Los Reartes	14	14007	142084	-31.90698	-64.553039
14007290	Villa del Dique	14	14007	140042	-32.176464	-64.456856
14007300	Villa El Tala	14	14007	140014	-32.252799	-64.584082
14007310	Villa General Belgrano	14	14007	140049	-31.976537	-64.559037
14007320	Villa La Ribera	14	14007	142091	-32.26719	-64.521361
14007330	Villa Quillinzo	14	14007	142091	-32.234449	-64.516981
14007340	Villa Rumipal	14	14007	140063	-32.189432	-64.479248
14007360	Villa Yacanto	14	14007	140070	-32.106044	-64.754389
14014010	Córdoba	14	14014	140077	-31.416742	-64.183555
14021010	Agua de Oro	14	14021	140084	-31.066448	-64.302138
14021020	Ascochinga	14	14021	140126	-30.959097	-64.27277
14021050	Colonia Caroya	14	14021	140091	-31.022066	-64.061743
14021060	Colonia Tirolesa	14	14021	140098	-31.237255	-64.066401
14021070	Colonia Vicente Agüero	14	14021	142098	-31.028507	-64.018794
14021075	Villa Corazon De María	14	14021	140133	-31.443529	-63.996379
14021105	Finca del Sol - San Francisco - Catalina Norte	14	14021	140105	-31.253087	-64.246045
14021110	El Manzano	14	14021	142105	-31.084558	-64.300925
14021130	General Paz	14	14021	140102	-31.134376	-64.139958
14021140	Jesús María	14	14021	140112	-30.97974	-64.095712
14021150	La Calera	14	14021	140119	-31.345695	-64.338475
14021160	La Granja	14	14021	140126	-31.008615	-64.267892
14021170	La Puerta	14	14021	140098	-31.14361	-64.040993
14021173	Las Chacras	14	14021	140098	-31.306632	-64.130032
14021190	Malvinas Argentinas	14	14021	140133	-31.374294	-64.05374
14021200	Mendiolaza	14	14021	140140	-31.265198	-64.303758
14021210	Mi Granja	14	14021	140143	-31.355118	-64.002929
14021230	Río Ceballos	14	14021	140147	-31.168912	-64.317413
14021240	Saldán	14	14021	140077	-31.315603	-64.312831
14021250	Salsipuedes	14	14021	140161	-31.13625	-64.296522
14021270	Tinoco	14	14021	142728	-31.124469	-63.891831
14021280	Unquillo	14	14021	140168	-31.233643	-64.31679
14021290	Villa Allende	14	14021	140175	-31.293585	-64.297649
14021300	Villa Cerro Azul	14	14021	142126	-31.070443	-64.316565
14021310	Parque Norte - Guinazu Norte	14	14021	140077	-31.30757	-64.176335
14021320	Villa Los Llanos - Juárez Celman	14	14021	140105	-31.256312	-64.166773
14028010	Alto de los Quebrachos	14	14028	142133	-30.542436	-65.037245
14028020	Bañado de Soto	14	14028	142140	-30.794391	-65.052869
14028035	Characato	14	14028	142182	-31.126705	-64.738297
14028040	Cruz de Cana	14	14028	142147	-31.067263	-64.943439
14028050	Cruz del Eje	14	14028	140182	-30.721829	-64.808616
14028060	El Brete	14	14028	140185	-30.672172	-64.877074
14028080	Guanaco Muerto	14	14028	142161	-30.48257	-65.059433
14028100	La Batea	14	14028	142168	-30.371865	-65.308729
14028110	La Higuera	14	14028	142175	-31.013236	-65.102876
14028120	Las Cañadas	14	14028	142182	-31.019185	-64.772313
14028130	Las Playas	14	14028	142189	-30.707507	-64.846113
14028140	Los Chañaritos	14	14028	142196	-30.568253	-64.945213
14028145	Los Sauces	14	14028	140189	-30.736187	-64.682559
14028150	Media Naranja	14	14028	142203	-30.644145	-64.927821
14028155	Negro Huasi	14	14028	142182	-30.915132	-64.733312
14028160	Paso Viejo	14	14028	142210	-30.767457	-65.190594
14028170	San Marcos Sierra	14	14028	140189	-30.783055	-64.636159
14028175	Santa Ana	14	14028		-30.797338	-65.19186
14028180	Serrezuela	14	14028	140196	-30.638779	-65.38863
14028190	Tuclame	14	14028	142217	-30.746859	-65.23482
14028200	Villa de Soto	14	14028	140203	-30.855222	-64.984938
14035010	Del Campillo	14	14035	140217	-34.378905	-64.497066
14035015	De la Serna	14	14035	140217	-34.37609	-64.692192
14035020	Estación Lecueder	14	14035		-34.496483	-64.811533
14035030	Buchardo	14	14035	140210	-34.723767	-63.507373
14035040	Huinca Renancó	14	14035	140224	-34.841351	-64.374708
14035050	Italó	14	14035	140231	-34.790739	-63.780467
14035060	Mattaldi	14	14035	140245	-34.481056	-64.170878
14035070	Nicolás Bruzzone	14	14035	142224	-34.440291	-64.341675
14035080	Onagoity	14	14035	142231	-34.772883	-63.672008
14035090	Pincén	14	14035	142238	-34.838071	-63.916623
14035100	Ranqueles	14	14035	142245	-34.842541	-64.098279
14035110	Jovita	14	14035	140238	-34.51883	-63.944147
14035120	Villa Huidobro	14	14035	140252	-34.840482	-64.587072
14035130	Villa Sarmiento	14	14035	142252	-34.12283	-64.725188
14035140	Villa Valeria	14	14035	140259	-34.341408	-64.920768
14042010	Arroyo Algodon	14	14042	140266	-32.201226	-63.164951
14042020	Arroyo Cabral	14	14042	140273	-32.489482	-63.402365
14042030	Ausonia	14	14042	140280	-32.66192	-63.243178
14042040	Chazón	14	14042	140287	-33.077811	-63.275449
14042045	Colonia Santa Rita	14	14042	140350	-32.182982	-63.325616
14042050	Etruria	14	14042	140294	-32.939318	-63.244819
14042060	La Laguna	14	14042	140301	-32.802593	-63.247129
14042070	La Palestina	14	14042	140308	-32.616477	-63.409364
14042080	La Playosa	14	14042	140315	-32.099477	-63.031798
14042090	Las Mojarras	14	14042		-32.30415	-63.232983
14042100	Luca	14	14042	140322	-32.540505	-63.47682
14042110	Pasco	14	14042	140329	-32.746261	-63.341713
14042120	Sanabria	14	14042	140364	-32.529378	-63.245933
14042130	Silvio Pellico	14	14042	140336	-32.249649	-62.930807
14042140	Ticino	14	14042	140343	-32.693116	-63.437173
14042150	Tí­o Pujio	14	14042	140350	-32.286994	-63.35359
14042170	Villa María	14	14042	140357	-32.414952	-63.243543
14042180	Villa Nueva	14	14042	140364	-32.435465	-63.247755
14042190	Villa Oeste	14	14042	140364	-32.416939	-63.282497
14049010	Avellaneda	14	14049	142259	-30.594266	-64.205656
14049020	Cañada de Rio Pinto	14	14049	142266	-30.776193	-64.218104
14049025	Cerro Negro	14	14049		-30.705483	-64.335214
14049030	Chuña	14	14049	142273	-30.468347	-64.668138
14049040	Copacabana	14	14049	142280	-30.643133	-64.498722
14049050	Deán Funes	14	14049	140371	-30.424075	-64.349419
14049055	Huascha	14	14049	142294	-30.604431	-64.744032
14049057	Ischilin	14	14049		-30.580014	-64.364857
14049070	Jaime Peter	14	14049	142273	-30.40956	-64.538893
14049075	La Cantera	14	14049		-30.482295	-64.307879
14049080	Los Pozos	14	14049	142287	-30.519876	-64.253389
14049090	Olivares de San Nicolás	14	14049	142294	-30.602437	-64.854187
14049100	Quilino	14	14049	140378	-30.214225	-64.499382
14049110	San Pedro de Toyos	14	14049		-30.454189	-64.445845
14049115	Villa Albertina	14	14049	142266	-30.694426	-64.298724
14049117	Villa Colimba	14	14049		-30.567124	-64.404279
14049120	Villa Gutiérrez	14	14049	142301	-30.679681	-64.161405
14056010	Alejandro Roca	14	14056	140385	-33.353598	-63.717732
14056020	Assunta	14	14056	142308	-33.633979	-63.224793
14056030	Bengolea	14	14056	140392	-33.030156	-63.673408
14056040	Carnerillo	14	14056	140399	-32.913201	-64.022714
14056050	Charras	14	14056	140406	-33.02535	-64.046829
14056060	El Rastreador	14	14056	142315	-33.666145	-63.539126
14056070	General Cabrera	14	14056	140413	-32.814529	-63.875037
14056080	General Deheza	14	14056	140420	-32.756473	-63.789134
14056090	Huanchilla	14	14056	140427	-33.668397	-63.636315
14056100	La Carlota	14	14056	140434	-33.41796	-63.293568
14056110	Los Cisnes	14	14056	140441	-33.399731	-63.472052
14056120	Olaeta	14	14056	140448	-33.044755	-63.906042
14056130	Pacheco de Melo	14	14056	142322	-33.759347	-63.490585
14056140	Paso del Durazno	14	14056	142329	-33.170275	-64.046514
14056150	Santa Eufemia	14	14056	140462	-33.176346	-63.286663
14056160	Ucacha	14	14056	140469	-33.035948	-63.507272
14056170	Reducción	14	14056	140455	-33.203188	-63.862587
14063010	Alejo Ledesma	14	14063	140476	-33.605469	-62.626008
14063020	Arias	14	14063	140483	-33.642131	-62.404001
14063030	Camilo Aldao	14	14063	140490	-33.127901	-62.094311
14063040	Capitán General Bernardo O Higgins	14	14063	140497	-33.248253	-62.268831
14063050	Cavanagh	14	14063	140504	-33.481363	-62.339322
14063060	Colonia Barge	14	14063	142336	-33.256296	-62.605891
14063070	Colonia Italiana	14	14063	140511	-33.311767	-62.176391
14063080	Colonia Veinticinco	14	14063	140574	-32.888861	-61.949682
14063090	Corral de Bustos Ifflinger	14	14063	140518	-33.283128	-62.186438
14063100	Cruz Alta	14	14063	140525	-33.00844	-61.805736
14063110	General Baldissera	14	14063	140532	-33.122087	-62.302836
14063120	General Roca	14	14063	140539	-32.730805	-61.915856
14063130	Guatimozín	14	14063	140546	-33.464288	-62.438123
14063140	Inriville	14	14063	140553	-32.94556	-62.230817
14063150	Isla Verde	14	14063	140560	-33.239813	-62.401628
14063160	Leones	14	14063	140567	-32.659336	-62.297313
14063170	Los Surgentes	14	14063	140574	-32.985266	-62.021905
14063180	Marcos Juarez	14	14063	140581	-32.69059	-62.101263
14063190	Monte Buey	14	14063	140588	-32.919727	-62.455829
14063210	Saira	14	14063	140595	-32.406738	-62.100033
14063220	Saladillo	14	14063	142343	-32.935423	-62.342389
14063230	Villa Elisa	14	14063	142350	-32.835579	-62.293891
14070010	Ciénaga Del Coro	14	14070	142357	-31.041533	-65.282508
14070020	El Chacho	14	14070	142364	-30.802966	-65.654561
14070030	Estancia de Guadalupe	14	14070	142371	-31.129347	-65.215474
14070040	Guasapampa	14	14070	142378	-31.075276	-65.34798
14070045	La Argentina	14	14070	142371	-31.222833	-65.302685
14070050	La Playa	14	14070	142385	-31.009703	-65.361776
14070055	Rumi Huasi	14	14070	142357	-31.038656	-65.220944
14070060	San Carlos Minas	14	14070	140602	-31.176557	-65.10185
14070070	Talaini	14	14070	142392	-31.249906	-65.169274
14070080	Tosno	14	14070	142399	-30.960124	-65.310621
14077005	Cañada de Salas	14	14077	140609	-31.301393	-65.194341
14077010	Chancani	14	14077	142406	-31.415953	-65.451255
14077020	Las Palmas	14	14077	142413	-31.374579	-65.299833
14077030	Los Talares	14	14077	142420	-31.407142	-65.047013
14077040	Salsacate	14	14077	140609	-31.317837	-65.089532
14077050	San Geronimo	14	14077	142427	-31.344403	-64.919173
14077053	San Geronimo Sur	14	14077	142427	-31.365347	-64.927162
14077060	Tala Cañada	14	14077	142434	-31.358111	-64.980604
14077080	Villa de Pocho	14	14077	142441	-31.490133	-65.280932
14084010	General Levalle	14	14084	140616	-34.007232	-63.923387
14084020	La Cesira	14	14084	140623	-33.953535	-62.977433
14084030	Laboulaye	14	14084	140630	-34.128634	-63.390559
14084040	Leguizamón	14	14084	142448	-34.204235	-62.975917
14084050	Melo	14	14084	140637	-34.348783	-63.445168
14084060	Río Bamba	14	14084	142455	-34.05215	-63.732235
14084070	Rosales	14	14084	140644	-34.171704	-63.154034
14084080	San Joaquin	14	14084	142462	-34.512335	-63.709803
14084090	Serrano	14	14084	140651	-34.470773	-63.540166
14084100	Villa Rossi	14	14084	140658	-34.298003	-63.269053
14091020	Bialet Massé	14	14091	140665	-31.313918	-64.463969
14091030	Cabalango	14	14091	142469	-31.390965	-64.560089
14091040	Capilla del Monte	14	14091	140672	-30.856864	-64.526269
14091050	Casa Grande	14	14091	142476	-31.153537	-64.474862
14091060	Charbonier	14	14091	142483	-30.775641	-64.543342
14091070	Cosquín	14	14091	140679	-31.2437	-64.465323
14091080	Cuesta Blanca	14	14091	142490	-31.482428	-64.576428
14091090	Estancia Vieja	14	14091	142497	-31.379452	-64.516335
14091100	Huerta Grande	14	14091	140686	-31.075338	-64.489144
14091110	La Cumbre	14	14091	140693	-30.981425	-64.494594
14091120	La Falda	14	14091	140700	-31.094444	-64.482937
14091130	Las Jarillas	14	14091	140710	-31.534867	-64.547314
14091135	Las Vertientes	14	14091	140710	-31.512958	-64.534147
14091140	Los Cocos	14	14091	140707	-30.926506	-64.500451
14091150	Malli­n	14	14091	140721	-31.297069	-64.572524
14091160	Mayu Sumaj	14	14091	142504	-31.474076	-64.540845
14091180	San Antonio de Arredondo	14	14091	140710	-31.483371	-64.52724
14091190	San Esteban	14	14091	140714	-30.921157	-64.536203
14091200	San Roque	14	14091	142518	-31.346325	-64.460682
14091210	Santa Mari­a de Punilla	14	14091	140721	-31.278205	-64.464362
14091220	Tala Huasi	14	14091	142525	-31.47396	-64.564241
14091230	Tanti	14	14091	140728	-31.354815	-64.592387
14091240	Valle Hermoso	14	14091	140735	-31.116916	-64.483078
14091250	Villa Carlos Paz	14	14091	140742	-31.417846	-64.494148
14091260	Villa Flor Serrana	14	14091	140728	-31.390566	-64.59563
14091270	Villa Giardino	14	14091	140749	-31.05026	-64.496823
14091280	Villa Lago Azul	14	14091	140754	-31.376477	-64.485411
14091290	Villa Parque Siquimán	14	14091	142532	-31.347345	-64.482817
14091300	Villa Río Icho Cruz	14	14091	140752	-31.482677	-64.564757
14091320	Villa Santa Cruz del Lago	14	14091	140754	-31.370285	-64.517497
14091325	Wallala	14	14091	140672	-30.817854	-64.534315
14098010	Achiras	14	14098	140756	-33.174458	-64.992017
14098020	Adelia María	14	14098	140763	-33.632096	-64.021611
14098030	Alcira	14	14098	140770	-32.758802	-64.334119
14098040	Alpa Corral	14	14098	140777	-32.693701	-64.717249
14098050	Berrotarán	14	14098	140784	-32.452792	-64.387924
14098060	Bulnes	14	14098	140791	-33.503584	-64.678296
14098070	Chaján	14	14098	140798	-33.555666	-65.00268
14098080	Chucul	14	14098	142553	-33.011507	-64.171026
14098090	Coronel Baigorria	14	14098	140805	-32.847593	-64.361163
14098100	Coronel Moldes	14	14098	140812	-33.622764	-64.597046
14098105	Cuatro Vientos	14	14098		-33.073515	-64.5791
14098110	Elena	14	14098	140819	-32.570414	-64.393912
14098115	General Paunero	14	14098		-33.873778	-65.024062
14098120	La Carolina El Potosi	14	14098	142560	-33.187269	-64.726583
14098130	La Cautiva	14	14098	140826	-33.979555	-64.083358
14098140	La Gilda	14	14098		-33.208358	-64.259333
14098150	Las Acequias	14	14098	140833	-33.28024	-63.975287
14098160	Las Albahacas	14	14098	142567	-32.888369	-64.844817
14098170	Las Higueras	14	14098	140840	-33.089745	-64.285439
14098180	Las Peñas Sud	14	14098	142574	-32.536602	-64.105566
14098190	Las Vertientes	14	14098	140847	-33.283384	-64.577775
14098200	Malena	14	14098	142581	-33.490425	-64.430944
14098210	Monte de los Gauchos	14	14098	140854	-33.639079	-63.889571
14098230	Río Cuarto	14	14098	140861	-33.123664	-64.34904
14098240	Sampacho	14	14098	140868	-33.384021	-64.722839
14098245	San Bartolome	14	14098		-32.757798	-64.736859
14098250	San Basilio	14	14098	140875	-33.498484	-64.314677
14098260	Santa Catalina Holmberg	14	14098	140882	-33.205293	-64.437905
14098270	Suco	14	14098	142588	-33.440064	-64.830863
14098280	Tosquita	14	14098	140889	-33.819731	-64.457733
14098290	Vicuña Mackenna	14	14098	140896	-33.915641	-64.389857
14098300	Villa El Chacay	14	14098	142595	-32.892245	-64.867134
14098320	Washington	14	14098	142602	-33.873578	-64.689666
14105010	Atahona	14	14105	142609	-30.902988	-63.70626
14105020	Cañada De Machado	14	14105	142616	-31.428709	-63.586551
14105030	Capilla de los Remedios	14	14105	142623	-31.430499	-63.832418
14105040	Chalacea	14	14105	142630	-30.762083	-63.559117
14105050	Colonia Las Cuatro Esquinas	14	14105	142637	-31.207237	-63.224062
14105060	Diego de Rojas	14	14105	142651	-31.028536	-63.338345
14105070	El Alcalde	14	14105		-31.117289	-63.600075
14105080	El Crispín	14	14105	142658	-31.017529	-63.605405
14105090	Esquina	14	14105	142665	-31.077822	-63.793604
14105100	Kilómetro 658	14	14105	142672	-31.36976	-63.529607
14105105	Kilómetro 691	14	14105	140917	-31.323242	-63.851066
14105110	La Para	14	14105	140903	-30.894067	-63.001272
14105120	La Posta	14	14105	142679	-30.566114	-63.516951
14105130	La Puerta	14	14105	140910	-30.893099	-63.255095
14105140	La Quinta	14	14105	142686	-31.062114	-63.151443
14105150	Las Gramillas	14	14105	142693	-31.132308	-63.228208
14105160	Las Saladas	14	14105	142700	-30.759665	-63.20419
14105170	Maquinista Gallini	14	14105	142707	-30.90871	-63.531354
14105180	Monte del Rosario	14	14105		-30.982245	-63.601874
14105190	Montecristo	14	14105	140917	-31.341966	-63.947141
14105200	Obispo Trejo	14	14105	140924	-30.781122	-63.410069
14105210	Piquillín	14	14105	140931	-31.302307	-63.757015
14105220	Plaza de Mercedes	14	14105	142714	-30.978275	-63.260768
14105230	Comechingones	14	14105	142644	-31.171439	-63.605321
14105235	Punta de Agua	14	14105	142665	-31.050922	-63.70107
14105240	Río Primero	14	14105	140938	-31.333834	-63.618553
14105250	Sagrada Familia	14	14105	142721	-31.289289	-63.445528
14105260	Villa Santa Rosa	14	14105	140945	-31.153485	-63.399445
14105270	Villa Fontana	14	14105	140952	-30.89369	-63.117052
14112010	Cerro Colorado	14	14112	142735	-30.097514	-63.932054
14112020	Chañar Viejo	14	14112	142742	-29.998573	-63.852383
14112030	Eufrasio Loza	14	14112	142749	-29.924193	-63.589167
14112040	Gutemberg	14	14112	142756	-29.721155	-63.514986
14112045	La Costa	14	14112	142770	-29.760481	-63.646185
14112050	La Rinconada	14	14112	142763	-30.183996	-62.945653
14112060	Los Hoyos	14	14112	142770	-29.80247	-63.627428
14112070	Puesto de Castro	14	14112	142777	-30.270478	-63.426361
14112080	Rayo Cortado	14	14112	142784	-30.076354	-63.825103
14112090	San Pedro de Gutemberg	14	14112	142756	-29.698626	-63.560425
14112100	Santa Elena	14	14112	142791	-30.116484	-63.843268
14112110	Sebastian Elcano	14	14112	140959	-30.160354	-63.592721
14112120	Villa Candelaria	14	14112	142798	-29.815042	-63.354432
14112130	Villa de María	14	14112	140966	-29.906491	-63.722614
14112140	Villa Maria Este	14	14112		-29.922782	-63.70365
14119010	Calchín	14	14119	140973	-31.668899	-63.199185
14119020	Calchín Oeste	14	14119	140980	-31.862535	-63.277693
14119030	Capilla del Carmen	14	14119	140987	-31.507687	-63.343037
14119040	Carrilobo	14	14119	140994	-31.873587	-63.117471
14119050	Colazo	14	14119	141001	-31.964567	-63.382599
14119060	Colonia Videla	14	14119	142805	-31.917138	-63.503181
14119070	Costa Sacate	14	14119	141008	-31.644803	-63.758917
14119080	Impira	14	14119	142812	-31.798408	-63.650036
14119090	Laguna Larga	14	14119	141015	-31.775622	-63.8003
14119100	Las Junturas	14	14119	141022	-31.831613	-63.450561
14119110	Los Chañaritos	14	14119	142819	-31.401638	-63.333047
14119120	Luque	14	14119	141029	-31.647688	-63.345105
14119130	Manfredi	14	14119	141036	-31.845785	-63.747505
14119140	Matorrales	14	14119	141043	-31.71472	-63.510713
14119150	Oncativo	14	14119	141050	-31.913385	-63.68207
14119160	Pilar	14	14119	141057	-31.68136	-63.882323
14119165	Plaza Colazo	14	14119	141001	-31.94557	-63.369425
14119170	Pozo del Molle	14	14119	141064	-32.021285	-62.919215
14119180	Rincón	14	14119	142826	-31.595801	-63.61687
14119190	Rí­o Segundo	14	14119	141071	-31.650118	-63.911659
14119200	Santiago Temple	14	14119	141078	-31.385977	-63.419536
14119210	Villa del Rosario	14	14119	141085	-31.554184	-63.535573
14126005	Altautina	14	14126		-31.789477	-65.166342
14126010	Ambul	14	14126	142833	-31.490577	-65.053952
14126020	Arroyo de Los Patos	14	14126	142840	-31.762872	-65.002104
14126025	Bajo de Corrales	14	14126	142833	-31.455555	-65.11033
14126026	Cienaga de Allende	14	14126		-31.744121	-65.116037
14126027	El Banado	14	14126	142833	-31.488892	-65.10789
14126050	Las Calles	14	14126	142847	-31.824008	-64.971447
14126070	Las Rabonas	14	14126	142854	-31.863009	-64.977552
14126085	Los Morteritos	14	14126	142833	-31.580423	-65.056151
14126090	Mina Clavero	14	14126	141092	-31.729455	-65.004984
14126100	Mussi	14	14126	142833	-31.4363	-65.066057
14126110	Nono	14	14126	141099	-31.797219	-65.002526
14126120	Panaholma	14	14126	142861	-31.632919	-65.054968
14126140	San Lorenzo	14	14126	142868	-31.685898	-65.016922
14126150	San Marti­n	14	14126	142875	-31.885494	-65.477446
14126160	San Pedro	14	14126	141106	-31.936401	-65.218893
14126170	San Vicente	14	14126	142875	-31.850587	-65.429466
14126180	Sauce Arriba	14	14126	142882	-31.912332	-65.168281
14126200	Villa Cura Brochero	14	14126	141113	-31.706385	-65.018644
14126205	Villa Rafael Benegas	14	14126		-31.641038	-64.956292
14126210	Villa Sarmiento	14	14126	141120	-31.936301	-65.194064
14133005	Boca del Río	14	14133	141130	-31.919115	-65.111119
14133007	Capilla de Romero	14	14133		-32.135694	-65.223445
14133010	Conlara	14	14133	142889	-32.081858	-65.230603
14133015	Corralito	14	14133	142924	-32.192495	-65.052715
14133060	La Paz	14	14133	141127	-32.217474	-65.048293
14133070	La Población	14	14133	142896	-32.067176	-65.030188
14133090	La Travesí­a	14	14133	142924	-32.114548	-65.043729
14133100	Las Tapias	14	14133	141130	-31.952395	-65.098275
14133110	Los Cerrillos	14	14133	141132	-31.972669	-65.444524
14133120	Los Hornillos	14	14133	142917	-31.90336	-64.989634
14133150	Luyaba	14	14133	142924	-32.149695	-65.058511
14133170	San Javier y Yacanto	14	14133	141134	-32.026469	-65.030256
14133180	San Jose	14	14133	141141	-31.956444	-65.311835
14133190	Villa de las Rosas	14	14133	141148	-31.947097	-65.05205
14133200	Villa Dolores	14	14133	141155	-31.94501	-65.190243
14133210	Villa La Viña	14	14133	141148	-31.871472	-65.032544
14140010	Alicia	14	14140	141162	-31.938846	-62.4642
14140020	Altos de Chipión	14	14140	141169	-30.957216	-62.338317
14140030	Arroyito	14	14140	141176	-31.419129	-63.050946
14140040	Balnearia	14	14140	141183	-31.012844	-62.665293
14140050	Brinkmann	14	14140	141190	-30.866517	-62.043014
14140060	Colonia Anita	14	14140	142931	-31.119571	-62.235034
14140070	Colonia 10 de Julio	14	14140		-30.525429	-62.112064
14140080	Colonia Las Pichanas	14	14140	142945	-31.245556	-62.925332
14140090	Colonia Marina	14	14140	141197	-31.248792	-62.363864
14140100	Colonia Prosperidad	14	14140	141204	-31.629478	-62.367828
14140110	Colonia San Bartolomé	14	14140	141211	-31.527861	-62.723603
14140120	Colonia San Pedro	14	14140	142952	-30.78309	-61.918004
14140130	Colonia Santa Marí­a	14	14140	141204	-31.607089	-62.428131
14140140	Colonia Valtelina	14	14140	142959	-31.053389	-62.233743
14140150	Colonia Vignaud	14	14140	141218	-30.841493	-61.956666
14140160	Devoto	14	14140	141225	-31.401656	-62.306222
14140170	El Arañado	14	14140	141232	-31.74303	-62.889524
14140180	El Fortín	14	14140	141239	-31.96675	-62.300257
14140190	El Fuertecito	14	14140	141176	-31.403421	-62.973777
14140200	El Tí­o	14	14140	141246	-31.385476	-62.828144
14140210	Estación Luxardo	14	14140	142966	-31.305664	-62.133076
14140215	Colonia Iturraspe	14	14140	142938	-31.208573	-62.110145
14140220	Freyre	14	14140	141253	-31.164581	-62.096201
14140225	La Curva	14	14140	141176	-31.439971	-63.119803
14140230	La Francia	14	14140	141260	-31.40635	-62.633238
14140240	La Paquita	14	14140	141267	-30.909284	-62.216186
14140250	La Tordilla	14	14140	141274	-31.23655	-63.061063
14140260	Las Varas	14	14140	141281	-31.802472	-62.616573
14140270	Las Varillas	14	14140	141288	-31.870431	-62.719665
14140280	Marull	14	14140	141295	-30.993909	-62.825282
14140290	Miramar de Ansenuza	14	14140	141302	-30.915116	-62.674924
14140300	Morteros	14	14140	141309	-30.710726	-62.007019
14140310	Plaza Luxardo	14	14140	142966	-31.30067	-62.228936
14140320	Plaza San Francisco	14	14140	141337	-31.371098	-62.097769
14140330	Portena	14	14140	141316	-31.014112	-62.062061
14140340	Quebracho Herrado	14	14140	141323	-31.549092	-62.225024
14140350	Sacanta	14	14140	141330	-31.663428	-63.047945
14140360	San Francisco	14	14140	141337	-31.430204	-62.085581
14140370	Saturnino Mari­a Laspiur	14	14140	141344	-31.699993	-62.481855
14140380	Seeber	14	14140	141351	-30.924352	-61.974857
14140390	Toro Pujio	14	14140	142973	-31.109351	-62.985816
14140400	Tránsito	14	14140	141358	-31.42631	-63.195148
14140420	Villa Concepcón del Tí­o	14	14140	141365	-31.322215	-62.814005
14140430	Villa del Tránsito	14	14140	141358	-31.448166	-63.194223
14140440	Villa San Esteban	14	14140	142980	-31.633852	-62.896991
14147010	Alta Gracia	14	14147	141372	-31.657904	-64.433847
14147020	Anisacate	14	14147	141375	-31.712236	-64.404183
14147030	Barrio Gilbert (1º de Mayo)	14	14147	141393	-31.44191	-64.317283
14147050	Bouwer	14	14147	141377	-31.557741	-64.192854
14147060	Caseros Centro	14	14147	141377	-31.531808	-64.160177
14147063	Caseros Este	14	14147	141407	-31.519036	-64.047426
14147080	Despeñadero	14	14147	141379	-31.814298	-64.294938
14147090	Dique Chico	14	14147	143001	-31.744707	-64.364967
14147100	Falda del Cañete	14	14147	141393	-31.527645	-64.44986
14147110	Falda del Carmen	14	14147	143008	-31.588277	-64.45851
14147113	Falda del Carmen Norte	14	14147	141393	-31.539843	-64.453585
14147115	José de la Quintana	14	14147	143113	-31.802722	-64.418227
14147120	La Boca del Río	14	14147	143113	-31.839938	-64.437854
14147145	La Lagunilla	14	14147	141393	-31.526669	-64.362995
14147150	La Paisanita	14	14147	143022	-31.722103	-64.480994
14147170	La Rancherita y Las Cascadas	14	14147	143029	-31.758113	-64.457502
14147180	La Serranita	14	14147	143036	-31.735252	-64.456175
14147190	Los Cedros	14	14147	143043	-31.52615	-64.284563
14147193	Los Espinillos	14	14147	143050	-31.825641	-64.55579
14147195	Los Talas de Anisacate	14	14147	141375	-31.746684	-64.390796
14147200	Lozada	14	14147	141386	-31.649652	-64.089684
14147210	Malagueno	14	14147	141393	-31.467363	-64.359007
14147220	Monte Ralo	14	14147	141400	-31.910725	-64.239855
14147223	Pampa Alta	14	14147	143050	-31.781702	-64.635597
14147230	Potrero de Garay	14	14147	143050	-31.791299	-64.546748
14147235	Potrerillo	14	14147	143050	-31.785413	-64.58259
14147240	Rafael García	14	14147	143057	-31.644173	-64.259964
14147250	San Clemente	14	14147	143064	-31.713768	-64.623823
14147265	San Pedro	14	14147	143064	-31.755241	-64.627791
14147270	Socavones	14	14147	141407	-31.531713	-64.143869
14147280	Toledo	14	14147	141407	-31.553801	-64.007354
14147300	Valle de Anisacate	14	14147	143071	-31.733703	-64.419378
14147310	Villa Ciudad de América	14	14147	143078	-31.794018	-64.510329
14147320	Villa del Prado	14	14147	143085	-31.620301	-64.391453
14147330	Villa La Bolsa	14	14147	143092	-31.728983	-64.428332
14147340	Villa Los Aromos	14	14147	143099	-31.738644	-64.442171
14147350	Villa Parque Santa Ana	14	14147	141410	-31.589709	-64.354039
14147360	Villa San Isidro	14	14147	143113	-31.825958	-64.383708
14154010	Caminiaga	14	14154	143120	-30.06745	-64.050729
14154030	Chuña Huasi	14	14154	143127	-29.935838	-64.113596
14154040	Pozo Nuevo	14	14154	143134	-29.579112	-64.101446
14154050	San Francisco del Chanar	14	14154	141414	-29.78639	-63.941672
14161010	Almafuerte	14	14161	141421	-32.192281	-64.254428
14161020	Colonia Almada	14	14161	141428	-32.035002	-63.864639
14161030	Corralito	14	14161	141435	-32.023703	-64.191994
14161040	Dalmacio Vélez	14	14161	141442	-32.608632	-63.583366
14161050	General Fotheringham	14	14161	143141	-32.322473	-63.868413
14161060	Hernando	14	14161	141449	-32.427942	-63.733512
14161070	James Craik	14	14161	141456	-32.165189	-63.463551
14161080	Las Isletillas	14	14161	143148	-32.509206	-63.928967
14161090	Las Perdices	14	14161	141463	-32.699063	-63.704659
14161100	Los Zorros	14	14161	141470	-32.045017	-63.202089
14161110	Oliva	14	14161	141477	-32.038223	-63.570557
14161120	Pampayasta Norte	14	14161	143155	-32.241338	-63.643595
14161130	Pampayasta Sud	14	14161	141484	-32.248878	-63.651725
14161140	Punta del Agua	14	14161	143162	-32.575801	-63.810161
14161150	Rí­o Tercero	14	14161	141491	-32.176699	-64.112996
14161160	Tancacha	14	14161	141498	-32.237551	-63.979769
14161170	Villa Ascasubi	14	14161	141505	-32.162794	-63.892411
14168005	Agua de las Piedras	14	14168	141526	-30.818113	-64.212032
14168010	Candelaria Sur	14	14168	143169	-30.838287	-63.800214
14168020	Cañada de Luque	14	14168	141512	-30.735235	-63.724009
14168030	Capilla de Sitón	14	14168	143176	-30.573654	-63.653648
14168035	Colonia Hogar	14	14168		-30.849618	-64.273205
14168040	La Pampa	14	14168	143183	-30.943722	-64.27245
14168060	Las Peñas	14	14168	141519	-30.563993	-64.000336
14168070	Los Mistoles	14	14168	143190	-30.626681	-63.886122
14168080	Santa Catalina	14	14168		-30.869933	-64.234165
14168090	Sarmiento	14	14168	141526	-30.774395	-64.109604
14168100	Simbolar	14	14168	143197	-30.480311	-63.985254
14168110	Sinsacate	14	14168	141533	-30.942853	-64.09397
14168120	Villa del Totoral	14	14168	141540	-30.704622	-64.068161
14175020	Churqui Cañada	14	14175	143204	-30.173762	-63.926878
14175030	El Rodeo	14	14175	143211	-30.172316	-63.86334
14175040	El Tuscal	14	14175	141554	-29.763845	-64.527076
14175045	Guayascate	14	14175	143204	-30.23964	-63.941935
14175050	Las Arrias	14	14175	141547	-30.377533	-63.595935
14175060	Lucio V Mansilla	14	14175	141554	-29.804497	-64.71137
14175070	Rosario del Saladillo	14	14175	143218	-30.431388	-63.473748
14175080	San Jose de la Dormida	14	14175	141561	-30.356266	-63.950418
14175090	San Jose de las Salinas	14	14175	141568	-30.006648	-64.624833
14175100	San Pedro Norte	14	14175	141575	-30.091041	-64.154865
14175103	San Vicente	14	14175		-30.415019	-64.2917
14175110	Villa Tulumba	14	14175	141582	-30.395699	-64.122237
14182010	Aldea Santa María	14	14182	143225	-33.697192	-62.914442
14182020	Alto Alegre	14	14182	141589	-32.346851	-62.884216
14182030	Ana Zumarán	14	14182	143232	-32.390523	-63.057352
14182040	Ballesteros	14	14182	141596	-32.541677	-62.980782
14182050	Ballesteros Sud	14	14182	141603	-32.589471	-63.030193
14182060	Bell Ville	14	14182	141610	-32.630301	-62.688805
14182070	Benjamí­n Gould	14	14182	141617	-33.58744	-62.728177
14182080	Canals	14	14182	141624	-33.562221	-62.885029
14182090	Chilibroste	14	14182	141631	-32.332703	-62.510829
14182100	Cintra	14	14182	141638	-32.306346	-62.651631
14182110	Colonia Bismarck	14	14182	141645	-33.301167	-62.712575
14182120	Colonia Bremen	14	14182	143239	-33.464276	-62.731241
14182130	Idiazabal	14	14182	141652	-32.812516	-63.032408
14182140	Justiniano Posse	14	14182	141659	-32.883402	-62.679689
14182150	Laborde	14	14182	141666	-33.154741	-62.857439
14182160	Monte Leña	14	14182	141673	-32.61125	-62.58973
14182170	Monte Maíz	14	14182	141680	-33.20432	-62.600573
14182180	Morrison	14	14182	141687	-32.592838	-62.833396
14182190	Noetinger	14	14182	141694	-32.365935	-62.307242
14182200	Ordoñez	14	14182	141701	-32.84106	-62.865896
14182210	Pascanas	14	14182	141708	-33.124631	-63.040159
14182220	Pueblo Italiano	14	14182	141715	-33.882307	-62.840459
14182230	Ramon J Cárcano	14	14182		-32.492876	-63.102053
14182240	San Antonio de Litin	14	14182	141722	-32.213522	-62.631304
14182250	San Marcos Sud	14	14182	141729	-32.630299	-62.484149
14182260	San Severo	14	14182		-33.5395	-63.04641
14182270	Viamonte	14	14182	141736	-33.746088	-63.097341
14182280	Villa Los Patos	14	14182	143246	-32.766292	-62.727469
14182290	Wenceslao Escalante	14	14182	141743	-33.171658	-62.769328
18007010	Bella Vista	18	18007	180007	-28.507677	-59.044333
18007020	Tres de Abril	18	18007	180010	-28.428106	-58.950719
18014010	San Antonio de Itatí	18	18014	180014	-27.550212	-57.528482
18014020	Yahapé	18	18014	180014	-27.370427	-57.655225
18021015	Barrio Santa Lucía	18	18021	180021	-27.493242	-58.675414
18021020	Corrientes	18	18021	180021	-27.463282	-58.839233
18021040	Riachuelo	18	18021	180028	-27.582596	-58.745528
18021050	San Cayetano	18	18021	180028	-27.57121	-58.69588
18021060	Santa Ana de los Guácaras	18	18021	180021	-27.454317	-58.680349
18028010	Concepción del Yaguareté Corá	18	18028	180042	-28.393171	-57.886975
18028020	Santa Rosa	18	18028	180035	-28.268087	-58.123402
18028030	Tabay	18	18028	180049	-28.305956	-58.284938
18028031	Tabay	18	18028	180056	-28.320951	-58.286912
18028040	Tatacuá	18	18028	180056	-28.374279	-58.31978
18035010	Cazadores Correntinos	18	18035	180059	-29.980436	-58.301738
18035020	Curuzú Cuatiá	18	18035	180063	-29.791523	-58.049945
18035030	Perugorría	18	18035	180070	-29.34048	-58.608089
18042005	Barrio Santa Rosa	18	18042	180073	-27.646283	-58.742196
18042010	El Sombrero	18	18042	180073	-27.703544	-58.768606
18042020	Empedrado	18	18042	180077	-27.952456	-58.807476
18042030	Manuel Derqui	18	18042	180077	-27.838917	-58.766925
18042040	San Isidro	18	18042	180077	-27.811025	-58.720312
18049010	Esquina	18	18049	180084	-30.017141	-59.534113
18049015	Los Flotadores	18	18049	180084	-30.100409	-59.540691
18049020	Pueblo Libertador	18	18049	180091	-30.220114	-59.389795
18056010	Alvear	18	18056	180098	-29.098875	-56.553394
18056020	Estación Torrent	18	18056	180105	-28.826624	-56.469526
18063010	Itá Ibaté	18	18063	180119	-27.425954	-57.338115
18063020	Lomas de Vallejos	18	18063	180126	-27.73785	-57.919919
18063030	Nuestra Señora del Rosario de Caá Catí	18	18063	180112	-27.751996	-57.622514
18063040	Palmar Grande	18	18063	180133	-27.941255	-57.901096
18070005	Barrio Balneario	18	18070	180140	-29.096222	-59.212024
18070010	Carolina	18	18070	180137	-29.14333	-59.18103
18070011	Carolina	18	18070	180140	-29.145703	-59.203359
18070020	Goya	18	18070	180140	-29.140054	-59.259935
18070030	San Isidro	18	18070	180143	-29.498483	-59.315909
18077010	Itatí	18	18077	180147	-27.269151	-58.24266
18077020	Ramada Paso	18	18077	180154	-27.36579	-58.300933
18084010	Colonia Liebig	18	18084	180161	-27.913343	-55.824244
18084020	Ituzaingó	18	18084	180168	-27.589785	-56.689341
18084025	Puerto Valle	18	18084	180168	-27.613117	-56.401107
18084027	Rincón Ombú Chico	18	18084	180168	-27.410408	-56.260352
18084030	San Antonio	18	18084	180175	-27.508181	-56.745143
18084040	San Carlos	18	18084	180182	-27.743603	-55.898448
18084050	Villa Olivari	18	18084	180186	-27.632947	-56.906201
18091007	Cecilio Echavarría	18	18091	180188	-28.939154	-59.165099
18091010	Cruz de los Milagros	18	18091	180189	-28.836123	-59.006044
18091020	Gobernador Martínez	18	18091	180196	-28.912311	-58.936069
18091030	Lavalle	18	18091	180203	-29.027524	-59.187047
18091040	Santa Lucí­a	18	18091	180210	-28.989841	-59.100745
18091050	Villa Córdoba	18	18091	180210	-28.992277	-59.07987
18091060	Yatay Ti Calle	18	18091	180217	-29.028296	-58.912247
18098010	Mburucuyá	18	18098	180224	-28.046843	-58.230359
18105010	Felipe Yofré	18	18105	180231	-29.106778	-58.339715
18105020	Mariano I. Loza (Est. Justino Solari)	18	18105	180238	-29.376883	-58.192235
18105030	Mercedes	18	18105	180245	-29.184691	-58.073554
18112010	Colonia Libertad	18	18112	180252	-30.043335	-57.821762
18112020	Estación Libertad	18	18112	180252	-30.012529	-57.85913
18112030	Juan Pujol	18	18112	180259	-30.419302	-57.855873
18112040	Mocoretá	18	18112	180266	-30.620761	-57.966526
18112050	Monte Caseros	18	18112	180273	-30.249444	-57.629552
18112060	Parada Acuña	18	18112	180252	-29.908482	-57.958177
18112070	Parada Labougle	18	18112	180273	-30.316125	-57.729628
18119010	Bonpland	18	18119	180280	-29.8175	-57.427865
18119020	Parada Pucheta	18	18119	180287	-29.906048	-57.574204
18119030	Paso de los Libres	18	18119	180294	-29.713705	-57.085449
18119040	Tapebicuá	18	18119	180301	-29.506813	-56.974894
18126005	Pago de los Deseos	18	18126	180318	-28.206921	-58.448521
18126010	Saladas	18	18126	180308	-28.255007	-58.623801
18126020	San Lorenzo	18	18126	180315	-28.138117	-58.768238
18133005	Barrio Paraíso del Paso	18	18133	180322	-27.381142	-58.563902
18133010	Ingenio Primer Correntino	18	18133	180336	-27.433672	-58.624328
18133020	Paso de la Patria	18	18133	180322	-27.317334	-58.572596
18133030	San Cosme	18	18133	180329	-27.370457	-58.512563
18133040	Santa Ana de los Guácaras	18	18133	180336	-27.455381	-58.654755
18140010	San Luis del Palmar	18	18140	180350	-27.507684	-58.556167
18147010	Colonia Carlos Pellegrini	18	18147	180357	-28.537278	-57.171396
18147020	Guaviraví	18	18147	180364	-29.367441	-56.829756
18147030	La Cruz	18	18147	180371	-29.176222	-56.642597
18147040	Yapeyú	18	18147	180378	-29.47086	-56.815112
18154005	El Caimán	18	18154	180392	-28.042558	-57.691887
18154010	Loreto	18	18154	180385	-27.768379	-57.275273
18154020	San Miguel	18	18154	180392	-27.998371	-57.587364
18161010	Chavarrí­a	18	18161	180413	-28.955211	-58.571814
18161020	Colonia Pando	18	18161	180417	-28.523023	-58.487679
18161030	9 de Julio (Est. Pueblo 9 de Julio)	18	18161	180399	-28.840822	-58.830114
18161040	Pedro R. Fernández (Est. Mantilla)	18	18161	180406	-28.751412	-58.653028
18161050	San Roque	18	18161	180420	-28.570936	-58.712
18168005	Coronel Desiderio Sosa	18	18168	180448	-28.217935	-56.117235
18168010	Garaví	18	18168	180441	-28.230315	-55.78443
18168020	Garruchos	18	18168	180427	-28.173729	-55.650567
18168030	Gobernador Virasoro	18	18168	180434	-28.045557	-56.01902
18168035	San Alonso	18	18168	180434	-27.945193	-55.989474
18168040	Santo Tomé	18	18168	180448	-28.549836	-56.034809
18175010	Sauce	18	18175	180455	-30.085533	-58.787279
22007010	Concepción del Bermejo	22	22007	220007	-26.600344	-60.946231
22007020	Los Frentones	22	22007	220014	-26.407023	-61.412896
22007030	Pampa del Infierno	22	22007	220021	-26.5036	-61.176596
22007040	Río Muerto	22	22007	220014	-26.30743	-61.654805
22007050	Taco Pozo	22	22007	220028	-25.615001	-63.264852
22014010	General Vedia	22	22014	220035	-26.937435	-58.661161
22014020	Isla del Cerrito	22	22014	220042	-27.292785	-58.617838
22014030	La Leonesa	22	22014	220049	-27.03966	-58.707593
22014040	Las Palmas	22	22014	220056	-27.04888	-58.682637
22014050	Puerto Bermejo Nuevo	22	22014	220063	-26.907809	-58.541796
22014060	Puerto Bermejo Viejo	22	22014	220063	-26.92745	-58.509137
22014070	Puerto Eva Perón	22	22014	220070	-26.66148	-58.635582
22021010	Presidencia Roque Sáenz Peña	22	22021	220077	-26.790968	-60.441305
22028010	Charata	22	22028	220084	-27.217939	-61.187362
22036010	Gancedo	22	22036	220091	-27.490835	-61.676489
22036020	General Capdevila	22	22036	220098	-27.422562	-61.476115
22036030	General Pinedo	22	22036	220105	-27.325386	-61.280997
22036040	Mesón de Fierro	22	22036	220105	-27.430503	-61.016652
22036050	Pampa Landriel	22	22036	220105	-27.394753	-61.102554
22039010	Hermoso Campo	22	22039	220112	-27.610043	-61.344101
22039020	Itín	22	22039	220112	-27.486019	-61.323457
22043010	Chorotis	22	22043	220119	-27.91465	-61.401433
22043020	Santa Sylvina	22	22043	220126	-27.831599	-61.135997
22043030	Venados Grandes	22	22043	220119	-27.815338	-61.385878
22049010	Corzuela	22	22049	220133	-26.951329	-60.970403
22056010	La Escondida	22	22056	220140	-27.105342	-59.446417
22056020	La Verde	22	22056	220154	-27.130466	-59.376302
22056030	Lapachito	22	22056	220147	-27.159375	-59.385457
22056040	Makallé	22	22056	220161	-27.205722	-59.287091
22063005	Comandancia Frías	22	22063	220175	-24.564804	-62.237939
22063010	El Espinillo	22	22063	220165	-25.409038	-60.448656
22063020	El Sauzal	22	22063	220168	-24.57725	-61.532093
22063030	El Sauzalito	22	22063	220168	-24.428529	-61.684063
22063035	Fortín Belgrano	22	22063	220168	-24.122816	-62.337597
22063040	Fortín Lavalle	22	22063	220203	-25.704499	-60.201475
22063050	Fuerte Esperanza	22	22063	220175	-25.161895	-61.841968
22063060	Juan José Castelli	22	22063	220182	-25.946577	-60.620064
22063065	Las Hacheras	22	22063	220189	-25.386886	-60.989821
22063070	Miraflores	22	22063	220189	-25.65166	-60.92471
22063080	Nueva Pompeya	22	22063	220196	-24.93307	-61.48315
22063090	Puerto Lavalle	22	22063	220203	-25.65874	-60.132026
22063095	Tartagal	22	22063	220168	-24.222023	-62.148545
22063097	Tres Pozos	22	22063	220168	-24.308957	-61.903184
22063100	Villa Río Bermejito	22	22063	220203	-25.637554	-60.265494
22063110	Wichi	22	22063	220168	-24.690185	-61.425992
22063120	Zaparinqui	22	22063	220182	-26.065764	-60.561948
22070010	Avia Terai	22	22070	220210	-26.68663	-60.728024
22070020	Campo Largo	22	22070	220217	-26.800315	-60.839059
22070025	Colonia José Mármol	22	22070	220217	-26.994857	-60.678701
22070030	Fortín Las Chuñas	22	22070	220217	-26.884107	-60.908724
22070040	Napenay	22	22070	220224	-26.72957	-60.616782
22077010	Colonia Popular	22	22077	220231	-27.275235	-59.151461
22077020	Estación General Obligado	22	22077	220245	-27.410898	-59.418562
22077030	Laguna Blanca	22	22077	220238	-27.256398	-59.233434
22077040	Puerto Tirol	22	22077	220245	-27.37387	-59.087266
22084010	Ciervo Petiso	22	22084	220252	-26.580111	-59.630108
22084020	General José de San Martín	22	22084	220259	-26.536378	-59.341335
22084030	La Eduvigis	22	22084	220266	-26.836429	-59.062322
22084040	Laguna Limpia	22	22084	220273	-26.495832	-59.680344
22084050	Pampa Almirón	22	22084	220280	-26.701133	-59.12405
22084060	Pampa del Indio	22	22084	220287	-26.048504	-59.944625
22084070	Presidencia Roca	22	22084	220294	-26.143829	-59.595069
22084080	Selvas del Río de Oro	22	22084	220266	-26.802926	-58.956524
22091002	Colonia La Matanza	22	22091	220301	-26.610893	-60.244233
22091004	Kilómetro 855	22	22091	220301	-26.435334	-60.410791
22091005	Kilómetro 884	22	22091	220301	-26.18567	-60.496795
22091007	La Curva	22	22091	220301	-26.341021	-60.334088
22091010	Tres Isletas	22	22091	220301	-26.340273	-60.431333
22098005	Colonia Pegouriel	22	22098	220322	-27.61679	-60.811796
22098010	Coronel Du Graty	22	22098	220308	-27.682203	-60.904387
22098015	El Pastoril	22	22098	220322	-27.625277	-60.749514
22098020	Enrique Urien	22	22098	220315	-27.556325	-60.526104
22098030	Villa Angela	22	22098	220322	-27.576861	-60.711136
22105010	Las Breñas	22	22105	220329	-27.086433	-61.08583
22105015	Las Piedritas	22	22105	220329	-26.82413	-61.566646
22112010	La Clotilde	22	22112	220336	-27.177406	-60.632557
22112020	La Tigra	22	22112	220343	-27.109535	-60.587343
22112030	San Bernardo	22	22112	220350	-27.28673	-60.712895
22119010	Presidencia de la Plaza	22	22119	220357	-27.003548	-59.845512
22126010	Barrio de los Pescadores	22	22126	220364	-27.460179	-58.866812
22126020	Colonia Benítez	22	22126	220364	-27.329492	-58.95015
22126025	Lote 1	22	22126	220364	-27.313626	-58.992136
22126030	Margarita Belén	22	22126	220371	-27.259096	-58.970491
22133010	Quitilipi	22	22133	220378	-26.870814	-60.215261
22133020	Villa El Palmar	22	22133	220378	-26.454514	-60.164421
22133033	El Paraisal	22	22133	220378	-26.500057	-60.067534
22140010	Barranqueras	22	22140	220385	-27.485141	-58.930739
22140020	Basail	22	22140	220392	-27.887634	-59.281481
22140030	Colonia Baranda	22	22140	220413	-27.560243	-59.308608
22140033	El Paraisal	22	22140	220392	-27.953044	-59.232482
22140036	El Naranjito	22	22140	220406	-27.702369	-59.01511
22140040	Fontana	22	22140	220399	-27.416283	-59.034105
22140050	Puerto Vilelas	22	22140	220406	-27.51083	-58.941785
22140060	Resistencia	22	22140	220413	-27.451105	-58.986452
22147010	Samuhú	22	22147	220420	-27.520903	-60.39192
22147020	Villa Berthet	22	22147	220427	-27.293977	-60.411165
22154010	Capitán Solari	22	22154	220434	-26.802424	-59.557091
22154020	Colonia Elisa	22	22154	220441	-26.931638	-59.518785
22154030	Colonias Unidas	22	22154	220448	-26.700097	-59.627742
22154040	Ingeniero Barbet	22	22154	220441	-27.002471	-59.483756
22154050	Las Garcitas	22	22154	220455	-26.618125	-59.799142
22161010	Charadai	22	22161	220469	-27.654676	-59.862228
22161020	Cote Lai	22	22161	220462	-27.52739	-59.574255
22161030	Haumonia	22	22161	220469	-27.506477	-60.178636
22161040	Horquilla	22	22161	220469	-27.540666	-59.955728
22161050	La Sabana	22	22161	220469	-27.872351	-59.937597
22168010	Colonia Aborigen	22	22168	220473	-26.956877	-60.202773
22168020	Machagai	22	22168	220476	-26.926161	-60.048417
22168030	Napalpí	22	22168	220476	-26.902542	-60.1298
26007010	Arroyo Verde	26	26007		-41.995971	-65.293565
26007020	Puerto Madryn	26	26007	260007	-42.767259	-65.036633
26007030	Puerto Pirámides	26	26007	265028	-42.5721	-64.284287
26007040	Quintas El Mirador	26	26007	260007	-42.810126	-65.042432
26007050	Reserva Area Protegida El Doradillo	26	26007	260007	-42.645616	-65.064723
26014005	Arroyo El Pedregoso	26	26014	260021	-42.138347	-71.408985
26014010	Buenos Aires Chico	26	26014	260028	-42.067272	-71.216791
26014020	Cholila	26	26014	260014	-42.51127	-71.431277
26014025	Costa del Chubut	26	26014		-42.603831	-70.457009
26014030	Cushamen Centro	26	26014	268014	-42.172938	-70.660573
26014037	El Blanco	26	26014	260014	-42.459345	-71.447054
26014040	El Hoyo	26	26014	260021	-42.064133	-71.519208
26014050	El Maitén	26	26014	260028	-42.050314	-71.16779
26014060	Epuyén	26	26014	260035	-42.227553	-71.365247
26014065	Fofo Cahuel	26	26014		-42.40787	-70.529659
26014070	Gualjaina	26	26014	265007	-42.723947	-70.538597
26014080	Lago Epuyén	26	26014	260035	-42.211387	-71.417194
26014090	Lago Puelo	26	26014	260042	-42.067292	-71.598158
26014100	Leleque	26	26014		-42.412919	-71.071204
26014110	Villa Lago Rivadavia	26	26014	260014	-42.560709	-71.596068
26021010	Astra	26	26021	260049	-45.732508	-67.492038
26021020	Bahía Bustamante	26	26021		-45.126148	-66.537203
26021030	Comodoro Rivadavia	26	26021	260049	-45.880624	-67.519458
26021040	Diadema Argentina	26	26021	260049	-45.77869	-67.673497
26021045	La Herradura	26	26021	260049	-45.981752	-67.592663
26021050	Rada Tilly	26	26021	260056	-45.923888	-67.557395
26028010	Camarones	26	26028	260063	-44.798291	-65.710599
26028020	Garayalde	26	26028		-44.686293	-66.619013
26035010	Aldea Escolar (Los Rápidos)	26	26035	260084	-43.135759	-71.548934
26035015	Cerro Centinela	26	26035	268021	-43.482994	-71.599335
26035020	Corcovado	26	26035	260070	-43.539238	-71.468851
26035030	Esquel	26	26035	260077	-42.913324	-71.318512
26035040	Lago Rosario	26	26035	260084	-43.246992	-71.348863
26035050	Los Cipreses	26	26035	260084	-43.184715	-71.641392
26035060	Trevelín	26	26035	260084	-43.079052	-71.464104
26035070	Villa Futalaufquen	26	26035		-42.894942	-71.615298
26042010	Dique Florentino Ameghino	26	26042	268028	-43.699132	-66.472325
26042020	Dolavon	26	26042	260091	-43.309298	-65.708739
26042030	Gaiman	26	26042	260098	-43.291508	-65.498175
26042040	28 de Julio	26	26042	265014	-43.38993	-65.83949
26049010	Blancuntre	26	26049		-42.62157	-68.9041
26049020	El Escorial	26	26049		-43.089833	-68.54078
26049030	Gastre	26	26049	268035	-42.263313	-69.221646
26049040	Lagunita Salada	26	26049	268042	-42.742198	-69.148807
26049050	Yala Laubat	26	26049		-42.760052	-68.865919
26056010	Aldea Epulef	26	26056	268049	-43.320561	-69.693022
26056020	Carrenleufú	26	26056	268056	-43.587856	-71.702005
26056030	Colan Conhué	26	26056	268063	-43.242598	-69.930218
26056040	Paso del Sapo	26	26056	268070	-42.734426	-69.609055
26056050	Tecka	26	26056	260105	-43.492897	-70.810734
26063010	El Mirasol	26	26063		-43.283926	-67.761264
26063020	Las Plumas	26	26063	268077	-43.720546	-67.284935
26070010	Cerro Cóndor	26	26070		-43.421363	-69.162637
26070020	Los Altares	26	26070	268084	-43.882962	-68.411278
26070030	Paso de Indios	26	26070	265021	-43.864374	-69.046588
26077003	Barrio Aldea Casa Blanca	26	26077	260112	-43.272236	-65.207702
26077005	Barrio Rodas Park	26	26077	260112	-43.291711	-65.161475
26077007	Don Emilio	26	26077	260112	-43.287075	-65.222898
26077010	Playa Magagna	26	26077	260112	-43.381587	-65.045128
26077020	Playa Unión	26	26077	260112	-43.321941	-65.047599
26077030	Rawson	26	26077	260112	-43.299563	-65.105552
26077040	Trelew	26	26077	260119	-43.253097	-65.309516
26084010	Aldea Apeleg	26	26084	268140	-44.687187	-70.853506
26084020	Aldea Beleiro	26	26084	268091	-45.553191	-71.52256
26084030	Alto Río Senguer	26	26084	260126	-45.041955	-70.82344
26084040	Doctor Ricardo Rojas	26	26084	268098	-45.575618	-71.034957
26084050	Facundo	26	26084	268105	-45.308956	-69.973935
26084060	Lago Blanco	26	26084	268112	-45.937003	-71.268124
26084070	Río Mayo	26	26084	260133	-45.692251	-70.262632
26091010	Buen Pasto	26	26091	268119	-45.077292	-69.458863
26091020	Sarmiento	26	26091	260140	-45.586815	-69.068701
26098010	Doctor Oscar Atilio Viglione (Frontera de Río Pico)	26	26098	268147	-44.193281	-71.664513
26098020	Gobernador Costa	26	26098	260147	-44.048668	-70.599066
26098030	José de San Martín	26	26098	260154	-44.051426	-70.470413
26098040	Río Pico	26	26098	260161	-44.179301	-71.368238
26105010	Gan Gan	26	26105	268126	-42.521612	-68.28506
26105020	Telsen	26	26105	268133	-42.435615	-66.943315
30008005	Aldea San Gregorio	30	30008		-31.70903	-58.284606
30008010	Arroyo Barú	30	30008	302007	-31.867265	-58.44834
30008020	Colón	30	30008	300007	-32.225205	-58.141927
30008030	Colonia Hugues	30	30008	300007	-32.296366	-58.232968
30008040	Hambis	30	30008	309010	-31.962951	-58.508206
30008050	Hocker	30	30008	309015	-32.085525	-58.34178
30008060	La Clarita	30	30008		-31.976934	-58.392397
30008070	Pueblo Cazes	30	30008	302042	-32.003804	-58.494618
30008080	Pueblo Liebig	30	30008	300011	-32.154898	-58.19131
30008090	San José	30	30008	300014	-32.212386	-58.219246
30008100	Ubajay	30	30008	300021	-31.795121	-58.3151
30008110	Villa Elisa	30	30008	300028	-32.163204	-58.400562
30015005	Barrio Coelho	30	30015	309055	-31.396287	-58.161841
30015007	Barrio Yuquerí Chico	30	30015	300049	-31.438354	-58.121644
30015010	Calabacilla	30	30015	300049	-31.507626	-58.133435
30015020	Clodomiro Ledesma	30	30015	309035	-31.576725	-58.181148
30015030	Colonia Ayuí	30	30015	300035	-31.206	-58.031857
30015040	Colonia General Roca	30	30015	302077	-31.34998	-58.084215
30015060	Concordia	30	30015	300042	-31.391975	-58.017014
30015080	Estación Yeruá	30	30015	309050	-31.469935	-58.263393
30015083	Estacion Yuquerí	30	30015	309055	-31.383042	-58.119198
30015087	Estancia Grande	30	30015	300049	-31.484887	-58.170248
30015090	La Criolla	30	30015	300056	-31.269137	-58.108931
30015095	Lago Salto Grande	30	30015	300035	-31.20517	-58.008138
30015100	Los Charrúas	30	30015	300063	-31.169459	-58.185562
30015110	Nueva Escocia	30	30015	302084	-31.649594	-58.016478
30015120	Osvaldo Magnasco	30	30015	300042	-31.312507	-58.058601
30015130	Pedernal	30	30015	302091	-31.671819	-58.230564
30015140	Puerto Yeruá	30	30015	300070	-31.531277	-58.015261
30015150	Punta Bonita	30	30015	300035	-31.215185	-57.983072
30021010	Aldea Brasilera	30	30021	300074	-31.889601	-60.590885
30021015	Aldea Grapschental	30	30021	309080	-31.960977	-60.4978
30021020	Aldea Protestante	30	30021	302112	-32.028749	-60.56617
30021030	Aldea Salto	30	30021	309090	-31.925788	-60.547237
30021040	Aldea San Francisco	30	30021	309120	-31.960863	-60.635329
30021050	Aldea Spatzenkutter	30	30021	302126	-31.946543	-60.58112
30021060	Aldea Valle María	30	30021	300077	-31.990001	-60.587797
30021065	Barrio San José	30	30021		-31.887092	-60.645768
30021070	Colonia Ensayo	30	30021	302133	-31.877824	-60.577254
30021080	Diamante	30	30021	300084	-32.07076	-60.638222
30021090	Estación Camps	30	30021	309110	-32.112846	-60.229123
30021100	General Alvear	30	30021	309120	-31.950721	-60.6694
30021110	Gobernador Racedo	30	30021	302161	-31.984016	-60.408391
30021120	General Ramírez	30	30021	300091	-32.177205	-60.201734
30021123	La Juanita	30	30021	302133	-31.875377	-60.649122
30021125	Las Cuevas	30	30021	302175	-32.39121	-60.42644
30021127	Las Jaulas	30	30021	302133	-31.827001	-60.605186
30021128	Las Masitas	30	30021	302175	-32.294773	-60.5179
30021130	Paraje La Virgen	30	30021	300074	-31.917363	-60.653197
30021140	Puerto Las Cuevas	30	30021	302175	-32.333211	-60.486319
30021150	Villa Libertador San Martín	30	30021	300098	-32.076215	-60.465954
30028010	Chajarí	30	30028	300105	-30.754772	-57.981841
30028020	Colonia Alemana	30	30028	309135	-30.904861	-58.000063
30028040	Colonia La Argentina	30	30028	309140	-31.074938	-58.025763
30028070	Federación	30	30028	300112	-30.985254	-57.918732
30028073	Gualeguaycito	30	30028	309150	-31.064889	-58.093308
30028075	La Floresta	30	30028	309155	-30.704451	-58.058083
30028077	La Muela	30	30028	300126	-30.899316	-57.891822
30028080	Los Conquistadores	30	30028	300115	-30.591412	-58.466259
30028090	San Jaime de la Frontera	30	30028	300119	-30.340269	-58.307068
30028100	San Pedro	30	30028	309175	-30.757189	-58.081871
30028105	San Ramón	30	30028	309180	-30.799189	-58.181129
30028110	Santa Ana	30	30028	300126	-30.899389	-57.931037
30028115	Santa María y Las Margaritas	30	30028	309143	-30.588226	-58.189131
30028120	Villa del Rosario	30	30028	300133	-30.795653	-57.914671
30035010	Conscripto Bernardi	30	30035	300140	-31.049261	-59.083339
30035020	El Cimarrón	30	30035	302287	-30.984786	-58.979135
30035030	Federal	30	30035	300147	-30.956227	-58.779622
30035035	Las Delicias	30	30035	300147	-30.900637	-58.895407
30035040	Nueva Vizcaya	30	30035		-30.967519	-58.612717
30035050	Sauce de Luna	30	30035	300154	-31.239571	-59.217528
30042005	La Verbena	30	30042	309245	-30.506007	-58.578139
30042010	San José de Feliciano	30	30042	300161	-30.385271	-58.751572
30042020	San Víctor	30	30042	302376	-30.485592	-59.028739
30049010	Aldea Asunción	30	30049	302383	-32.824592	-59.232342
30049020	Estación Lazo	30	30049		-32.870814	-59.422394
30049030	General Galarza	30	30049	300168	-32.720396	-59.395875
30049040	Gualeguay	30	30049	300175	-33.150387	-59.310603
30049050	Puerto Ruiz	30	30049	300175	-33.221001	-59.364042
30049060	Punta del Monte	30	30049		-33.067539	-59.644384
30056010	Aldea San Antonio	30	30056	300182	-32.625106	-58.704556
30056020	Aldea San Juan	30	30056	302453	-32.697424	-58.767958
30056025	Camino al Ñandubaysal	30	30056	300189	-33.051676	-58.442538
30056027	Cuchilla Redonda	30	30056	309340	-33.088636	-59.096486
30056030	Enrique Carbó	30	30056	300184	-33.148205	-59.210712
30056035	Estación Escriña	30	30056	309355	-32.592679	-58.904825
30056040	Estación Parera	30	30056	302512	-32.804431	-58.882633
30056050	General Almada	30	30056	309365	-32.838413	-58.804811
30056060	Gilbert	30	30056	300185	-32.530376	-58.933177
30056070	Gualeguaychú	30	30056	300189	-33.007799	-58.511016
30056080	Irazusta	30	30056	302526	-32.927718	-58.954779
30056090	Larroque	30	30056	300196	-33.035424	-59.001854
30056095	Pastor Britos	30	30056	302512	-32.770193	-58.906363
30056100	Pueblo General Belgrano	30	30056	300199	-33.017154	-58.468427
30056110	Urdinarrain	30	30056	300203	-32.691012	-58.888573
30063015	Brazo Largo	30	30063	300224	-33.859358	-58.875509
30063020	Ceibas	30	30063	300210	-33.499618	-58.796065
30063030	Ibicuy	30	30063	300217	-33.742373	-59.157694
30063035	Mazaruca	30	30063	300217	-33.608124	-59.278035
30063040	Médanos	30	30063	309405	-33.4361	-59.067595
30063050	Ñancay	30	30063		-33.454778	-58.677496
30063060	Villa Paranacito	30	30063	300224	-33.714677	-58.658593
30070005	Alcaraz	30	30070	300231	-31.457347	-59.59865
30070010	Bovril	30	30070	300238	-31.343519	-59.446452
30070020	Colonia Avigdor	30	30070	302596	-31.185338	-59.407982
30070025	El Quebracho	30	30070	309450	-30.986495	-59.661238
30070030	El Solar	30	30070	302638	-31.179657	-59.733256
30070040	La Paz	30	30070	300245	-30.740522	-59.644394
30070041	La Providencia	30	30070	309465	-31.23894	-59.760653
30070043	Ombú	30	30070	302666	-30.467161	-59.242379
30070047	Paso Telégrafo	30	30070		-30.353614	-59.51397
30070048	Picada Berón	30	30070	309480	-30.845068	-59.371469
30070050	Piedras Blancas	30	30070	300252	-31.18505	-59.94996
30070065	Puerto Algarrobo	30	30070	309485	-31.110606	-59.84809
30070070	San Gustavo	30	30070	300255	-30.689831	-59.39439
30070075	San Ramírez	30	30070	309495	-30.463541	-59.340301
30070080	Santa Elena	30	30070	300259	-30.944355	-59.78914
30070090	Sir Leonard	30	30070	309500	-31.388939	-59.501117
30070095	Yacaré	30	30070	309505	-30.473368	-59.493703
30070100	Yeso Oeste	30	30070	309510	-30.937535	-59.466962
30077010	Villa Aranguren	30	30077	300266	-32.243158	-60.160706
30077015	Barrio Parque El Morajú	30	30077	302808	-32.392999	-59.746557
30077020	Betbeder	30	30077	309520	-32.372104	-59.928599
30077030	Don Cristóbal II	30	30077	302780	-32.071221	-59.994734
30077040	Febré	30	30077	302787	-32.476289	-59.915239
30077050	Villa Sabá Z. Hernández	30	30077	300273	-32.338301	-60.03104
30077060	Lucas González	30	30077	300280	-32.384356	-59.530886
30077070	Nogoyá	30	30077	300287	-32.398968	-59.787706
30077080	XX de Setiembre	30	30077	302808	-32.388416	-59.662693
30084010	Aldea María Luisa	30	30084	300291	-31.885722	-60.409485
30084013	Aldea San Antonio	30	30084	309585	-31.855484	-60.173303
30084015	Aldea San Juan	30	30084	300301	-31.998224	-60.358382
30084020	Aldea San Rafael	30	30084	309590	-31.957483	-60.25455
30084030	Aldea Santa María	30	30084	302836	-31.611255	-60.006969
30084040	Aldea Santa Rosa	30	30084	302843	-32.013038	-60.240463
30084050	Cerrito	30	30084	300294	-31.580051	-60.075685
30084060	Colonia Avellaneda	30	30084	300297	-31.762633	-60.412085
30084065	Colonia Crespo	30	30084	302899	-31.682721	-60.232049
30084067	Colonia Nueva	30	30084	300371	-31.694051	-60.262542
30084070	Crespo	30	30084	300301	-32.030702	-60.306309
30084080	El Palenque	30	30084	302927	-31.655622	-60.168169
30084090	El Pingo	30	30084	300305	-31.582962	-59.890948
30084095	El Ramblón	30	30084	309730	-31.847885	-60.100629
30084100	Hasenkamp	30	30084	300308	-31.512101	-59.835362
30084110	Hernandarias	30	30084	300315	-31.230015	-59.988285
30084120	La Picada	30	30084	302955	-31.724939	-60.297657
30084125	Las Colinas	30	30084	300336	-31.787854	-60.562322
30084130	Paraje Las Tunas	30	30084	302976	-31.869902	-59.731078
30084140	María Grande	30	30084	300322	-31.664018	-59.900511
30084150	Oro Verde	30	30084	300329	-31.824247	-60.517902
30084160	Paraná	30	30084	300336	-31.740148	-60.527466
30084170	Las Garzas	30	30084	302962	-31.427664	-59.744415
30084180	Pueblo Brugo	30	30084	300340	-31.386399	-60.093625
30084185	Pueblo General Paz	30	30084	300294	-31.532167	-60.049931
30084190	Puerto Curtiembre	30	30084	302999	-31.463137	-60.165827
30084200	San Benito	30	30084	300343	-31.784102	-60.4401
30084210	Sauce Montrull	30	30084	303020	-31.747509	-60.362363
30084220	Sauce Pinto	30	30084	303027	-31.841955	-60.374281
30084230	Seguí	30	30084	300350	-31.954348	-60.125657
30084240	Estación Sosa	30	30084	302941	-31.735897	-59.911644
30084250	Tabossi	30	30084	300357	-31.80166	-59.935966
30084260	Tezanos Pinto	30	30084	303034	-31.870402	-60.493775
30084270	Viale	30	30084	300364	-31.872059	-60.013001
30084280	Villa Fontana	30	30084	303041	-31.904817	-60.472355
30084290	Gobernador Etchevehere	30	30084	302948	-31.933876	-60.426937
30084300	Villa Urquiza	30	30084	300371	-31.649513	-60.377029
30088010	General Campos	30	30088	300378	-31.52339	-58.405804
30088020	San Salvador	30	30088	300385	-31.624964	-58.505092
30091010	Altamirano Sur	30	30091	309790	-32.087723	-59.174477
30091020	Durazno	30	30091	303091	-31.985774	-59.279527
30091030	Arroyo Clé	30	30091	309795	-32.637987	-59.397566
30091040	Gobernador Echagüe	30	30091	303098	-32.392235	-59.275522
30091050	Gobernador Mansilla	30	30091	300392	-32.545413	-59.356658
30091060	Gobernador Sola	30	30091	303112	-32.337661	-59.370783
30091070	Guardamonte	30	30091	303119	-32.08184	-59.305875
30091080	Las Guachas	30	30091	309825	-32.467723	-59.172641
30091090	Maciá	30	30091	300399	-32.172448	-59.396412
30091095	Parque Balneario Delio Panizza	30	30091	300406	-32.309997	-59.077434
30091100	Rosario del Tala	30	30091	300406	-32.300708	-59.139127
30098010	Basavilbaso	30	30098	300413	-32.372573	-58.878561
30098020	Caseros	30	30098	300420	-32.462126	-58.47941
30098030	Colonia Elía	30	30098	300423	-32.670447	-58.325454
30098040	Concepción del Uruguay	30	30098	300427	-32.48468	-58.232177
30098060	Herrera	30	30098	300434	-32.433789	-58.634682
30098070	Las Moscas	30	30098	303161	-32.091419	-58.955945
30098080	Líbaros	30	30098		-32.261949	-58.907166
30098090	1º de Mayo	30	30098	300437	-32.255398	-58.422682
30098100	Pronunciamiento	30	30098	300441	-32.346026	-58.44416
30098110	Rocamora	30	30098	303175	-32.345973	-58.969745
30098115	San Cipriano	30	30098	303182	-32.341372	-58.350788
30098120	Santa Anita	30	30098	300455	-32.173948	-58.78538
30098130	Villa Mantero	30	30098	300462	-32.398355	-58.746026
30098140	San Justo	30	30098	300448	-32.445792	-58.435438
30098150	San Marcial	30	30098	303189	-32.177594	-58.925366
30105010	Antelo	30	30105		-32.533535	-60.035469
30105015	Entre Comunas	30	30105		-32.726049	-59.969222
30105035	Los Cerros	30	30105		-32.52904	-60.283438
30105040	Molino Doll	30	30105		-32.30828	-60.419078
30105043	Paraje La Tacuara	30	30105	309895	-32.688103	-60.01118
30105045	Puerto Esquina	30	30105	303245	-32.8015	-59.945209
30105050	Rincón de Nogoyá	30	30105	303245	-32.781116	-59.907378
30105052	Rincón de Nogoyá Sur	30	30105	303245	-32.839727	-59.866609
30105055	Rincón del Doll	30	30105	303252	-32.440226	-60.393834
30105060	Victoria	30	30105	300469	-32.621604	-60.157957
30113010	Estación Raíces	30	30113	309920	-31.908239	-59.2607
30113020	Ingeniero Sajaroff	30	30113	303273	-31.956864	-58.849501
30113030	Jubileo	30	30113	303280	-31.734556	-58.633491
30113050	Paso de la Laguna	30	30113	303329	-31.805115	-59.165492
30113060	Villa Clara	30	30113	300476	-31.829792	-58.821714
30113070	Villa Domínguez	30	30113	300483	-31.986411	-58.961283
30113080	Villaguay	30	30113	300490	-31.867658	-59.026958
34007002	El Quemado	34	34007		-23.999635	-60.985282
34007003	Fortin Soledad	34	34007	340133	-24.149475	-60.694199
34007005	Guadalcazar	34	34007	340007	-23.67298	-61.163674
34007006	La Libertad	34	34007		-23.981149	-60.611337
34007007	La Rinconada	34	34007	345035	-23.49411	-61.576489
34007010	Laguna Yema	34	34007	340007	-24.251793	-61.243104
34007015	Lamadrid	34	34007	340133	-23.896832	-60.753525
34007020	Los Chiriguanos	34	34007	345007	-24.099084	-61.464563
34007030	Pozo De Maza	34	34007	345035	-23.569419	-61.706404
34007040	Pozo Del Mortero	34	34007	340007	-24.403522	-61.033067
34007043	Río Muerto	34	34007		-23.609863	-61.316761
34007045	Santa Isabel	34	34007		-24.354263	-61.52958
34007047	Sumayen	34	34007		-24.469218	-61.562216
34007050	Vaca Perdida	34	34007	345035	-23.499713	-61.648927
34014005	Boca Riacho Pilagás	34	34014		-26.073086	-57.981695
34014010	Colonia Pastoril	34	34014	345014	-25.671787	-58.261533
34014020	Formosa	34	34014	340028	-26.185211	-58.174354
34014030	Gran Guardia	34	34014	345021	-25.86264	-58.88491
34014040	Mariano Boedo	34	34014	345028	-26.110862	-58.487212
34014050	Mojón De Fierro	34	34014	340028	-26.035513	-58.049931
34014060	San Hilario	34	34014	345028	-26.029008	-58.650638
34021010	Banco Payaguá	34	34021	340049	-26.707969	-58.33851
34021020	General Lucio Victorio Mansilla	34	34021	340049	-26.654955	-58.625092
34021030	Herradura	34	34021	340056	-26.489854	-58.311734
34021040	San Francisco De Laishi	34	34021	340063	-26.243891	-58.629653
34021050	Tatané	34	34021	340063	-26.398259	-58.356535
34021060	Villa Escolar	34	34021	340070	-26.621943	-58.669848
34028004	Campo Grande	34	34028		-24.106146	-62.218778
34028010	Ingeniero Guillermo N Juárez	34	34028	340077	-23.890423	-61.850339
34028020	Misión Pozo Yacaré	34	34028		-23.976173	-62.201046
34035010	Bartolomé De Las Casas	34	34035	340091	-25.407719	-59.569938
34035012	Campo Del Cielo	34	34035		-24.447008	-60.423001
34035014	Campo Tres Pozos	34	34035		-24.527523	-60.874116
34035015	Colonia Aborigen Bartolomé de las Casas	34	34035		-25.346831	-59.61682
34035018	Colonia Javier Muñiz	34	34035		-24.730768	-60.545665
34035020	Colonia Sarmiento	34	34035	340119	-24.644131	-59.432643
34035025	Colonia Unión Escuela	34	34035		-24.774359	-59.686157
34035030	Comandante Fontana	34	34035	340091	-25.334932	-59.682681
34035033	Comunidad Aborigen Laká Wichi	34	34035		-24.911466	-60.354325
34035040	El Recreo	34	34035	340112	-25.039719	-59.286872
34035050	Estanislao Del Campo	34	34035	340098	-25.053639	-60.090691
34035060	Fortín Cabo 1º Lugones	34	34035	345042	-24.286464	-59.827772
34035070	Fortín Sargento 1º Leyes	34	34035	340119	-24.554998	-59.385926
34035080	Ibarreta	34	34035	340126	-25.210295	-59.854698
34035090	Juan G Bazán	34	34035	340133	-24.543508	-60.832872
34035100	Las Lomitas	34	34035	340133	-24.70753	-60.594272
34035110	Posta Cambio Zalazar	34	34035	345042	-24.212222	-60.198271
34035120	Pozo Del Tigre	34	34035	340140	-24.901633	-60.327155
34035130	San Martín I	34	34035	340147	-24.532854	-59.90195
34035140	San Martín II	34	34035	340147	-24.434558	-59.656931
34035150	Subteniente Perín	34	34035	345049	-25.534373	-60.017344
34035160	Villa General Güemes	34	34035	340119	-24.756256	-59.487266
34035170	Villa General Manuel Belgrano	34	34035	340112	-24.938531	-59.026422
34042010	Buena Vista	34	34042	345056	-25.070871	-58.385287
34042020	El Espinillo	34	34042	340168	-24.981361	-58.552682
34042030	Laguna Gallo	34	34042	345063	-25.268276	-58.742859
34042035	Loro Cué	34	34042		-24.959134	-58.802676
34042040	Misión Tacaaglé	34	34042	340175	-24.980966	-58.825189
34042050	Portón Negro	34	34042	340175	-24.96665	-58.742088
34042060	Tres Lagunas	34	34042	345063	-25.215816	-58.513201
34049010	Clorinda	34	34049	340189	-25.28999	-57.712531
34049013	Colonia Sudamerica	34	34049		-25.208687	-58.311341
34049020	Laguna Blanca	34	34049	340196	-25.131733	-58.246852
34049030	Laguna Naick-Neck	34	34049	340203	-25.219391	-58.123079
34049035	Lucero Cué	34	34049		-25.249205	-58.047009
34049040	Palma Sola	34	34049	340203	-25.247575	-57.977464
34049050	Puerto Pilcomayo	34	34049	340189	-25.367102	-57.655384
34049060	Riacho He-he	34	34049	340210	-25.36193	-58.275621
34049070	Riacho Negro	34	34049	340189	-25.421948	-57.791229
34049080	Siete Palmas	34	34049	345070	-25.203759	-58.33204
34056010	Mayor Villafañe	34	34056	340231	-26.205077	-59.077119
34056020	El Colorado	34	34056	340224	-26.308955	-59.372293
34056025	Los Matacos	34	34056		-25.496668	-59.440689
34056027	Monte Lindo	34	34056		-25.478029	-58.759344
34056030	Palo Santo	34	34056	340238	-25.564548	-59.337756
34056040	Pirané	34	34056	340245	-25.728319	-59.106315
34056050	Villa Kilómetro 213	34	34056	340252	-26.187153	-59.367054
34063005	Comunidad Aborigen Wichi Oblitaj	34	34063		-23.134834	-62.046966
34063007	El Breal	34	34063		-22.721331	-62.324802
34063010	El Potrillo	34	34063	340259	-23.160649	-62.008402
34063020	General Mosconi	34	34063	340259	-23.185143	-62.307387
34063030	El Quebracho	34	34063	345035	-23.340034	-61.873331
34063040	La Brea	34	34063		-23.24979	-62.000895
34063050	Las Cañitas	34	34063		-23.126986	-62.050607
34063060	Lote 8	34	34063		-22.849202	-62.271718
34063070	María Cristina	34	34063		-22.738658	-62.274053
34063080	Misión San Andres	34	34063		-23.1411	-62.041914
34063090	Palmar Largo	34	34063		-23.194826	-62.048617
34063100	Pozo La Chiva	34	34063		-22.679436	-62.307556
38007020	Abra Pampa	38	38007	380014	-22.722684	-65.697062
38007030	Abralaite	38	38007	386014	-23.169124	-65.793875
38007035	Agua de Castilla	38	38007	386014	-23.217479	-65.806854
38007040	Casabindo	38	38007	380014	-22.986792	-66.032932
38007050	Cochinoca	38	38007	380014	-22.745326	-65.896123
38007055	La Redonda	38	38007	386021	-22.528883	-65.522265
38007060	Puesto del Marquéz	38	38007	386021	-22.536928	-65.697484
38007063	Quebraleña	38	38007	386014	-23.285789	-65.770149
38007067	Quera	38	38007	386014	-23.100842	-65.763602
38007070	Rinconadillas	38	38007	386007	-23.385466	-65.956996
38007080	San Francisco de Alfarcito	38	38007	386007	-23.319843	-65.973992
38007085	Santa Ana de la Puna	38	38007	386007	-23.126189	-66.053166
38007090	Santuario de Tres Pozos	38	38007	386007	-23.532662	-65.962596
38007092	Sauzalito	38	38007	386007	-23.286225	-65.96731
38007095	Tambillos	38	38007	380014	-22.897095	-65.962872
38007100	Tusaquillas	38	38007	386007	-23.189277	-65.987521
38014010	Aguas Calientes	38	38014	380049	-24.584839	-64.923979
38014020	Barrio El Milagro	38	38014	380063	-24.463137	-65.119561
38014030	Barrio Odij	38	38014	380077	-24.393956	-65.221406
38014035	Barrio Parque La Ciénaga	38	38014	380056	-24.419922	-65.295496
38014040	El Carmen	38	38014	380056	-24.388876	-65.261323
38014042	La Ovejería	38	38014	380063	-24.465867	-65.105792
38014043	Las Pampitas	38	38014	380077	-24.404798	-65.055113
38014045	Los Ávalos	38	38014	380056	-24.346619	-65.24683
38014050	Los Lapachos	38	38014	380063	-24.4771	-65.076881
38014060	Manantiales	38	38014	380074	-24.533697	-64.977155
38014070	Monterrico	38	38014	380063	-24.442732	-65.166129
38014080	Pampa Blanca	38	38014	380070	-24.535222	-65.071814
38014090	Perico	38	38014	380077	-24.375575	-65.117537
38014100	Puesto Viejo	38	38014	380074	-24.485482	-64.965142
38014110	San Isidro	38	38014	380049	-24.555637	-64.942421
38014120	San Juancito	38	38014	380077	-24.383412	-64.995222
38021010	Guerrero	38	38021	380035	-24.185972	-65.448712
38021020	La Almona	38	38021	380035	-24.259387	-65.393744
38021030	León	38	38021	380042	-24.035716	-65.432179
38021040	Lozano	38	38021	380042	-24.07777	-65.408217
38021050	Ocloyas	38	38021	380042	-23.944058	-65.232215
38021060	San Salvador de Jujuy	38	38021	380035	-24.185813	-65.299083
38021065	Tesorero	38	38021	380042	-23.948619	-65.298511
38021070	Yala	38	38021	380042	-24.120136	-65.401786
38028003	Aparzo	38	38028	386060	-23.099663	-65.186224
38028007	Cianzo	38	38028	386060	-23.173141	-65.158739
38028010	Coctaca	38	38028	380105	-23.154335	-65.293664
38028020	El Aguilar	38	38028	380091	-23.213307	-65.678924
38028030	Hipólito Yrigoyen	38	38028	386056	-22.978738	-65.352638
38028040	Humahuaca	38	38028	380105	-23.205872	-65.347719
38028042	Miyuyoc	38	38028	386056	-22.849752	-65.297157
38028043	Palca de Aparzo	38	38028	386060	-23.122735	-65.134157
38028045	Palca de Varas	38	38028	386060	-23.101861	-65.112921
38028047	Rodero	38	38028	380105	-23.06237	-65.326556
38028050	Tres Cruces	38	38028	386063	-22.916938	-65.587833
38028060	Uquía	38	38028	386067	-23.303614	-65.356084
38035010	Bananal	38	38035	380147	-23.566429	-64.499225
38035020	Bermejito	38	38035	380126	-23.788111	-64.730058
38035030	Caimancito	38	38035	380119	-23.739972	-64.59159
38035040	Calilegua	38	38035	380126	-23.775085	-64.769912
38035050	Chalicán	38	38035	380133	-24.070132	-64.806864
38035060	Fraile Pintado	38	38035	380133	-23.944036	-64.803055
38035070	Libertad	38	38035	380126	-23.762386	-64.725995
38035080	Libertador General San Martín	38	38035	380140	-23.814796	-64.793116
38035090	Maíz Negro	38	38035	380133	-23.950632	-64.773623
38035100	Paulina	38	38035	380140	-23.844538	-64.738985
38035110	Yuto	38	38035	380147	-23.642708	-64.47173
38042010	Carahunco	38	38042	380154	-24.307648	-65.083447
38042020	Centro Forestal	38	38042	380154	-24.22873	-65.177647
38042040	Palpalá	38	38042	380154	-24.257312	-65.213665
38049003	Casa Colorada	38	38049	386077	-22.325395	-66.283765
38049007	Coyaguaima	38	38049	386070	-22.769459	-66.440919
38049010	Lagunillas de Farallón	38	38049	386140	-22.461996	-66.628194
38049020	Liviara	38	38049	386070	-22.520235	-66.337946
38049025	Loma Blanca	38	38049	386070	-22.472187	-66.484144
38049030	Nuevo Pirquitas	38	38049	386070	-22.687955	-66.456376
38049035	Orosmayo	38	38049	386070	-22.556859	-66.356424
38049040	Rinconada	38	38049	386077	-22.440699	-66.167151
38049050	Santo Domingo	38	38049	386077	-22.542282	-66.222667
38056010	El Ceibal	38	38056	380161	-24.29875	-65.271955
38056015	La Toma	38	38056	380161	-24.336531	-65.36487
38056016	Loma Hermosa	38	38056	380161	-24.311763	-65.291791
38056017	Los Alisos	38	38056	380161	-24.26894	-65.300472
38056018	Los Paños	38	38056	380161	-24.281779	-65.408148
38056020	Loteo Navea	38	38056	380161	-24.270143	-65.274065
38056025	Nuestra Señora del Rosario	38	38056	380161	-24.317459	-65.401444
38056030	San Antonio	38	38056	380161	-24.369837	-65.331594
38063010	Arrayanal	38	38063	386091	-24.178771	-64.839914
38063020	Arroyo Colorado	38	38063	380224	-24.336556	-64.663581
38063030	Don Emilio	38	38063	386112	-24.31734	-64.906811
38063040	El Acheral	38	38063	380224	-24.403587	-64.80105
38063050	El Puesto	38	38063	380196	-24.197818	-64.789836
38063060	El Quemado	38	38063	386091	-24.105857	-64.823062
38063070	La Esperanza	38	38063	380196	-24.224661	-64.838009
38063080	La Manga	38	38063	386091	-24.191027	-64.84714
38063090	La Mendieta	38	38063	380203	-24.314339	-64.966634
38063095	Lobaton	38	38063	386105	-24.402305	-64.823821
38063110	Palos Blancos	38	38063	386112	-24.32721	-64.946242
38063130	Piedritas	38	38063	386112	-24.296171	-64.882186
38063140	Rodeito	38	38063	386105	-24.271614	-64.768971
38063150	Rosario de Río Grande (ex Barro Negro)	38	38063	386112	-24.308525	-64.931645
38063160	San Antonio	38	38063	380196	-24.218858	-64.806462
38063165	San Juan de Dios	38	38063	380224	-24.504429	-64.710696
38063170	San Lucas	38	38063	386105	-24.268596	-64.864289
38063180	San Pedro	38	38063	380224	-24.231302	-64.868169
38070010	El Fuerte	38	38070	386098	-24.26056	-64.415513
38070020	El Piquete	38	38070	386119	-24.17845	-64.679061
38070030	El Talar	38	38070	380238	-23.55632	-64.359864
38070040	Palma Sola	38	38070	380245	-23.976866	-64.305413
38070050	Puente Lavayén	38	38070	380252	-24.274813	-64.706342
38070060	Santa Clara	38	38070	380252	-24.307815	-64.661065
38070070	Vinalito	38	38070	386126	-23.66788	-64.413624
38077010	Casira	38	38077	386133	-21.977671	-65.896082
38077020	Ciénega de Paicone	38	38077	386140	-22.176969	-66.413961
38077030	Cieneguillas	38	38077	386133	-22.100619	-65.866811
38077040	Cusi Cusi	38	38077	386140	-22.340348	-66.493467
38077045	El Angosto	38	38077	386147	-21.876801	-66.188555
38077050	La Ciénega	38	38077	386147	-21.962296	-66.26275
38077060	Misarrumi	38	38077	386147	-22.259902	-66.367966
38077070	Oratorio	38	38077	386147	-22.099171	-66.132556
38077080	Paicone	38	38077	386140	-22.21955	-66.424981
38077090	San Juan de Oros	38	38077	386147	-22.225688	-66.248751
38077100	Santa Catalina	38	38077	386147	-21.947091	-66.051747
38077105	Timon Cruz	38	38077	386147	-22.191426	-66.158996
38077110	Yoscaba	38	38077	386133	-22.167193	-66.024736
38084010	Catua	38	38084	386154	-23.869788	-67.005275
38084020	Coranzuli	38	38084	386161	-23.013794	-66.366665
38084030	El Toro	38	38084	386168	-23.083404	-66.702233
38084040	Huáncar	38	38084	386168	-23.563843	-66.409316
38084045	Jama	38	38084	386168	-23.239728	-67.018316
38084050	Mina Providencia	38	38084	386168	-23.265441	-66.655662
38084055	Olacapato	38	38084	386168	-24.114228	-66.71955
38084060	Olaroz Chico	38	38084	386168	-23.393465	-66.801739
38084070	Pastos Chicos	38	38084	386168	-23.766023	-66.437373
38084080	Puesto Sey	38	38084	386168	-23.94508	-66.488071
38084090	San Juan de Quillaqués	38	38084	386161	-23.230688	-66.342773
38084100	Susques	38	38084	386168	-23.399349	-66.366351
38094010	Colonia San José	38	38094	386175	-23.39269	-65.34561
38094020	Huacalera	38	38094	386175	-23.439048	-65.350023
38094030	Juella	38	38094	380329	-23.522616	-65.400069
38094035	Las Peras	38	38094	386175	-23.411768	-65.349665
38094040	Maimará	38	38094	380322	-23.624537	-65.408817
38094050	Tilcara	38	38094	380329	-23.576936	-65.393365
38098010	Bárcena	38	38098	386203	-23.98261	-65.455093
38098015	Comunidad Coquena	38	38098	386189	-23.744696	-65.466367
38098020	El Moreno	38	38098	386179	-23.850912	-65.831651
38098025	Puerta de Colorados	38	38098	386179	-23.571012	-65.697136
38098030	Purmamarca	38	38098	386189	-23.746624	-65.499198
38098035	San Miguel de Colorados	38	38098	386179	-23.552929	-65.81946
38098040	Tumbaya	38	38098	386196	-23.857707	-65.467696
38098050	Volcán	38	38098	386203	-23.916599	-65.465506
38105010	Caspalá	38	38105	386210	-23.36338	-65.092436
38105020	Pampichuela	38	38105	386217	-23.554625	-65.008173
38105030	San Francisco	38	38105	386224	-23.621616	-64.949611
38105040	Santa Ana	38	38105	386231	-23.356023	-64.989167
38105050	Valle Colorado	38	38105	386231	-23.413736	-64.933431
38105060	Valle Grande	38	38105	386238	-23.475847	-64.946905
38112010	Barrios	38	38112	386245	-22.247726	-65.528398
38112020	Cangrejillos	38	38112	386252	-22.423791	-65.579872
38112023	Cerro Colorado	38	38112	386245	-22.199624	-65.548286
38112025	Chalguamayoc	38	38112	386273	-22.296934	-65.31296
38112026	Corral Blanco	38	38112	386259	-22.47788	-65.369648
38112030	El Cóndor	38	38112	386259	-22.388319	-65.337994
38112033	Hornadita de la Cordillera	38	38112	386259	-22.4957	-65.383196
38112035	Inti Cancha	38	38112	386273	-22.156932	-65.276834
38112040	La Intermedia	38	38112	386266	-22.421155	-65.70152
38112050	La Quiaca	38	38112	380406	-22.104462	-65.59638
38112060	Llulluchayoc	38	38112	386021	-22.548782	-65.387528
38112070	Pumahuasi	38	38112	386266	-22.289936	-65.679883
38112075	Suripugio	38	38112	386273	-22.190094	-65.322286
38112080	Yavi	38	38112	386273	-22.130731	-65.462534
38112090	Yavi Chico	38	38112	386273	-22.098938	-65.459197
42007010	Doblas	42	42007	420112	-37.150483	-64.011457
42007020	Macachín	42	42007	420231	-37.136974	-63.666778
42007030	Miguel Riglos	42	42007	420259	-36.856418	-63.687818
42007040	Rolón	42	42007	420322	-37.166583	-63.414965
42007050	Tomás M. Anchorena	42	42007	420364	-36.840366	-63.524793
42014010	Anzoátegui	42	42014	420189	-38.963053	-63.860888
42014020	La Adela	42	42014	420189	-38.985048	-64.090854
42021010	Anguil	42	42021	420028	-36.526864	-64.011659
42021020	Santa Rosa	42	42021	420336	-36.6204	-64.290574
42028010	Catriló	42	42028	420077	-36.406698	-63.423248
42028020	La Gloria	42	42028	420378	-36.50752	-63.742617
42028030	Lonquimay	42	42028	420217	-36.466372	-63.62359
42028040	Uriburu	42	42028	420378	-36.506262	-63.860032
42035010	Conhelo	42	42035	420098	-35.999569	-64.597524
42035020	Eduardo Castex	42	42035	420119	-35.916001	-64.295596
42035030	Mauricio Mayer	42	42035	420238	-36.21084	-64.033637
42035040	Monte Nievas	42	42035	420266	-35.861533	-64.153125
42035050	Rucanelo	42	42035	425133	-36.043312	-64.834936
42035060	Winifreda	42	42035	420413	-36.227492	-64.233453
42042010	Gobernador Duval	42	42042	420158	-38.743415	-66.435881
42042020	Puelches	42	42042	420280	-38.146354	-65.914067
42049010	Santa Isabel	42	42049	420329	-36.23194	-66.940794
42056010	Bernardo Larroude	42	42056	420049	-35.025988	-63.582732
42056020	Ceballos	42	42056	420084	-35.290818	-63.776825
42056030	Coronel Hilario Lagos	42	42056	420105	-35.024043	-63.912182
42056040	Intendente Alvear	42	42056	420175	-35.234748	-63.592068
42056050	Sarah	42	42056	425140	-35.028039	-63.685896
42056060	Vértiz	42	42056	420392	-35.427453	-63.909965
42063010	Algarrobo del Águila	42	42063	420011	-36.398072	-67.144455
42063020	La Humada	42	42063	420196	-36.349029	-68.013498
42070010	Alpachiri	42	42070	420014	-37.376867	-63.773178
42070020	General Manuel J. Campos	42	42070	420140	-37.461439	-63.585677
42070030	Guatraché	42	42070	420161	-37.670784	-63.535715
42070040	Perú	42	42070	425105	-37.661908	-64.138012
42070050	Santa Teresa	42	42070	420343	-37.574773	-63.431374
42077010	Abramo	42	42077	420007	-37.896547	-63.850418
42077020	Bernasconi	42	42077	420056	-37.902278	-63.742978
42077030	General San Martín	42	42077	420154	-37.978817	-63.603606
42077040	Hucal	42	42077	420007	-37.791041	-64.025135
42077050	Jacinto Aráuz	42	42077	420182	-38.082916	-63.429499
42084010	Cuchillo Co	42	42084	425042	-38.334408	-64.642971
42091010	La Reforma	42	42091	425077	-37.551163	-66.227098
42091020	Limay Mahuida	42	42091	425084	-37.158376	-66.675842
42098010	Carro Quemado	42	42098	420070	-36.474929	-65.344597
42098020	Loventué	42	42098	425091	-36.188746	-65.28997
42098030	Luan Toro	42	42098	420224	-36.203965	-65.099678
42098040	Telén	42	42098	420350	-36.264173	-65.511152
42098050	Victorica	42	42098	420399	-36.216484	-65.437087
42105010	Agustoni	42	42105	425014	-35.782135	-63.391555
42105020	Dorila	42	42105	420116	-35.775141	-63.716028
42105030	General Pico	42	42105	420147	-35.65879	-63.757
42105040	Speluzzi	42	42105	425147	-35.549668	-63.820442
42105050	Trebolares	42	42105	420147	-35.584111	-63.585743
42112005	Casa de Piedra	42	42112	422007	-38.154895	-67.151199
42112010	Puelén	42	42112	420287	-37.34555	-67.621982
42112020	25 de Mayo	42	42112	420385	-37.770015	-67.71808
42119010	Colonia Barón	42	42119	420091	-36.153572	-63.855084
42119020	Colonia San José	42	42119	420091	-36.117462	-63.903198
42119030	Miguel Cané	42	42119	420252	-36.157183	-63.512597
42119040	Quemú Quemú	42	42119	420301	-36.054821	-63.565862
42119050	Relmo	42	42119	425126	-36.256583	-63.448099
42119060	Villa Mirasol	42	42119	420406	-36.076428	-63.886354
42126010	Caleufú	42	42126	420063	-35.594499	-64.558563
42126020	Ingeniero Foster	42	42126	420210	-35.703342	-65.101951
42126030	La Maruja	42	42126	420210	-35.673812	-64.942119
42126040	Parera	42	42126	420273	-35.146784	-64.502281
42126050	Pichi Huinca	42	42126	425112	-35.648201	-64.76807
42126060	Quetrequén	42	42126	425119	-35.057006	-64.523169
42126070	Rancul	42	42126	420308	-35.067774	-64.684261
42133010	Adolfo Van Praet	42	42133	425007	-35.01666	-64.035333
42133020	Alta Italia	42	42133	420021	-35.334392	-64.117093
42133030	Damián Maisonave	42	42133	425098	-35.041441	-64.385967
42133040	Embajador Martini	42	42133	420126	-35.387314	-64.28281
42133050	Falucho	42	42133	425063	-35.190533	-64.106899
42133060	Ingeniero Luiggi	42	42133	420168	-35.388539	-64.467507
42133070	Ojeda	42	42133	420021	-35.306828	-64.005473
42133080	Realicó	42	42133	420315	-35.038205	-64.246273
42140005	Cachirulo	42	42140	420357	-36.74767	-64.367856
42140007	La Cuesta del Sur	42	42140	420357	-36.722938	-64.276893
42140010	Naicó	42	42140	420042	-36.925983	-64.405332
42140020	Toay	42	42140	420357	-36.673865	-64.379727
42147010	Arata	42	42147	420035	-35.639016	-64.356383
42147020	Metileo	42	42147	420245	-35.774159	-63.940667
42147030	Trenel	42	42147	420371	-35.69832	-64.13323
42154010	Ataliva Roca	42	42154	420042	-37.031802	-64.285264
42154020	Chacharramendi	42	42154	425049	-37.332036	-65.651598
42154030	Colonia Santa María	42	42154	425028	-37.494755	-64.224123
42154040	General Acha	42	42154	420133	-37.378213	-64.604239
42154050	Quehué	42	42154	420294	-37.121776	-64.515149
42154060	Unanué	42	42154	425154	-37.543977	-64.352555
46007010	Aimogasta	46	46007	460007	-28.553703	-66.813486
46007030	Bañado de los Pantanos	46	46007	460007	-28.377821	-66.830904
46007040	Estación Mazán	46	46007	460007	-28.676156	-66.490978
46007045	Termas de Santa Teresita	46	46007	460007	-28.591775	-66.556389
46007050	Villa Mazán	46	46007	460007	-28.652044	-66.544217
46014010	La Rioja	46	46014	460014	-29.412788	-66.855871
46021010	Aminga	46	46021	460021	-28.847682	-66.930513
46021020	Anillaco	46	46021	460021	-28.805978	-66.945819
46021030	Anjullón	46	46021	460021	-28.723756	-66.923483
46021040	Chuquis	46	46021	460021	-28.890852	-66.971714
46021050	Los Molinos	46	46021	460021	-28.746148	-66.932671
46021060	Pinchas	46	46021	460021	-28.934774	-66.961221
46021070	San Pedro	46	46021	460021	-28.661697	-66.923077
46021080	Santa Vera Cruz	46	46021	460021	-28.675249	-66.960614
46028010	Aicuñá	46	46028	460028	-29.47372	-67.776143
46028020	Guandacol	46	46028	460028	-29.525211	-68.562783
46028030	Los Palacios	46	46028	460028	-29.368909	-68.236074
46028040	Pagancillo	46	46028	460028	-29.541186	-68.100105
46028050	Villa Unión	46	46028	460028	-29.317765	-68.227764
46035010	Chamical	46	46035	460035	-30.365397	-66.316561
46035020	Polco	46	46035	460035	-30.418418	-66.347347
46042010	Chilecito	46	46042	460042	-29.162303	-67.499441
46042020	Colonia Anguinán	46	46042	460042	-29.254098	-67.426137
46042040	Colonia Malligasta	46	46042	460042	-29.198029	-67.398293
46042050	Colonia Vichigasta	46	46042	460042	-29.449072	-67.49142
46042060	Guanchín	46	46042	460042	-29.190075	-67.637907
46042070	Malligasta	46	46042	460042	-29.176478	-67.434981
46042080	Miranda	46	46042	460042	-29.333986	-67.649494
46042090	Nonogasta	46	46042	460042	-29.302222	-67.50633
46042100	San Nicolás	46	46042	460042	-29.117567	-67.473955
46042110	Santa Florentina	46	46042	460042	-29.129663	-67.556084
46042120	Sañogasta	46	46042	460042	-29.330402	-67.613379
46042130	Tilimuqui	46	46042	460042	-29.142906	-67.424925
46042140	Vichigasta	46	46042	460042	-29.485312	-67.506896
46049010	Alto Carrizal	46	46049	460049	-28.866665	-67.571494
46049020	Angulos	46	46049	460049	-28.655895	-67.64941
46049030	Antinaco	46	46049	460049	-28.819076	-67.315279
46049040	Bajo Carrizal	46	46049	460049	-28.887986	-67.564178
46049050	Campanas	46	46049	460049	-28.553872	-67.626728
46049060	Chañarmuyo	46	46049	460049	-28.603119	-67.583298
46049070	Famatina	46	46049	460049	-28.924987	-67.519645
46049080	La Cuadra	46	46049	460049	-28.468216	-67.691087
46049090	Pituil	46	46049	460049	-28.575889	-67.449178
46049100	Plaza Vieja	46	46049	460049	-28.965458	-67.516295
46049110	Santa Cruz	46	46049	460049	-28.483868	-67.693725
46049120	Santo Domingo	46	46049	460049	-28.554368	-67.672255
46056010	Punta de los Llanos	46	46056	460056	-30.153942	-66.54647
46056020	Tama	46	46056	460056	-30.508814	-66.528837
46063010	Castro Barros	46	46063	460063	-30.580002	-65.727412
46063020	Chañar	46	46063	460063	-30.542942	-65.956777
46063030	Loma Blanca	46	46063	460063	-30.640935	-66.242704
46063040	Olta	46	46063	460063	-30.630621	-66.267288
46070010	Malanzán	46	46070	460070	-30.80462	-66.604279
46070020	Nácate	46	46070	460070	-30.854772	-66.424765
46070030	Portezuelo	46	46070	460070	-30.837752	-66.702357
46070040	San Antonio	46	46070	460070	-31.085419	-66.731478
46077010	Villa Castelli	46	46077	460077	-29.009512	-68.22396
46084010	Ambil	46	46084	460084	-31.12952	-66.343907
46084020	Colonia Ortiz de Ocampo	46	46084	460084	-30.962657	-66.176224
46084030	Milagro	46	46084	460084	-31.00578	-65.992345
46084040	Olpas	46	46084	460084	-30.806089	-66.243975
46084050	Santa Rita de Catuna	46	46084	460084	-30.954701	-66.220736
46091010	Ulapes	46	46091	460091	-31.572724	-66.237584
46098010	Jagüé	46	46098	460098	-28.659355	-68.39323
46098020	Villa San José de Vinchina	46	46098	460098	-28.753721	-68.204919
46105010	Amaná	46	46105	460105	-30.057235	-67.503406
46105020	Patquía	46	46105	460105	-30.048036	-66.879795
46112010	Chepes	46	46112	460112	-31.341273	-66.588607
46112020	Desiderio Tello	46	46112	460112	-31.212958	-66.317968
46119010	Salicas - San Blas	46	46119	460119	-28.373737	-67.070571
46126010	Villa Sanagasta	46	46126	460126	-29.288966	-67.021627
50007010	Mendoza	50	50007	500007	-32.898581	-68.846406
50014010	Bowen	50	50014	500014	-35.000422	-67.510456
50014015	Canalejas	50	50014	500014	-35.167889	-66.500625
50014020	Carmensa	50	50014	500014	-35.146998	-67.652509
50014025	El Ceibo	50	50014	500014	-34.922945	-67.578705
50014030	General Alvear	50	50014	500014	-34.977484	-67.696313
50014040	Los Compartos	50	50014	500014	-34.934612	-67.622133
50021010	Godoy Cruz	50	50021	500021	-32.938399	-68.840963
50028010	Colonia Segovia	50	50028	500028	-32.866078	-68.71677
50028020	Guaymallén	50	50028	500028	-32.893423	-68.776141
50028030	La Primavera	50	50028	500028	-32.922692	-68.670721
50028040	Los Corralitos	50	50028	500028	-32.899399	-68.695964
50028050	Puente de Hierro	50	50028	500028	-32.871671	-68.679678
50035010	Ingeniero Giagnoni	50	50035	500035	-33.126662	-68.411878
50035020	Junín	50	50035	500035	-33.145087	-68.492116
50035030	La Colonia	50	50035	500035	-33.098963	-68.480542
50035040	Los Barriales	50	50035	500035	-33.101041	-68.567528
50035050	Medrano	50	50035	500035	-33.177183	-68.614474
50035060	Phillips	50	50035	500035	-33.203844	-68.37584
50035070	Rodríguez Peña	50	50035	500035	-33.120547	-68.595226
50035120	Mundo Nuevo	50	50035	500035	-33.175382	-68.426072
50042010	Desaguadero	50	50042	500042	-33.403145	-67.156124
50042020	La Paz	50	50042	500042	-33.461019	-67.559579
50042030	Villa Antigua	50	50042	500042	-33.46508	-67.594035
50049010	Blanco Encalada	50	50049	500049	-33.035549	-69.006532
50049015	Cacheuta	50	50049	500049	-33.01081	-69.120524
50049030	Jocolí	50	50049	500049	-32.588248	-68.67056
50049040	Las Cuevas	50	50049	500063	-32.812791	-70.049526
50049050	Las Heras	50	50049	500049	-32.84908	-68.846036
50049060	Los Penitentes	50	50049	500049	-32.842077	-69.840163
50049080	Polvaredas	50	50049	500049	-32.79291	-69.651185
50049090	Puente del Inca	50	50049	500049	-32.824155	-69.910159
50049100	Punta de Vacas	50	50049	500049	-32.851577	-69.752627
50049110	Uspallata	50	50049	500049	-32.591388	-69.344427
50049120	Villa Clarita	50	50049	500049	-32.585321	-69.362446
50056010	Barrio Alto del Olvido	50	50056	500056	-32.669064	-68.581645
50056015	Barrio El Carmen	50	50056	500056	-32.722532	-68.467532
50056020	Barrio Jocolí II	50	50056	500056	-32.657475	-68.658278
50056030	Barrio La Palmera	50	50056	500056	-32.699261	-68.540336
50056040	Barrio La Pega	50	50056	500056	-32.808394	-68.669901
50056050	Barrio Lagunas de Bartoluzzi	50	50056	500056	-32.613073	-68.560925
50056060	Barrio Los Jarilleros	50	50056	500056	-32.708251	-68.673871
50056070	Barrio Los Olivos	50	50056	500056	-32.679315	-68.332079
50056072	Barrio Santa Marí­a	50	50056	500056	-32.753268	-68.465993
50056073	Barrio Santa Rita	50	50056	500056	-32.630254	-68.636631
50056075	Barrio Virgen del Rosario	50	50056	500056	-32.700259	-68.318502
50056078	Colonia Italia	50	50056	500056	-32.668182	-68.533154
50056080	Costa de Araujo	50	50056	500056	-32.758935	-68.395124
50056085	El Chical	50	50056	500056	-32.760401	-68.634234
50056090	El Paramillo	50	50056	500056	-32.77753	-68.572888
50056100	El Vergel	50	50056	500056	-32.785624	-68.61183
50056110	Ingeniero Gustavo André	50	50056	500056	-32.68016	-68.316333
50056120	Jocolí	50	50056	500056	-32.589269	-68.668626
50056130	Jocolí Viejo	50	50056	500056	-32.717048	-68.652696
50056135	La Asunción	50	50056	500056	-32.575221	-68.269284
50056140	Las Violetas	50	50056	500056	-32.822513	-68.606447
50056150	3 de Mayo	50	50056	500056	-32.678755	-68.634172
50056160	Villa Tulumaya	50	50056	500056	-32.721308	-68.595778
50063010	Agrelo	50	50063	500063	-33.120057	-68.886305
50063020	Barrio Perdriel IV	50	50063	500063	-33.077182	-68.914144
50063030	Cacheuta	50	50063	500063	-33.014035	-69.117682
50063040	Costa Flores	50	50063	500063	-33.071825	-68.925154
50063050	El Carrizal	50	50063	500063	-33.320079	-68.755173
50063060	El Salto	50	50063	500063	-32.963262	-69.25955
50063070	Las Compuertas	50	50063	500063	-33.034395	-68.97572
50063075	Las Cuevas	50	50063	500063	-32.814196	-70.049041
50063080	Las Vegas	50	50063	500063	-33.015785	-69.274249
50063090	Luján de Cuyo	50	50063	500063	-33.033998	-68.888374
50063100	Perdriel	50	50063	500063	-33.066384	-68.876456
50063110	Potrerillos	50	50063	500063	-32.962468	-69.213364
50063120	Ugarteche	50	50063	500063	-33.211897	-68.887758
50070010	Barrancas	50	50070	500070	-33.083336	-68.734379
50070020	Barrio Jesús de Nazaret	50	50070	500070	-33.010058	-68.717315
50070025	Barrio 9 de Julio	50	50070	500070	-32.953349	-68.646025
50070030	Cruz de Piedra	50	50070	500070	-33.032735	-68.826767
50070040	El Pedregal	50	50070	500070	-32.858803	-68.648284
50070050	Fray Luis Beltrán	50	50070	500070	-33.004398	-68.649924
50070060	Maipú	50	50070	500070	-32.979148	-68.798321
50070070	Rodeo del Medio	50	50070	500070	-32.988006	-68.701065
50070090	San Roque	50	50070	500070	-33.028564	-68.598148
50070100	Villa Teresa	50	50070	500070	-33.021472	-68.616848
50077010	Agua Escondida	50	50077	500077	-36.153239	-68.304843
50077020	Bardas Blancas	50	50077	500077	-35.867606	-69.804515
50077025	El Manzano	50	50077	500077	-36.10721	-69.760756
50077028	La Junta	50	50077	500077	-35.273358	-69.517064
50077030	Las Leñas	50	50077	500077	-35.146685	-70.079866
50077040	Malargüe	50	50077	500077	-35.476149	-69.580231
50077050	Ranquil Norte	50	50077	500077	-36.659341	-69.829104
50084010	Andrade	50	50084	500084	-33.181707	-68.523721
50084017	Barrio Cooperativa Eléctrica	50	50084	500084	-33.175502	-68.496313
50084020	Barrio Cooperativa Los Campamentos	50	50084	500084	-33.273363	-68.41363
50084023	Barrio Cooperativa Reducción	50	50084	500084	-33.227849	-68.545862
50084030	Barrio Rivadavia	50	50084	500084	-33.231194	-68.478204
50084040	El Mirador	50	50084	500084	-33.290251	-68.339352
50084050	La Central	50	50084	500084	-33.272479	-68.316236
50084060	La Esperanza	50	50084	500084	-33.31947	-68.329914
50084070	La Florida	50	50084	500084	-33.267427	-68.457344
50084080	La Libertad	50	50084	500084	-33.214679	-68.503258
50084090	Los Árboles	50	50084	500084	-33.182825	-68.565695
50084100	Los Campamentos	50	50084	500084	-33.27553	-68.392633
50084110	Medrano	50	50084	500084	-33.181029	-68.614436
50084120	Mundo Nuevo	50	50084	500084	-33.177326	-68.428742
50084130	Reducción de Abajo	50	50084	500084	-33.222995	-68.55831
50084140	Rivadavia	50	50084	500084	-33.194032	-68.473619
50084150	Santa María de Oro	50	50084	500084	-33.208772	-68.42913
50091005	Barrio Carrasco	50	50091	500091	-33.832107	-69.049003
50091010	Barrio El Cepillo	50	50091	500091	-33.835806	-69.123965
50091020	Chilecito	50	50091	500091	-33.891531	-69.071267
50091030	Eugenio Bustos	50	50091	500091	-33.779539	-69.054877
50091040	La Consulta	50	50091	500091	-33.738676	-69.128126
50091050	Pareditas	50	50091	500091	-33.942546	-69.078573
50091060	San Carlos	50	50091	500091	-33.77216	-69.040429
50091070	Tres Esquinas	50	50091	500091	-33.839984	-69.067431
50091080	Villa El Chacón	50	50091	500091	-33.737632	-69.073825
50098005	Alto Verde	50	50098	500035	-33.156549	-68.357139
50098010	Alto Salvador	50	50098	500098	-33.026832	-68.458921
50098012	Alto Salvador Sur	50	50098	500098	-33.037183	-68.465974
50098020	Alto Verde	50	50098	500098	-33.118927	-68.408535
50098030	Barrio Chivilcoy	50	50098	500098	-33.041147	-68.354153
50098040	Barrio Emanuel	50	50098	500098	-32.842032	-68.392946
50098045	Alto Verde	50	50098	500098	-33.15529	-68.354362
50098050	Barrio Los Charabones	50	50098	500098	-32.978512	-68.305102
50098055	Barrio Nuestra Señora de Fátima	50	50098	500098	-33.125212	-68.360551
50098057	Capilla San Expedito	50	50098	500098	-32.984255	-68.397928
50098060	Chapanay	50	50098	500098	-32.984591	-68.464465
50098070	Chivilcoy	50	50098	500098	-33.041219	-68.448674
50098073	El Espino	50	50098	500098	-33.077333	-68.398284
50098077	El Ramblón	50	50098	500098	-33.157062	-68.295352
50098079	Las Chimbas	50	50098	500098	-33.011979	-68.483645
50098080	Montecaseros	50	50098	500098	-33.015641	-68.387574
50098090	Nueva California	50	50098	500098	-32.749497	-68.324246
50098100	San Martín - La Colonia	50	50098	500098	-33.080262	-68.470543
50098110	Tres Porteñas	50	50098	500098	-32.899339	-68.388585
50098111	Bo Nueva California Sur	50	50098	500098	-32.776646	-68.346612
50105020	Barrio El Nevado	50	50105	500105	-34.787308	-67.980886
50105030	Barrio Empleados de Comercio	50	50105	500105	-34.554627	-68.295037
50105040	Barrio Intendencia	50	50105	500105	-34.645899	-68.266149
50105050	Capitán Montoya	50	50105	500105	-34.582356	-68.457561
50105060	Cuadro Benegas	50	50105	500105	-34.617884	-68.453723
50105070	El Nihuil	50	50105	500105	-35.035371	-68.680615
50105080	El Sosneado	50	50105	500105	-35.079596	-69.567229
50105090	El Tropezón	50	50105	500105	-34.682711	-68.28093
50105100	Goudge	50	50105	500105	-34.676622	-68.133155
50105110	Jaime Prats	50	50105	500105	-34.910365	-67.820486
50105120	La Llave Nueva	50	50105	500105	-34.639721	-68.010992
50105130	Las Malvinas	50	50105	500105	-34.835113	-68.248566
50105140	Los Reyunos	50	50105	500105	-34.609929	-68.620543
50105150	Monte Comán	50	50105	500105	-34.592356	-67.868966
50105160	Pobre Diablo	50	50105	500105	-34.658393	-68.369661
50105170	Punta del Agua	50	50105	500105	-35.527355	-68.071652
50105180	Rama Caida	50	50105	500105	-34.691002	-68.373884
50105190	Real del Padre	50	50105	500105	-34.842571	-67.768966
50105200	Salto de las Rosas	50	50105	500105	-34.723689	-68.228042
50105210	San Rafael	50	50105	500105	-34.607414	-68.329168
50105215	El Toledano Norte	50	50105	500105	-34.55605	-68.359529
50105220	25 de Mayo	50	50105	500105	-34.583798	-68.544543
50105230	Villa Atuel	50	50105	500105	-34.831603	-67.922861
50105240	Villa Atuel Norte	50	50105	500105	-34.755999	-68.030274
50112010	Barrio 12 de Octubre	50	50112	500112	-33.195437	-68.25462
50112020	Barrio María Auxiliadora	50	50112	500112	-33.242514	-68.182676
50112030	Barrio Molina Cabrera	50	50112	500112	-33.108956	-68.18767
50112040	La Dormida	50	50112	500112	-33.346714	-67.917175
50112050	Las Catitas	50	50112	500112	-33.293858	-68.048612
50112060	Santa Rosa	50	50112	500112	-33.25414	-68.150903
50112077	El Ramblón	50	50112	500112	-33.168429	-68.284464
50119010	Barrio San Cayetano	50	50119	500119	-33.63347	-69.179658
50119020	Campo Los Andes	50	50119	500119	-33.7029	-69.180495
50119030	Colonia Las Rosas	50	50119	500119	-33.604297	-69.104808
50119035	El Algarrobo	50	50119	500119	-33.510687	-69.133666
50119040	El Manzano	50	50119	500119	-33.596311	-69.371308
50119045	La Riojita	50	50119	500119	-33.626679	-69.146555
50119050	Los Sauces	50	50119	500119	-33.594492	-69.175519
50119060	Tunuyán	50	50119	500119	-33.577555	-69.025376
50119065	Villa Arroyo Grande	50	50119	500119	-33.586282	-69.328188
50119067	Villa Seca	50	50119	500119	-33.568671	-69.173842
50119070	Vista Flores	50	50119	500119	-33.650898	-69.155825
50126010	Barrio Belgrano Norte	50	50126	500126	-33.322867	-69.119271
50126015	Barrio José Hernández	50	50126	500126	-33.395998	-69.163949
50126020	Cordón del Plata	50	50126	500126	-33.462814	-69.140586
50126030	El Peral	50	50126	500126	-33.365637	-69.179748
50126035	El Zampal	50	50126	500126	-33.39895	-69.105737
50126040	La Arboleda	50	50126	500126	-33.362303	-69.119755
50126043	La Arboleda Sur	50	50126	500126	-33.375536	-69.11514
50126045	Loteo Moyano	50	50126	500126	-33.346436	-69.11748
50126050	San José	50	50126	500126	-33.308265	-69.152877
50126060	Tupungato	50	50126	500126	-33.363871	-69.143695
54007010	Apóstoles	54	54007	540007	-27.909807	-55.753213
54007020	Azara	54	54007	540014	-28.057251	-55.676799
54007025	Barrio Rural	54	54007	540007	-27.884104	-55.768223
54007030	Estación Apóstoles	54	54007	540007	-27.912081	-55.809082
54007037	Paraje Monyolito	54	54007	540028	-27.951416	-55.585211
54007040	Pindapoy	54	54007	540021	-27.747427	-55.793249
54007050	Rincón de Azara	54	54007	540014	-28.113028	-55.63005
54007060	San José	54	54007	540021	-27.769911	-55.78019
54007070	Tres Capones	54	54007	540028	-28.005124	-55.608409
54014010	Aristóbulo del Valle	54	54014	540035	-27.09529	-54.894905
54014020	Campo Grande	54	54014	540042	-27.206268	-54.979096
54014025	Cerro Moreno	54	54014	540035	-27.012407	-54.837425
54014030	Dos de Mayo	54	54014	540049	-27.020539	-54.687733
54014050	Bº Bernardino Rivadavia	54	54014	540049	-27.006577	-54.612354
54014055	Kilómetro 17	54	54014	540042	-27.315683	-54.90279
54014060	1º de Mayo	54	54014	540042	-27.169232	-55.027604
54014070	Pueblo Illia	54	54014	540049	-27.150838	-54.559534
54014080	Salto Encantado	54	54014	540053	-27.08536	-54.831406
54021005	Barrio del Lago	54	54021	540063	-27.469522	-55.801428
54021010	Bonpland	54	54021	540056	-27.48207	-55.47742
54021020	Candelaria	54	54021	540063	-27.459165	-55.743084
54021030	Cerro Corá	54	54021	540070	-27.509384	-55.601228
54021040	Loreto	54	54021	540077	-27.331722	-55.524442
54021050	Mártires	54	54021	540084	-27.422244	-55.375952
54021060	Profundidad	54	54021	540091	-27.561768	-55.70473
54021070	Puerto Santa Ana	54	54021	540098	-27.334945	-55.587294
54021080	Santa Ana	54	54021	540098	-27.367121	-55.580557
54028007	Fachinal	54	54028	540105	-27.628557	-55.704472
54028010	Garupá	54	54028	540112	-27.480513	-55.850296
54028020	Nemesio Parma	54	54028	540119	-27.361577	-56.016074
54028030	Posadas	54	54028	540119	-27.389655	-55.919308
54028040	Posadas (Expansión)	54	54028	540112	-27.439808	-55.873209
54035010	Barra Concepción	54	54035	540126	-28.113024	-55.56404
54035020	Concepción de la Sierra	54	54035	540126	-27.981316	-55.520934
54035030	La Corita	54	54035	540133	-27.893583	-55.355191
54035040	Santa María	54	54035	540133	-27.934314	-55.407316
54042010	Colonia Victoria	54	54042	540147	-26.329889	-54.621557
54042020	Eldorado	54	54042	540154	-26.408621	-54.623843
54042030	María Magdalena	54	54042	540140	-26.238169	-54.602742
54042035	Nueva Delicia	54	54042	540140	-26.189467	-54.588152
54042040	9 de Julio Kilómetro 28	54	54042	540161	-26.430281	-54.466467
54042050	9 de Julio Kilómetro 20	54	54042	540161	-26.414533	-54.497612
54042055	Pueblo Nuevo	54	54042	540140	-26.245572	-54.591405
54042060	Puerto Mado	54	54042	540140	-26.230967	-54.62328
54042070	Puerto Pinares	54	54042	540154	-26.426817	-54.685766
54042080	Santiago de Liniers	54	54042	540168	-26.400163	-54.414989
54042090	Valle Hermoso	54	54042	540161	-26.384354	-54.46269
54042100	Villa Roulet	54	54042	540154	-26.442259	-54.640573
54049010	Comandante Andresito	54	54049	540182	-25.667436	-54.045643
54049020	Bernardo de Irigoyen	54	54049	540175	-26.254676	-53.647213
54049025	Caburei	54	54049	540182	-25.682037	-54.142609
54049030	Dos Hermanas	54	54049	540175	-26.293774	-53.756846
54049040	Integración	54	54049	540182	-25.772473	-53.852297
54049041	Juan Manuel de Rosas	54	54049	540175	-26.1995	-53.674352
54049042	Kilómetro 130	54	54049	540189	-26.014933	-53.859683
54049043	Piñalito Norte	54	54049	540189	-25.926985	-53.92544
54049045	Puerto Andresito	54	54049	540182	-25.592093	-54.007743
54049047	Puerto Deseado	54	54049	540182	-25.78624	-54.038267
54049050	San Antonio	54	54049	540189	-26.060001	-53.732966
54049060	Laguna Azul	54	54049	540175	-26.294828	-53.789009
54056005	Barrio San Isidro	54	54056	540203	-27.021216	-54.55587
54056010	El Soberbio	54	54056	540196	-27.29086	-54.200778
54056020	Fracrán	54	54056	540203	-26.742599	-54.29654
54056022	Kilómetro 74	54	54056	540203	-26.905476	-54.417587
54056023	Kilómetro 84	54	54056	540203	-26.846025	-54.367139
54056025	Margarita	54	54056	540196	-27.152375	-54.1458
54056027	Picada 37	54	54056	540203	-27.105775	-54.373539
54056029	San Alfonso	54	54056	540203	-26.79725	-54.318718
54056030	San Vicente	54	54056	540203	-26.995379	-54.483497
54056040	Sargento Cabral	54	54056	540196	-27.210732	-54.321745
54063010	Puerto Esperanza	54	54063	540210	-26.023297	-54.612509
54063020	Puerto Libertad	54	54063	540224	-25.921671	-54.582121
54063030	Puerto Iguazú	54	54063	540217	-25.610349	-54.578065
54063033	San Cayetano	54	54063	540224	-25.832632	-54.538555
54063035	Villa Cooperativa	54	54063	540224	-25.944012	-54.545199
54063040	Colonia Wanda	54	54063	540231	-25.970954	-54.573399
54070010	Almafuerte	54	54070	540238	-27.508573	-55.403162
54070020	Arroyo del Medio	54	54070	540245	-27.696156	-55.403768
54070030	Caá - Yarí	54	54070	540252	-27.484827	-55.298956
54070040	Cerro Azul	54	54070	540259	-27.633631	-55.497314
54070050	Dos Arroyos	54	54070	540266	-27.699377	-55.250182
54070060	Gobernador López	54	54070	540273	-27.66617	-55.213368
54070065	Kilómetro 26	54	54070	540266	-27.737535	-55.271897
54070070	Leandro N. Alem	54	54070	540280	-27.601868	-55.326466
54070080	Olegario V. Andrade	54	54070	540287	-27.568597	-55.50141
54070090	Villa Libertad	54	54070	540280	-27.558342	-55.316086
54077005	Aldea Perutí	54	54077	540301	-26.674849	-54.793979
54077010	Capioví	54	54077	540294	-26.929203	-55.056937
54077015	Capioviciño	54	54077	540294	-26.889997	-55.071349
54077020	El Alcázar	54	54077	540301	-26.710842	-54.815423
54077030	Garuhapé	54	54077	540308	-26.821252	-54.957787
54077035	Los Teales	54	54077	540329	-27.060435	-55.098082
54077040	Mbopicuá	54	54077	540322	-26.863533	-55.045797
54077050	Puerto Leoni	54	54077	540315	-26.986656	-55.165658
54077060	Puerto Rico	54	54077	540322	-26.814852	-55.024073
54077070	Ruiz de Montoya	54	54077	540329	-26.968678	-55.053184
54077080	San Alberto	54	54077	540322	-26.808015	-54.989211
54077090	San Gotardo	54	54077	540294	-26.924904	-55.123243
54077100	San Miguel	54	54077	540308	-26.852679	-54.887883
54077110	Villa Akerman	54	54077	540294	-26.941265	-55.095771
54077120	Villa Urrutia	54	54077	540301	-26.845148	-54.750615
54084003	Barrio Cuatro Bocas	54	54084	540343	-26.551267	-54.679925
54084005	Barrio Guatambu	54	54084	540343	-26.605629	-54.699013
54084007	Bario Ita	54	54084	540343	-26.529603	-54.708282
54084008	Barrio Santa Teresita	54	54084	540350	-26.483598	-54.658793
54084010	Caraguatay	54	54084	540336	-26.657508	-54.739154
54084020	Laharrague	54	54084	540343	-26.535257	-54.649528
54084030	Montecarlo	54	54084	540343	-26.567079	-54.765974
54084040	Piray Kilómetro 18	54	54084	540350	-26.520472	-54.596884
54084050	Puerto Piray	54	54084	540350	-26.467495	-54.713676
54084060	Tarumá	54	54084	540336	-26.718195	-54.720855
54084070	Villa Parodi	54	54084	540343	-26.498018	-54.680415
54084071	Villa Parodi	54	54084	540350	-26.497762	-54.678087
54091010	Colonia Alberdi	54	54091	540371	-27.360046	-55.231571
54091013	Barrio Escuela 461	54	54091	540406	-27.623919	-55.038482
54091014	Barrio Escuela 461	54	54091	540392	-27.621643	-55.039539
54091017	Barrio Escuela 633	54	54091	540357	-27.467685	-55.08329
54091020	Campo Ramón	54	54091	540357	-27.45568	-55.021484
54091030	Campo Viera	54	54091	540364	-27.331056	-55.052855
54091033	Colonia Finlandesa	54	54091	540413	-27.463546	-55.33532
54091035	Colonia Julio U. Martín	54	54091	540364	-27.297443	-55.114898
54091040	El Salto	54	54091	540399	-27.495362	-55.198882
54091050	General Alvear	54	54091	540378	-27.42632	-55.169696
54091060	Guaraní	54	54091	540385	-27.523401	-55.157625
54091065	La Africana	54	54091	540385	-27.546979	-55.218289
54091070	Los Helechos	54	54091	540392	-27.553185	-55.077823
54091080	Oberá	54	54091	540399	-27.481656	-55.125155
54091090	Panambí	54	54091	540406	-27.722095	-54.914642
54091100	Panambí Kilómetro 8	54	54091	540406	-27.667183	-54.982655
54091105	Panambi Kilómetro 15	54	54091	540406	-27.710468	-54.966922
54091106	Paraje Itá Chica	54	54091	540357	-27.554711	-54.934288
54091107	Paraje La Reserva	54	54091	540357	-27.45006	-54.96012
54091108	Paraje Ruta 6	54	54091	540371	-27.308678	-55.164476
54091109	Paraje Sargento Cabral	54	54091	540406	-27.658077	-54.953229
54091110	San Martín	54	54091	540413	-27.464805	-55.278107
54091120	Villa Bonita	54	54091	540357	-27.483526	-54.964159
54098003	Barrio El Francés	54	54098	540434	-27.034027	-55.41405
54098005	Barrio Tungoil	54	54098	540469	-27.115835	-55.384993
54098006	Barrio 20 de Junio	54	54098	540427	-27.149529	-55.465016
54098007	Colonia Gisela	54	54098	540420	-27.01935	-55.355537
54098008	Colonia Gisela	54	54098	540434	-27.020825	-55.366357
54098010	Colonia Polana	54	54098	540420	-26.983704	-55.317612
54098020	Corpus	54	54098	540427	-27.127804	-55.509418
54098030	Domingo Savio	54	54098	540462	-27.355516	-55.337826
54098040	General Urquiza	54	54098	540434	-27.107831	-55.376711
54098050	Gobernador Roca	54	54098	540441	-27.191017	-55.46828
54098060	Helvecia	54	54098	540448	-27.110526	-55.343828
54098070	Hipólito Yrigoyen	54	54098	540448	-27.086785	-55.286009
54098080	Jardín América	54	54098	540455	-27.042913	-55.227185
54098085	Los Teales	54	54098	540455	-27.061527	-55.10069
54098090	Oasis	54	54098	540455	-26.970836	-55.249178
54098093	Paraje Teyú Cuaré	54	54098	540462	-27.293611	-55.565693
54098095	Pastoreo	54	54098	540462	-27.320151	-55.397497
54098097	Puerto Nuevo	54	54098	540462	-27.267897	-55.569259
54098100	Roca Chica	54	54098	540441	-27.219141	-55.424533
54098110	San Ignacio	54	54098	540462	-27.258909	-55.538962
54098120	Santo Pipó	54	54098	540469	-27.139709	-55.408852
54098130	Tacuara	54	54098	540469	-27.273901	-55.258614
54098140	Yacutinga	54	54098	540441	-27.239847	-55.344674
54105010	Florentino Ameghino	54	54105	540476	-27.633854	-55.084224
54105020	Itacaruaré	54	54105	540483	-27.871365	-55.262232
54105030	Mojón Grande	54	54105	540490	-27.712138	-55.157413
54105035	Paraje Los Cedros	54	54105	540476	-27.662341	-55.065626
54105040	San Javier	54	54105	540497	-27.873959	-55.134826
54112010	Cruce Caballero	54	54112	540504	-26.542569	-53.94125
54112012	Escuela 357	54	54112	540501	-26.333345	-53.872379
54112015	Laguna Azul	54	54112	540501	-26.298368	-53.799409
54112020	Paraíso	54	54112	540504	-26.686027	-54.202208
54112030	Piñalito Sur	54	54112	540504	-26.425265	-53.84164
54112035	Pozo Azul	54	54112	540501	-26.347056	-54.149452
54112040	San Pedro	54	54112	540504	-26.618212	-54.106983
54112050	Tobuna	54	54112	540504	-26.470692	-53.890943
54119010	Alba Posse	54	54119	540511	-27.569016	-54.68356
54119020	Alicia Alta	54	54119	540518	-27.377987	-54.352414
54119025	Alicia Baja	54	54119	540518	-27.439996	-54.35298
54119028	Colonia Acaragua	54	54119	540511	-27.47843	-54.848261
54119030	Colonia Aurora	54	54119	540518	-27.472506	-54.521138
54119032	Colonia 9 de Julio	54	54119	540511	-27.54597	-54.76258
54119034	Mai Bao	54	54119	540525	-27.479206	-54.649215
54119035	Paraje Aristóbulo Chico	54	54119	540525	-27.28082	-54.754366
54119036	Paraje Dorado	54	54119	540518	-27.374059	-54.392466
54119037	Primavera	54	54119	540525	-27.228233	-54.734727
54119040	San Francisco de Asís	54	54119	540511	-27.464831	-54.745884
54119050	Santa Rita	54	54119	540511	-27.522149	-54.727932
54119060	25 de Mayo	54	54119	540525	-27.381475	-54.745308
58007010	Aluminé	58	58007	580007	-39.238406	-70.915908
58007015	Moquehue	58	58007	580252	-38.945157	-71.328967
58007020	Villa Pehuenia	58	58007	580252	-38.881283	-71.174059
58014005	Aguada San Roque	58	58014	585014	-37.998649	-68.92293
58014010	Añelo	58	58014	580014	-38.351444	-68.791972
58014015	Los Chihuidos	58	58014	585021	-38.241683	-69.484462
58014020	San Patricio del Chañar	58	58014	580021	-38.625782	-68.298646
58021010	Las Coloradas	58	58021	580028	-39.55645	-70.594083
58021020	Pilo Lil	58	58021	585028	-39.604551	-70.935029
58028010	Piedra del Águila	58	58028	580035	-40.048575	-70.075166
58028020	Santo Tomás	58	58028	585035	-39.822132	-70.102486
58035010	Arroyito	58	58035	580077	-39.072427	-68.56728
58035012	Azul Pescador	58	58035	580084	-39.312745	-68.878073
58035014	Bahía Bonita	58	58035		-38.650604	-68.45401
58035016	Bahía de Playas	58	58035		-38.661634	-68.588343
58035030	Centenario	58	58035	580042	-38.830092	-68.121505
58035040	Cutral Có	58	58035	580049	-38.937901	-69.229358
58035055	La Península	58	58035		-38.63559	-68.581541
58035057	Los Barreales	58	58035	585042	-38.509368	-68.962011
58035060	Mari Menuco	58	58035		-38.539519	-68.551064
58035070	Neuquén	58	58035	580056	-38.951307	-68.059144
58035090	Plaza Huincul	58	58035	580063	-38.92936	-69.205275
58035100	Plottier	58	58035	580070	-38.952271	-68.22697
58035107	Sauzal Bonito	58	58035	585042	-38.601673	-69.105561
58035110	Senillosa	58	58035	580077	-39.00885	-68.42684
58035115	Villa del Sol	58	58035		-38.570461	-68.500771
58035120	Villa El Chocón	58	58035	580084	-39.260926	-68.783378
58035125	Villa Tenis Club Neuquén	58	58035		-38.58894	-68.474897
58035130	Vista Alegre Norte	58	58035	580091	-38.734352	-68.171182
58035140	Vista Alegre Sur	58	58035	580091	-38.771668	-68.135277
58035150	Yacht Club Neuquén	58	58035		-38.544551	-68.582122
58042010	Chos Malal	58	58042	580098	-37.374782	-70.276467
58042013	Cochico	58	58042	585049	-36.484105	-70.221846
58042015	El Alamito	58	58042	585056	-37.25815	-70.406366
58042020	Tricao Malal	58	58042	580105	-37.044798	-70.324938
58042030	Los Menucos	58	58042	585056	-37.131114	-70.397885
58049010	Junín de los Andes	58	58049	580112	-39.950861	-71.070875
58049020	Villa Huechulafquen	58	58049	580112	-39.79315	-71.210956
58049030	Villa Lolog	58	58049	580112	-40.066653	-71.310458
58056003	Aeropuerto Chapelco	58	58056		-40.086789	-71.143682
58056005	Parque Diana	58	58056		-40.314173	-71.380229
58056010	San Martín de los Andes	58	58056	580119	-40.156821	-71.352658
58056020	Villa Lago Meliquina	58	58056		-40.388905	-71.24516
58063010	Chorriaca	58	58063	585063	-37.929624	-70.056216
58063020	Loncopué	58	58063	580126	-38.073203	-70.614425
58070010	Villa La Angostura	58	58070	580133	-40.761913	-71.647861
58070020	Villa Traful	58	58070	585070	-40.654421	-71.401705
58077010	Andacollo	58	58077	580140	-37.179678	-70.670015
58077013	Butalón Norte	58	58077	580147	-36.986335	-70.690757
58077017	Guañacos	58	58077	585077	-37.269294	-70.766247
58077020	Huinganco	58	58077	580147	-37.15838	-70.621196
58077030	Las Ovejas	58	58077	580154	-36.988134	-70.7487
58077040	Los Miches	58	58077	580161	-37.205323	-70.818539
58077050	Manzano Amargo	58	58077	585084	-36.752943	-70.763306
58077060	Varvarco	58	58077	585091	-36.847747	-70.677263
58077070	Los Carrizos	58	58077	585098	-37.120731	-70.769757
58084010	Caviahue	58	58084	580168	-37.871282	-71.05491
58084020	Copahue	58	58084	580168	-37.818677	-71.098738
58084030	El Cholar	58	58084	580175	-37.441526	-70.645493
58084040	El Huecú	58	58084	580182	-37.644877	-70.581314
58084050	Taquimilán	58	58084	580189	-37.517498	-70.248751
58091010	Barrancas	58	58091	580196	-36.821214	-69.915476
58091020	Buta Ranquil	58	58091	580203	-37.051683	-69.877903
58091030	Octavio Pico	58	58091	585105	-37.589635	-68.25791
58091040	Rincón de los Sauces	58	58091	580210	-37.390174	-68.925252
58098003	Chocón Medio	58	58098		-39.34102	-68.9669
58098005	El Sauce	58	58098	585112	-39.478899	-69.531757
58098010	Paso Aguerre	58	58098	585119	-39.339771	-69.844246
58098020	Picún Leufú	58	58098	580217	-39.518663	-69.291137
58105010	Bajada del Agrio	58	58105	580224	-38.408169	-70.029918
58105020	La Buitrera	58	58105	580231	-38.552312	-70.369392
58105030	Las Lajas	58	58105	580231	-38.523474	-70.361649
58105040	Quili Malal	58	58105	585126	-38.326904	-69.813632
58112005	El Cristo	58	58112	580245	-38.857813	-70.015858
58112010	Los Catutos	58	58112	585140	-38.832662	-70.185827
58112020	Mariano Moreno	58	58112	580238	-38.76136	-70.036557
58112030	Ramón M. Castro	58	58112	585147	-38.863813	-69.744904
58112040	Zapala	58	58112	580245	-38.896429	-70.06758
62007010	Bahía Creek	62	62007	620014	-41.083459	-63.931845
62007020	El Cóndor	62	62007	620014	-41.041284	-62.829052
62007030	El Juncal	62	62007	620014	-40.807651	-63.122388
62007035	El Pescadero	62	62007	620014	-41.022755	-62.798261
62007040	Guardia Mitre	62	62007	620007	-40.429126	-63.672864
62007050	La Lobería	62	62007	620014	-41.152749	-63.125331
62007060	Loteo Costa de Río	62	62007	620014	-40.870474	-62.920284
62007070	Pozo Salado	62	62007		-41.012734	-64.163191
62007080	San Javier	62	62007	625014	-40.750758	-63.268008
62007090	Viedma	62	62007	620014	-40.8083	-62.994673
62014010	Barrio Unión	62	62014	620021	-39.159792	-66.190502
62014020	Chelforó	62	62014	625084	-39.087505	-66.521125
62014030	Chimpay	62	62014	620021	-39.164873	-66.145791
62014040	Choele Choel	62	62014	620028	-39.29117	-65.655414
62014050	Coronel Belisle	62	62014	620035	-39.18583	-65.956319
62014060	Darwin	62	62014	620042	-39.203008	-65.739772
62014070	Lamarque	62	62014	620049	-39.425092	-65.702059
62014080	Luis Beltrán	62	62014	620056	-39.310719	-65.763593
62014090	Pomona	62	62014	620063	-39.484514	-65.609903
62021020	Colonia Suiza	62	62021	620077	-41.094677	-71.509486
62021030	El Bolsón	62	62021	620070	-41.968542	-71.535473
62021040	El Foyel	62	62021	625028	-41.653702	-71.460913
62021042	Lago Moreno	62	62021	620077	-41.101415	-71.497599
62021044	Las Cartas	62	62021	620077	-41.073653	-71.533189
62021045	Los Repollos	62	62021	620070	-41.87914	-71.460326
62021047	Mallín Ahogado	62	62021	620070	-41.839563	-71.504984
62021050	Río Villegas	62	62021	625028	-41.578373	-71.501557
62021060	San Carlos de Bariloche	62	62021	620077	-41.133518	-71.310123
62021080	Villa Catedral	62	62021	620077	-41.167707	-71.440144
62021110	Villa Mascardi	62	62021	625049	-41.349554	-71.509042
62028010	Barrio Colonia Conesa	62	62028	620084	-40.150752	-64.349624
62028020	General Conesa	62	62028	620084	-40.106221	-64.453035
62028030	Barrio Planta Compresora de Gas	62	62028		-40.06014	-64.472377
62035010	Aguada Guzmán	62	62035	625077	-39.980919	-68.872935
62035020	Cerro Policía	62	62035	625063	-39.725178	-68.491286
62035030	El Cuy	62	62035	625056	-39.926903	-68.344748
62035040	Las Perlas	62	62035	620133	-38.984069	-68.14035
62035050	Mencué	62	62035	625070	-40.423183	-69.614284
62035060	Naupa Huen	62	62035	625098	-39.828285	-69.508973
62035070	Paso Córdova	62	62035	620161	-39.115333	-67.626497
62035080	Valle Azul	62	62035	625112	-39.155799	-66.787911
62042010	Allen	62	62042	620091	-38.979511	-67.828021
62042020	Paraje Arroyón (Bajo San Cayetano)	62	62042		-38.728955	-68.055514
62042030	Barda del Medio	62	62042	620140	-38.725608	-68.155971
62042035	Barrio Alta Barda	62	62042	620091	-38.961731	-67.823846
62042040	Barrio Blanco	62	62042	620091	-39.03491	-67.793118
62042045	Barrio Buenos Aires Chico	62	62042	620161	-39.089189	-67.672861
62042050	Barrio Calle Ciega Nº 10	62	62042	620091	-39.022251	-67.803445
62042060	Barrio Calle Ciega Nº 6	62	62042	620091	-39.039965	-67.756231
62042070	Barrio Canale	62	62042	620161	-39.070653	-67.63896
62042075	Barrio Ceferino	62	62042	620168	-39.041181	-67.244875
62042080	Barrio Chacra Monte	62	62042	620161	-39.051649	-67.634585
62042090	Barrio Costa Este	62	62042	620091	-39.029748	-67.80988
62042110	Barrio Costa Oeste	62	62042	620091	-39.02773	-67.840559
62042115	Barrio Destacamento	62	62042	625105	-37.693774	-67.869346
62042120	Barrio El Labrador	62	62042	620098	-38.6669	-68.242925
62042130	Barrio El Maruchito	62	62042	620091	-38.99679	-67.760641
62042140	Barrio El Petróleo	62	62042	620161	-39.061735	-67.511487
62042143	Barrio Emergente	62	62042	620091	-39.000501	-67.849134
62042147	Barrio Fátima	62	62042	620112	-39.057114	-67.472766
62042150	Barrio Frontera	62	62042	620161	-39.074474	-67.705631
62042160	Barrio Guerrico	62	62042	620091	-39.049137	-67.736566
62042170	Barrio Isla 10	62	62042	620154	-38.996644	-67.918146
62042180	Barrio La Barda	62	62042	620168	-39.050981	-67.216501
62042200	Barrio La Costa	62	62042	620168	-39.09229	-67.203121
62042201	Barrio La Costa	62	62042	620133	-38.903885	-68.065022
62042210	Barrio La Defensa	62	62042	620112	-39.031401	-67.388011
62042213	Barrio La Herminia	62	62042	620133	-38.886462	-68.064862
62042215	Barrio La Herradura	62	62042	620091	-39.042466	-67.780196
62042224	Barrio La Luna	62	62042	620112	-39.066488	-67.377537
62042240	Puente Cero	62	62042	620112	-39.02793	-67.499859
62042245	Barrio Luisillo	62	62042	620175	-39.056209	-67.345437
62042250	Barrio Mar del Plata	62	62042	620161	-39.085454	-67.659103
62042255	Barrio Marengo	62	62042	620140	-38.710546	-68.144073
62042260	Barrio María Elvira	62	62042	620133	-38.990769	-67.970867
62042265	Barrio Moño Azul	62	62042	620119	-39.135469	-66.894275
62042280	Barrio Norte	62	62042	620133	-38.863728	-68.023191
62042297	Barrio Pinar	62	62042	625105	-37.679444	-67.873609
62042310	Barrio Porvenir	62	62042	620112	-39.044545	-67.456902
62042335	Barrio Santa Lucia	62	62042	620175	-39.032417	-67.298546
62042340	Barrio Santa Rita	62	62042	620182	-39.126357	-67.102722
62042345	Barrio Tronelli	62	62042	620140	-38.710491	-68.164838
62042350	Barrio Unión	62	62042	620154	-38.985559	-67.951831
62042360	Catriel	62	62042	620105	-37.881529	-67.794557
62042370	Cervantes	62	62042	620112	-39.053944	-67.394189
62042380	Chichinales	62	62042	620119	-39.114881	-66.942515
62042390	Cinco Saltos	62	62042	620126	-38.827562	-68.066096
62042400	Cipolletti	62	62042	620133	-38.929291	-67.984332
62042410	Contralmirante Cordero	62	62042	620140	-38.757006	-68.099497
62042415	Costa Blanco	62	62042	620091	-39.01747	-67.718421
62042420	Ferri	62	62042	620133	-38.889971	-68.007601
62042430	General Enrique Godoy	62	62042	620147	-39.07955	-67.157551
62042440	General Fernández Oro	62	62042	620154	-38.953954	-67.929169
62042450	General Roca	62	62042	620161	-39.026703	-67.574854
62042460	Ingeniero Luis A. Huergo	62	62042	620168	-39.071176	-67.232888
62042470	Ingeniero Otto Krause	62	62042	620119	-39.106313	-66.995408
62042480	Mainqué	62	62042	620175	-39.063756	-67.304281
62042485	Martín Fierro	62	62042	620091	-39.019377	-67.851053
62042490	Paso Córdova	62	62042	620161	-39.105549	-67.627653
62042500	Península Ruca Co	62	62042		-38.701957	-68.030545
62042520	Sargento Vidal	62	62042	620098	-38.686371	-68.158621
62042530	Villa Alberdi	62	62042	620182	-39.128292	-67.048651
62042540	Villa del Parque	62	62042	620119	-39.126132	-66.997461
62042550	Villa Manzano	62	62042	620098	-38.680698	-68.216093
62042560	Villa Regina	62	62042	620182	-39.101606	-67.079467
62042570	Villa San Isidro	62	62042	620098	-38.70638	-68.174374
62049010	Comicó	62	62049	625210	-41.071067	-67.477644
62049020	Cona Niyeu	62	62049	625161	-41.864823	-66.93803
62049030	Ministro Ramos Mexía	62	62049	620189	-40.506975	-67.260732
62049040	Prahuaniyeu	62	62049	625259	-41.339903	-67.905154
62049050	Sierra Colorada	62	62049	620196	-40.586056	-67.758154
62049060	Treneta	62	62049	625119	-40.955858	-67.057451
62049070	Yaminué	62	62049	625126	-40.9755	-67.191674
62056005	Estación Ñorquinco	62	62056	620203	-41.883468	-70.908323
62056010	Las Bayas	62	62056	620224	-41.455631	-70.669782
62056020	Mamuel Choique	62	62056	625238	-41.772641	-70.137626
62056030	Ñorquincó	62	62056	620203	-41.849599	-70.90005
62056040	Ojos de Agua	62	62056	625245	-41.556028	-69.869604
62056050	Río Chico	62	62056	625266	-41.711484	-70.475545
62063005	Barrio Esperanza	62	62063	620210	-39.046312	-63.997931
62063010	Colonia Juliá y Echarren	62	62063	620210	-39.032702	-64.027724
62063013	Juventud Unida	62	62063	620210	-39.017435	-64.065451
62063017	Pichi Mahuida	62	62063	625133	-38.831512	-64.935376
62063020	Río Colorado	62	62063	620210	-38.990776	-64.095933
62063060	Salto Andersen	62	62063	620210	-38.824378	-64.820604
62070003	Blancura Centro	62	62070		-40.3662	-69.779234
62070005	Cañadón Chileno	62	62070	620217	-40.888508	-70.02272
62070010	Comallo	62	62070	620217	-41.029948	-70.267849
62070015	Corralito	62	62070	620224	-40.724699	-70.709425
62070020	Dina Huapi	62	62070	620273	-41.068	-71.163277
62070030	Laguna Blanca	62	62070	625231	-40.721288	-69.841215
62070040	Ñirihuau	62	62070	620273	-41.088559	-71.136913
62070050	Paso Flores	62	62070	620224	-40.678848	-70.624864
62070060	Pilcaniyeu	62	62070	620224	-41.122538	-70.720172
62070070	Pilquiniyeu del Limay	62	62070	625140	-40.515745	-70.026036
62070080	Villa Llanquín	62	62070	625042	-40.897311	-71.033346
62077005	El Empalme	62	62077	620231	-40.712448	-65.003659
62077007	El Sótano	62	62077	620231	-40.854979	-65.131958
62077010	Las Grutas	62	62077	620231	-40.806093	-65.084702
62077020	Playas Doradas	62	62077	620238	-41.63115	-65.028631
62077030	Puerto San Antonio Este	62	62077	620231	-40.804024	-64.87959
62077040	Punta Colorada	62	62077	620238	-41.689811	-65.027112
62077045	Saco Viejo	62	62077	620231	-40.815973	-64.758551
62077050	San Antonio Oeste	62	62077	620231	-40.733121	-64.95695
62077060	Sierra Grande	62	62077	620238	-41.605462	-65.357011
62084010	Aguada Cecilio	62	62084	625168	-40.848033	-65.843479
62084020	Arroyo Los Berros	62	62084	625147	-41.437254	-66.095077
62084030	Arroyo Ventana	62	62084	625154	-41.665133	-66.092246
62084040	Nahuel Niyeu	62	62084	625182	-40.504246	-66.56331
62084050	Sierra Pailemán	62	62084	625189	-41.192066	-65.978611
62084060	Valcheta	62	62084	620245	-40.676568	-66.167051
62091010	Aguada de Guerra	62	62091	625196	-41.067033	-68.382729
62091020	Clemente Onelli	62	62091	625217	-41.244835	-70.034203
62091030	Colan Conhue	62	62091	625203	-40.667978	-69.10631
62091040	El Caín	62	62091	625224	-41.668187	-68.160035
62091050	Ingeniero Jacobacci	62	62091	620252	-41.326813	-69.544126
62091060	Los Menucos	62	62091	620259	-40.842775	-68.085873
62091070	Maquinchao	62	62091	620266	-41.247517	-68.700341
62091090	Pilquiniyeu	62	62091	625252	-41.832579	-68.351605
66007010	Apolinario Saravia	66	66007	660007	-24.430729	-63.994988
66007020	Ceibalito	66	66007	660028	-25.110306	-64.275138
66007030	Centro 25 de Junio	66	66007	660028	-24.957796	-63.85373
66007040	Coronel Mollinedo	66	66007	660007	-24.539985	-64.100951
66007050	Coronel Olleros	66	66007	660028	-25.100091	-64.218074
66007060	El Quebrachal	66	66007	660014	-25.331976	-64.01769
66007070	Gaona	66	66007	660014	-25.241474	-64.037214
66007080	General Pizarro	66	66007	660021	-24.227564	-63.988565
66007090	Joaquín V. Gonzalez	66	66007	660028	-25.117415	-64.124784
66007100	Las Lajitas	66	66007	660035	-24.727424	-64.19548
66007110	Luis Burela	66	66007	660021	-24.386853	-63.9884
66007120	Macapillo	66	66007	660014	-25.403687	-63.98068
66007130	Nuestra Señora de Talavera	66	66007	660014	-25.45904	-63.779708
66007140	Piquete Cabado	66	66007	660028	-24.820807	-64.177868
66007150	Rí­o del Valle	66	66007	660035	-24.67476	-64.201353
66007160	Tolloche	66	66007	660014	-25.525482	-63.523743
66014010	Cachi	66	66014	660042	-25.120082	-66.161961
66014017	Palermo Oeste	66	66014	660042	-24.93443	-66.165511
66014020	Payogasta	66	66014	660049	-25.051417	-66.103137
66014030	San José de Escalchi	66	66014	660042	-25.222736	-66.204424
66021010	Cafayate	66	66021	660056	-26.073028	-65.975938
66021020	Tolombón	66	66021	660056	-26.182738	-65.939897
66028015	Cobos	66	66028	660105	-24.736257	-65.085119
66028050	Salta	66	66028	660063	-24.783099	-65.411036
66028060	San Lorenzo	66	66028	660070	-24.731197	-65.486601
66035010	San José de los Cerrillos	66	66035	660077	-24.903919	-65.487221
66035012	Cielos del Sur	66	66035	660077	-24.890182	-65.431296
66035020	La Merced	66	66035	660084	-24.966908	-65.489059
66035023	La Pedrera	66	66035	660077	-24.864897	-65.367927
66035025	Las Palmas	66	66035	660077	-24.90256	-65.429345
66035030	San Agustín	66	66035	660084	-24.995971	-65.440788
66035035	Terrazas del Río	66	66035	660077	-24.922005	-65.38698
66035050	Villa Sarmiento	66	66035	660084	-24.948819	-65.422336
66042003	Barrio Finca La Maroma	66	66042	660091	-25.151235	-65.442611
66042005	Barrio La Rotonda	66	66042	660091	-25.082587	-65.537643
66042007	El Mollar	66	66042	660091	-25.037103	-65.572218
66042008	El Mollar	66	66042	660098	-25.039174	-65.565101
66042010	Chicoana	66	66042	660091	-25.102659	-65.535042
66042020	El Carril	66	66042	660098	-25.07915	-65.493348
66049005	Betania	66	66049	660105	-24.695082	-65.149709
66049007	Cabeza de Buey	66	66049	660105	-24.793001	-65.030086
66049010	Campo Santo	66	66049	660105	-24.682914	-65.10497
66049020	Cobos	66	66049	660105	-24.736073	-65.084684
66049030	El Bordo	66	66049	660112	-24.662359	-65.100111
66049035	El Sauce	66	66049	660112	-24.594713	-65.147522
66049040	General Güemes	66	66049	660119	-24.674425	-65.046683
66056010	Aguaray	66	66056	660126	-22.244875	-63.735343
66056030	Campichuelo	66	66056	660133	-23.110309	-63.998461
66056040	Campo Durán	66	66056	660126	-22.200215	-63.675764
66056050	Capiazuti	66	66056	660126	-22.203216	-63.718873
66056055	Caraparí	66	66056	660126	-22.112851	-63.706461
66056060	Carboncito	66	66056	660133	-23.237032	-63.771586
66056070	Coronel Cornejo	66	66056	660147	-22.736843	-63.818647
66056080	Dragones	66	66056	660133	-23.249831	-63.336637
66056090	Embarcación	66	66056	660133	-23.210274	-64.097311
66056100	General Ballivián	66	66056	660140	-22.932506	-63.858746
66056110	General Mosconi	66	66056	660147	-22.596146	-63.811021
66056120	Hickman	66	66056	660133	-23.212352	-63.568839
66056130	Misión Chaqueña	66	66056	660133	-23.262522	-63.738994
66056150	Misión Kilómetro 6	66	66056	660161	-22.513206	-63.751536
66056170	Pacará	66	66056	660161	-22.448776	-63.441477
66056180	Padre Lozano	66	66056	660133	-23.216506	-63.848407
66056190	Piquirenda	66	66056	660126	-22.32394	-63.752178
66056200	Profesor Salvador Mazza	66	66056	660154	-22.051657	-63.691901
66056215	Santa Marí­a de Yariguarenda	66	66056	660161	-22.434125	-63.783801
66056220	Tartagal	66	66056	660161	-22.516772	-63.805599
66056230	Tobantirenda	66	66056	660126	-22.148239	-63.715088
66056240	Tranquitas	66	66056	660161	-22.406026	-63.774024
66056250	Yacuy	66	66056	660161	-22.369722	-63.769723
66056260	Zanja Honda	66	66056	660161	-22.469339	-63.790152
66063003	Alemanía	66	66063	660168	-25.624727	-65.612628
66063007	Coropampa	66	66063	660168	-25.502022	-65.491517
66063010	Guachipas	66	66063	660168	-25.522515	-65.510298
66070005	Cortaderas	66	66070	660182	-22.997246	-64.714463
66070010	Iruya	66	66070	660175	-22.792743	-65.219084
66070020	Isla de Cañas	66	66070	660182	-22.899122	-64.665202
66070030	Pueblo Viejo	66	66070	660175	-22.838319	-65.213866
66070040	Rodeo Colorado	66	66070	660175	-22.660462	-65.179238
66070050	San Isidro	66	66070	660175	-22.756945	-65.242626
66077010	La Caldera	66	66077	660189	-24.602675	-65.380655
66077013	La Calderilla	66	66077	660189	-24.640359	-65.386447
66077020	Vaqueros	66	66077	660196	-24.696574	-65.410555
66084010	El Jardí­n	66	66084	660203	-26.079601	-65.393065
66084020	El Tala	66	66084	660210	-26.112117	-65.277801
66084030	La Candelaria	66	66084	660217	-26.1273	-65.051288
66091005	Cerro Negro	66	66091	660224	-23.500075	-66.11789
66091010	Cobres	66	66091	660224	-23.650471	-66.28856
66091020	La Poma	66	66091	660224	-24.722565	-66.200565
66098010	Ampascachi	66	66098	660238	-25.35236	-65.527632
66098020	Cabra Corral	66	66098	660231	-25.271304	-65.332844
66098030	Coronel Moldes	66	66098	660231	-25.280078	-65.478636
66098035	El Carmen	66	66098	660238	-25.43755	-65.562089
66098037	El Préstamo	66	66098	660231	-25.283812	-65.434195
66098040	La Viña	66	66098	660238	-25.46806	-65.565633
66098045	Saladillo	66	66098	660231	-25.251614	-65.43061
66098050	Talapampa	66	66098	660238	-25.544988	-65.556972
66105010	Olacapato	66	66105	660245	-24.113956	-66.720946
66105017	Salar de Pocitos	66	66105	660245	-24.374407	-66.992452
66105020	San Antonio de los Cobres	66	66105	660245	-24.219708	-66.320597
66105030	Santa Rosa de los Pastos Grandes	66	66105	660245	-24.467681	-66.67362
66105040	Tolar Grande	66	66105	660252	-24.590426	-67.395938
66112010	El Galpón	66	66112	660259	-25.380643	-64.651622
66112020	El Tunal	66	66112	660259	-25.253161	-64.397745
66112030	Lumbreras	66	66112	660280	-25.210184	-64.92505
66112040	San José de Metán	66	66112	660266	-25.497077	-64.971065
66112070	Rí­o Piedras	66	66112	660280	-25.31432	-64.91035
66112080	San José de Orquera	66	66112	660259	-25.266155	-64.075889
66119010	La Puerta	66	66119	660287	-25.280052	-66.449854
66119020	Molinos	66	66119	660273	-25.437177	-66.294556
66119030	Seclantás	66	66119	660287	-25.331744	-66.244205
66126010	Aguas Blancas	66	66126	660290	-22.735088	-64.355207
66126020	Colonia Santa Rosa	66	66126	660294	-23.394304	-64.425594
66126030	El Tabacal	66	66126	660301	-23.253268	-64.246565
66126040	Hipólito Yrigoyen	66	66126	660301	-23.244308	-64.27658
66126055	Los Naranjos	66	66126	660315	-23.11929	-64.67559
66126060	Pichanal	66	66126	660308	-23.329516	-64.22411
66126065	Río Blanquito	66	66126	660315	-23.184624	-64.686459
66126070	San Ramón de la Nueva Orán	66	66126	660315	-23.128639	-64.321384
66126080	Urundel	66	66126	660322	-23.557837	-64.396971
66133010	Alto de la Sierra	66	66133	660343	-22.740304	-62.497796
66133020	Capitán Juan Pagé	66	66133	660329	-23.68804	-62.376444
66133030	Coronel Juan Solá	66	66133	660329	-23.470514	-62.887883
66133035	Hito 1	66	66133	660343	-21.999419	-62.823884
66133037	La Merced	66	66133	660343	-22.232061	-62.683262
66133040	La Unión	66	66133	660336	-23.896768	-63.196991
66133050	Los Blancos	66	66133	660329	-23.609313	-62.594843
66133055	Misión La Paz	66	66133	660343	-22.379911	-62.519457
66133060	Pluma de Pato	66	66133	660329	-23.373017	-63.093672
66133070	Rivadavia	66	66133	660336	-24.184971	-62.888242
66133080	Santa Marí­a	66	66133	660343	-22.154536	-62.80908
66133090	Santa Rosa	66	66133	660336	-24.026729	-63.083098
66133100	Santa Victoria Este	66	66133	660343	-22.272633	-62.712621
66140005	Almirante Brown	66	66140	660357	-25.896158	-64.765325
66140010	Antilla	66	66140	660350	-26.119548	-64.593402
66140020	Copo Quile	66	66140	660350	-26.011253	-64.671139
66140030	El Naranjo	66	66140	660357	-25.722268	-65.013741
66140040	El Potrero	66	66140	660350	-26.047441	-64.650247
66140045	Los Baños	66	66140	660357	-25.836346	-64.9148
66140050	Rosario de la Frontera	66	66140	660357	-25.798618	-64.973944
66140060	San Felipe	66	66140	660357	-25.718002	-64.835407
66140070	San Lorenzo	66	66140	660350	-26.105675	-64.653428
66147005	Barrio Retoños de Colón	66	66147	660371	-24.898494	-65.574732
66147010	Campo Quijano	66	66147	660364	-24.908159	-65.642878
66147013	El Pucará	66	66147	660371	-24.943062	-65.545918
66147015	La Merced del Encón	66	66147	660364	-24.870965	-65.56076
66147020	La Silleta	66	66147	660364	-24.874975	-65.590501
66147030	Rosario de Lerma	66	66147	660371	-24.985867	-65.57844
66154005	Amblayo	66	66154	660392	-25.544426	-65.820711
66154010	Angastaco	66	66154	660378	-25.690906	-66.16702
66154020	Animaná	66	66154	660385	-25.969506	-65.948981
66154040	San Carlos	66	66154	660392	-25.893045	-65.929167
66161010	Acoyte	66	66161	660413	-22.283462	-65.016616
66161015	Cuesta Azul	66	66161	660406	-22.545001	-65.121005
66161020	Campo La Cruz	66	66161	660406	-22.498345	-65.097591
66161023	Campo La Paz	66	66161	660406	-22.37022	-65.146552
66161027	Lizoite	66	66161	660413	-22.261191	-65.163247
66161030	Los Toldos	66	66161	660399	-22.280006	-64.698936
66161035	Mecoyita	66	66161	660413	-22.125245	-64.900879
66161040	Nazareno	66	66161	660406	-22.50985	-65.101934
66161050	Poscaya	66	66161	660406	-22.454469	-65.081759
66161060	San Marcos	66	66161	660406	-22.515086	-65.111709
66161070	Santa Victoria	66	66161	660413	-22.25072	-64.965576
66161080	Vizcachani	66	66161	660413	-22.131217	-65.134421
70007010	El Rincón	70	70007	700007	-31.444502	-68.541809
70007020	Villa General San Martín - Campo Afuera	70	70007	700007	-31.439642	-68.520557
70014010	Las Tapias	70	70014	700014	-31.407114	-68.399331
70014020	Villa El Salvador - Villa Sefair	70	70014	700014	-31.45354	-68.403632
70021010	Barreal - Villa Pituil	70	70021	700021	-31.649336	-69.476363
70021020	Calingasta	70	70021	700021	-31.334479	-69.420554
70021025	El Carrizal	70	70021	700021	-31.568213	-69.444876
70021027	La Isla	70	70021	700021	-31.381417	-69.416004
70021030	Tamberías	70	70021	700021	-31.45796	-69.42149
70028010	San Juan	70	70028	700028	-31.537197	-68.525018
70035010	Bermejo	70	70035	700035	-31.590301	-67.66046
70035020	Caucete	70	70035	700035	-31.651479	-68.28214
70035025	Divisoria	70	70035	700035	-31.703772	-68.285157
70035030	El Rincón	70	70035	700035	-31.6623	-68.320309
70035037	La Puntilla	70	70035	700035	-31.598038	-68.304832
70035040	Las Talas - Los Médanos	70	70035	700035	-31.610818	-68.262974
70035050	Marayes	70	70035	700035	-31.463427	-67.351599
70035060	Pie de Palo	70	70035	700035	-31.6682	-68.224065
70035063	Pozo de los Algarrobos	70	70035	700035	-31.696284	-68.197902
70035070	Vallecito	70	70035	700035	-31.740374	-67.988525
70035080	Villa Independencia	70	70035	700035	-31.624529	-68.313815
70042010	Chimbas	70	70042	700042	-31.493194	-68.533542
70049010	Angualasto	70	70049	700049	-30.06005	-69.17499
70049030	Iglesia	70	70049	700049	-30.424159	-69.229087
70049040	Las Flores	70	70049	700049	-30.315307	-69.217661
70049050	Pismanta	70	70049	700049	-30.281381	-69.227964
70049060	Rodeo	70	70049	700049	-30.210819	-69.13209
70049070	Tudcum	70	70049	700049	-30.188148	-69.270747
70056010	El Médano	70	70056	700056	-30.126538	-68.681924
70056015	Entre Ríos	70	70056	700056	-30.088275	-68.678771
70056020	Gran China	70	70056	700056	-30.121781	-68.721092
70056030	Huaco	70	70056	700056	-30.157758	-68.482641
70056040	Mogna	70	70056	700056	-30.695394	-68.360265
70056050	Niquivil	70	70056	700056	-30.409501	-68.69005
70056060	Pampa Vieja	70	70056	700056	-30.214371	-68.688344
70056070	San Isidro	70	70056	700056	-30.143353	-68.705321
70056080	San José de Jáchal	70	70056	700056	-30.241643	-68.746584
70056090	Tamberías	70	70056	700056	-30.182978	-68.725789
70056100	Villa Malvinas Argentinas	70	70056	700056	-30.223151	-68.735459
70056110	Villa Mercedes	70	70056	700056	-30.108345	-68.703451
70063010	Alto de Sierra	70	70063	700063	-31.537261	-68.421194
70063030	Las Chacritas	70	70063	700063	-31.595213	-68.400802
70063040	9 de Julio	70	70063	700063	-31.669751	-68.390042
70070005	Barrio Municipal	70	70070	700070	-31.757021	-68.551201
70070010	Barrio Ruta 40	70	70070	700070	-31.857947	-68.536876
70070020	Carpintería	70	70070	700070	-31.819734	-68.542048
70070030	Quinto Cuartel	70	70070	700070	-31.614036	-68.600175
70070040	Villa Aberastain - La Rinconada	70	70070	700070	-31.65802	-68.579574
70070050	Villa Barboza - Villa Nacusi	70	70070	700070	-31.596415	-68.542618
70070060	Villa Centenario	70	70070	700070	-31.681955	-68.51805
70077010	Rawson	70	70077	700077	-31.570886	-68.529608
70077020	Villa Bolaños (Médano de Oro)	70	70077	700077	-31.628964	-68.480489
70084010	Rivadavia	70	70084	700084	-31.53352	-68.592069
70091010	Barrio Sadop - Bella Vista	70	70091	700091	-31.536722	-68.396445
70091020	Dos Acequias	70	70091	700091	-31.493859	-68.414253
70091030	San Isidro	70	70091	700091	-31.487099	-68.325134
70091040	Villa del Salvador	70	70091	700091	-31.463667	-68.410953
70091050	Villa Dominguito	70	70091	700091	-31.559121	-68.297645
70091060	Villa Don Bosco	70	70091	700091	-31.551888	-68.339019
70091070	Villa San Martín	70	70091	700091	-31.516762	-68.352647
70098010	Santa Lucía	70	70098	700098	-31.540472	-68.497997
70105010	Cañada Honda	70	70105	700105	-31.985053	-68.548191
70105020	Cienaguita	70	70105	700105	-32.077162	-68.696168
70105025	Cochagual	70	70105	700105	-31.881497	-68.384472
70105030	Colonia Fiscal	70	70105	700105	-31.902744	-68.469659
70105040	Divisadero	70	70105	700105	-32.003721	-68.696454
70105060	Las Lagunas	70	70105	700105	-32.044295	-68.368239
70105070	Los Berros	70	70105	700105	-31.952725	-68.654274
70105080	Pedernal	70	70105	700105	-31.995188	-68.757732
70105090	Punta del Médano	70	70105	700105	-31.894604	-68.41831
70105095	Tres Esquinas	70	70105	700105	-32.066004	-68.429291
70105100	Villa Media Agua	70	70105	700105	-31.981399	-68.426818
70112003	Costa del Lago	70	70112	700112	-31.442391	-68.676001
70112010	Villa Ibáñez	70	70112	700112	-31.465939	-68.735334
70119010	Astica	70	70119	700119	-30.953927	-67.301094
70119020	Balde del Rosario	70	70119	700119	-30.320978	-67.696791
70119030	Chucuma	70	70119	700119	-31.069439	-67.28215
70119040	Los Baldecitos	70	70119	700119	-30.221618	-67.694049
70119050	Usno	70	70119	700119	-30.567053	-67.542139
70119060	Villa San Agustín	70	70119	700119	-30.634532	-67.467887
70126010	El Encón	70	70126	700126	-32.216769	-67.794678
70126020	Tupelí	70	70126	700126	-31.837018	-68.351811
70126030	Villa Borjas - La Chimbera	70	70126	700126	-31.810121	-68.328459
70126040	Villa El Tango	70	70126	700126	-31.764329	-68.220781
70126050	Villa Santa Rosa	70	70126	700126	-31.744809	-68.314241
70133010	Villa Basilio Nievas	70	70133	700133	-31.548547	-68.730816
74007010	Candelaria	74	74007	740007	-32.061189	-65.824852
74007020	La Majada	74	74007	746007	-32.51775	-66.052508
74007030	Leandro N. Alem	74	74007	746007	-32.487221	-66.053913
74007040	Luján	74	74007	740014	-32.36451	-65.933044
74007050	Quines	74	74007	740021	-32.232844	-65.805066
74007060	Río Juan Gómez	74	74007	740028	-32.601255	-66.091813
74007070	San Francisco del Monte de Oro	74	74007	740028	-32.600271	-66.127149
74014005	El Milagro	74	74014		-33.112723	-66.360947
74014010	La Calera	74	74014	746014	-32.877159	-66.842923
74014015	Los Molles	74	74014		-33.100704	-66.290344
74014020	Nogolí	74	74014	746021	-32.918639	-66.324737
74014030	Villa de la Quebrada	74	74014	746028	-33.016759	-66.293175
74014040	Los Manantiales	74	74014	740035	-32.665837	-66.450897
74021010	La Carolina	74	74021	746035	-32.813623	-66.094505
74021020	El Trapiche	74	74021	740039	-33.111956	-66.065086
74021025	Estancia Grande	74	74021	740038	-33.194663	-66.16112
74021030	Fraga	74	74021	746049	-33.502093	-65.792743
74021050	La Florida	74	74021	740039	-33.117699	-66.001374
74021060	La Toma	74	74021	740042	-33.054438	-65.622698
74021063	Las Barranquitas	74	74021	740038	-33.170154	-66.061738
74021065	Paso de las Carretas	74	74021		-33.331289	-65.87983
74021070	Riocito	74	74021	740039	-33.095579	-66.000888
74021090	Saladillo	74	74021	746063	-33.202409	-65.855372
74028010	Concarán	74	74028	740049	-32.560823	-65.244434
74028020	Cortaderas	74	74028	746070	-32.505229	-64.992199
74028030	Naschel	74	74028	740056	-32.915279	-65.375951
74028040	Papagayos	74	74028	746077	-32.675061	-64.988875
74028050	Renca	74	74028	746084	-32.771576	-65.364232
74028060	San Pablo	74	74028	746091	-32.661235	-65.305631
74028070	Tilisarao	74	74028	740063	-32.731218	-65.291495
74028080	Villa del Carmen	74	74028	746098	-32.94004	-65.039003
74028090	Villa Larca	74	74028	746105	-32.620428	-64.978767
74035010	Juan Jorba	74	74035	746119	-33.612857	-65.272749
74035020	Juan Llerena	74	74035	746126	-33.280929	-65.614009
74035030	Justo Daract	74	74035	740070	-33.863298	-65.178091
74035040	La Punilla	74	74035	746133	-33.143385	-65.084141
74035050	Lavaisse	74	74035	746140	-33.824033	-65.424816
74035055	Nación Ranquel	74	74035	740073	-34.607596	-65.699183
74035060	San José del Morro	74	74035	746112	-33.212425	-65.491135
74035070	Villa Mercedes	74	74035	740077	-33.674431	-65.462381
74035080	Villa Reynolds	74	74035		-33.721212	-65.382535
74035090	Villa Salles	74	74035	740070	-33.839364	-65.212955
74042010	Anchorena	74	74042	746147	-35.6757	-65.424695
74042020	Arizona	74	74042	746154	-35.725024	-65.320607
74042030	Bagual	74	74042	746161	-35.142771	-65.569663
74042040	Batavia	74	74042	746168	-34.778638	-65.688216
74042050	Buena Esperanza	74	74042	740084	-34.757867	-65.253589
74042060	Fortín El Patria	74	74042	746175	-34.772266	-65.523782
74042070	Fortuna	74	74042	746182	-35.130673	-65.383005
74042080	La Maroma	74	74042		-35.213947	-66.32911
74042090	Los Overos	74	74042		-35.877269	-66.453548
74042100	Martín de Loyola	74	74042		-35.712335	-66.353447
74042110	Nahuel Mapá	74	74042		-34.784854	-66.17146
74042120	Navia	74	74042	746189	-34.774911	-66.586471
74042130	Nueva Galia	74	74042	746196	-35.115255	-65.258732
74042140	Unión	74	74042	740091	-35.153791	-65.946171
74049005	Barrio 270 Viviendas	74	74049	740105	-32.351588	-65.065442
74049010	Carpintería	74	74049	740095	-32.410098	-65.010006
74049030	Lafinur	74	74049	746210	-32.062667	-65.350253
74049040	Los Cajones	74	74049	746210	-32.022739	-65.372171
74049050	Los Molles	74	74049	746217	-32.438578	-65.009747
74049060	Villa de Merlo	74	74049	740105	-32.342595	-65.013762
74049070	Santa Rosa del Conlara	74	74049	740098	-32.34284	-65.208955
74049080	Talita	74	74049	746224	-32.249531	-65.583362
74056005	Aguadita del Portezuelo	74	74056	740126	-33.214368	-66.293355
74056010	Alto Pelado	74	74056	746231	-33.836997	-66.139134
74056020	Alto Pencoso	74	74056	746238	-33.431835	-66.927456
74056030	Balde	74	74056	746245	-33.341967	-66.626247
74056040	Beazley	74	74056	746252	-33.75759	-66.644817
74056050	Cazador	74	74056	746280	-33.853359	-66.37035
74056060	Chosmes	74	74056		-33.403592	-66.803715
74056065	Daniel Donovan	74	74056	740119	-33.331602	-66.244479
74056066	Daniel Donovan	74	74056		-33.339544	-66.230175
74056070	Desaguadero	74	74056	740108	-33.40582	-67.148626
74056080	El Volcán	74	74056	740112	-33.250641	-66.180439
74056090	Jarilla	74	74056	740108	-33.399226	-67.025791
74056095	Juan Wenceslao Gez	74	74056		-33.390612	-66.132427
74056100	Juana Koslay	74	74056	740119	-33.281434	-66.240759
74056105	La Punta	74	74056	740126	-33.183623	-66.312761
74056107	Los Puquios	74	74056	740112	-33.275884	-66.155296
74056108	Los Puquios	74	74056	740119	-33.271724	-66.176981
74056110	Mosmota	74	74056		-33.671398	-66.972802
74056120	Potrero de los Funes	74	74056	740130	-33.220141	-66.227069
74056130	Salinas del Bebedero	74	74056	746245	-33.500518	-66.650002
74056140	San Jerónimo	74	74056	746273	-33.138657	-66.519746
74056150	San Luis	74	74056	740133	-33.302066	-66.336935
74056153	Suyuque Nuevo	74	74056		-33.136583	-66.259368
74056160	Zanjitas	74	74056	746280	-33.805567	-66.414743
74063010	La Vertiente	74	74063	746287	-32.797119	-65.756294
74063020	Las Aguadas	74	74063	746294	-32.375219	-65.501775
74063030	Las Chacras	74	74063	746301	-32.562539	-65.776961
74063040	Las Lagunas	74	74063	746308	-32.628086	-65.548595
74063050	Paso Grande	74	74063	746315	-32.877373	-65.635097
74063060	Potrerillo	74	74063		-32.671082	-65.654988
74063070	San Martín	74	74063	740140	-32.410632	-65.675667
74063080	Villa de Praga	74	74063	746322	-32.533285	-65.645858
78007010	Comandante Luis Piedrabuena	78	78007	780007	-49.982705	-68.913632
78007020	Puerto Santa Cruz	78	78007	780014	-50.01997	-68.523797
78014010	Caleta Olivia	78	78014	780021	-46.447734	-67.522702
78014020	Cañadón Seco	78	78014	785007	-46.561343	-67.609301
78014030	Fitz Roy	78	78014	785014	-47.026469	-67.249055
78014040	Jaramillo	78	78014	785014	-47.183976	-67.144757
78014050	Nuestra Señora de los Dolores de Koluel Kayke	78	78014	785021	-46.716858	-68.223642
78014060	Las Heras	78	78014	780028	-46.541288	-68.932371
78014070	Pico Truncado	78	78014	780035	-46.799259	-67.957798
78014080	Puerto Deseado	78	78014	780042	-47.751662	-65.90099
78014090	Tellier	78	78014	780042	-47.649032	-66.039951
78021005	Chimen Aike	78	78021		-51.706854	-69.280363
78021010	El Turbio	78	78021	780056	-51.680316	-72.090311
78021015	Esperanza	78	78021		-51.0294	-70.777376
78021020	Julia Dufour	78	78021	780056	-51.54718	-72.237377
78021040	Río Gallegos	78	78021	780049	-51.623409	-69.216104
78021050	Rospentek	78	78021		-51.666647	-72.144608
78021060	28 de Noviembre	78	78021	780063	-51.579573	-72.21147
78021070	Yacimientos Río Turbio	78	78021	780056	-51.536366	-72.337785
78028010	El Calafate	78	78028	780070	-50.341688	-72.26738
78028020	El Chaltén	78	78028	780074	-49.332861	-72.886089
78028030	Tres Lagos	78	78028	785035	-49.598245	-71.446345
78035010	Los Antiguos	78	78035	780077	-46.549572	-71.625123
78035020	Perito Moreno	78	78035	780084	-46.593776	-70.929905
78042010	Puerto San Julián	78	78042	780091	-49.30747	-67.723316
78049010	Bajo Caracoles	78	78049	780084	-47.443048	-70.926074
78049020	Gobernador Gregores	78	78049	780098	-48.750848	-70.248524
78049030	Lago Posadas	78	78049	785042	-47.565677	-71.742778
82007010	Armstrong	82	82007	820007	-32.785253	-61.603224
82007020	Bouquet	82	82007	822007	-32.423555	-61.889945
82007030	Las Parejas	82	82007	820014	-32.681879	-61.520717
82007040	Las Rosas	82	82007	820021	-32.47503	-61.576658
82007050	Montes de Oca	82	82007	822014	-32.566382	-61.768581
82007060	Tortugas	82	82007	822021	-32.747371	-61.821028
82014010	Arequito	82	82014	822028	-33.144813	-61.469655
82014020	Arteaga	82	82014	822035	-33.092685	-61.792032
82014030	Beravebú	82	82014	822042	-33.340881	-61.862144
82014040	Bigand	82	82014	822049	-33.374031	-61.184767
82014050	Casilda	82	82014	820028	-33.044613	-61.164279
82014060	Chabas	82	82014	822056	-33.245786	-61.358965
82014070	Chañar Ladeado	82	82014	822063	-33.326171	-62.035331
82014080	Gödeken	82	82014	822070	-33.400369	-61.844326
82014090	Los Molinos	82	82014	822077	-33.104492	-61.325638
82014100	Los Nogales	82	82014	822091	-33.140423	-61.606759
82014110	Los Quirquinchos	82	82014	822084	-33.374888	-61.710528
82014120	San José de la Esquina	82	82014	822091	-33.112289	-61.702565
82014130	Sanford	82	82014	822098	-33.146026	-61.277224
82014140	Villada	82	82014	822105	-33.348718	-61.446698
82021010	Aldao	82	82021	822147	-30.980561	-61.743351
82021020	Angélica	82	82021	822112	-31.550703	-61.546471
82021030	Ataliva	82	82021	822119	-30.998119	-61.432519
82021040	Aurelia	82	82021	822126	-31.419744	-61.422529
82021050	Barrios Acapulco y Veracruz	82	82021	822280	-31.41543	-62.058707
82021060	Bauer y Sigel	82	82021	822133	-31.27162	-61.943151
82021070	Bella Italia	82	82021	822140	-31.282308	-61.410458
82021080	Castellanos	82	82021	822168	-31.208671	-61.724596
82021090	Colonia Bicha	82	82021	822154	-30.854126	-61.849602
82021100	Colonia Cello	82	82021	822175	-31.432082	-61.841434
82021110	Colonia Margarita	82	82021	822189	-31.685985	-61.647875
82021120	Colonia Raquel	82	82021	822196	-30.836695	-61.488202
82021125	Colonia Tacurales	82	82021	822378	-30.821959	-61.744885
82021130	Coronel Fraga	82	82021	822203	-31.17349	-61.918378
82021140	Egusquiza	82	82021	822210	-31.09539	-61.628036
82021150	Esmeralda	82	82021	822217	-31.616144	-61.933522
82021160	Estación Clucellas	82	82021	822224	-31.52405	-61.71838
82021163	Estación Kilómetro 501	82	82021	822406	-31.553901	-61.977173
82021170	Estación Saguier	82	82021	822336	-31.31746	-61.694003
82021180	Eusebia y Carolina	82	82021	822231	-30.947734	-61.856191
82021190	Eustolia	82	82021	822238	-31.575663	-61.78318
82021200	Frontera	82	82021	820035	-31.431229	-62.063662
82021210	Garibaldi	82	82021	822259	-31.649541	-61.805844
82021220	Humberto Primo	82	82021	822273	-30.868239	-61.347936
82021230	Josefina	82	82021	822280	-31.406236	-61.992126
82021240	Lehmann	82	82021	822287	-31.125331	-61.452516
82021245	Los Sembrados	82	82021	820045	-31.664504	-61.543751
82021250	María Juana	82	82021	822294	-31.675601	-61.751674
82021260	Nueva Lehmann	82	82021	822287	-31.116835	-61.515198
82021270	Plaza Clucellas	82	82021	822308	-31.452768	-61.706899
82021280	Plaza Saguier	82	82021	822336	-31.324372	-61.668188
82021290	Presidente Roca	82	82021	822315	-31.212263	-61.613642
82021300	Pueblo Marini	82	82021	822322	-31.038428	-61.889313
82021310	Rafaela	82	82021	820042	-31.252705	-61.491807
82021320	Ramona	82	82021	822329	-31.091848	-61.902675
82021330	San Antonio	82	82021	822343	-31.212323	-61.724756
82021340	San Vicente	82	82021	820045	-31.699128	-61.567508
82021350	Santa Clara de Saguier	82	82021	822357	-31.335593	-61.817797
82021360	Sunchales	82	82021	820049	-30.945052	-61.560767
82021370	Susana	82	82021	822364	-31.355851	-61.515846
82021380	Tacural	82	82021	822371	-30.846268	-61.591853
82021390	Vila	82	82021	822385	-31.190498	-61.832884
82021400	Villa Josefina	82	82021	820035	-31.43984	-62.027151
82021410	Villa San José	82	82021	822392	-31.336675	-61.621726
82021420	Virginia	82	82021	822399	-30.739533	-61.340276
82021430	Zenón Pereyra	82	82021	822406	-31.560112	-61.896302
82028010	Alcorta	82	82028	822413	-33.538191	-61.123905
82028020	Barrio Arroyo del Medio	82	82028	820056	-33.283443	-60.271634
82028030	Barrio Mitre	82	82028	822490	-33.251688	-60.389043
82028040	Bombal	82	82028	822420	-33.45791	-61.318166
82028050	Cañada Rica	82	82028	822427	-33.516169	-60.611583
82028060	Cepeda	82	82028	822434	-33.398093	-60.623987
82028070	Empalme Villa Constitución	82	82028	822441	-33.261115	-60.379717
82028080	Firmat	82	82028	820063	-33.441024	-61.473143
82028090	General Gelly	82	82028	822448	-33.600116	-60.597916
82028100	Godoy	82	82028	822455	-33.367174	-60.509349
82028110	Juan B. Molina	82	82028	822462	-33.493781	-60.510778
82028120	Juncal	82	82028	822469	-33.716249	-61.050913
82028130	La Vanguardia	82	82028	822476	-33.357208	-60.657051
82028140	Máximo Paz	82	82028	822483	-33.483112	-60.956105
82028150	Pavón	82	82028	822490	-33.242716	-60.405895
82028160	Pavón Arriba	82	82028	822497	-33.311648	-60.824348
82028170	Peyrano	82	82028	822504	-33.541138	-60.80433
82028180	Rueda	82	82028	822511	-33.335876	-60.458843
82028190	Santa Teresa	82	82028	822518	-33.436736	-60.79046
82028200	Sargento Cabral	82	82028	822525	-33.431312	-60.629335
82028210	Stephenson	82	82028	822434	-33.415475	-60.556785
82028220	Theobald	82	82028	822532	-33.31053	-60.310477
82028230	Villa Constitución	82	82028	820056	-33.227194	-60.329858
82035010	Cayastá	82	82035	822539	-31.198668	-60.15938
82035015	Colonia Mascías	82	82035	822546	-30.804674	-60.005736
82035020	Helvecia	82	82035	822553	-31.101738	-60.088927
82035030	Los Zapallos	82	82035	822567	-31.493438	-60.430934
82035040	Saladero Mariano Cabal	82	82035	822560	-30.880505	-60.03537
82035045	Colonia San Joaquín	82	82035	822546	-30.756256	-59.997779
82035050	Santa Rosa de Calchines	82	82035	822567	-31.420285	-60.332785
82042010	Aarón Castellanos	82	82042	822574	-34.332733	-62.374015
82042020	Amenábar	82	82042	822581	-34.133288	-62.422761
82042030	Cafferata	82	82042	822588	-33.439514	-62.086247
82042040	Cañada del Ucle	82	82042	822595	-33.40946	-61.605722
82042050	Carmen	82	82042	822602	-33.730292	-61.762336
82042060	Carreras	82	82042	822609	-33.596158	-61.310974
82042070	Chapuy	82	82042	822616	-33.800691	-61.744353
82042080	Chovet	82	82042	822623	-33.598974	-61.604151
82042090	Christophersen	82	82042	822630	-34.183067	-62.026063
82042100	Diego de Alvear	82	82042	822637	-34.372568	-62.128214
82042110	Elortondo	82	82042	822644	-33.701909	-61.615026
82042120	Firmat	82	82042	820063	-33.458125	-61.486296
82042130	Hughes	82	82042	822651	-33.80112	-61.336092
82042140	La Chispa	82	82042	822658	-33.544275	-61.97407
82042150	Labordeboy	82	82042	822665	-33.717666	-61.314061
82042160	Lazzarino	82	82042	822672	-34.165469	-62.428097
82042170	Maggiolo	82	82042	822679	-33.721085	-62.246293
82042180	María Teresa	82	82042	822686	-34.004826	-61.901588
82042190	Melincué	82	82042	822693	-33.661008	-61.456781
82042200	Miguel Torres	82	82042	822700	-33.526479	-61.465988
82042210	Murphy	82	82042	822707	-33.642266	-61.858414
82042220	Rufino	82	82042	820070	-34.261886	-62.711118
82042230	San Eduardo	82	82042	822714	-33.871271	-62.088888
82042240	San Francisco de Santa Fe	82	82042	822721	-33.588469	-62.12398
82042250	San Gregorio	82	82042	822728	-34.32536	-62.035898
82042260	Sancti Spiritu	82	82042	822735	-34.007651	-62.241454
82042270	Santa Isabel	82	82042	822742	-33.887664	-61.695917
82042280	Teodelina	82	82042	822749	-34.189579	-61.52652
82042290	Venado Tuerto	82	82042	820077	-33.745444	-61.968732
82042300	Villa Cañás	82	82042	820084	-34.00421	-61.605735
82042305	Villa Divisa de Mayo	82	82042	822623	-33.548596	-61.67007
82042310	Wheelwright	82	82042	822756	-33.792276	-61.210753
82049010	Arroyo Ceibal	82	82049	822763	-28.723002	-59.477843
82049020	Avellaneda	82	82049	820091	-29.117516	-59.65863
82049030	Berna	82	82049	822770	-29.272634	-59.845467
82049035	Campo Siete Provincias	82	82049	822826	-28.888976	-59.767386
82049040	El Araza	82	82049	822777	-29.132857	-59.94645
82049045	El Carmen de Avellaneda	82	82049	820091	-29.044667	-59.657387
82049050	El Rabón	82	82049	822784	-28.223869	-59.262272
82049053	El Sombrerito	82	82049	822791	-28.655722	-59.426164
82049055	Estación Kilómetro 403	82	82049	820119	-28.571991	-59.376527
82049058	Flor de Oro	82	82049	822826	-28.924522	-59.652747
82049060	Florencia	82	82049	820095	-28.040626	-59.218065
82049070	Guadalupe Norte	82	82049	822805	-28.93919	-59.562564
82049075	Hardy	82	82049	820095	-28.145057	-59.262386
82049080	Ingeniero Chanourdie	82	82049	822812	-28.759814	-59.577232
82049090	La Isleta	82	82049	820119	-28.49124	-59.295848
82049095	La Reserva	82	82049	822868	-28.497854	-59.515825
82049100	La Sarita	82	82049	822819	-28.972755	-59.849168
82049110	Lanteri	82	82049	822826	-28.839952	-59.63545
82049120	Las Garzas	82	82049	822833	-28.847073	-59.499906
82049127	Las Palmas	82	82049	822840	-29.424238	-59.747568
82049130	Las Toscas	82	82049	820098	-28.354858	-59.25945
82049140	Los Laureles	82	82049	822840	-29.368625	-59.736425
82049150	Malabrigo	82	82049	820105	-29.348747	-59.970044
82049153	Moussy	82	82049	820091	-29.016863	-59.685861
82049155	Nicanor Molinas	82	82049	822847	-29.128934	-59.831475
82049160	Paraje San Manuel	82	82049	822819	-28.873671	-59.866005
82049170	Puerto Reconquista	82	82049	820112	-29.234454	-59.58113
82049180	Reconquista	82	82049	820112	-29.144446	-59.643683
82049190	San Antonio de Obligado	82	82049	822854	-28.384245	-59.264532
82049200	Tacuarendi	82	82049	822861	-28.412637	-59.260162
82049207	Villa Adela	82	82049	820119	-28.488357	-59.412922
82049210	Villa Ana	82	82049	822868	-28.49272	-59.613376
82049220	Villa Guillermina	82	82049	822875	-28.244454	-59.451506
82049230	Villa Ocampo	82	82049	820119	-28.486594	-59.354852
82056010	Barrio Cicarelli	82	82056	820133	-32.608595	-61.323836
82056020	Bustinza	82	82056	822882	-32.738209	-61.29097
82056030	Cañada de Gómez	82	82056	820126	-32.821082	-61.395261
82056040	Carrizales	82	82056	822889	-32.509065	-61.027989
82056050	Classon	82	82056	822896	-32.462334	-61.290395
82056060	Colonia Médici	82	82056	822882	-32.59645	-61.376383
82056070	Correa	82	82056	822903	-32.848575	-61.254459
82056080	Larguía	82	82056	820133	-32.552531	-61.218368
82056090	Lucio V. López	82	82056	822910	-32.713765	-61.018944
82056100	Oliveros	82	82056	822917	-32.573928	-60.854749
82056110	Pueblo Andino	82	82056	822924	-32.669899	-60.875528
82056120	Salto Grande	82	82056	822931	-32.665977	-61.088317
82056125	San Ricardo	82	82056	822945	-33.028341	-61.601952
82056130	Serodino	82	82056	822938	-32.603734	-60.947426
82056140	Totoras	82	82056	820133	-32.584274	-61.166815
82056150	Villa Eloísa	82	82056	822945	-32.963933	-61.55108
82056160	Villa La Ribera (Oliveros)	82	82056	822917	-32.631291	-60.817589
82056170	Villa La Ribera (Pueblo Andino)	82	82056	822924	-32.643266	-60.8363
82063010	Angel Gallardo	82	82063	823001	-31.556182	-60.676235
82063020	Arroyo Aguiar	82	82063	822952	-31.430773	-60.666899
82063030	Arroyo Leyes	82	82063	822959	-31.559063	-60.517625
82063040	Cabal	82	82063	822966	-31.100163	-60.746048
82063050	Campo Andino	82	82063	822973	-31.239438	-60.530881
82063060	Candioti	82	82063	822980	-31.401384	-60.749059
82063070	Emilia	82	82063	822987	-31.059017	-60.745017
82063080	Laguna Paiva	82	82063	820140	-31.307327	-60.659998
82063090	Llambi Campbell	82	82063	822994	-31.184221	-60.747733
82063095	Manucho	82	82063	823008	-31.268002	-60.811986
82063100	Monte Vera	82	82063	823001	-31.516791	-60.67801
82063110	Nelson	82	82063	823008	-31.267704	-60.762058
82063120	Paraje Chaco Chico	82	82063	823001	-31.565564	-60.661419
82063130	Paraje La Costa	82	82063	823001	-31.515637	-60.613045
82063140	Recreo	82	82063	820142	-31.49087	-60.735535
82063150	Rincón Potrero	82	82063	822959	-31.529195	-60.481337
82063160	San José del Rincón	82	82063	820143	-31.606447	-60.567526
82063170	Santa Fe	82	82063	820147	-31.646557	-60.709996
82063180	Santo Tomé	82	82063	820154	-31.662981	-60.761779
82063190	Sauce Viejo	82	82063	820158	-31.771069	-60.837193
82063200	Villa Laura	82	82063	822952	-31.372079	-60.662535
82070010	Cavour	82	82070	823036	-31.364843	-61.016596
82070015	Colonia Nueva	82	82070	823099	-31.361667	-61.145397
82070017	Colonia San José	82	82070	823043	-31.652633	-60.85707
82070020	Cululú	82	82070	823050	-31.206127	-60.930103
82070030	Elisa	82	82070	823057	-30.694773	-61.049289
82070040	Empalme San Carlos	82	82070	823064	-31.547616	-60.813741
82070050	Esperanza	82	82070	820161	-31.448947	-60.930399
82070060	Felicia	82	82070	823071	-31.244537	-61.212316
82070070	Franck	82	82070	823078	-31.587199	-60.938315
82070080	Grutly	82	82070	823085	-31.268713	-61.072057
82070090	Hipatía	82	82070	823092	-31.128252	-61.032768
82070100	Humboldt	82	82070	823099	-31.40084	-61.08226
82070110	Jacinto L. Aráuz	82	82070	823113	-30.734224	-60.975971
82070120	La Pelada	82	82070	823120	-30.866237	-60.968287
82070130	Las Tunas	82	82070	823127	-31.571877	-60.996236
82070140	María Luisa	82	82070	823134	-31.012644	-60.911433
82070150	Matilde	82	82070	823141	-31.793193	-60.980541
82070160	Nuevo Torino	82	82070	823148	-31.345083	-61.235247
82070170	Pilar	82	82070	823155	-31.4404	-61.259567
82070180	Plaza Matilde	82	82070	823141	-31.796279	-61.009977
82070190	Progreso	82	82070	823162	-31.13787	-60.989684
82070200	Providencia	82	82070	823169	-30.982847	-61.021154
82070205	Pujato Norte	82	82070	823176	-31.506511	-60.932081
82070210	Sa Pereyra	82	82070	823190	-31.570281	-61.377458
82070220	San Agustín	82	82070	823197	-31.682755	-60.940556
82070230	San Carlos Centro	82	82070	820168	-31.726711	-61.090773
82070240	San Carlos Norte	82	82070	823204	-31.67355	-61.074782
82070250	San Carlos Sud	82	82070	823211	-31.760813	-61.100624
82070260	San Jerónimo del Sauce	82	82070	823218	-31.608987	-61.141355
82070270	San Jerónimo Norte	82	82070	820171	-31.552699	-61.077959
82070280	San Mariano	82	82070	823232	-31.66837	-61.347567
82070290	Santa Clara de Buena Vista	82	82070	823239	-31.763176	-61.321998
82070300	Santo Domingo	82	82070	823260	-31.120436	-60.888211
82070310	Sarmiento	82	82070	823267	-31.05873	-61.16723
82077010	Esteban Rams	82	82077	823281	-29.772398	-61.490057
82077020	Gato Colorado	82	82077	823288	-28.02207	-61.186729
82077030	Gregoria Pérez de Denis	82	82077	823295	-28.227394	-61.527868
82077040	Logroño	82	82077	823309	-29.503776	-61.696163
82077050	Montefiore	82	82077	823316	-29.668953	-61.867153
82077060	Pozo Borrado	82	82077	823323	-28.938119	-61.704937
82077065	San Bernardo	82	82077	823330	-28.667277	-61.527574
82077070	Santa Margarita	82	82077	823337	-28.313792	-61.548856
82077080	Tostado	82	82077	820175	-29.232636	-61.771316
82077090	Villa Minetti	82	82077	823344	-28.622907	-61.626762
82084010	Acébal	82	82084	823351	-33.241751	-60.836515
82084020	Albarellos	82	82084	823358	-33.239515	-60.636841
82084030	Álvarez	82	82084	823365	-33.12812	-60.806342
82084040	Alvear	82	82084	823372	-33.057857	-60.619952
82084050	Arbilla	82	82084	823372	-33.091908	-60.696705
82084060	Arminda	82	82084	823379	-33.264515	-60.967776
82084070	Arroyo Seco	82	82084	820182	-33.158095	-60.512076
82084080	Carmen del Sauce	82	82084	823386	-33.236018	-60.811835
82084090	Coronel Bogado	82	82084	823393	-33.315772	-60.60282
82084100	Coronel Domínguez	82	82084	823470	-33.185476	-60.722863
82084110	Cuatro Esquinas	82	82084	823386	-33.245106	-60.763915
82084120	El Caramelo	82	82084	823365	-33.128482	-60.714882
82084130	Fighiera	82	82084	823400	-33.193763	-60.469543
82084140	Funes	82	82084	820189	-32.920861	-60.811442
82084150	General Lagos	82	82084	823407	-33.109941	-60.564628
82084160	Granadero Baigorria	82	82084	820196	-32.854395	-60.70903
82084170	Ibarlucea	82	82084	823414	-32.851841	-60.78556
82084180	Kilómetro 101	82	82084	823372	-33.058697	-60.688041
82084190	Los Muchachos - La Alborada	82	82084	823421	-33.086187	-60.725701
82084200	Monte Flores	82	82084	823372	-33.080007	-60.635523
82084210	Pérez	82	82084	820203	-32.997734	-60.770603
82084220	Piñero	82	82084	823421	-33.10909	-60.796193
82084230	Pueblo Esther	82	82084	820207	-33.073976	-60.581506
82084240	Pueblo Muñóz	82	82084	823435	-33.171999	-60.898174
82084250	Pueblo Uranga	82	82084	823449	-33.265981	-60.705398
82084260	Puerto Arroyo Seco	82	82084	820182	-33.135451	-60.500886
82084270	Rosario	82	82084	820210	-32.947042	-60.633216
82084280	Soldini	82	82084	823442	-33.02191	-60.754623
82084290	Villa Amelia	82	82084	823456	-33.175898	-60.664115
82084300	Villa del Plata	82	82084	823456	-33.13134	-60.710611
82084310	Villa Gobernador Gálvez	82	82084	820217	-33.025112	-60.633816
82084320	Zavalla	82	82084	823463	-33.019357	-60.87874
82091010	Aguará Grande	82	82091	823477	-30.115614	-60.894067
82091020	Ambrosetti	82	82091	823484	-30.015114	-61.576195
82091030	Arrufo	82	82091	823491	-30.232265	-61.728168
82091040	Balneario La Verde	82	82091	823554	-29.982737	-61.242866
82091050	Capivara	82	82091	823498	-30.459634	-61.2723
82091060	Ceres	82	82091	820224	-29.881942	-61.945205
82091070	Colonia Ana	82	82091	823505	-30.14375	-61.913857
82091080	Colonia Bossi	82	82091	823512	-30.66784	-61.787927
82091090	Colonia Rosa	82	82091	823519	-30.300441	-61.98396
82091100	Constanza	82	82091	823526	-30.663532	-61.319978
82091110	Curupaytí	82	82091	823533	-30.395082	-61.650527
82091120	Hersilia	82	82091	823547	-30.003904	-61.839096
82091130	Huanqueros	82	82091	823554	-30.012011	-61.218592
82091140	La Cabral	82	82091	823561	-30.086787	-61.178408
82091145	La Lucila	82	82091	823575	-30.420001	-61.003457
82091150	La Rubia	82	82091	823582	-30.1102	-61.79351
82091160	Las Avispas	82	82091	823589	-29.894077	-61.288358
82091170	Las Palmeras	82	82091	823596	-30.630351	-61.62583
82091180	Moisés Ville	82	82091	823603	-30.712564	-61.470123
82091190	Monigotes	82	82091	823610	-30.488187	-61.634257
82091200	Ñanducita	82	82091	823624	-30.369705	-61.133432
82091210	Palacios	82	82091	823631	-30.708905	-61.6242
82091220	San Cristóbal	82	82091	820231	-30.311842	-61.237354
82091230	San Guillermo	82	82091	820233	-30.358438	-61.917286
82091240	Santurce	82	82091	823652	-30.186661	-61.181716
82091250	Soledad	82	82091	823659	-30.619535	-60.914575
82091260	Suardi	82	82091	820235	-30.534353	-61.961061
82091270	Villa Saralegui	82	82091	823673	-30.539278	-60.746973
82091280	Villa Trinidad	82	82091	823680	-30.217646	-61.877568
82098010	Alejandra	82	82098	823687	-29.909146	-59.827154
82098020	Cacique Ariacaiquín	82	82098	823694	-30.656095	-60.229002
82098030	Colonia Durán	82	82098	823701	-29.560754	-59.927069
82098033	Colonia San José	82	82098	820238	-30.412322	-59.945539
82098035	Colonia Teresa	82	82098	820238	-30.252136	-59.969618
82098040	La Brava	82	82098	823708	-30.444618	-60.140221
82098050	Romang	82	82098	820237	-29.499564	-59.747921
82098060	San Javier	82	82098	820238	-30.581623	-59.928274
82105010	Arocena	82	82105	823722	-32.082445	-60.976979
82105020	Balneario Monje	82	82105	823827	-32.332819	-60.876808
82105030	Barrancas	82	82105	823729	-32.234717	-60.983624
82105040	Barrio Caima	82	82105	823764	-31.834825	-60.869004
82105050	Barrio El Pacaá - Barrio Comipini	82	82105	823722	-32.128369	-60.92829
82105060	Bernardo de Irigoyen	82	82105	823736	-32.169483	-61.159375
82105070	Casalegno	82	82105	823750	-32.263831	-61.126149
82105080	Centeno	82	82105	823757	-32.298462	-61.412826
82105090	Coronda	82	82105	820245	-31.974504	-60.916275
82105100	Desvío Arijón	82	82105	823764	-31.870976	-60.887307
82105110	Díaz	82	82105	823771	-32.37052	-61.086533
82105120	Gaboto	82	82105	823778	-32.432518	-60.817881
82105130	Gálvez	82	82105	820252	-32.032646	-61.219961
82105140	Gessler	82	82105	823785	-31.874325	-61.126988
82105150	Irigoyen	82	82105	823792	-32.15817	-61.110356
82105160	Larrechea	82	82105	823799	-31.933997	-61.048659
82105170	Loma Alta	82	82105	823806	-31.960173	-61.176682
82105180	López	82	82105	823813	-31.905357	-61.281066
82105190	Maciel	82	82105	823820	-32.456743	-60.892451
82105200	Monje	82	82105	823827	-32.360319	-60.942765
82105210	Puerto Aragón	82	82105	823729	-32.243084	-60.922532
82105220	San Eugenio	82	82105	823834	-32.07515	-61.117209
82105230	San Fabián	82	82105	823841	-32.137936	-60.983126
82105240	San Genaro	82	82105	820256	-32.371649	-61.360163
82105250	San Genaro Norte	82	82105	820256	-32.3648	-61.337233
82112010	Angeloni	82	82112	823862	-30.855619	-60.650304
82112020	Cayastacito	82	82112	823869	-31.112772	-60.579956
82112030	Colonia Dolores	82	82112	823876	-30.382364	-60.330721
82112040	Esther	82	82112	823883	-31.040948	-60.644683
82112050	Gobernador Crespo	82	82112	823890	-30.36298	-60.40035
82112060	La Criolla	82	82112	823904	-30.224712	-60.364644
82112070	La Penca y Caraguatá	82	82112	823911	-30.346756	-60.521434
82112080	Marcelino Escalada	82	82112	823918	-30.580975	-60.468391
82112090	Naré	82	82112	823925	-30.949088	-60.467831
82112100	Pedro Gómez Cello	82	82112	823932	-30.037465	-60.314482
82112110	Ramayón	82	82112	823939	-30.673634	-60.500994
82112120	San Bernardo	82	82112	823946	-30.888477	-60.574344
82112130	San Justo	82	82112	820259	-30.789155	-60.593339
82112140	San Martín Norte	82	82112	823953	-30.345696	-60.303816
82112150	Silva	82	82112	823960	-30.448662	-60.430019
82112160	Vera y Pintado	82	82112	823967	-30.142553	-60.342307
82112170	Videla	82	82112	823974	-30.945029	-60.652402
82119010	Aldao	82	82119	823981	-32.703617	-60.815504
82119020	Capitán Bermúdez	82	82119	820266	-32.826414	-60.71626
82119030	Carcarañá	82	82119	820273	-32.85725	-61.151887
82119040	Coronel Arnold	82	82119	823988	-33.105978	-60.966808
82119050	Fray Luis Beltrán	82	82119	820280	-32.785743	-60.727564
82119060	Fuentes	82	82119	823995	-33.17234	-61.074166
82119070	Luis Palacios	82	82119	824002	-32.781842	-60.907139
82119080	Puerto General San Martín	82	82119	820287	-32.71596	-60.731466
82119090	Pujato	82	82119	824009	-33.017646	-61.043105
82119100	Ricardone	82	82119	824016	-32.770898	-60.783886
82119110	Roldán	82	82119	820294	-32.900131	-60.91
82119120	San Jerónimo Sud	82	82119	824023	-32.879367	-61.027731
82119130	San Lorenzo	82	82119	820301	-32.745967	-60.730109
82119140	Timbúes	82	82119	824030	-32.667828	-60.793715
82119145	Vicente A. Echeverría	82	82119	823414	-32.82196	-60.843587
82119150	Villa Elvira	82	82119	824030	-32.827477	-60.716827
82119160	Villa Mugueta	82	82119	824037	-33.311853	-61.056413
82126010	Cañada Rosquín	82	82126	824044	-32.054334	-61.602216
82126020	Carlos Pellegrini	82	82126	824051	-32.050442	-61.783015
82126030	Casas	82	82126	824058	-32.125811	-61.539967
82126040	Castelar	82	82126	824065	-31.668469	-62.090882
82126050	Colonia Belgrano	82	82126	824072	-31.909697	-61.400925
82126060	Crispi	82	82126	824079	-31.739921	-62.037691
82126065	Schiffner	82	82126	824086	-31.979813	-62.054473
82126070	El Trébol	82	82126	820308	-32.203024	-61.702894
82126080	Landeta	82	82126	824086	-32.012722	-62.062268
82126090	Las Bandurrias	82	82126	824093	-32.196278	-61.491977
82126100	Las Petacas	82	82126	824100	-31.821157	-62.111063
82126110	Los Cardos	82	82126	824107	-32.322251	-61.631781
82126120	María Susana	82	82126	824114	-32.266719	-61.906002
82126130	Piamonte	82	82126	824121	-32.144006	-61.980512
82126140	San Jorge	82	82126	820315	-31.896081	-61.859687
82126150	San Martín de las Escobas	82	82126	824128	-31.85773	-61.569872
82126160	Sastre	82	82126	820322	-31.767467	-61.828993
82126170	Traill	82	82126	824135	-31.920437	-61.701019
82126180	Wildermuth	82	82126	824072	-31.944074	-61.401341
82133010	Calchaquí	82	82133	820329	-29.887938	-60.283208
82133020	Cañada Ombú	82	82133	824142	-28.308694	-59.983611
82133030	Colmena	82	82133	824170	-28.763713	-60.089792
82133037	Fortín Charrúa	82	82133	824149	-29.128403	-60.934568
82133040	Fortín Olmos	82	82133	824149	-29.057031	-60.412979
82133050	Garabato	82	82133	824156	-28.954327	-60.135343
82133060	Golondrina	82	82133	824163	-28.55654	-60.02271
82133070	Intiyaco	82	82133	824170	-28.674808	-60.070831
82133075	Kilómetro 12	82	82133	824205	-29.244891	-60.306388
82133080	Kilómetro 115	82	82133	824156	-28.824693	-60.222735
82133085	Kilómetro 302	82	82133	824205	-29.013128	-60.14098
82133090	La Gallareta	82	82133	824177	-29.586164	-60.378336
82133100	Los Amores	82	82133	824184	-28.101975	-59.979897
82133105	Los Tábanos	82	82133	824188	-28.457546	-59.983409
82133110	Margarita	82	82133	824191	-29.692492	-60.252219
82133120	Paraje 29	82	82133	824149	-29.110851	-60.239322
82133130	Pozo de los Indios	82	82133	824156	-28.945131	-60.252004
82133135	Pueblo Luis Berli	82	82133	824205	-29.19676	-60.279089
82133140	Pueblo Santa Lucía	82	82133	820336	-29.281545	-60.402022
82133145	Santa Felicia	82	82133	820336	-29.363176	-60.243783
82133150	Tartagal	82	82133	824198	-28.670861	-59.848283
82133160	Toba	82	82133	824205	-29.265761	-60.170946
82133170	Vera	82	82133	820336	-29.459065	-60.214923
86007010	Argentina	86	86007	866308	-29.53533	-62.265905
86007020	Casares	86	86007	866315	-28.947458	-62.801174
86007030	Malbrán	86	86007	866007	-29.349138	-62.441868
86007040	Pinto	86	86007	860007	-29.141676	-62.654633
86014005	Agustina Libarona	86	86014		-26.780819	-62.714161
86014010	Campo Gallo	86	86014	860014	-26.583892	-62.84706
86014020	Coronel Manuel L. Rico	86	86014		-26.384667	-61.810705
86014030	Donadeu	86	86014	866322	-26.722344	-62.722147
86014035	Huachana	86	86014	866325	-26.41504	-63.5009
86014040	Sachayoj	86	86014	866014	-26.675419	-61.815111
86014050	Santos Lugares	86	86014	866329	-26.690241	-63.558397
86021010	Estación Atamisqui	86	86021	866021	-28.492612	-63.936681
86021015	Juanillo	86	86021	866026	-28.597621	-63.689712
86021020	Medellí­n	86	86021	866028	-28.652108	-63.785612
86021030	Villa Atamisqui	86	86021	860021	-28.496246	-63.817414
86028010	Colonia Dora	86	86028	860028	-28.607009	-62.951258
86028020	Herrera	86	86028	866035	-28.486165	-63.070632
86028030	Icaño	86	86028	866042	-28.684037	-62.882415
86028040	Lugones	86	86028	866049	-28.336074	-63.339256
86028050	Real Sayana	86	86028	866056	-28.81464	-62.843205
86028060	Villa Mailín	86	86028	866336	-28.482558	-63.276039
86035010	Abra Grande	86	86035	866342	-27.29173	-64.379654
86035020	Antajé	86	86035	866343	-27.624475	-64.253556
86035030	Ardiles	86	86035	866350	-27.412047	-64.499474
86035035	Bajo Grande	86	86035		-27.609918	-64.02427
86035040	Cañada Escobar	86	86035	866357	-27.711049	-64.045341
86035050	Chaupi Pozo	86	86035	866364	-27.507897	-64.420555
86035060	Clodomira	86	86035	860035	-27.577394	-64.132374
86035070	Huyamampa	86	86035		-27.387711	-64.298012
86035080	La Aurora	86	86035	866371	-27.494968	-64.231149
86035090	La Banda	86	86035	860042	-27.735672	-64.243492
86035100	San Ramón - La Dársena	86	86035	866378	-27.699343	-64.28715
86035105	Los Acosta	86	86035		-27.598475	-64.410032
86035107	Los Gómez	86	86035		-27.540105	-64.449541
86035110	Los Quiroga	86	86035	866070	-27.652382	-64.355018
86035120	Los Soria	86	86035		-27.625271	-64.366893
86035124	Pampa Mayo	86	86035		-27.629024	-63.961319
86035127	Sauce Bajada	86	86035		-27.798052	-64.201679
86035130	Simbolar	86	86035	866063	-27.65383	-64.193201
86035140	Tramo 16	86	86035		-27.695687	-64.165995
86035150	Tramo 20	86	86035		-27.721163	-64.118477
86042010	Bandera	86	86042	860049	-28.887978	-62.268948
86042020	Cuatro Bocas	86	86042	866385	-28.863186	-61.86006
86042030	Fortí­n Inca	86	86042	866077	-29.127365	-61.934437
86042040	Guardia Escolta	86	86042	866084	-28.988248	-62.12674
86049010	El Deán	86	86049	866388	-27.715561	-64.330506
86049015	El Deáncito	86	86049		-27.693278	-64.349934
86049020	El Mojón	86	86049		-27.988447	-64.222014
86049030	Villa Zanjón	86	86049	866399	-27.880162	-64.242675
86049040	Los Cardozos	86	86049	866403	-27.914431	-64.17637
86049050	Maco	86	86049		-27.870258	-64.216583
86049060	Maquito	86	86049		-27.880972	-64.210208
86049070	Morales	86	86049		-27.672748	-64.368835
86049080	Puesto de San Antonio	86	86049		-27.665917	-64.375742
86049090	San Pedro	86	86049	866392	-27.946356	-64.16389
86049100	Santa Marí­a	86	86049	866394	-27.948302	-64.217776
86049110	Santiago del Estero	86	86049	860056	-27.787639	-64.259696
86049120	Vuelta de la Barranca	86	86049	866403	-27.894477	-64.197961
86049130	Yanda	86	86049	866399	-27.910624	-64.230055
86056010	El Caburé	86	86056	866406	-26.017196	-62.33508
86056030	Los Pirpintos	86	86056	866091	-26.133634	-62.0624
86056040	Los Tigres	86	86056		-25.907985	-62.593425
86056050	Monte Quemado	86	86056	860063	-25.799024	-62.834252
86056070	Pampa de los Guanacos	86	86056	860070	-26.228712	-61.834839
86056080	San José Del Boquerón	86	86056	866413	-26.1186	-63.704655
86056090	Urutaú	86	86056		-25.713917	-63.043121
86063010	Ancaján	86	86063		-28.444364	-64.930356
86063020	Choya	86	86063	866098	-28.496013	-64.856321
86063025	El Rodeo	86	86063		-28.237287	-64.773594
86063030	Estación La Punta	86	86063		-28.410173	-64.758497
86063040	Frí­as	86	86063	860077	-28.636981	-65.133395
86063050	Laprida	86	86063	866105	-28.378049	-64.52971
86063070	San Pedro	86	86063		-28.468043	-64.867226
86063075	Sol de Mayo	86	86063		-28.278647	-64.773445
86063080	Tapso	86	86063	866112	-28.402616	-65.091311
86063090	Villa La Punta	86	86063	866119	-28.369682	-64.794877
86070010	Bandera Bajada	86	86070	866126	-27.273285	-63.513205
86070015	Cardón Esquina	86	86070		-27.299461	-63.509902
86070020	Caspi Corral	86	86070	866424	-27.387089	-63.543011
86070030	Colonia San Juan	86	86070	866427	-27.617042	-63.299979
86070040	El Cruce	86	86070		-27.576425	-63.329462
86070060	La Cañada	86	86070	866133	-27.709291	-63.773028
86070070	La Invernada	86	86070	866434	-27.383646	-63.48855
86070073	La Invernada Sur	86	86070		-27.406673	-63.41364
86070080	Minerva	86	86070		-27.532984	-63.38339
86070085	Quimillioj	86	86070		-27.538373	-63.479334
86070090	Vaca Huañuna	86	86070	866438	-27.468779	-63.471656
86070100	Villa Figueroa	86	86070	866441	-27.721073	-63.50661
86077010	Añatuya	86	86077	860084	-28.468161	-62.828578
86077020	Averías	86	86077	866448	-28.745348	-62.449138
86077030	Tacañitas	86	86077	866455	-28.62515	-62.606375
86077040	La Nena	86	86077	866459	-28.459269	-61.840105
86077050	Los Juríes	86	86077	860091	-28.46301	-62.110517
86077060	Tomás Young	86	86077	866140	-28.600618	-62.18287
86084004	Doña Luisa	86	86084	866462	-27.745599	-64.725135
86084006	Guampacha	86	86084	866469	-28.012905	-64.79046
86084010	Lavalle	86	86084	866147	-28.194417	-65.106472
86084020	San Pedro	86	86084		-27.953868	-65.166422
86084030	Villa Guasayán	86	86084	866476	-27.884835	-64.851625
86091005	El Arenal	86	86091	866483	-26.771673	-64.601546
86091008	El Bagual	86	86091		-27.157523	-64.788708
86091010	El Bobadal	86	86091	866154	-26.722744	-64.397225
86091020	El Charco	86	86091	866161	-27.23011	-64.701323
86091023	El Churqui	86	86091		-27.16473	-64.667423
86091026	El Palomar	86	86091		-26.884299	-64.599061
86091030	El Rincón	86	86091		-26.71087	-64.341744
86091040	Gramilla	86	86091	866168	-27.297194	-64.610754
86091050	Isca Yacu	86	86091		-27.029054	-64.611561
86091060	Isca Yacu Semaul	86	86091		-27.033085	-64.611811
86091070	Pozo Hondo	86	86091	860105	-27.167182	-64.490872
86091076	San Felix	86	86091		-26.689732	-64.454518
86091080	San Pedro	86	86091		-26.743515	-64.392206
86091090	Tres Cruces	86	86091	866487	-27.20195	-64.682424
86098010	El Colorado	86	86098	866490	-27.91456	-62.177382
86098020	El Cuadrado	86	86098	866497	-28.228824	-61.796095
86098030	Villa Matará	86	86098	866175	-28.108256	-63.194668
86098035	Pozo del Toba	86	86098	866504	-27.950748	-61.995579
86098040	Suncho Corral	86	86098	860112	-27.936109	-63.432667
86098050	Vilelas	86	86098	866182	-27.962058	-62.60813
86098060	Yuchán	86	86098	866183	-27.781283	-62.976283
86105010	Villa San Martí­n (Est. Loreto)	86	86105	860119	-28.300866	-64.184107
86112010	Villa Unión	86	86112	866189	-29.413523	-62.790396
86119010	Aerolito	86	86119		-27.235233	-62.378061
86119020	Alhuampa	86	86119		-27.129459	-62.543992
86119021	Amamá	86	86119	866507	-27.210911	-63.040326
86119023	Cejolao	86	86119		-27.490048	-62.306911
86119025	Granadero Gatica	86	86119	866509	-26.870567	-62.715479
86119030	Hasse	86	86119		-27.068821	-62.643927
86119040	Hernán Mejía Miraval	86	86119		-27.177889	-62.467555
86119050	Las Tinajas	86	86119	866511	-27.472706	-62.91819
86119060	Libertad	86	86119	866515	-27.0849	-63.070622
86119070	Lilo Viejo	86	86119		-26.936307	-62.955835
86119080	Patay	86	86119	866525	-26.841987	-62.930537
86119090	Otumpa	86	86119	866518	-27.328629	-62.227026
86119100	Quimili	86	86119	860126	-27.648208	-62.411353
86119110	Roversi	86	86119		-27.592518	-61.946085
86119120	Tintina	86	86119	860133	-27.03287	-62.704735
86119125	Villa Brana	86	86119	866527	-27.347013	-62.918044
86119130	Weisburd	86	86119	866196	-27.318759	-62.585104
86126005	Ambargasta	86	86126		-29.267195	-63.968174
86126010	El 49	86	86126	866200	-29.050568	-63.958075
86126020	Sol de Julio	86	86126	866203	-29.565331	-63.457233
86126030	Villa Ojo de Agua	86	86126	860140	-29.502666	-63.694815
86133005	Agua Amarga	86	86133		-25.89167	-64.317321
86133006	Ahí­ Veremos	86	86133		-25.856195	-63.911215
86133008	Balde	86	86133		-26.224951	-64.133566
86133010	El Mojón	86	86133	866210	-26.092741	-64.309381
86133013	El Quemado	86	86133		-26.199393	-64.165729
86133015	El Remate	86	86133		-26.234492	-64.469715
86133017	La Fragua	86	86133		-26.074848	-64.3402
86133020	Las Delicias	86	86133	866532	-26.680118	-64.005725
86133030	Nueva Esperanza	86	86133	860147	-26.200129	-64.240056
86133040	Pozo Betbeder	86	86133	866539	-26.409165	-64.338166
86133045	Quebracho Coto	86	86133	866546	-26.287109	-64.462829
86133050	Rapelli	86	86133	866553	-26.393347	-64.503711
86133060	Santo Domingo	86	86133	866555	-26.215478	-63.779563
86140010	Ramí­rez de Velazco	86	86140	866560	-29.231848	-63.474519
86140020	Sumampa	86	86140	860154	-29.381128	-63.474518
86140030	Sumampa Viejo	86	86140		-29.383907	-63.436442
86140040	Villa Quebrachos	86	86140		-29.241778	-63.613237
86147007	Cañada de La Costa	86	86147		-27.454855	-64.799722
86147020	Chauchillas	86	86147		-27.520758	-64.553205
86147030	Colonia Tinco	86	86147	866574	-27.413619	-64.942227
86147040	El Charco	86	86147	866161	-27.231737	-64.700043
86147050	Gramilla	86	86147	866168	-27.298077	-64.610605
86147060	La Nueva Donosa	86	86147		-27.456391	-64.9277
86147070	Los Miranda	86	86147		-27.471722	-64.610334
86147080	Los Nuñez	86	86147	866217	-27.534238	-64.528843
86147090	Mansupa	86	86147		-27.453157	-64.909362
86147095	Pérez de Zurita	86	86147		-27.445657	-64.9493
86147100	Pozuelos	86	86147	866581	-27.307325	-64.755443
86147105	Puesto La Soledad	86	86147		-27.425619	-64.81912
86147110	Rodeo de Valdez	86	86147		-27.55138	-64.511272
86147120	El Sauzal	86	86147	866576	-27.489216	-64.580079
86147123	San Pablo	86	86147		-27.467978	-64.841925
86147126	Sotelo	86	86147	866585	-27.461662	-64.756611
86147130	Termas de Rí­o Hondo	86	86147	860161	-27.508943	-64.850446
86147140	Villa Giménez	86	86147		-27.571736	-64.477139
86147150	Villa Rí­o Hondo	86	86147		-27.596923	-64.914683
86147170	Vinara	86	86147	866588	-27.379944	-64.794697
86154010	Colonia Alpina	86	86154	866231	-30.060133	-62.103511
86154020	Palo Negro	86	86154	866238	-29.674962	-62.136033
86154030	Selva	86	86154	860168	-29.768333	-62.047528
86161010	Beltrán	86	86161	860175	-27.831591	-64.061379
86161020	Colonia El Simbolar	86	86161	866245	-27.724813	-63.862885
86161030	Fernández	86	86161	860182	-27.925271	-63.894671
86161040	Forres (Est. Chaguar Punco)	86	86161	860189	-27.878959	-63.980425
86161043	Los Pereyra	86	86161		-27.944709	-64.066743
86161045	Los Romanos	86	86161		-27.823044	-64.172605
86161048	Villa Robles	86	86161	866595	-27.918311	-64.11065
86161050	Vilmer	86	86161	866252	-27.786047	-64.150357
86168010	Chilca Juliana	86	86168	866259	-28.796898	-63.57523
86168020	Los Telares	86	86168	860196	-28.984984	-63.450559
86168030	Villa Salavina	86	86168	866266	-28.804298	-63.429671
86175010	Brea Pozo	86	86175	866273	-28.239228	-63.947807
86175020	Estación Robles	86	86175	866609	-28.047748	-63.991328
86175030	Taboada	86	86175	866280	-28.008619	-63.743615
86175040	Villa Nueva	86	86175	866613	-28.301641	-64.029915
86182010	Garza	86	86182	866287	-28.153155	-63.539154
86189010	Árraga	86	86189	866294	-28.050866	-64.220797
86189020	Nueva Francia	86	86189	866301	-28.173709	-64.200052
86189030	Simbol	86	86189		-28.100073	-64.209843
86189040	Sumamao	86	86189	866620	-28.169215	-64.098874
86189050	Villa Silí­pica	86	86189	866623	-28.109265	-64.146466
90007010	Barrio San Jorge	90	90007	908021	-26.676464	-65.045746
90007011	Barrio San Martín	90	90007	908056	-26.716986	-64.94011
90007013	Boca del Tigre	90	90007	908014	-26.769194	-65.099758
90007018	El Cajón	90	90007	908063	-26.503214	-64.875462
90007020	El Chañar	90	90007	908014	-26.75737	-65.068013
90007030	El Naranjo	90	90007	908021	-26.661989	-65.048365
90007033	El Puestito	90	90007	908028	-26.433746	-64.750868
90007035	El Rodeo	90	90007	908056	-26.658152	-64.933677
90007037	El Timbó	90	90007	908035	-26.642894	-65.18855
90007040	Garmendia	90	90007	908042	-26.574116	-64.558673
90007043	La Angostura	90	90007	908056	-26.717364	-64.994926
90007045	La Cañada	90	90007	908056	-26.637901	-64.927038
90007047	La Cruz	90	90007	908056	-26.631941	-64.880973
90007050	La Ramada	90	90007	908056	-26.686625	-64.948165
90007053	La Ramada de Abajo	90	90007	908056	-26.723025	-64.909605
90007055	La Salina	90	90007	908035	-26.715772	-65.147595
90007060	Macomitas	90	90007	908014	-26.729809	-65.010391
90007065	Paso de las Lanzas	90	90007	908063	-26.521949	-64.865179
90007070	Gobernador Piedrabuena	90	90007	908049	-26.73986	-64.649336
90007075	Río Nío	90	90007	908070	-26.441997	-64.991663
90007085	Taruca Pampa	90	90007	908063	-26.576121	-64.824713
90007087	Timbó Nuevo	90	90007	908035	-26.699204	-65.14037
90007088	Timbó Viejo	90	90007	908035	-26.66122	-65.129623
90007090	Villa Benjamín Aráoz	90	90007	908063	-26.556157	-64.79838
90007100	Villa Burruyacú	90	90007	900007	-26.501081	-64.74192
90007110	Villa Padre Monti	90	90007	908070	-26.512959	-64.992435
90014010	Alderetes	90	90014	900021	-26.820291	-65.143418
90014015	Bajo Grande	90	90014	908091	-26.926089	-65.161864
90014020	Banda del Río Salí	90	90014	900028	-26.844253	-65.167388
90014035	Boca del Tigre	90	90014	900021	-26.771919	-65.103877
90014040	Colombres	90	90014	908077	-26.893308	-65.106591
90014050	Colonia Mayo - Barrio La Milagrosa	90	90014	908133	-26.833515	-64.989766
90014060	Delfín Gallo	90	90014	908084	-26.843889	-65.092423
90014070	El Bracho	90	90014	908091	-26.990946	-65.181049
90014073	El Cevilar	90	90014	908091	-26.957607	-65.159405
90014074	El Empalme	90	90014	908098	-26.995391	-65.003183
90014075	El Empalme	90	90014	908147	-26.995174	-65.002293
90014077	El Naranjito	90	90014	908098	-26.991318	-65.088922
90014080	La Florida	90	90014	908105	-26.817172	-65.087989
90014090	Las Cejas	90	90014	908112	-26.88843	-64.741139
90014093	Las Piedritas	90	90014	908147	-26.933256	-65.096061
90014095	Los Bulacio	90	90014	908119	-26.994308	-65.220534
90014097	Los Pereyra	90	90014	908126	-26.943837	-64.876734
90014100	Los Ralos	90	90014	908140	-26.88847	-65.000966
90014105	Los Villagra	90	90014	908119	-26.959719	-65.210511
90014110	Pacará	90	90014	900028	-26.899367	-65.149654
90014120	Ranchillos	90	90014	908147	-26.957401	-65.044291
90014130	San Andrés	90	90014	908154	-26.889786	-65.194254
90021010	Alpachiri	90	90021	908161	-27.335841	-65.757398
90021020	Alto Verde	90	90021	908168	-27.379399	-65.607926
90021030	Arcadia	90	90021	908175	-27.306948	-65.576067
90021045	Barrio Santa Emilia	90	90021	908168	-27.397414	-65.612954
90021050	Concepción	90	90021	900035	-27.345955	-65.592745
90021053	El Molino	90	90021	908161	-27.336848	-65.697231
90021055	Gastona Norte	90	90021	908182	-27.313286	-65.508447
90021056	Gastona Sud	90	90021	908182	-27.356292	-65.489596
90021057	Gastonilla	90	90021	908175	-27.345432	-65.519096
90021060	Iltico	90	90021	900035	-27.335666	-65.652785
90021070	La Trinidad	90	90021	908189	-27.413591	-65.521103
90021073	Los Guchea	90	90021	908196	-27.384279	-65.553162
90021080	Medina	90	90021	908196	-27.422081	-65.532932
90028020	Campo de Herrera	90	90028	900042	-27.025603	-65.346472
90028030	Famaillá	90	90028	900042	-27.054342	-65.402052
90028040	Ingenio Fronterita	90	90028	900042	-27.035471	-65.455616
90028060	Los Laureles Sur	90	90028	900042	-27.047562	-65.472092
90028070	Padilla	90	90028	900042	-27.021402	-65.392503
90028080	San Gabriel	90	90028	900042	-27.104026	-65.451062
90035010	Graneros	90	90035	900049	-27.649462	-65.439439
90035017	La Cañada	90	90035	900049	-27.566915	-65.513116
90035020	Lamadrid	90	90035	908203	-27.645101	-65.246878
90035030	Taco Ralo	90	90035	908210	-27.835068	-65.194602
90042010	Juan Bautista Alberdi	90	90042	900056	-27.584627	-65.615408
90042020	Villa Belgrano	90	90042	908224	-27.530902	-65.615875
90049001	Alto de la Cocha	90	90049	908259	-27.751704	-65.587814
90049003	Domingo Millán	90	90049	908231	-27.639997	-65.595619
90049004	El Corralito	90	90049	908266	-27.618287	-65.709797
90049005	El Sacrificio	90	90049	908231	-27.650962	-65.573623
90049006	Huasa Pampa Norte	90	90049	908259	-27.731195	-65.595305
90049007	Huasa Pampa Sur	90	90049	908238	-27.881153	-65.583149
90049010	La Cocha	90	90049	900063	-27.770171	-65.588353
90049013	Los Pizarros	90	90049	908252	-27.749331	-65.6363
90049016	Rumi Punco	90	90049	908245	-27.984796	-65.573882
90049020	San José de La Cocha	90	90049	908259	-27.731499	-65.584257
90049030	Yánima	90	90049	908231	-27.655429	-65.667984
90056010	Bella Vista	90	90056	900070	-27.032787	-65.30712
90056013	Cruce Río Colorado	90	90056	908336	-27.116479	-65.340073
90056016	El Porvenir	90	90056	908287	-27.008271	-65.223842
90056018	Esquina	90	90056	908287	-27.026663	-65.197064
90056020	Estación Aráoz	90	90056	908294	-27.057115	-64.921812
90056025	Las Talas	90	90056	908301	-26.991163	-65.273956
90056027	Los Gómez	90	90056	908308	-27.323721	-65.209583
90056030	Los Puestos	90	90056	908315	-27.2809	-65.01903
90056032	Los Romano	90	90056	908315	-27.373704	-65.140798
90056034	Los Sueldos	90	90056	908329	-27.09106	-65.261003
90056038	Mancopa	90	90056	908287	-27.029755	-65.152922
90056040	Manuel García Fernández	90	90056	908322	-26.955703	-65.272073
90056060	Río Colorado	90	90056	908336	-27.14968	-65.356051
90056065	San José de Buena Vista	90	90056	908336	-27.10596	-65.375894
90056067	San Ramón	90	90056	900070	-27.098358	-65.32808
90056070	Santa Rosa de Leales	90	90056	908343	-27.137817	-65.260829
90056075	Tacanas	90	90056	908294	-27.138098	-64.809796
90056080	Villa Fiad - Ingenio Leales	90	90056	908329	-27.067197	-65.239641
90056090	Villa de Leales	90	90056	908350	-27.193862	-65.310315
90056100	Villa Regina	90	90056	908329	-27.087357	-65.248378
90063010	Barrio San Felipe	90	90063	900014	-26.874984	-65.232226
90063020	El Manantial	90	90063	908357	-26.847935	-65.28191
90063030	Ingenio San Pablo	90	90063	908371	-26.870439	-65.310891
90063040	La Reducción	90	90063	900077	-26.960134	-65.351473
90063045	Los Aguirre	90	90063	908364	-26.911754	-65.236513
90063050	Lules	90	90063	900077	-26.922196	-65.337807
90063080	Villa Nougués	90	90063	908371	-26.858455	-65.375583
90063090	Yerba Buena	90	90063	900133	-26.832154	-65.306931
90070010	Acheral	90	90070	908378	-27.120721	-65.470565
90070015	Amberes	90	90070	908385	-27.269269	-65.490025
90070020	Capitán Cáceres	90	90070	908392	-27.190082	-65.604791
90070023	El Cercado	90	90070	908399	-27.179137	-65.557326
90070025	Los Costilla	90	90070	908406	-27.220741	-65.470521
90070028	Los Sosa	90	90070	908413	-27.148031	-65.557337
90070030	Monteros	90	90070	900084	-27.165338	-65.497214
90070040	Pueblo Independencia	90	90070	908406	-27.220062	-65.524054
90070050	Río Seco	90	90070	908420	-27.267521	-65.559287
90070060	Santa Lucía	90	90070	908427	-27.093114	-65.533304
90070070	Sargento Moya	90	90070	908434	-27.228359	-65.660041
90070080	Soldado Maldonado	90	90070	908441	-27.144091	-65.565505
90070090	Teniente Berdina	90	90070	908448	-27.05037	-65.487732
90070100	Villa Quinteros	90	90070	908455	-27.252889	-65.5493
90070110	Zavalía	90	90070	908427	-27.102243	-65.51647
90077010	Aguilares	90	90077	900091	-27.431459	-65.614643
90077011	Colonia 1	90	90077	908483	-27.466273	-65.637469
90077013	Colonia 6	90	90077	908483	-27.511173	-65.689152
90077014	Colonia 10	90	90077	908483	-27.506262	-65.705634
90077015	Colonia 14	90	90077	908483	-27.494444	-65.707145
90077016	Colonia 17	90	90077	908483	-27.467759	-65.720541
90077018	El Polear	90	90077	908462	-27.498222	-65.567201
90077019	La Tipa	90	90077	908469	-27.389463	-65.727738
90077020	Los Sarmientos	90	90077	908469	-27.413721	-65.69544
90077025	Monte Bello	90	90077	908476	-27.377558	-65.747111
90077030	Río Chico	90	90077	908483	-27.480996	-65.621406
90077040	Santa Ana	90	90077	908483	-27.474356	-65.68166
90077050	Villa Clodomiro Hileret	90	90077	908483	-27.473947	-65.65923
90084010	San Miguel de Tucumán	90	90084	900014	-26.833071	-65.204407
90091010	Atahona	90	90091	908490	-27.4175	-65.28784
90091017	Manuela Pedraza	90	90091	908511	-27.225019	-65.357008
90091020	Monteagudo	90	90091	908518	-27.510723	-65.277394
90091030	Nueva Trinidad	90	90091	908532	-27.484399	-65.491061
90091037	San Pedro Mártir	90	90091	908539	-27.33904	-65.369552
90091040	Santa Cruz	90	90091	908546	-27.389448	-65.458125
90091050	Simoca	90	90091	900098	-27.262902	-65.358057
90091060	Villa Chicligasta	90	90091	908553	-27.434076	-65.16436
90098010	Amaicha del Valle	90	90098	908567	-26.593724	-65.92007
90098013	Ampimpa	90	90098	908567	-26.597188	-65.85657
90098015	Barrio Malvinas	90	90098	908581	-26.874292	-65.679683
90098020	Colalao del Valle	90	90098	908574	-26.360536	-65.95892
90098030	El Mollar	90	90098	908581	-26.940001	-65.711111
90098032	El Rodeo	90	90098	908581	-26.88629	-65.760222
90098035	La Costa	90	90098	900105	-26.856338	-65.673143
90098036	Las Siringuillas	90	90098	908581	-26.90466	-65.682961
90098037	Las Carreras	90	90098	908581	-26.934513	-65.778329
90098038	Los Zazos	90	90098	908567	-26.607533	-65.892758
90098040	Tafí del Valle	90	90098	900105	-26.852798	-65.708557
90105030	Los Nogales	90	90105	908616	-26.711904	-65.220592
90105045	Barrio Santa Rita	90	90105	908616	-26.72133	-65.167731
90105070	El Cadillal	90	90105	908602	-26.632544	-65.205741
90105072	El Siambón	90	90105	908588	-26.722058	-65.442105
90105074	La Tuquita	90	90105	908588	-26.636159	-65.380128
90105075	La Esperanza	90	90105	908609	-26.710219	-65.267595
90105078	Raco	90	90105	908588	-26.677811	-65.429524
90105079	San Javier	90	90105	908588	-26.74094	-65.388071
90105080	Tafí Viejo	90	90105	900119	-26.734324	-65.259328
90105100	Las Talitas	90	90105	900112	-26.775982	-65.20197
90112005	Benjamín Paz	90	90112	900126	-26.372313	-65.292325
90112010	Choromoro	90	90112	908623	-26.411265	-65.319958
90112013	Chuscha	90	90112	908623	-26.389011	-65.41199
90112020	San Pedro de Colalao	90	90112	908630	-26.234871	-65.494857
90112025	Tapia	90	90112	908637	-26.593834	-65.279132
90112030	Villa de Trancas	90	90112	900126	-26.231029	-65.283461
90112040	Vipos	90	90112	908637	-26.481143	-65.346827
90119020	Cevil Redondo	90	90119	908644	-26.769729	-65.271766
90119025	Villa San Javier	90	90119	908651	-26.786771	-65.358741
90119030	Yerba Buena - Marcos Paz	90	90119	900133	-26.809987	-65.283372
94008003	Country Club San Justo	94	94008		-54.028119	-68.543308
94008010	Río Grande	94	94008	940007	-53.786354	-67.69613
94011010	Tolhuin	94	94011	940021	-54.511348	-67.195224
94015010	Laguna Escondida	94	94015		-54.640536	-67.762765
94015015	Puerto Almanza	94	94015		-54.868809	-67.552299
94015020	Ushuaia	94	94015	940014	-54.812703	-68.32253
94021010	Bahía Fox (Is. Malvinas)	94	94021		-51.953904	-60.068827
94021020	Brazo Norte (Is. Malvinas)	94	94021		-52.124347	-59.367834
94021030	Chartres (Is. Malvinas)	94	94021		-51.711783	-60.081986
94021040	Grytviken (Is Georgias del Sur)	94	94021		-54.280866	-36.508055
94021050	Monte Agradable (Is. Malvinas)	94	94021		-51.824131	-58.461924
94021060	Pradera del Ganso (Is. Malvinas)	94	94021		-51.828509	-58.970919
94021070	Puerto Argentino (Is. Malvinas)	94	94021		-51.694176	-57.853518
94021080	Puerto Mitre (Is. Malvinas)	94	94021		-51.611845	-59.521651
