010101	Chachapoyas	0101	Chachapoyas	01	Amazonas	-6.229444	-77.872778	32589
010102	Asunción	0101	Chachapoyas	01	Amazonas	-6.032500	-77.710833	262
010103	Balsas	0101	Chachapoyas	01	Amazonas	-6.835833	-78.019722	1136
010104	Cheto	0101	Chachapoyas	01	Amazonas	-6.255556	-77.700833	642
010105	Chiliquín	0101	Chachapoyas	01	Amazonas	-6.078333	-77.737500	585
010106	Chuquibamba	0101	Chachapoyas	01	Amazonas	-6.935000	-77.854167	1781
010107	Granada	0101	Chachapoyas	01	Amazonas	-6.106389	-77.628611	480
010108	Huancas	0101	Chachapoyas	01	Amazonas	-6.173611	-77.864444	1258
010109	La Jalca	0101	Chachapoyas	01	Amazonas	-6.484722	-77.815000	3978
010110	Leimebamba	0101	Chachapoyas	01	Amazonas	-6.707500	-77.803889	3620
010111	Levanto	0101	Chachapoyas	01	Amazonas	-6.307778	-77.899167	794
010112	Magdalena	0101	Chachapoyas	01	Amazonas	-6.373056	-77.901667	852
010113	Mariscal Castilla	0101	Chachapoyas	01	Amazonas	-6.594444	-77.808611	1367
010114	Molinopampa	0101	Chachapoyas	01	Amazonas	-6.209167	-77.669167	2176
010115	Montevideo	0101	Chachapoyas	01	Amazonas	-6.618056	-77.802222	496
010116	Olleros	0101	Chachapoyas	01	Amazonas	-6.023889	-77.676389	375
010117	Quinjalca	0101	Chachapoyas	01	Amazonas	-6.091389	-77.678611	769
010118	San Francisco de Daguas	0101	Chachapoyas	01	Amazonas	-6.229167	-77.740000	295
010119	San Isidro de Maino	0101	Chachapoyas	01	Amazonas	-6.337222	-77.880556	580
010120	Soloco	0101	Chachapoyas	01	Amazonas	-6.260556	-77.744167	1224
010121	Sonche	0101	Chachapoyas	01	Amazonas	-6.218889	-77.775278	247
010201	Bagua	0102	Bagua	01	Amazonas	-5.638889	-78.531111	27102
010202	Aramango	0102	Bagua	01	Amazonas	-5.416389	-78.437778	9765
010203	Copallín	0102	Bagua	01	Amazonas	-5.675000	-78.423056	4595
010204	El Parco	0102	Bagua	01	Amazonas	-5.625000	-78.475278	1216
010205	Imaza	0102	Bagua	01	Amazonas	-5.163611	-78.288889	25162
010206	La Peca	0102	Bagua	01	Amazonas	-5.611944	-78.436944	6260
010301	Jumbilla	0103	Bongará	01	Amazonas	-5.904444	-77.797778	1337
010302	Chisquilla	0103	Bongará	01	Amazonas	-5.897500	-77.786111	306
010303	Churuja	0103	Bongará	01	Amazonas	-6.019444	-77.951944	287
010304	Corosha	0103	Bongará	01	Amazonas	-5.843333	-77.822500	772
010305	Cuispes	0103	Bongará	01	Amazonas	-5.928333	-77.946111	669
010306	Florida	0103	Bongará	01	Amazonas	-5.826111	-77.969444	5999
010307	Jazan	0103	Bongará	01	Amazonas	-5.941389	-77.977222	7580
010308	Recta	0103	Bongará	01	Amazonas	-5.917778	-77.788889	208
010309	San Carlos	0103	Bongará	01	Amazonas	-5.966111	-77.945278	489
010310	Shipasbamba	0103	Bongará	01	Amazonas	-5.910556	-77.980556	1539
010311	Valera	0103	Bongará	01	Amazonas	-6.042778	-77.919167	874
010312	Yambrasbamba	0103	Bongará	01	Amazonas	-5.735278	-77.925000	5577
010401	Nieva	0104	Condorcanqui	01	Amazonas	-4.592222	-77.864444	18626
010402	El Cenepa	0104	Condorcanqui	01	Amazonas	-4.455556	-78.158889	9891
010403	Río Santiago	0104	Condorcanqui	01	Amazonas	-4.015833	-77.760833	13953
010501	Lámud	0105	Luya	01	Amazonas	-6.139167	-77.952222	2227
010502	Camporredondo	0105	Luya	01	Amazonas	-6.213333	-78.320000	6473
010503	Cocabamba	0105	Luya	01	Amazonas	-6.614167	-78.005000	1881
010504	Colcamar	0105	Luya	01	Amazonas	-6.299444	-77.973056	1853
010505	Conila	0105	Luya	01	Amazonas	-6.159167	-78.141944	1840
010506	Inguilpata	0105	Luya	01	Amazonas	-6.239444	-77.953889	498
010507	Longuita	0105	Luya	01	Amazonas	-6.413611	-77.968333	839
010508	Lonya Chico	0105	Luya	01	Amazonas	-6.229722	-77.955000	842
010509	Luya	0105	Luya	01	Amazonas	-6.164167	-77.944167	3959
010510	Luya Viejo	0105	Luya	01	Amazonas	-6.127500	-78.085000	388
010511	María	0105	Luya	01	Amazonas	-6.428889	-77.960833	744
010512	Ocalli	0105	Luya	01	Amazonas	-6.235278	-78.266389	3556
010513	Ocumal	0105	Luya	01	Amazonas	-6.282500	-78.210833	3446
010514	Pisuquia	0105	Luya	01	Amazonas	-6.453333	-78.091944	4768
010515	Providencia	0105	Luya	01	Amazonas	-6.297222	-78.240833	1316
010516	San Cristóbal	0105	Luya	01	Amazonas	-6.101667	-77.959722	546
010517	San Francisco del Yeso	0105	Luya	01	Amazonas	-6.646944	-77.811667	695
010518	San Jerónimo	0105	Luya	01	Amazonas	-6.059722	-77.974444	633
010519	San Juan de Lopecancha	0105	Luya	01	Amazonas	-6.496389	-77.861944	419
010520	Santa Catalina	0105	Luya	01	Amazonas	-6.113611	-78.060833	1888
010521	Santo Tomás	0105	Luya	01	Amazonas	-6.572500	-77.865833	3012
010522	Tingo	0105	Luya	01	Amazonas	-6.379722	-77.905833	1265
010523	Trita	0105	Luya	01	Amazonas	-6.151944	-77.980833	1348
010601	San Nicolás	0106	Rodríguez de Mendoza	01	Amazonas	-6.395278	-77.482222	6016
010602	Chirimoto	0106	Rodríguez de Mendoza	01	Amazonas	-6.523056	-77.442500	2498
010603	Cochamal	0106	Rodríguez de Mendoza	01	Amazonas	-6.407500	-77.585278	595
010604	Huambo	0106	Rodríguez de Mendoza	01	Amazonas	-6.431111	-77.536667	2620
010605	Limabamba	0106	Rodríguez de Mendoza	01	Amazonas	-6.498056	-77.498889	2280
010606	Longar	0106	Rodríguez de Mendoza	01	Amazonas	-6.385833	-77.546667	1631
010607	Mariscal Benavides	0106	Rodríguez de Mendoza	01	Amazonas	-6.386111	-77.504444	1506
010608	Milpuc	0106	Rodríguez de Mendoza	01	Amazonas	-6.500000	-77.436389	453
010609	Omia	0106	Rodríguez de Mendoza	01	Amazonas	-6.467778	-77.395556	8793
010610	Santa Rosa	0106	Rodríguez de Mendoza	01	Amazonas	-6.453611	-77.455278	512
010611	Totora	0106	Rodríguez de Mendoza	01	Amazonas	-6.493056	-77.471667	282
010612	Vista Alegre	0106	Rodríguez de Mendoza	01	Amazonas	-6.150833	-77.303889	2812
010701	Bagua Grande	0107	Utcubamba	01	Amazonas	-5.754722	-78.442778	50841
010702	Cajaruro	0107	Utcubamba	01	Amazonas	-5.736389	-78.426667	23089
010703	Cumba	0107	Utcubamba	01	Amazonas	-5.935556	-78.663611	7855
010704	El Milagro	0107	Utcubamba	01	Amazonas	-5.637778	-78.558333	5825
010705	Jamalca	0107	Utcubamba	01	Amazonas	-5.894167	-78.237778	6620
010706	Lonya Grande	0107	Utcubamba	01	Amazonas	-6.096389	-78.422500	10080
010707	Yamón	0107	Utcubamba	01	Amazonas	-6.050833	-78.528889	2927
020101	Huaraz	0201	Huaraz	02	Áncash	-9.529722	-77.529167	60896
020102	Cochabamba	0201	Huaraz	02	Áncash	-9.495000	-77.859444	1639
020103	Colcabamba	0201	Huaraz	02	Áncash	-9.594722	-77.808611	294
020104	Huanchay	0201	Huaraz	02	Áncash	-9.723611	-77.818611	1600
020105	Independencia	0201	Huaraz	02	Áncash	-9.514444	-77.532500	76088
020106	Jangas	0201	Huaraz	02	Áncash	-9.400556	-77.577500	4781
020107	La Libertad	0201	Huaraz	02	Áncash	-9.633056	-77.741389	1066
020108	Olleros	0201	Huaraz	02	Áncash	-9.666667	-77.465556	2351
020109	Pampas	0201	Huaraz	02	Áncash	-9.655278	-77.826111	956
020110	Pariacoto	0201	Huaraz	02	Áncash	-9.559444	-77.890556	4606
020111	Pira	0201	Huaraz	02	Áncash	-9.581111	-77.707222	3321
020112	Tarica	0201	Huaraz	02	Áncash	-9.393611	-77.575000	6338
020201	Aija	0202	Aija	02	Áncash	-9.780278	-77.610556	2017
020202	Coris	0202	Aija	02	Áncash	-9.820556	-77.719444	1639
020203	Huacllán	0202	Aija	02	Áncash	-9.798056	-77.675278	364
020204	La Merced	0202	Aija	02	Áncash	-9.735556	-77.616111	1582
020205	Succha	0202	Aija	02	Áncash	-9.823056	-77.649722	714
020301	Llamellín	0203	Antonio Raymondi	02	Áncash	-9.100833	-77.016944	3288
020302	Aczo	0203	Antonio Raymondi	02	Áncash	-9.151944	-76.988889	1918
020303	Chaccho	0203	Antonio Raymondi	02	Áncash	-9.059722	-77.058333	1368
020304	Chingas	0203	Antonio Raymondi	02	Áncash	-9.118611	-76.991944	1851
020305	Mirgas	0203	Antonio Raymondi	02	Áncash	-9.078611	-77.092500	4067
020306	San Juan de Rontoy	0203	Antonio Raymondi	02	Áncash	-9.175278	-77.002778	1158
020401	Chacas	0204	Asunción	02	Áncash	-9.162222	-77.365833	4563
020402	Acochaca	0204	Asunción	02	Áncash	-9.114722	-77.368333	2815
020501	Chiquián	0205	Bolognesi	02	Áncash	-10.151944	-77.156389	4023
020502	Abelardo Pardo Lezameta	0205	Bolognesi	02	Áncash	-10.299167	-77.146389	244
020503	Antonio Raymondi	0205	Bolognesi	02	Áncash	-10.157222	-77.470556	994
020504	Aquia	0205	Bolognesi	02	Áncash	-10.074444	-77.145000	2062
020505	Cajacay	0205	Bolognesi	02	Áncash	-10.155278	-77.439722	1677
020506	Canis	0205	Bolognesi	02	Áncash	-10.338889	-77.168889	312
020507	Colquioc	0205	Bolognesi	02	Áncash	-10.312222	-77.615278	2313
020508	Huallanca	0205	Bolognesi	02	Áncash	-9.899444	-76.941667	6468
020509	Huasta	0205	Bolognesi	02	Áncash	-10.123333	-77.146667	1432
020510	Huayllacayán	0205	Bolognesi	02	Áncash	-10.245000	-77.434722	1253
020511	La Primavera	0205	Bolognesi	02	Áncash	-10.335556	-77.125278	457
020512	Mangas	0205	Bolognesi	02	Áncash	-10.369444	-77.103333	492
020513	Pacllón	0205	Bolognesi	02	Áncash	-10.234444	-77.071667	917
020514	San Miguel de Corpanqui	0205	Bolognesi	02	Áncash	-10.285000	-77.198889	495
020515	Ticllos	0205	Bolognesi	02	Áncash	-10.253056	-77.190833	658
020601	Carhuaz	0206	Carhuaz	02	Áncash	-9.281389	-77.646667	15122
020602	Acopampa	0206	Carhuaz	02	Áncash	-9.294722	-77.625278	2472
020603	Amashca	0206	Carhuaz	02	Áncash	-9.239167	-77.646667	1431
020604	Anta	0206	Carhuaz	02	Áncash	-9.357778	-77.598889	2365
020605	Ataquero	0206	Carhuaz	02	Áncash	-9.262222	-77.691667	1469
020606	Marcará	0206	Carhuaz	02	Áncash	-9.322778	-77.603611	9478
020607	Pariahuanca	0206	Carhuaz	02	Áncash	-9.365278	-77.580833	1381
020608	San Miguel de Aco	0206	Carhuaz	02	Áncash	-9.368333	-77.564444	2350
020609	Shilla	0206	Carhuaz	02	Áncash	-9.231667	-77.625000	2789
020610	Tinco	0206	Carhuaz	02	Áncash	-9.270833	-77.677500	3335
020611	Yungar	0206	Carhuaz	02	Áncash	-9.377500	-77.592222	2992
020701	San Luis	0207	Carlos Fermín Fitzcarrald	02	Áncash	-9.094167	-77.328889	10493
020702	San Nicolás	0207	Carlos Fermín Fitzcarrald	02	Áncash	-8.975833	-77.189167	3131
020703	Yauya	0207	Carlos Fermín Fitzcarrald	02	Áncash	-8.991111	-77.291389	4093
020801	Casma	0208	Casma	02	Áncash	-9.475833	-78.306389	35765
020802	Buena Vista Alta	0208	Casma	02	Áncash	-9.432500	-78.206944	4831
020803	Comandante Noel	0208	Casma	02	Áncash	-9.462500	-78.384722	2088
020804	Yaután	0208	Casma	02	Áncash	-9.511389	-77.996389	8305
020901	Corongo	0209	Corongo	02	Áncash	-8.570833	-77.898889	1677
020902	Aco	0209	Corongo	02	Áncash	-8.523056	-77.877778	379
020903	Bambas	0209	Corongo	02	Áncash	-8.602500	-77.996944	445
020904	Cusca	0209	Corongo	02	Áncash	-8.513333	-77.864722	2678
020905	La Pampa	0209	Corongo	02	Áncash	-8.661111	-77.900833	1026
020906	Yánac	0209	Corongo	02	Áncash	-8.618611	-77.864722	634
020907	Yupán	0209	Corongo	02	Áncash	-8.614444	-77.968611	693
021001	Huari	0210	Huari	02	Áncash	-9.347222	-77.170833	9178
021002	Anra	0210	Huari	02	Áncash	-9.234722	-76.926389	1362
021003	Cajay	0210	Huari	02	Áncash	-9.325833	-77.157500	2573
021004	Chavín de Huántar	0210	Huari	02	Áncash	-9.588611	-77.178333	7971
021005	Huacachi	0210	Huari	02	Áncash	-9.315556	-76.938611	1782
021006	Huacchis	0210	Huari	02	Áncash	-9.200556	-76.786944	1427
021007	Huachis	0210	Huari	02	Áncash	-9.410000	-77.100000	3307
021008	Huántar	0210	Huari	02	Áncash	-9.451944	-77.176667	2571
021009	Masín	0210	Huari	02	Áncash	-9.365833	-77.096389	1361
021010	Paucas	0210	Huari	02	Áncash	-9.152500	-76.899444	1561
021011	Ponto	0210	Huari	02	Áncash	-9.326111	-77.004444	2642
021012	Rahuapampa	0210	Huari	02	Áncash	-9.359167	-77.078611	705
021013	Rapayán	0210	Huari	02	Áncash	-9.202500	-76.759444	1406
021014	San Marcos	0210	Huari	02	Áncash	-9.524167	-77.156944	17033
021015	San Pedro de Chana	0210	Huari	02	Áncash	-9.403056	-77.011111	2534
021016	Uco	0210	Huari	02	Áncash	-9.188333	-76.928333	1301
021101	Huarmey	0211	Huarmey	02	Áncash	-10.068889	-78.151667	25117
021102	Cochapeti	0211	Huarmey	02	Áncash	-9.987222	-77.646111	740
021103	Culebras	0211	Huarmey	02	Áncash	-9.950278	-78.222222	3097
021104	Huayán	0211	Huarmey	02	Áncash	-9.875278	-77.708333	861
021105	Malvas	0211	Huarmey	02	Áncash	-9.929722	-77.657778	745
021201	Caraz	0212	Huaylas	02	Áncash	-9.048611	-77.804722	24128
021202	Huallanca	0212	Huaylas	02	Áncash	-8.818889	-77.863056	960
021203	Huata	0212	Huaylas	02	Áncash	-9.016389	-77.861389	1344
021204	Huaylas	0212	Huaylas	02	Áncash	-8.872500	-77.892778	1614
021205	Mato	0212	Huaylas	02	Áncash	-8.961389	-77.842500	1849
021206	Pamparomás	0212	Huaylas	02	Áncash	-9.073333	-77.981667	7804
021207	Pueblo Libre	0212	Huaylas	02	Áncash	-9.110000	-77.801944	6371
021208	Santa Cruz	0212	Huaylas	02	Áncash	-8.951944	-77.815000	4229
021209	Santo Toribio	0212	Huaylas	02	Áncash	-8.864444	-77.914722	1055
021210	Yuracmarca	0212	Huaylas	02	Áncash	-8.737500	-77.903889	1980
021301	Piscobamba	0213	Mariscal Luzuriaga	02	Áncash	-8.865000	-77.357778	3024
021302	Casca	0213	Mariscal Luzuriaga	02	Áncash	-8.855556	-77.398611	3668
021303	Eleazar Guzman Barron	0213	Mariscal Luzuriaga	02	Áncash	-8.902222	-77.243889	1326
021304	Fidel Olivas Escudero	0213	Mariscal Luzuriaga	02	Áncash	-8.806111	-77.279722	1908
021305	Llama	0213	Mariscal Luzuriaga	02	Áncash	-8.915000	-77.301389	1020
021306	Llumpa	0213	Mariscal Luzuriaga	02	Áncash	-8.960833	-77.367500	5629
021307	Lucma	0213	Mariscal Luzuriaga	02	Áncash	-8.919444	-77.410833	2732
021308	Musga	0213	Mariscal Luzuriaga	02	Áncash	-8.906111	-77.339167	977
021401	Ocros	0214	Ocros	02	Áncash	-10.403333	-77.396667	1203
021402	Acas	0214	Ocros	02	Áncash	-10.457500	-77.327778	656
021403	Cajamarquilla	0214	Ocros	02	Áncash	-10.354167	-77.199167	300
021404	Carhuapampa	0214	Ocros	02	Áncash	-10.497500	-77.242778	472
021405	Cochas	0214	Ocros	02	Áncash	-10.536667	-77.422778	1421
021406	Congas	0214	Ocros	02	Áncash	-10.337500	-77.442778	1219
021407	Llipa	0214	Ocros	02	Áncash	-10.392500	-77.190833	279
021408	San Cristóbal de Rajan	0214	Ocros	02	Áncash	-10.386944	-77.219444	438
021409	San Pedro	0214	Ocros	02	Áncash	-10.371944	-77.487222	622
021410	Santiago de Chilcas	0214	Ocros	02	Áncash	-10.438611	-77.365833	429
021501	Cabana	0215	Pallasca	02	Áncash	-8.393056	-78.008889	2445
021502	Bolognesi	0215	Pallasca	02	Áncash	-8.350556	-78.050556	986
021503	Conchucos	0215	Pallasca	02	Áncash	-8.268611	-77.852778	7391
021504	Huacaschuque	0215	Pallasca	02	Áncash	-8.306389	-78.004722	523
021505	Huandoval	0215	Pallasca	02	Áncash	-8.331111	-77.975278	1001
021506	Lacabamba	0215	Pallasca	02	Áncash	-8.260278	-77.898333	505
021507	Llapo	0215	Pallasca	02	Áncash	-8.514444	-78.042222	597
021508	Pallasca	0215	Pallasca	02	Áncash	-8.253056	-77.999444	2364
021509	Pampas	0215	Pallasca	02	Áncash	-8.195278	-77.895833	3980
021510	Santa Rosa	0215	Pallasca	02	Áncash	-8.527778	-78.067500	1026
021511	Tauca	0215	Pallasca	02	Áncash	-8.470278	-78.037778	2673
021601	Pomabamba	0216	Pomabamba	02	Áncash	-8.821111	-77.460278	13834
021602	Huayllán	0216	Pomabamba	02	Áncash	-8.858056	-77.435556	2954
021603	Parobamba	0216	Pomabamba	02	Áncash	-8.695833	-77.429722	5806
021604	Quinuabamba	0216	Pomabamba	02	Áncash	-8.697222	-77.398333	2200
021701	Recuay	0217	Recuay	02	Áncash	-9.721667	-77.456389	4406
021702	Cátac	0217	Recuay	02	Áncash	-9.801667	-77.430556	3907
021703	Cotaparaco	0217	Recuay	02	Áncash	-9.993333	-77.588056	409
021704	Huayllapampa	0217	Recuay	02	Áncash	-10.055556	-77.536667	620
021705	Llacllín	0217	Recuay	02	Áncash	-10.069167	-77.621667	912
021706	Marca	0217	Recuay	02	Áncash	-10.089167	-77.474444	1608
021707	Pampas Chico	0217	Recuay	02	Áncash	-10.114722	-77.398056	923
021708	Pararín	0217	Recuay	02	Áncash	-10.050000	-77.654444	1517
021709	Tapacocha	0217	Recuay	02	Áncash	-10.010278	-77.569167	421
021710	Ticapampa	0217	Recuay	02	Áncash	-9.760556	-77.442778	2462
021801	Chimbote	0218	Santa	02	Áncash	-9.041667	-78.607778	206213
021802	Cáceres del Perú	0218	Santa	02	Áncash	-9.013056	-78.138056	4420
021803	Coishco	0218	Santa	02	Áncash	-9.023056	-78.616111	15979
021804	Macate	0218	Santa	02	Áncash	-8.760278	-78.061389	3125
021805	Moro	0218	Santa	02	Áncash	-9.138889	-78.183333	8034
021806	Nepeña	0218	Santa	02	Áncash	-9.172778	-78.360833	14324
021807	Samanco	0218	Santa	02	Áncash	-9.262222	-78.495833	4770
021808	Santa	0218	Santa	02	Áncash	-8.987778	-78.613056	19621
021809	Nuevo Chimbote	0218	Santa	02	Áncash	-9.128611	-78.530833	159321
021901	Sihuas	0219	Sihuas	02	Áncash	-8.554444	-77.630833	5411
021902	Acobamba	0219	Sihuas	02	Áncash	-8.326111	-77.581944	1612
021903	Alfonso Ugarte	0219	Sihuas	02	Áncash	-8.456111	-77.426667	533
021904	Cashapampa	0219	Sihuas	02	Áncash	-8.561111	-77.653056	2739
021905	Chingalpo	0219	Sihuas	02	Áncash	-8.338611	-77.597500	905
021906	Huayllabamba	0219	Sihuas	02	Áncash	-8.534722	-77.566944	3518
021907	Quiches	0219	Sihuas	02	Áncash	-8.395000	-77.491111	2306
021908	Ragash	0219	Sihuas	02	Áncash	-8.531667	-77.665833	2278
021909	San Juan	0219	Sihuas	02	Áncash	-8.646389	-77.581944	6187
021910	Sicsibamba	0219	Sihuas	02	Áncash	-8.623333	-77.535556	1482
022001	Yungay	0220	Yungay	02	Áncash	-9.140000	-77.744722	20070
022002	Cascapara	0220	Yungay	02	Áncash	-9.226389	-77.717222	1674
022003	Mancos	0220	Yungay	02	Áncash	-9.190000	-77.712222	6336
022004	Matacoto	0220	Yungay	02	Áncash	-9.176944	-77.747222	1343
022005	Quillo	0220	Yungay	02	Áncash	-9.328611	-78.041667	11629
022006	Ranrahirca	0220	Yungay	02	Áncash	-9.173056	-77.722500	2657
022007	Shupluy	0220	Yungay	02	Áncash	-9.216944	-77.693889	1840
022008	Yanama	0220	Yungay	02	Áncash	-9.020556	-77.470833	5292
030101	Abancay	0301	Abancay	03	Apurímac	-13.628889	-72.886111	69028
030102	Chacoche	0301	Abancay	03	Apurímac	-13.941111	-72.991111	1339
030103	Circa	0301	Abancay	03	Apurímac	-13.878333	-72.875833	1866
030104	Curahuasi	0301	Abancay	03	Apurímac	-13.541389	-72.696111	16223
030105	Huanipaca	0301	Abancay	03	Apurímac	-13.492222	-72.933333	2886
030106	Lambrama	0301	Abancay	03	Apurímac	-13.870833	-72.769722	3002
030107	Pichirhua	0301	Abancay	03	Apurímac	-13.860833	-73.073333	2774
030108	San Pedro de Cachora	0301	Abancay	03	Apurímac	-13.514167	-72.814167	2541
030109	Tamburco	0301	Abancay	03	Apurímac	-13.622222	-72.873333	10861
030201	Andahuaylas	0302	Andahuaylas	03	Apurímac	-13.656111	-73.389722	42268
030202	Andarapa	0302	Andahuaylas	03	Apurímac	-13.528056	-73.365833	5459
030203	Chiara	0302	Andahuaylas	03	Apurímac	-13.867222	-73.668889	1186
030204	Huancarama	0302	Andahuaylas	03	Apurímac	-13.644722	-73.085556	5210
030205	Huancaray	0302	Andahuaylas	03	Apurímac	-13.757222	-73.527500	3753
030206	Huayana	0302	Andahuaylas	03	Apurímac	-14.050833	-73.609444	750
030207	Kishuara	0302	Andahuaylas	03	Apurímac	-13.691111	-73.118611	6023
030208	Pacobamba	0302	Andahuaylas	03	Apurímac	-13.615278	-73.083889	3452
030209	Pacucha	0302	Andahuaylas	03	Apurímac	-13.609444	-73.344167	7989
030210	Pampachiri	0302	Andahuaylas	03	Apurímac	-14.186944	-73.544722	2199
030211	Pomacocha	0302	Andahuaylas	03	Apurímac	-14.083889	-73.590833	863
030212	San Antonio de Cachi	0302	Andahuaylas	03	Apurímac	-13.773056	-73.603333	2910
030213	San Jerónimo	0302	Andahuaylas	03	Apurímac	-13.651667	-73.365833	20738
030214	San Miguel de Chaccrampa	0302	Andahuaylas	03	Apurímac	-13.961111	-73.607778	1613
030215	Santa María de Chicmo	0302	Andahuaylas	03	Apurímac	-13.657500	-73.493889	8152
030216	Talavera	0302	Andahuaylas	03	Apurímac	-13.654167	-73.428889	18509
030217	Tumay Huaraca	0302	Andahuaylas	03	Apurímac	-14.052778	-73.565833	1864
030218	Turpo	0302	Andahuaylas	03	Apurímac	-13.785556	-73.474167	3642
030219	Kaquiabamba	0302	Andahuaylas	03	Apurímac	-13.532500	-73.288333	1816
030220	José María Arguedas	0302	Andahuaylas	03	Apurímac	-13.734167	-73.350556	4081
030301	Antabamba	0303	Antabamba	03	Apurímac	-14.365278	-72.877222	2776
030302	El Oro	0303	Antabamba	03	Apurímac	-14.208889	-73.058333	552
030303	Huaquirca	0303	Antabamba	03	Apurímac	-14.339444	-72.895000	1841
030304	Juan Espinoza Medrano	0303	Antabamba	03	Apurímac	-14.428333	-72.915000	1711
030305	Oropesa	0303	Antabamba	03	Apurímac	-14.260556	-72.563611	2268
030306	Pachaconas	0303	Antabamba	03	Apurímac	-14.223333	-73.016389	1054
030307	Sabaino	0303	Antabamba	03	Apurímac	-14.313333	-72.945278	1108
030401	Chalhuanca	0304	Aymaraes	03	Apurímac	-14.294444	-73.244722	4928
030402	Capaya	0304	Aymaraes	03	Apurímac	-14.117778	-73.321111	580
030403	Caraybamba	0304	Aymaraes	03	Apurímac	-14.378056	-73.160833	929
030404	Chapimarca	0304	Aymaraes	03	Apurímac	-13.975000	-73.065000	1893
030405	Colcabamba	0304	Aymaraes	03	Apurímac	-14.006389	-73.254167	693
030406	Cotaruse	0304	Aymaraes	03	Apurímac	-14.415833	-73.205000	2570
030407	Huayllo	0304	Aymaraes	03	Apurímac	-14.133056	-73.267778	462
030408	Justo Apu Sahuaraura	0304	Aymaraes	03	Apurímac	-14.148056	-73.173889	735
030409	Lucre	0304	Aymaraes	03	Apurímac	-13.949722	-73.226111	1529
030410	Pocohuanca	0304	Aymaraes	03	Apurímac	-14.218333	-73.086944	1022
030411	San Juan de Chacña	0304	Aymaraes	03	Apurímac	-13.924167	-73.182222	769
030412	Sañayca	0304	Aymaraes	03	Apurímac	-14.204444	-73.346944	1107
030413	Soraya	0304	Aymaraes	03	Apurímac	-14.164722	-73.315000	711
030414	Tapairihua	0304	Aymaraes	03	Apurímac	-14.141389	-73.140278	1848
030415	Tintay	0304	Aymaraes	03	Apurímac	-13.959444	-73.185278	2272
030416	Toraya	0304	Aymaraes	03	Apurímac	-14.053056	-73.293889	1278
030417	Yanaca	0304	Aymaraes	03	Apurímac	-14.225278	-73.160000	981
030501	Tambobamba	0305	Cotabambas	03	Apurímac	-13.946111	-72.174722	10381
030502	Cotabambas	0305	Cotabambas	03	Apurímac	-13.745556	-72.355000	3886
030503	Coyllurqui	0305	Cotabambas	03	Apurímac	-13.836944	-72.432222	6586
030504	Haquira	0305	Cotabambas	03	Apurímac	-14.214167	-72.188889	9430
030505	Mara	0305	Cotabambas	03	Apurímac	-14.086667	-72.101944	5848
030506	Challhuahuacho	0305	Cotabambas	03	Apurímac	-14.118611	-72.246667	14525
030601	Chincheros	0306	Chincheros	03	Apurímac	-13.518333	-73.722778	5293
030602	Anco-Huallo	0306	Chincheros	03	Apurímac	-13.529722	-73.674167	10388
030603	Cocharcas	0306	Chincheros	03	Apurímac	-13.610556	-73.741389	1728
030604	Huaccana	0306	Chincheros	03	Apurímac	-13.388056	-73.689167	6634
030605	Ocobamba	0306	Chincheros	03	Apurímac	-13.482500	-73.560278	6759
030606	Ongoy	0306	Chincheros	03	Apurímac	-13.402778	-73.668333	2344
030607	Uranmarca	0306	Chincheros	03	Apurímac	-13.672222	-73.669444	2650
030608	Ranracancha	0306	Chincheros	03	Apurímac	-13.532500	-73.605556	4046
030609	Rocchacc	0306	Chincheros	03	Apurímac	-13.440556	-73.600000	2689
030610	El Porvenir	0306	Chincheros	03	Apurímac	-13.396667	-73.593333	1728
030611	Los Chankas	0306	Chincheros	03	Apurímac	-13.435000	-73.821944	988
030612	Ahuayro	0306	Chincheros	03	Apurímac	0.000000	0.000000	
030701	Chuquibambilla	0307	Grau	03	Apurímac	-14.105000	-72.707778	5023
030702	Curpahuasi	0307	Grau	03	Apurímac	-14.063333	-72.670833	1936
030703	Gamarra	0307	Grau	03	Apurímac	-13.871667	-72.508333	2782
030704	Huayllati	0307	Grau	03	Apurímac	-13.928056	-72.484444	1368
030705	Mamara	0307	Grau	03	Apurímac	-14.228611	-72.590833	858
030706	Micaela Bastidas	0307	Grau	03	Apurímac	-14.115278	-72.614167	935
030707	Pataypampa	0307	Grau	03	Apurímac	-14.177500	-72.672500	798
030708	Progreso	0307	Grau	03	Apurímac	-14.072222	-72.476667	2945
030709	San Antonio	0307	Grau	03	Apurímac	-14.169444	-72.623333	272
030710	Santa Rosa	0307	Grau	03	Apurímac	-14.139722	-72.656667	560
030711	Turpay	0307	Grau	03	Apurímac	-14.227778	-72.622500	628
030712	Vilcabamba	0307	Grau	03	Apurímac	-14.077778	-72.624722	1233
030713	Virundo	0307	Grau	03	Apurímac	-14.250278	-72.681111	675
030714	Curasco	0307	Grau	03	Apurímac	-14.061944	-72.567778	1229
040101	Arequipa	0401	Arequipa	04	Arequipa	-16.393333	-71.528889	55437
040102	Alto Selva Alegre	0401	Arequipa	04	Arequipa	-16.380000	-71.521111	85870
040103	Cayma	0401	Arequipa	04	Arequipa	-16.362500	-71.544167	91935
040104	Cerro Colorado	0401	Arequipa	04	Arequipa	-16.376389	-71.560833	197954
040105	Characato	0401	Arequipa	04	Arequipa	-16.468611	-71.484444	12949
040106	Chiguata	0401	Arequipa	04	Arequipa	-16.403611	-71.391667	2939
040107	Jacobo Hunter	0401	Arequipa	04	Arequipa	-16.441389	-71.558611	50164
040108	La Joya	0401	Arequipa	04	Arequipa	-16.423056	-71.818333	32019
040109	Mariano Melgar	0401	Arequipa	04	Arequipa	-16.407222	-71.505556	59918
040110	Miraflores	0401	Arequipa	04	Arequipa	-16.394722	-71.522500	60589
040111	Mollebaya	0401	Arequipa	04	Arequipa	-16.487222	-71.466944	4756
040112	Paucarpata	0401	Arequipa	04	Arequipa	-16.432778	-71.504722	131346
040113	Pocsi	0401	Arequipa	04	Arequipa	-16.517778	-71.389722	445
040114	Polobaya	0401	Arequipa	04	Arequipa	-16.565833	-71.368333	837
040115	Quequeña	0401	Arequipa	04	Arequipa	-16.557222	-71.451389	4784
040116	Sabandia	0401	Arequipa	04	Arequipa	-16.456944	-71.494722	4368
040117	Sachaca	0401	Arequipa	04	Arequipa	-16.424444	-71.566389	24225
040118	San Juan de Siguas	0401	Arequipa	04	Arequipa	-16.346111	-72.128333	611
040119	San Juan de Tarucani	0401	Arequipa	04	Arequipa	-16.183611	-71.061944	1377
040120	Santa Isabel de Siguas	0401	Arequipa	04	Arequipa	-16.320833	-72.098889	682
040121	Santa Rita de Siguas	0401	Arequipa	04	Arequipa	-16.493611	-72.094722	6318
040122	Socabaya	0401	Arequipa	04	Arequipa	-16.467500	-71.528611	75351
040123	Tiabaya	0401	Arequipa	04	Arequipa	-16.449444	-71.591667	16191
040124	Uchumayo	0401	Arequipa	04	Arequipa	-16.425278	-71.672500	14054
040125	Vítor	0401	Arequipa	04	Arequipa	-16.465833	-71.935833	3610
040126	Yanahuara	0401	Arequipa	04	Arequipa	-16.381944	-71.536389	25417
040127	Yarabamba	0401	Arequipa	04	Arequipa	-16.546667	-71.475556	1314
040128	Yura	0401	Arequipa	04	Arequipa	-16.246944	-71.706389	33346
040129	José Luis Bustamante y Rivero	0401	Arequipa	04	Arequipa	-16.426667	-71.523889	81829
040201	Camaná	0402	Camaná	04	Arequipa	-16.624722	-72.711389	13367
040202	José María Quimper	0402	Camaná	04	Arequipa	-16.601944	-72.727222	4641
040203	Mariano Nicolás Valcarcel	0402	Camaná	04	Arequipa	-16.031389	-73.174444	6997
040204	Mariscal Cáceres	0402	Camaná	04	Arequipa	-16.619722	-72.736111	6195
040205	Nicolás de Pierola	0402	Camaná	04	Arequipa	-16.573056	-72.715833	7106
040206	Ocoña	0402	Camaná	04	Arequipa	-16.431667	-73.105000	4171
040207	Quilca	0402	Camaná	04	Arequipa	-16.716944	-72.425556	943
040208	Samuel Pastor	0402	Camaná	04	Arequipa	-16.613611	-72.699167	15950
040301	Caravelí	0403	Caravelí	04	Arequipa	-15.772500	-73.365833	4259
040302	Acarí	0403	Caravelí	04	Arequipa	-15.435556	-74.616389	4923
040303	Atico	0403	Caravelí	04	Arequipa	-16.208333	-73.623611	5215
040304	Atiquipa	0403	Caravelí	04	Arequipa	-15.796111	-74.363611	473
040305	Bella Unión	0403	Caravelí	04	Arequipa	-15.450556	-74.658333	3171
040306	Cahuacho	0403	Caravelí	04	Arequipa	-15.502778	-73.479722	610
040307	Chala	0403	Caravelí	04	Arequipa	-15.865556	-74.247500	9240
040308	Chaparra	0403	Caravelí	04	Arequipa	-15.805278	-73.966944	3685
040309	Huanuhuanu	0403	Caravelí	04	Arequipa	-15.658889	-74.091389	3047
040310	Jaqui	0403	Caravelí	04	Arequipa	-15.479167	-74.443611	1532
040311	Lomas	0403	Caravelí	04	Arequipa	-15.569722	-74.851389	1477
040312	Quicacha	0403	Caravelí	04	Arequipa	-15.625000	-73.798333	1837
040313	Yauca	0403	Caravelí	04	Arequipa	-15.661944	-74.527222	1877
040401	Aplao	0404	Castilla	04	Arequipa	-16.076111	-72.492222	8435
040402	Andagua	0404	Castilla	04	Arequipa	-15.498889	-72.356111	1038
040403	Ayo	0404	Castilla	04	Arequipa	-15.682778	-72.271944	242
040404	Chachas	0404	Castilla	04	Arequipa	-15.501389	-72.270556	1646
040405	Chilcaymarca	0404	Castilla	04	Arequipa	-15.286111	-72.376667	947
040406	Choco	0404	Castilla	04	Arequipa	-15.576667	-72.128889	702
040407	Huancarqui	0404	Castilla	04	Arequipa	-16.096111	-72.472222	1472
040408	Machaguay	0404	Castilla	04	Arequipa	-15.650278	-72.506111	488
040409	Orcopampa	0404	Castilla	04	Arequipa	-15.262500	-72.341944	8177
040410	Pampacolca	0404	Castilla	04	Arequipa	-15.713333	-72.573889	2032
040411	Tipán	0404	Castilla	04	Arequipa	-15.723056	-72.501944	432
040412	Uñón	0404	Castilla	04	Arequipa	-15.728611	-72.432222	207
040413	Uraca	0404	Castilla	04	Arequipa	-16.223889	-72.469722	6266
040414	Viraco	0404	Castilla	04	Arequipa	-15.658333	-72.525000	1545
040501	Chivay	0405	Caylloma	04	Arequipa	-15.640278	-71.603611	5770
040502	Achoma	0405	Caylloma	04	Arequipa	-15.660000	-71.703611	841
040503	Cabanaconde	0405	Caylloma	04	Arequipa	-15.620000	-71.981944	2096
040504	Callalli	0405	Caylloma	04	Arequipa	-15.506389	-71.444722	1458
040505	Caylloma	0405	Caylloma	04	Arequipa	-15.188889	-71.773333	3697
040506	Coporaque	0405	Caylloma	04	Arequipa	-15.627222	-71.646111	1089
040507	Huambo	0405	Caylloma	04	Arequipa	-15.729444	-72.109722	670
040508	Huanca	0405	Caylloma	04	Arequipa	-16.033611	-71.878056	1010
040509	Ichupampa	0405	Caylloma	04	Arequipa	-15.650000	-71.686667	555
040510	Lari	0405	Caylloma	04	Arequipa	-15.618333	-71.772500	904
040511	Lluta	0405	Caylloma	04	Arequipa	-16.015556	-72.013889	718
040512	Maca	0405	Caylloma	04	Arequipa	-15.641389	-71.768333	701
040513	Madrigal	0405	Caylloma	04	Arequipa	-15.608333	-71.807500	648
040514	San Antonio de Chuca	0405	Caylloma	04	Arequipa	-15.838889	-71.090556	886
040515	Sibayo	0405	Caylloma	04	Arequipa	-15.486111	-71.456944	669
040516	Tapay	0405	Caylloma	04	Arequipa	-15.577500	-71.939722	772
040517	Tisco	0405	Caylloma	04	Arequipa	-15.346944	-71.446389	1441
040518	Tuti	0405	Caylloma	04	Arequipa	-15.533056	-71.553056	621
040519	Yanque	0405	Caylloma	04	Arequipa	-15.648333	-71.660833	2117
040520	Majes	0405	Caylloma	04	Arequipa	-16.353333	-72.247222	60108
040601	Chuquibamba	0406	Condesuyos	04	Arequipa	-15.839444	-72.651667	3290
040602	Andaray	0406	Condesuyos	04	Arequipa	-15.797222	-72.860833	677
040603	Cayarani	0406	Condesuyos	04	Arequipa	-14.671944	-72.021944	3212
040604	Chichas	0406	Condesuyos	04	Arequipa	-15.547778	-72.918611	675
040605	Iray	0406	Condesuyos	04	Arequipa	-15.853611	-72.630000	595
040606	Río Grande	0406	Condesuyos	04	Arequipa	-15.940000	-73.131111	3263
040607	Salamanca	0406	Condesuyos	04	Arequipa	-15.504444	-72.834444	478
040608	Yanaquihua	0406	Condesuyos	04	Arequipa	-15.775556	-72.876389	3928
040701	Mollendo	0407	Islay	04	Arequipa	-17.029167	-72.016389	24073
040702	Cocachacra	0407	Islay	04	Arequipa	-17.091111	-71.773889	8347
040703	Dean Valdivia	0407	Islay	04	Arequipa	-17.145000	-71.826667	6854
040704	Islay	0407	Islay	04	Arequipa	-17.000833	-72.097500	5132
040705	Mejía	0407	Islay	04	Arequipa	-17.101111	-71.907500	1172
040706	Punta de Bombón	0407	Islay	04	Arequipa	-17.156111	-71.784722	6456
040801	Cotahuasi	0408	La Unión	04	Arequipa	-15.212778	-72.889444	2925
040802	Alca	0408	La Unión	04	Arequipa	-15.134167	-72.765000	1849
040803	Charcana	0408	La Unión	04	Arequipa	-15.240556	-73.070556	577
040804	Huaynacotas	0408	La Unión	04	Arequipa	-15.174722	-72.849722	1913
040805	Pampamarca	0408	La Unión	04	Arequipa	-15.182500	-72.905278	1122
040806	Puyca	0408	La Unión	04	Arequipa	-15.059167	-72.691667	2342
040807	Quechualla	0408	La Unión	04	Arequipa	-15.273889	-73.022222	265
040808	Sayla	0408	La Unión	04	Arequipa	-15.320000	-73.221944	319
040809	Tauria	0408	La Unión	04	Arequipa	-15.354167	-73.232500	301
040810	Tomepampa	0408	La Unión	04	Arequipa	-15.173056	-72.830278	658
040811	Toro	0408	La Unión	04	Arequipa	-15.264444	-72.928333	556
050101	Ayacucho	0501	Huamanga	05	Ayacucho	-13.160278	-74.225278	99427
050102	Acocro	0501	Huamanga	05	Ayacucho	-13.218611	-74.041944	7403
050103	Acos Vinchos	0501	Huamanga	05	Ayacucho	-13.113056	-74.100000	4383
050104	Carmen Alto	0501	Huamanga	05	Ayacucho	-13.179444	-74.220556	28252
050105	Chiara	0501	Huamanga	05	Ayacucho	-13.272778	-74.205833	5698
050106	Ocros	0501	Huamanga	05	Ayacucho	-13.390556	-73.915556	5373
050107	Pacaycasa	0501	Huamanga	05	Ayacucho	-13.057500	-74.215833	3114
050108	Quinua	0501	Huamanga	05	Ayacucho	-13.049167	-74.139167	5083
050109	San José de Ticllas	0501	Huamanga	05	Ayacucho	-13.132222	-74.333056	1403
050110	San Juan Bautista	0501	Huamanga	05	Ayacucho	-13.166667	-74.223611	49034
050111	Santiago de Pischa	0501	Huamanga	05	Ayacucho	-13.085556	-74.393333	1427
050112	Socos	0501	Huamanga	05	Ayacucho	-13.215000	-74.289444	5952
050113	Tambillo	0501	Huamanga	05	Ayacucho	-13.194722	-74.110556	5047
050114	Vinchos	0501	Huamanga	05	Ayacucho	-13.241667	-74.354167	13634
050115	Jesús Nazareno	0501	Huamanga	05	Ayacucho	-13.154167	-74.212500	18492
050116	Andrés Avelino Cáceres Dorregaray	0501	Huamanga	05	Ayacucho	-13.162778	-74.213889	28472
050201	Cangallo	0502	Cangallo	05	Ayacucho	-13.629167	-74.143889	5479
050202	Chuschi	0502	Cangallo	05	Ayacucho	-13.585000	-74.351667	8321
050203	Los Morochucos	0502	Cangallo	05	Ayacucho	-13.557500	-74.195000	7463
050204	María Parado de Bellido	0502	Cangallo	05	Ayacucho	-13.604722	-74.236389	2067
050205	Paras	0502	Cangallo	05	Ayacucho	-13.552500	-74.627778	4104
050206	Totos	0502	Cangallo	05	Ayacucho	-13.567500	-74.522778	3009
050301	Sancos	0503	Huanca Sancos	05	Ayacucho	-13.919722	-74.334167	3202
050302	Carapo	0503	Huanca Sancos	05	Ayacucho	-13.837500	-74.315556	1826
050303	Sacsamarca	0503	Huanca Sancos	05	Ayacucho	-13.942778	-74.312778	1313
050304	Santiago de Lucanamarca	0503	Huanca Sancos	05	Ayacucho	-13.843889	-74.372222	2068
050401	Huanta	0504	Huanta	05	Ayacucho	-12.939444	-74.248056	39517
050402	Ayahuanco	0504	Huanta	05	Ayacucho	-12.593889	-74.330833	1196
050403	Huamanguilla	0504	Huanta	05	Ayacucho	-13.011111	-74.173056	4162
050404	Iguain	0504	Huanta	05	Ayacucho	-12.992500	-74.208889	2667
050405	Luricocha	0504	Huanta	05	Ayacucho	-12.899722	-74.273611	5490
050406	Santillana	0504	Huanta	05	Ayacucho	-12.766389	-74.253056	3852
050407	Sivia	0504	Huanta	05	Ayacucho	-12.511944	-73.858889	10797
050408	Llochegua	0504	Huanta	05	Ayacucho	-12.410000	-73.906389	10058
050409	Canayre	0504	Huanta	05	Ayacucho	-12.282222	-74.023056	3520
050410	Uchuraccay	0504	Huanta	05	Ayacucho	-12.761389	-74.145556	3522
050411	Pucacolpa	0504	Huanta	05	Ayacucho	-12.420556	-74.489167	2523
050412	Chaca	0504	Huanta	05	Ayacucho	-12.784167	-74.205833	2162
050413	Putis	0504	Huanta	05	Ayacucho	0.000000	0.000000	
050501	San Miguel	0505	La Mar	05	Ayacucho	-13.012778	-73.981111	10326
050502	Anco	0505	La Mar	05	Ayacucho	-13.060278	-73.706944	7969
050503	Ayna	0505	La Mar	05	Ayacucho	-12.624167	-73.789444	9298
050504	Chilcas	0505	La Mar	05	Ayacucho	-13.171111	-73.906389	1643
050505	Chungui	0505	La Mar	05	Ayacucho	-13.222222	-73.621667	4218
050506	Luis Carranza	0505	La Mar	05	Ayacucho	-13.228889	-73.894444	1278
050507	Santa Rosa	0505	La Mar	05	Ayacucho	-12.687778	-73.735833	11279
050508	Tambo	0505	La Mar	05	Ayacucho	-12.948056	-74.020833	10173
050509	Samugari	0505	La Mar	05	Ayacucho	-12.768333	-73.655556	9410
050510	Anchihuay	0505	La Mar	05	Ayacucho	-12.863611	-73.582500	4039
050511	Oronccoy	0505	La Mar	05	Ayacucho	-13.380833	-73.436111	1020
050512	Unión Progreso	0505	La Mar	05	Ayacucho	0.000000	0.000000	
050513	Río Magdalena	0505	La Mar	05	Ayacucho	0.000000	0.000000	
050514	Ninabamba	0505	La Mar	05	Ayacucho	0.000000	0.000000	
050515	Patibamba	0505	La Mar	05	Ayacucho	0.000000	0.000000	
050601	Puquio	0506	Lucanas	05	Ayacucho	-14.694167	-74.124444	13919
050602	Aucara	0506	Lucanas	05	Ayacucho	-14.281111	-73.975278	2903
050603	Cabana	0506	Lucanas	05	Ayacucho	-14.288333	-73.967222	2189
050604	Carmen Salcedo	0506	Lucanas	05	Ayacucho	-14.387778	-73.961944	1681
050605	Chaviña	0506	Lucanas	05	Ayacucho	-14.979444	-73.837500	2163
050606	Chipao	0506	Lucanas	05	Ayacucho	-14.365833	-73.876111	2554
050607	Huac-Huas	0506	Lucanas	05	Ayacucho	-14.131667	-74.942222	1560
050608	Laramate	0506	Lucanas	05	Ayacucho	-14.286111	-74.842500	1577
050609	Leoncio Prado	0506	Lucanas	05	Ayacucho	-14.728889	-74.670278	1094
050610	Llauta	0506	Lucanas	05	Ayacucho	-14.243611	-74.920278	893
050611	Lucanas	0506	Lucanas	05	Ayacucho	-14.622500	-74.233056	2726
050612	Ocaña	0506	Lucanas	05	Ayacucho	-14.398889	-74.822778	2291
050613	Otoca	0506	Lucanas	05	Ayacucho	-14.490000	-74.686667	1866
050614	Saisa	0506	Lucanas	05	Ayacucho	-14.940278	-74.417222	791
050615	San Cristóbal	0506	Lucanas	05	Ayacucho	-14.743056	-74.222222	1718
050616	San Juan	0506	Lucanas	05	Ayacucho	-14.651667	-74.199167	967
050617	San Pedro	0506	Lucanas	05	Ayacucho	-14.766944	-74.097778	2653
050618	San Pedro de Palco	0506	Lucanas	05	Ayacucho	-14.411944	-74.651389	927
050619	Sancos	0506	Lucanas	05	Ayacucho	-15.062778	-73.952222	4778
050620	Santa Ana de Huaycahuacho	0506	Lucanas	05	Ayacucho	-14.226389	-73.956667	796
050621	Santa Lucía	0506	Lucanas	05	Ayacucho	-14.978333	-74.523889	1282
050701	Coracora	0507	Parinacochas	05	Ayacucho	-15.016944	-73.781389	13124
050702	Chumpi	0507	Parinacochas	05	Ayacucho	-15.094444	-73.748056	2186
050703	Coronel Castañeda	0507	Parinacochas	05	Ayacucho	-14.807222	-73.282222	1722
050704	Pacapausa	0507	Parinacochas	05	Ayacucho	-14.950278	-73.367778	630
050705	Pullo	0507	Parinacochas	05	Ayacucho	-15.210000	-73.826667	6271
050706	Puyusca	0507	Parinacochas	05	Ayacucho	-15.246944	-73.569444	2062
050707	San Francisco de Ravacayco	0507	Parinacochas	05	Ayacucho	-14.996944	-73.351111	516
050708	Upahuacho	0507	Parinacochas	05	Ayacucho	-14.907222	-73.397500	1148
050801	Pausa	0508	Páucar del Sara Sara	05	Ayacucho	-15.278611	-73.344167	3231
050802	Colta	0508	Páucar del Sara Sara	05	Ayacucho	-15.162778	-73.293889	468
050803	Corculla	0508	Páucar del Sara Sara	05	Ayacucho	-15.262778	-73.200278	445
050804	Lampa	0508	Páucar del Sara Sara	05	Ayacucho	-15.185000	-73.349167	1953
050805	Marcabamba	0508	Páucar del Sara Sara	05	Ayacucho	-15.149722	-73.341667	613
050806	Oyolo	0508	Páucar del Sara Sara	05	Ayacucho	-15.180000	-73.185278	1453
050807	Pararca	0508	Páucar del Sara Sara	05	Ayacucho	-15.217500	-73.464722	419
050808	San Javier de Alpabamba	0508	Páucar del Sara Sara	05	Ayacucho	-15.056667	-73.322222	292
050809	San José de Ushua	0508	Páucar del Sara Sara	05	Ayacucho	-15.225000	-73.226667	221
050810	Sara Sara	0508	Páucar del Sara Sara	05	Ayacucho	-15.245278	-73.453056	514
050901	Querobamba	0509	Sucre	05	Ayacucho	-14.011667	-73.838611	2570
050902	Belén	0509	Sucre	05	Ayacucho	-13.808889	-73.757500	329
050903	Chalcos	0509	Sucre	05	Ayacucho	-13.848056	-73.754167	478
050904	Chilcayoc	0509	Sucre	05	Ayacucho	-13.883056	-73.727222	496
050905	Huacaña	0509	Sucre	05	Ayacucho	-14.172222	-73.886389	374
050906	Morcolla	0509	Sucre	05	Ayacucho	-14.108611	-73.871944	1240
050907	Paico	0509	Sucre	05	Ayacucho	-14.038333	-73.642222	553
050908	San Pedro de Larcay	0509	Sucre	05	Ayacucho	-14.168611	-73.572778	808
050909	San Salvador de Quije	0509	Sucre	05	Ayacucho	-13.968333	-73.734722	978
050910	Santiago de Paucaray	0509	Sucre	05	Ayacucho	-14.044444	-73.637500	594
050911	Soras	0509	Sucre	05	Ayacucho	-14.114444	-73.604444	1025
051001	Huancapi	0510	Víctor Fajardo	05	Ayacucho	-13.752222	-74.066667	1887
051002	Alcamenca	0510	Víctor Fajardo	05	Ayacucho	-13.657222	-74.147222	1526
051003	Apongo	0510	Víctor Fajardo	05	Ayacucho	-14.013333	-73.932222	630
051004	Asquipata	0510	Víctor Fajardo	05	Ayacucho	-14.054722	-73.909444	460
051005	Canaria	0510	Víctor Fajardo	05	Ayacucho	-13.923056	-73.904722	3977
051006	Cayara	0510	Víctor Fajardo	05	Ayacucho	-13.795278	-73.988611	1138
051007	Colca	0510	Víctor Fajardo	05	Ayacucho	-13.712500	-74.033889	1011
051008	Huamanquiquia	0510	Víctor Fajardo	05	Ayacucho	-13.729167	-74.272222	1089
051009	Huancaraylla	0510	Víctor Fajardo	05	Ayacucho	-13.718889	-74.102500	1294
051010	Huaya	0510	Víctor Fajardo	05	Ayacucho	-13.850000	-73.950833	2092
051011	Sarhua	0510	Víctor Fajardo	05	Ayacucho	-13.672778	-74.320278	2616
051012	Vilcanchos	0510	Víctor Fajardo	05	Ayacucho	-13.611389	-74.532500	2389
051101	Vilcas Huamán	0511	Vilcas Huamán	05	Ayacucho	-13.652500	-73.953889	6370
051102	Accomarca	0511	Vilcas Huamán	05	Ayacucho	-13.800556	-73.904167	886
051103	Carhuanca	0511	Vilcas Huamán	05	Ayacucho	-13.742500	-73.787222	819
051104	Concepción	0511	Vilcas Huamán	05	Ayacucho	-13.532500	-73.875278	1577
051105	Huambalpa	0511	Vilcas Huamán	05	Ayacucho	-13.750278	-73.931667	1340
051106	Independencia	0511	Vilcas Huamán	05	Ayacucho	-13.852778	-73.877222	1105
051107	Saurama	0511	Vilcas Huamán	05	Ayacucho	-13.695556	-73.759444	1038
051108	Vischongo	0511	Vilcas Huamán	05	Ayacucho	-13.589167	-73.995278	3726
060101	Cajamarca	0601	Cajamarca	06	Cajamarca	-7.154722	-78.510833	218741
060102	Asunción	0601	Cajamarca	06	Cajamarca	-7.324722	-78.518611	7939
060103	Chetilla	0601	Cajamarca	06	Cajamarca	-7.146944	-78.673333	3660
060104	Cospán	0601	Cajamarca	06	Cajamarca	-7.427222	-78.542222	6760
060105	Encañada	0601	Cajamarca	06	Cajamarca	-7.086944	-78.344444	19175
060106	Jesús	0601	Cajamarca	06	Cajamarca	-7.248611	-78.379167	15020
060107	Llacanora	0601	Cajamarca	06	Cajamarca	-7.193611	-78.426667	5639
060108	Los Baños del Inca	0601	Cajamarca	06	Cajamarca	-7.163611	-78.464444	46149
060109	Magdalena	0601	Cajamarca	06	Cajamarca	-7.250833	-78.659722	8271
060110	Matara	0601	Cajamarca	06	Cajamarca	-7.254722	-78.259722	3469
060111	Namora	0601	Cajamarca	06	Cajamarca	-7.202778	-78.324722	9267
060112	San Juan	0601	Cajamarca	06	Cajamarca	-7.291667	-78.497500	4343
060201	Cajabamba	0602	Cajabamba	06	Cajamarca	-7.623056	-78.046111	31222
060202	Cachachi	0602	Cajabamba	06	Cajamarca	-7.448889	-78.268889	23524
060203	Condebamba	0602	Cajabamba	06	Cajamarca	-7.573611	-78.069722	13406
060204	Sitacocha	0602	Cajabamba	06	Cajamarca	-7.519444	-77.969444	7535
060301	Celendín	0603	Celendín	06	Cajamarca	-6.866944	-78.143056	26925
060302	Chumuch	0603	Celendín	06	Cajamarca	-6.602778	-78.200278	2600
060303	Cortegana	0603	Celendín	06	Cajamarca	-6.513056	-78.328889	6746
060304	Huasmín	0603	Celendín	06	Cajamarca	-6.837500	-78.244722	10657
060305	Jorge Chavez	0603	Celendín	06	Cajamarca	-6.941111	-78.091667	441
060306	José Galvez	0603	Celendín	06	Cajamarca	-6.925556	-78.132778	2558
060307	Miguel Iglesias	0603	Celendín	06	Cajamarca	-6.650278	-78.232500	3870
060308	Oxamarca	0603	Celendín	06	Cajamarca	-7.042222	-78.068333	5394
060309	Sorochuco	0603	Celendín	06	Cajamarca	-6.911944	-78.255278	7352
060310	Sucre	0603	Celendín	06	Cajamarca	-6.942778	-78.135278	5055
060311	Utco	0603	Celendín	06	Cajamarca	-6.896389	-78.063333	1052
060312	La Libertad de Pallán	0603	Celendín	06	Cajamarca	-6.723889	-78.282500	6434
060401	Chota	0604	Chota	06	Cajamarca	-6.559722	-78.646944	47279
060402	Anguia	0604	Chota	06	Cajamarca	-6.341944	-78.605278	3211
060403	Chadín	0604	Chota	06	Cajamarca	-6.471389	-78.419444	3449
060404	Chiguirip	0604	Chota	06	Cajamarca	-6.428333	-78.721389	3641
060405	Chimbán	0604	Chota	06	Cajamarca	-6.251667	-78.478889	2199
060406	Choropampa	0604	Chota	06	Cajamarca	-6.371111	-78.411944	2336
060407	Cochabamba	0604	Chota	06	Cajamarca	-6.473889	-78.885833	5546
060408	Conchán	0604	Chota	06	Cajamarca	-6.444722	-78.655833	5643
060409	Huambos	0604	Chota	06	Cajamarca	-6.452778	-78.961111	7972
060410	Lajas	0604	Chota	06	Cajamarca	-6.560556	-78.734722	11093
060411	Llama	0604	Chota	06	Cajamarca	-6.514444	-79.120278	7075
060412	Miracosta	0604	Chota	06	Cajamarca	-6.404444	-79.283611	3203
060413	Paccha	0604	Chota	06	Cajamarca	-6.497500	-78.423611	4445
060414	Pión	0604	Chota	06	Cajamarca	-6.177778	-78.482500	1214
060415	Querocoto	0604	Chota	06	Cajamarca	-6.359722	-79.034444	8023
060416	San Juan de Licupis	0604	Chota	06	Cajamarca	-6.424167	-79.242222	958
060417	Tacabamba	0604	Chota	06	Cajamarca	-6.392778	-78.611389	15704
060418	Tocmoche	0604	Chota	06	Cajamarca	-6.412778	-79.360833	859
060419	Chalamarca	0604	Chota	06	Cajamarca	-6.503056	-78.479722	9134
060501	Contumazá	0605	Contumazá	06	Cajamarca	-7.366667	-78.805278	7461
060502	Chilete	0605	Contumazá	06	Cajamarca	-7.221389	-78.839722	2635
060503	Cupisnique	0605	Contumazá	06	Cajamarca	-7.348889	-79.029722	1338
060504	Guzmango	0605	Contumazá	06	Cajamarca	-7.383889	-78.896111	2679
060505	San Benito	0605	Contumazá	06	Cajamarca	-7.425000	-78.927500	3399
060506	Santa Cruz de Toledo	0605	Contumazá	06	Cajamarca	-7.344444	-78.836667	994
060507	Tantarica	0605	Contumazá	06	Cajamarca	-7.300556	-78.933056	2461
060508	Yonan	0605	Contumazá	06	Cajamarca	-7.253056	-79.131111	6726
060601	Cutervo	0606	Cutervo	06	Cajamarca	-6.377222	-78.818056	50905
060602	Callayuc	0606	Cutervo	06	Cajamarca	-6.181111	-78.910556	9361
060603	Choros	0606	Cutervo	06	Cajamarca	-5.900000	-78.693889	2878
060604	Cujillo	0606	Cutervo	06	Cajamarca	-6.106944	-78.573889	2330
060605	La Ramada	0606	Cutervo	06	Cajamarca	-6.253333	-78.575556	3652
060606	Pimpingos	0606	Cutervo	06	Cajamarca	-6.061944	-78.758611	5100
060607	Querocotillo	0606	Cutervo	06	Cajamarca	-6.273611	-79.037778	12987
060608	San Andrés de Cutervo	0606	Cutervo	06	Cajamarca	-6.238889	-78.712778	4172
060609	San Juan de Cutervo	0606	Cutervo	06	Cajamarca	-6.163056	-78.598056	1858
060610	San Luis de Lucma	0606	Cutervo	06	Cajamarca	-6.293889	-78.603611	3000
060611	Santa Cruz	0606	Cutervo	06	Cajamarca	-6.095000	-78.852778	2622
060612	Santo Domingo de La Capilla	0606	Cutervo	06	Cajamarca	-6.244722	-78.855278	4701
060613	Santo Tomás	0606	Cutervo	06	Cajamarca	-6.151389	-78.681944	6988
060614	Socota	0606	Cutervo	06	Cajamarca	-6.315278	-78.699444	9054
060615	Toribio Casanova	0606	Cutervo	06	Cajamarca	-6.004167	-78.698333	1115
060701	Bambamarca	0607	Hualgayoc	06	Cajamarca	-6.679722	-78.518889	59913
060702	Chugur	0607	Hualgayoc	06	Cajamarca	-6.670833	-78.738333	2920
060703	Hualgayoc	0607	Hualgayoc	06	Cajamarca	-6.764722	-78.608056	15111
060801	Jaén	0608	Jaén	06	Cajamarca	-5.708889	-78.809167	94153
060802	Bellavista	0608	Jaén	06	Cajamarca	-5.667778	-78.677222	15447
060803	Chontali	0608	Jaén	06	Cajamarca	-5.646111	-79.088333	9810
060804	Colasay	0608	Jaén	06	Cajamarca	-5.978611	-79.068611	10238
060805	Huabal	0608	Jaén	06	Cajamarca	-5.612500	-78.899722	7642
060806	Las Pirias	0608	Jaén	06	Cajamarca	-5.627222	-78.852778	4275
060807	Pomahuaca	0608	Jaén	06	Cajamarca	-5.931389	-79.229444	8344
060808	Pucará	0608	Jaén	06	Cajamarca	-6.041389	-79.128333	6834
060809	Sallique	0608	Jaén	06	Cajamarca	-5.658056	-79.315278	7033
060810	San Felipe	0608	Jaén	06	Cajamarca	-5.770278	-79.313889	4693
060811	San José del Alto	0608	Jaén	06	Cajamarca	-5.465000	-79.017778	6960
060812	Santa Rosa	0608	Jaén	06	Cajamarca	-5.434167	-78.566667	10003
060901	San Ignacio	0609	San Ignacio	06	Cajamarca	-5.146111	-79.004722	34659
060902	Chirinos	0609	San Ignacio	06	Cajamarca	-5.305833	-78.898333	14592
060903	Huarango	0609	San Ignacio	06	Cajamarca	-5.272222	-78.775833	18012
060904	La Coipa	0609	San Ignacio	06	Cajamarca	-5.392778	-78.906389	19562
060905	Namballe	0609	San Ignacio	06	Cajamarca	-5.004167	-79.087222	9098
060906	San José de Lourdes	0609	San Ignacio	06	Cajamarca	-5.103056	-78.914167	17046
060907	Tabaconas	0609	San Ignacio	06	Cajamarca	-5.316111	-79.283333	17651
061001	Pedro Galvez	0610	San Marcos	06	Cajamarca	-7.335833	-78.170000	19870
061002	Chancay	0610	San Marcos	06	Cajamarca	-7.388056	-78.123333	2965
061003	Eduardo Villanueva	0610	San Marcos	06	Cajamarca	-7.464444	-78.130000	2664
061004	Gregorio Pita	0610	San Marcos	06	Cajamarca	-7.273611	-78.160000	5136
061005	Ichocán	0610	San Marcos	06	Cajamarca	-7.368889	-78.129722	1901
061006	José Manuel Quiroz	0610	San Marcos	06	Cajamarca	-7.349444	-78.047778	3544
061007	José Sabogal	0610	San Marcos	06	Cajamarca	-7.251111	-78.036667	12023
061101	San Miguel	0611	San Miguel	06	Cajamarca	-7.000000	-78.850000	13432
061102	Bolívar	0611	San Miguel	06	Cajamarca	-6.976944	-79.178056	1319
061103	Calquis	0611	San Miguel	06	Cajamarca	-6.980278	-78.850000	4094
061104	Catilluc	0611	San Miguel	06	Cajamarca	-6.801667	-78.779167	2747
061105	El Prado	0611	San Miguel	06	Cajamarca	-7.033611	-79.010833	1627
061106	La Florida	0611	San Miguel	06	Cajamarca	-6.868611	-79.125833	2165
061107	Llapa	0611	San Miguel	06	Cajamarca	-6.980833	-78.807500	4481
061108	Nanchoc	0611	San Miguel	06	Cajamarca	-6.959444	-79.242500	1290
061109	Niepos	0611	San Miguel	06	Cajamarca	-6.926667	-79.130000	3293
061110	San Gregorio	0611	San Miguel	06	Cajamarca	-7.056944	-79.095278	2229
061111	San Silvestre de Cochán	0611	San Miguel	06	Cajamarca	-6.977500	-78.773889	3652
061112	Tongod	0611	San Miguel	06	Cajamarca	-6.757500	-78.825000	2688
061113	Unión Agua Blanca	0611	San Miguel	06	Cajamarca	-7.046667	-79.060556	3026
061201	San Pablo	0612	San Pablo	06	Cajamarca	-7.118611	-78.823333	12463
061202	San Bernardino	0612	San Pablo	06	Cajamarca	-7.168056	-78.829167	4294
061203	San Luis	0612	San Pablo	06	Cajamarca	-7.156944	-78.868056	958
061204	Tumbadén	0612	San Pablo	06	Cajamarca	-7.025278	-78.739722	3387
061301	Santa Cruz	0613	Santa Cruz	06	Cajamarca	-6.625833	-78.944167	9226
061302	Andabamba	0613	Santa Cruz	06	Cajamarca	-6.662778	-78.816944	1337
061303	Catache	0613	Santa Cruz	06	Cajamarca	-6.673611	-79.032778	8958
061304	Chancaybaños	0613	Santa Cruz	06	Cajamarca	-6.576111	-78.867500	3355
061305	La Esperanza	0613	Santa Cruz	06	Cajamarca	-6.592500	-78.895833	2321
061306	Ninabamba	0613	Santa Cruz	06	Cajamarca	-6.649722	-78.787500	2097
061307	Pulán	0613	Santa Cruz	06	Cajamarca	-6.738889	-78.920278	3896
061308	Saucepampa	0613	Santa Cruz	06	Cajamarca	-6.691389	-78.916111	1446
061309	Sexi	0613	Santa Cruz	06	Cajamarca	-6.564167	-79.051389	425
061310	Uticyacu	0613	Santa Cruz	06	Cajamarca	-6.606667	-78.793889	1259
061311	Yauyucán	0613	Santa Cruz	06	Cajamarca	-6.677222	-78.818611	2844
070101	Callao	0701	Callao	07	Callao	-12.063056	-77.146944	451260
070102	Bellavista	0701	Callao	07	Callao	-12.062500	-77.129167	74851
070103	Carmen de La Legua Reynoso	0701	Callao	07	Callao	-12.039444	-77.090278	42240
070104	La Perla	0701	Callao	07	Callao	-12.065833	-77.108056	61417
070105	La Punta	0701	Callao	07	Callao	-12.072778	-77.163333	3829
070106	Ventanilla	0701	Callao	07	Callao	-11.877222	-77.127778	315600
070107	Mi Perú	0701	Callao	07	Callao	-11.855000	-77.125000	45297
080101	Cusco	0801	Cusco	08	Cusco	-13.519167	-71.976667	114630
080102	Ccorca	0801	Cusco	08	Cusco	-13.584722	-72.059167	2246
080103	Poroy	0801	Cusco	08	Cusco	-13.494444	-72.044722	2436
080104	San Jerónimo	0801	Cusco	08	Cusco	-13.544444	-71.883611	57075
080105	San Sebastián	0801	Cusco	08	Cusco	-13.530278	-71.936944	112536
080106	Santiago	0801	Cusco	08	Cusco	-13.525833	-71.983056	94756
080107	Saylla	0801	Cusco	08	Cusco	-13.570000	-71.827778	5368
080108	Wanchaq	0801	Cusco	08	Cusco	-13.521389	-71.966667	58541
080201	Acomayo	0802	Acomayo	08	Cusco	-13.919444	-71.683611	4532
080202	Acopia	0802	Acomayo	08	Cusco	-14.057500	-71.493333	2650
080203	Acos	0802	Acomayo	08	Cusco	-13.951111	-71.738056	2242
080204	Mosoc Llacta	0802	Acomayo	08	Cusco	-14.120278	-71.473056	1096
080205	Pomacanchi	0802	Acomayo	08	Cusco	-14.033611	-71.574167	7206
080206	Rondocán	0802	Acomayo	08	Cusco	-13.779444	-71.781944	1938
080207	Sangarará	0802	Acomayo	08	Cusco	-13.947222	-71.603333	3276
080301	Anta	0803	Anta	08	Cusco	-13.457778	-72.147500	21674
080302	Ancahuasi	0803	Anta	08	Cusco	-13.457222	-72.300833	6784
080303	Cachimayo	0803	Anta	08	Cusco	-13.477778	-72.068889	2382
080304	Chinchaypujio	0803	Anta	08	Cusco	-13.629722	-72.233056	4026
080305	Huarocondo	0803	Anta	08	Cusco	-13.415833	-72.207500	4533
080306	Limatambo	0803	Anta	08	Cusco	-13.479722	-72.442778	7255
080307	Mollepata	0803	Anta	08	Cusco	-13.509167	-72.527778	3111
080308	Pucyura	0803	Anta	08	Cusco	-13.478889	-72.111111	2990
080309	Zurite	0803	Anta	08	Cusco	-13.455833	-72.255833	3451
080401	Calca	0804	Calca	08	Cusco	-13.321111	-71.955556	20628
080402	Coya	0804	Calca	08	Cusco	-13.386389	-71.898333	3443
080403	Lamay	0804	Calca	08	Cusco	-13.364444	-71.920833	5313
080404	Lares	0804	Calca	08	Cusco	-13.104167	-72.044722	5753
080405	Pisac	0804	Calca	08	Cusco	-13.420556	-71.850556	9884
080406	San Salvador	0804	Calca	08	Cusco	-13.491944	-71.778611	5232
080407	Taray	0804	Calca	08	Cusco	-13.427778	-71.866944	4312
080408	Yanatile	0804	Calca	08	Cusco	-12.681667	-72.277222	8590
080501	Yanaoca	0805	Canas	08	Cusco	-14.216667	-71.432222	8659
080502	Checca	0805	Canas	08	Cusco	-14.473333	-71.394722	4985
080503	Kunturkanki	0805	Canas	08	Cusco	-14.534722	-71.306944	4747
080504	Langui	0805	Canas	08	Cusco	-14.432222	-71.272778	1984
080505	Layo	0805	Canas	08	Cusco	-14.494167	-71.155556	5171
080506	Pampamarca	0805	Canas	08	Cusco	-14.147500	-71.460278	1838
080507	Quehue	0805	Canas	08	Cusco	-14.380278	-71.455556	2577
080508	Túpac Amaru	0805	Canas	08	Cusco	-14.163889	-71.476111	2523
080601	Sicuani	0806	Canchis	08	Cusco	-14.238056	-71.230833	57827
080602	Checacupe	0806	Canchis	08	Cusco	-14.025278	-71.453889	4720
080603	Combapata	0806	Canchis	08	Cusco	-14.101944	-71.430000	4587
080604	Marangani	0806	Canchis	08	Cusco	-14.356667	-71.168611	9600
080605	Pitumarca	0806	Canchis	08	Cusco	-13.980278	-71.417500	7170
080606	San Pablo	0806	Canchis	08	Cusco	-14.202222	-71.315000	4224
080607	San Pedro	0806	Canchis	08	Cusco	-14.186111	-71.343056	2617
080608	Tinta	0806	Canchis	08	Cusco	-14.145278	-71.407222	5029
080701	Santo Tomás	0807	Chumbivilcas	08	Cusco	-14.453333	-72.082222	21728
080702	Capacmarca	0807	Chumbivilcas	08	Cusco	-14.007222	-72.002500	3866
080703	Chamaca	0807	Chumbivilcas	08	Cusco	-14.302500	-71.852222	6244
080704	Colquemarca	0807	Chumbivilcas	08	Cusco	-14.285278	-72.040000	6897
080705	Livitaca	0807	Chumbivilcas	08	Cusco	-14.312778	-71.689722	10504
080706	Llusco	0807	Chumbivilcas	08	Cusco	-14.337500	-72.113611	4368
080707	Quiñota	0807	Chumbivilcas	08	Cusco	-14.311111	-72.138611	3786
080708	Velille	0807	Chumbivilcas	08	Cusco	-14.508611	-71.881111	9017
080801	Espinar	0808	Espinar	08	Cusco	-14.793056	-71.413333	34861
080802	Condoroma	0808	Espinar	08	Cusco	-15.300556	-71.138333	870
080803	Coporaque	0808	Espinar	08	Cusco	-14.800278	-71.531667	9627
080804	Ocoruro	0808	Espinar	08	Cusco	-15.051944	-71.129167	1019
080805	Pallpata	0808	Espinar	08	Cusco	-14.890278	-71.210000	4823
080806	Pichigua	0808	Espinar	08	Cusco	-14.678056	-71.406389	2805
080807	Suyckutambo	0808	Espinar	08	Cusco	-15.008611	-71.643333	1643
080808	Alto Pichigua	0808	Espinar	08	Cusco	-14.776944	-71.250833	1934
080901	Santa Ana	0809	La Convención	08	Cusco	-12.862778	-72.693333	27999
080902	Echarate	0809	La Convención	08	Cusco	-12.768056	-72.576111	23214
080903	Huayopata	0809	La Convención	08	Cusco	-13.004722	-72.554444	4773
080904	Maranura	0809	La Convención	08	Cusco	-12.962778	-72.664722	4134
080905	Ocobamba	0809	La Convención	08	Cusco	-12.871667	-72.447222	4327
080906	Quellouno	0809	La Convención	08	Cusco	-12.636667	-72.557222	13311
080907	Quimbiri	0809	La Convención	08	Cusco	-12.620000	-73.789167	15962
080908	Santa Teresa	0809	La Convención	08	Cusco	-13.130556	-72.593889	5972
080909	Vilcabamba	0809	La Convención	08	Cusco	-13.063056	-72.934444	9557
080910	Pichari	0809	La Convención	08	Cusco	-12.519444	-73.829167	22691
080911	Inkawasi	0809	La Convención	08	Cusco	-13.290000	-73.265556	4285
080912	Villa Virgen	0809	La Convención	08	Cusco	-13.002778	-73.512778	1980
080913	Villa Kintiarina	0809	La Convención	08	Cusco	-12.918889	-73.528333	1974
080914	Megantoni	0809	La Convención	08	Cusco	-11.720278	-72.946389	6969
080915	Kumpirushiato	0809	La Convención	08	Cusco	0.000000	0.000000	
080916	Cielo Punco	0809	La Convención	08	Cusco	0.000000	0.000000	
080917	Manitea	0809	La Convención	08	Cusco	0.000000	0.000000	
080918	Unión Asháninka	0809	La Convención	08	Cusco	0.000000	0.000000	
081001	Paruro	0810	Paruro	08	Cusco	-13.761667	-71.847778	3205
081002	Accha	0810	Paruro	08	Cusco	-13.971111	-71.831389	3028
081003	Ccapi	0810	Paruro	08	Cusco	-13.853056	-72.082500	3079
081004	Colcha	0810	Paruro	08	Cusco	-13.851944	-71.803333	963
081005	Huanoquite	0810	Paruro	08	Cusco	-13.681944	-72.018056	4867
081006	Omacha	0810	Paruro	08	Cusco	-14.069444	-71.738056	5443
081007	Paccaritambo	0810	Paruro	08	Cusco	-13.756389	-71.956667	2032
081008	Pillpinto	0810	Paruro	08	Cusco	-13.953611	-71.760556	1026
081009	Yaurisque	0810	Paruro	08	Cusco	-13.665278	-71.920556	1924
081101	Paucartambo	0811	Paucartambo	08	Cusco	-13.317778	-71.596667	11871
081102	Caicay	0811	Paucartambo	08	Cusco	-13.597222	-71.696667	2716
081103	Challabamba	0811	Paucartambo	08	Cusco	-13.215000	-71.648611	8433
081104	Colquepata	0811	Paucartambo	08	Cusco	-13.360278	-71.673611	8170
081105	Huancarani	0811	Paucartambo	08	Cusco	-13.503333	-71.654444	6911
081106	Kosñipata	0811	Paucartambo	08	Cusco	-12.909444	-71.403333	4403
081201	Urcos	0812	Quispicanchi	08	Cusco	-13.687778	-71.625278	10614
081202	Andahuaylillas	0812	Quispicanchi	08	Cusco	-13.673333	-71.677778	5797
081203	Camanti	0812	Quispicanchi	08	Cusco	-13.231389	-70.754444	2219
081204	Ccarhuayo	0812	Quispicanchi	08	Cusco	-13.595278	-71.399722	2863
081205	Ccatca	0812	Quispicanchi	08	Cusco	-13.605278	-71.563611	13295
081206	Cusipata	0812	Quispicanchi	08	Cusco	-13.906944	-71.502500	4221
081207	Huaro	0812	Quispicanchi	08	Cusco	-13.690278	-71.640278	4505
081208	Lucre	0812	Quispicanchi	08	Cusco	-13.633889	-71.736667	4606
081209	Marcapata	0812	Quispicanchi	08	Cusco	-13.591667	-70.975000	4307
081210	Ocongate	0812	Quispicanchi	08	Cusco	-13.626667	-71.388333	15223
081211	Oropesa	0812	Quispicanchi	08	Cusco	-13.594444	-71.763056	9444
081212	Quiquijana	0812	Quispicanchi	08	Cusco	-13.822500	-71.542500	10336
081301	Urubamba	0813	Urubamba	08	Cusco	-13.305556	-72.116111	20082
081302	Chinchero	0813	Urubamba	08	Cusco	-13.391944	-72.048889	10477
081303	Huayllabamba	0813	Urubamba	08	Cusco	-13.338056	-72.065000	5499
081304	Machupicchu	0813	Urubamba	08	Cusco	-13.154167	-72.525556	5347
081305	Maras	0813	Urubamba	08	Cusco	-13.332500	-72.156389	5946
081306	Ollantaytambo	0813	Urubamba	08	Cusco	-13.258889	-72.263333	10165
081307	Yucay	0813	Urubamba	08	Cusco	-13.321667	-72.083889	3223
090101	Huancavelica	0901	Huancavelica	09	Huancavelica	-12.786944	-74.971389	39776
090102	Acobambilla	0901	Huancavelica	09	Huancavelica	-12.664444	-75.324167	2020
090103	Acoria	0901	Huancavelica	09	Huancavelica	-12.642500	-74.861667	17800
090104	Conayca	0901	Huancavelica	09	Huancavelica	-12.520000	-75.006667	851
090105	Cuenca	0901	Huancavelica	09	Huancavelica	-12.433056	-75.038889	1137
090106	Huachocolpa	0901	Huancavelica	09	Huancavelica	-13.031944	-74.946944	1875
090107	Huayllahuara	0901	Huancavelica	09	Huancavelica	-12.409167	-75.178333	637
090108	Izcuchaca	0901	Huancavelica	09	Huancavelica	-12.500000	-74.997778	846
090109	Laria	0901	Huancavelica	09	Huancavelica	-12.561111	-75.036944	746
090110	Manta	0901	Huancavelica	09	Huancavelica	-12.620556	-75.211111	953
090111	Mariscal Cáceres	0901	Huancavelica	09	Huancavelica	-12.534444	-74.932500	509
090112	Moya	0901	Huancavelica	09	Huancavelica	-12.423333	-75.153889	982
090113	Nuevo Occoro	0901	Huancavelica	09	Huancavelica	-12.595000	-75.019722	1686
090114	Palca	0901	Huancavelica	09	Huancavelica	-12.656944	-74.980278	2005
090115	Pilchaca	0901	Huancavelica	09	Huancavelica	-12.401389	-75.083889	500
090116	Vilca	0901	Huancavelica	09	Huancavelica	-12.477222	-75.183333	1891
090117	Yauli	0901	Huancavelica	09	Huancavelica	-12.769167	-74.850833	19237
090118	Ascensión	0901	Huancavelica	09	Huancavelica	-12.785278	-74.976944	15566
090119	Huando	0901	Huancavelica	09	Huancavelica	-12.564167	-74.947778	6037
090201	Acobamba	0902	Acobamba	09	Huancavelica	-12.843056	-74.569167	8980
090202	Andabamba	0902	Acobamba	09	Huancavelica	-12.693611	-74.623333	3223
090203	Anta	0902	Acobamba	09	Huancavelica	-12.812222	-74.638333	4540
090204	Caja	0902	Acobamba	09	Huancavelica	-12.917222	-74.465833	1842
090205	Marcas	0902	Acobamba	09	Huancavelica	-12.890278	-74.398056	1529
090206	Paucara	0902	Acobamba	09	Huancavelica	-12.729722	-74.666389	10415
090207	Pomacocha	0902	Acobamba	09	Huancavelica	-12.873889	-74.531667	2829
090208	Rosario	0902	Acobamba	09	Huancavelica	-12.720833	-74.582500	4850
090301	Lircay	0903	Angaraes	09	Huancavelica	-12.982778	-74.718333	22991
090302	Anchonga	0903	Angaraes	09	Huancavelica	-12.913056	-74.691389	7115
090303	Callanmarca	0903	Angaraes	09	Huancavelica	-12.866667	-74.623333	625
090304	Ccochaccasa	0903	Angaraes	09	Huancavelica	-12.925278	-74.770278	2956
090305	Chincho	0903	Angaraes	09	Huancavelica	-12.972778	-74.367222	943
090306	Congalla	0903	Angaraes	09	Huancavelica	-12.955833	-74.492222	3544
090307	Huanca-Huanca	0903	Angaraes	09	Huancavelica	-12.918611	-74.610000	1337
090308	Huayllay Grande	0903	Angaraes	09	Huancavelica	-12.942778	-74.701667	1111
090309	Julcamarca	0903	Angaraes	09	Huancavelica	-13.014722	-74.444444	1736
090310	San Antonio de Antaparco	0903	Angaraes	09	Huancavelica	-13.076111	-74.411667	2323
090311	Santo Tomás de Pata	0903	Angaraes	09	Huancavelica	-13.113056	-74.418889	1436
090312	Secclla	0903	Angaraes	09	Huancavelica	-13.051111	-74.483611	3090
090401	Castrovirreyna	0904	Castrovirreyna	09	Huancavelica	-13.283333	-75.318333	2929
090402	Arma	0904	Castrovirreyna	09	Huancavelica	-13.126389	-75.541944	977
090403	Aurahua	0904	Castrovirreyna	09	Huancavelica	-13.034722	-75.570278	1468
090404	Capillas	0904	Castrovirreyna	09	Huancavelica	-13.293056	-75.542500	903
090405	Chupamarca	0904	Castrovirreyna	09	Huancavelica	-13.037222	-75.608333	888
090406	Cocas	0904	Castrovirreyna	09	Huancavelica	-13.275833	-75.372778	703
090407	Huachos	0904	Castrovirreyna	09	Huancavelica	-13.219722	-75.533889	919
090408	Huamatambo	0904	Castrovirreyna	09	Huancavelica	-13.094444	-75.677222	388
090409	Mollepampa	0904	Castrovirreyna	09	Huancavelica	-13.311389	-75.410000	1142
090410	San Juan	0904	Castrovirreyna	09	Huancavelica	-13.203889	-75.634444	673
090411	Santa Ana	0904	Castrovirreyna	09	Huancavelica	-13.071944	-75.140278	863
090412	Tantara	0904	Castrovirreyna	09	Huancavelica	-13.074167	-75.644722	648
090413	Ticrapo	0904	Castrovirreyna	09	Huancavelica	-13.382500	-75.432500	1481
090501	Churcampa	0905	Churcampa	09	Huancavelica	-12.739167	-74.387222	5088
090502	Anco	0905	Churcampa	09	Huancavelica	-12.682500	-74.587222	5368
090503	Chinchihuasi	0905	Churcampa	09	Huancavelica	-12.516944	-74.545833	1979
090504	El Carmen	0905	Churcampa	09	Huancavelica	-12.726944	-74.480833	2429
090505	La Merced	0905	Churcampa	09	Huancavelica	-12.788056	-74.358611	1078
090506	Locroja	0905	Churcampa	09	Huancavelica	-12.740278	-74.441944	3372
090507	Paucarbamba	0905	Churcampa	09	Huancavelica	-12.553889	-74.531944	4346
090508	San Miguel de Mayocc	0905	Churcampa	09	Huancavelica	-12.805833	-74.390000	745
090509	San Pedro de Coris	0905	Churcampa	09	Huancavelica	-12.578056	-74.411667	3445
090510	Pachamarca	0905	Churcampa	09	Huancavelica	-12.515556	-74.526667	1856
090511	Cosme	0905	Churcampa	09	Huancavelica	-12.573333	-74.658333	2832
090601	Huaytará	0906	Huaytará	09	Huancavelica	-13.604722	-75.353056	2146
090602	Ayavi	0906	Huaytará	09	Huancavelica	-13.703056	-75.351111	745
090603	Córdova	0906	Huaytará	09	Huancavelica	-14.040833	-75.185000	1005
090604	Huayacundo Arma	0906	Huaytará	09	Huancavelica	-13.534167	-75.314444	448
090605	Laramarca	0906	Huaytará	09	Huancavelica	-13.948611	-75.035556	845
090606	Ocoyo	0906	Huaytará	09	Huancavelica	-14.008056	-75.022500	812
090607	Pilpichaca	0906	Huaytará	09	Huancavelica	-13.330278	-74.977222	2758
090608	Querco	0906	Huaytará	09	Huancavelica	-13.979444	-74.976944	1032
090609	Quito-Arma	0906	Huaytará	09	Huancavelica	-13.528611	-75.327500	686
090610	San Antonio de Cusicancha	0906	Huaytará	09	Huancavelica	-13.502500	-75.293333	1358
090611	San Francisco de Sangayaico	0906	Huaytará	09	Huancavelica	-13.795278	-75.249167	920
090612	San Isidro	0906	Huaytará	09	Huancavelica	-13.956389	-75.238056	1054
090613	Santiago de Chocorvos	0906	Huaytará	09	Huancavelica	-13.825278	-75.257500	1671
090614	Santiago de Quirahuara	0906	Huaytará	09	Huancavelica	-14.056111	-74.976389	376
090615	Santo Domingo de Capillas	0906	Huaytará	09	Huancavelica	-13.737222	-75.243611	724
090616	Tambo	0906	Huaytará	09	Huancavelica	-13.689444	-75.275000	667
090701	Pampas	0907	Tayacaja	09	Huancavelica	-12.399167	-74.868333	10061
090702	Acostambo	0907	Tayacaja	09	Huancavelica	-12.365556	-75.055000	3266
090703	Acraquia	0907	Tayacaja	09	Huancavelica	-12.406389	-74.901111	3522
090704	Ahuaycha	0907	Tayacaja	09	Huancavelica	-12.407778	-74.891111	3873
090705	Colcabamba	0907	Tayacaja	09	Huancavelica	-12.409167	-74.679444	11068
090706	Daniel Hernandez	0907	Tayacaja	09	Huancavelica	-12.389444	-74.859167	9089
090707	Huachocolpa	0907	Tayacaja	09	Huancavelica	-12.048333	-74.594722	3218
090709	Huaribamba	0907	Tayacaja	09	Huancavelica	-12.279722	-74.938333	3003
090710	Ñahuimpuquio	0907	Tayacaja	09	Huancavelica	-12.329167	-75.069444	1480
090711	Pazos	0907	Tayacaja	09	Huancavelica	-12.259444	-75.070556	5159
090713	Quishuar	0907	Tayacaja	09	Huancavelica	-12.243611	-74.777222	731
090714	Salcabamba	0907	Tayacaja	09	Huancavelica	-12.201667	-74.780556	3828
090715	Salcahuasi	0907	Tayacaja	09	Huancavelica	-12.104167	-74.751667	2616
090716	San Marcos de Rocchac	0907	Tayacaja	09	Huancavelica	-12.093889	-74.863889	1813
090717	Surcubamba	0907	Tayacaja	09	Huancavelica	-12.116389	-74.630556	4601
090718	Tintay Puncu	0907	Tayacaja	09	Huancavelica	-12.151944	-74.544444	3010
090719	Quichuas	0907	Tayacaja	09	Huancavelica	-12.472500	-74.767500	3945
090720	Andaymarca	0907	Tayacaja	09	Huancavelica	-12.315278	-74.635278	2373
090721	Roble	0907	Tayacaja	09	Huancavelica	-12.216667	-74.489722	1300
090722	Pichos	0907	Tayacaja	09	Huancavelica	-12.236389	-74.938611	1914
090723	Santiago de Tucuma	0907	Tayacaja	09	Huancavelica	-12.314167	-74.890000	1533
090724	Lambras	0907	Tayacaja	09	Huancavelica	0.000000	0.000000	
090725	Cochabamba	0907	Tayacaja	09	Huancavelica	0.000000	0.000000	
100101	Huánuco	1001	Huánuco	10	Huánuco	-9.930000	-76.239722	89502
100102	Amarilis	1001	Huánuco	10	Huánuco	-9.940000	-76.240556	81461
100103	Chinchao	1001	Huánuco	10	Huánuco	-9.801667	-76.070833	13135
100104	Churubamba	1001	Huánuco	10	Huánuco	-9.826111	-76.133889	15670
100105	Margos	1001	Huánuco	10	Huánuco	-10.005278	-76.523333	4364
100106	Quisqui	1001	Huánuco	10	Huánuco	-9.904722	-76.392500	3453
100107	San Francisco de Cayrán	1001	Huánuco	10	Huánuco	-9.980833	-76.284167	4788
100108	San Pedro de Chaulán	1001	Huánuco	10	Huánuco	-10.056389	-76.485556	2789
100109	Santa María del Valle	1001	Huánuco	10	Huánuco	-9.862500	-76.170000	19226
100110	Yarumayo	1001	Huánuco	10	Huánuco	-10.004444	-76.468611	1545
100111	Pillco Marca	1001	Huánuco	10	Huánuco	-9.960833	-76.249167	43818
100112	Yacus	1001	Huánuco	10	Huánuco	-9.986111	-76.505833	5296
100113	San Pablo de Pillao	1001	Huánuco	10	Huánuco	-9.786389	-75.999444	8350
100201	Ambo	1002	Ambo	10	Huánuco	-10.129167	-76.204444	20886
100202	Cayna	1002	Ambo	10	Huánuco	-10.272500	-76.388333	2502
100203	Colpas	1002	Ambo	10	Huánuco	-10.268333	-76.415278	1731
100204	Conchamarca	1002	Ambo	10	Huánuco	-10.035833	-76.216944	4441
100205	Huacar	1002	Ambo	10	Huánuco	-10.159444	-76.236667	7449
100206	San Francisco	1002	Ambo	10	Huánuco	-10.342778	-76.291944	1561
100207	San Rafael	1002	Ambo	10	Huánuco	-10.337778	-76.182222	8928
100208	Tomay Kichwa	1002	Ambo	10	Huánuco	-10.077500	-76.212500	3382
100301	La Unión	1003	Dos de Mayo	10	Huánuco	-9.837778	-76.803611	6634
100307	Chuquis	1003	Dos de Mayo	10	Huánuco	-9.676389	-76.705278	3364
100311	Marías	1003	Dos de Mayo	10	Huánuco	-9.607500	-76.706667	5571
100313	Pachas	1003	Dos de Mayo	10	Huánuco	-9.706667	-76.771111	5393
100316	Quivilla	1003	Dos de Mayo	10	Huánuco	-9.600000	-76.725833	1228
100317	Ripan	1003	Dos de Mayo	10	Huánuco	-9.828611	-76.803056	5320
100321	Shunqui	1003	Dos de Mayo	10	Huánuco	-9.731111	-76.783333	1696
100322	Sillapata	1003	Dos de Mayo	10	Huánuco	-9.757222	-76.774722	1814
100323	Yanas	1003	Dos de Mayo	10	Huánuco	-9.714444	-76.750278	2238
100401	Huacaybamba	1004	Huacaybamba	10	Huánuco	-9.038056	-76.952500	5868
100402	Canchabamba	1004	Huacaybamba	10	Huánuco	-8.884722	-77.123056	2718
100403	Cochabamba	1004	Huacaybamba	10	Huánuco	-9.095278	-76.836389	1576
100404	Pinra	1004	Huacaybamba	10	Huánuco	-8.924722	-77.015000	6389
100501	Llata	1005	Huamalíes	10	Huánuco	-9.549722	-76.818611	13403
100502	Arancay	1005	Huamalíes	10	Huánuco	-9.171389	-76.751389	1356
100503	Chavín de Pariarca	1005	Huamalíes	10	Huánuco	-9.423056	-76.771389	3793
100504	Jacas Grande	1005	Huamalíes	10	Huánuco	-9.540000	-76.736667	5603
100505	Jircan	1005	Huamalíes	10	Huánuco	-9.246944	-76.719167	1412
100506	Miraflores	1005	Huamalíes	10	Huánuco	-9.493889	-76.818611	3127
100507	Monzón	1005	Huamalíes	10	Huánuco	-9.280000	-76.396667	12368
100508	Punchao	1005	Huamalíes	10	Huánuco	-9.462222	-76.819722	2009
100509	Puños	1005	Huamalíes	10	Huánuco	-9.500556	-76.883889	4062
100510	Singa	1005	Huamalíes	10	Huánuco	-9.388611	-76.812500	3129
100511	Tantamayo	1005	Huamalíes	10	Huánuco	-9.392500	-76.720000	1777
100601	Rupa-Rupa	1006	Leoncio Prado	10	Huánuco	-9.298056	-76.000556	53066
100602	Daniel Alomias Robles	1006	Leoncio Prado	10	Huánuco	-9.187778	-75.954722	6142
100603	Hermilio Valdizán	1006	Leoncio Prado	10	Huánuco	-9.205556	-75.835833	3475
100604	José Crespo y Castillo	1006	Leoncio Prado	10	Huánuco	-8.932222	-76.116111	22149
100605	Luyando	1006	Leoncio Prado	10	Huánuco	-9.248056	-75.994167	8951
100606	Mariano Damaso Beraun	1006	Leoncio Prado	10	Huánuco	-9.442778	-75.971111	10048
100607	Pucayacu	1006	Leoncio Prado	10	Huánuco	-8.749722	-76.121111	3724
100608	Castillo Grande	1006	Leoncio Prado	10	Huánuco	-9.279722	-76.008889	13568
100609	Pueblo Nuevo	1006	Leoncio Prado	10	Huánuco	-9.078611	-76.060556	4143
100610	Santo Domingo de Anda	1006	Leoncio Prado	10	Huánuco	-9.023611	-76.066667	2527
100701	Huacrachuco	1007	Marañon	10	Huánuco	-8.604722	-77.149167	14150
100702	Cholon	1007	Marañon	10	Huánuco	-8.655833	-76.875278	5372
100703	San Buenaventura	1007	Marañon	10	Huánuco	-8.767778	-77.186111	2111
100704	La Morada	1007	Marañon	10	Huánuco	-8.794444	-76.249722	2790
100705	Santa Rosa de Alto Yanajanca	1007	Marañon	10	Huánuco	-8.652778	-76.314722	2199
100801	Panao	1008	Pachitea	10	Huánuco	-9.897500	-75.994167	17449
100802	Chaglla	1008	Pachitea	10	Huánuco	-9.844722	-75.902778	10103
100803	Molino	1008	Pachitea	10	Huánuco	-9.910833	-76.016667	10552
100804	Umari	1008	Pachitea	10	Huánuco	-9.864167	-76.044444	11055
100901	Puerto Inca	1009	Puerto Inca	10	Huánuco	-9.378889	-74.965833	9407
100902	Codo del Pozuzo	1009	Puerto Inca	10	Huánuco	-9.670000	-75.462500	7101
100903	Honoria	1009	Puerto Inca	10	Huánuco	-8.769444	-74.709167	4814
100904	Tournavista	1009	Puerto Inca	10	Huánuco	-8.934444	-74.701389	5447
100905	Yuyapichis	1009	Puerto Inca	10	Huánuco	-9.628333	-74.974722	5769
101001	Jesús	1010	Lauricocha	10	Huánuco	-10.078333	-76.631389	4193
101002	Baños	1010	Lauricocha	10	Huánuco	-10.076389	-76.735556	1956
101003	Jivia	1010	Lauricocha	10	Huánuco	-10.023333	-76.680278	1011
101004	Queropalca	1010	Lauricocha	10	Huánuco	-10.181389	-76.803056	1009
101005	Rondos	1010	Lauricocha	10	Huánuco	-9.984444	-76.688333	3595
101006	San Francisco de Asis	1010	Lauricocha	10	Huánuco	-9.976389	-76.676944	1296
101007	San Miguel de Cauri	1010	Lauricocha	10	Huánuco	-10.142500	-76.625556	5853
101101	Chavinillo	1011	Yarowilca	10	Huánuco	-9.858889	-76.608889	4789
101102	Cahuac	1011	Yarowilca	10	Huánuco	-9.852778	-76.630556	1156
101103	Chacabamba	1011	Yarowilca	10	Huánuco	-9.900278	-76.611111	1110
101104	Aparicio Pomares	1011	Yarowilca	10	Huánuco	-9.747778	-76.648056	4735
101105	Jacas Chico	1011	Yarowilca	10	Huánuco	-9.886389	-76.503056	1110
101106	Obas	1011	Yarowilca	10	Huánuco	-9.795278	-76.665833	3845
101107	Pampamarca	1011	Yarowilca	10	Huánuco	-9.705278	-76.702500	1128
101108	Choras	1011	Yarowilca	10	Huánuco	-9.910278	-76.605833	2024
110101	Ica	1101	Ica	11	Ica	-14.063611	-75.729167	150280
110102	La Tinguiña	1101	Ica	11	Ica	-14.033333	-75.710556	39574
110103	Los Aquijes	1101	Ica	11	Ica	-14.096389	-75.690556	21963
110104	Ocucaje	1101	Ica	11	Ica	-14.346667	-75.672222	4392
110105	Pachacutec	1101	Ica	11	Ica	-14.151944	-75.691944	7411
110106	Parcona	1101	Ica	11	Ica	-14.053889	-75.685556	54047
110107	Pueblo Nuevo	1101	Ica	11	Ica	-14.127222	-75.705833	6395
110108	Salas	1101	Ica	11	Ica	-13.985833	-75.772222	25767
110109	San José de Los Molinos	1101	Ica	11	Ica	-13.933056	-75.670833	6987
110110	San Juan Bautista	1101	Ica	11	Ica	-14.011389	-75.735278	13846
110111	Santiago	1101	Ica	11	Ica	-14.185833	-75.714444	27645
110112	Subtanjalla	1101	Ica	11	Ica	-14.018611	-75.758056	27387
110113	Tate	1101	Ica	11	Ica	-14.155833	-75.708056	4709
110114	Yauca del Rosario	1101	Ica	11	Ica	-14.098889	-75.476944	1116
110201	Chincha Alta	1102	Chincha	11	Ica	-13.418333	-76.132500	66349
110202	Alto Larán	1102	Chincha	11	Ica	-13.442500	-76.083333	7783
110203	Chavín	1102	Chincha	11	Ica	-13.076389	-75.913056	2071
110204	Chincha Baja	1102	Chincha	11	Ica	-13.459444	-76.165556	13009
110205	El Carmen	1102	Chincha	11	Ica	-13.499444	-76.057778	12369
110206	Grocio Prado	1102	Chincha	11	Ica	-13.398056	-76.156111	25294
110207	Pueblo Nuevo	1102	Chincha	11	Ica	-13.404167	-76.127500	62604
110208	San Juan de Yánac	1102	Chincha	11	Ica	-13.211111	-75.787222	1129
110209	San Pedro de Huacarpana	1102	Chincha	11	Ica	-13.049167	-75.647778	992
110210	Sunampe	1102	Chincha	11	Ica	-13.427500	-76.163611	29079
110211	Tambo de Mora	1102	Chincha	11	Ica	-13.460556	-76.176667	5434
110301	Nazca	1103	Nazca	11	Ica	-14.826944	-74.937222	27632
110302	Changuillo	1103	Nazca	11	Ica	-14.664722	-75.222500	1950
110303	El Ingenio	1103	Nazca	11	Ica	-14.645278	-75.058333	3134
110304	Marcona	1103	Nazca	11	Ica	-15.361944	-75.165833	15981
110305	Vista Alegre	1103	Nazca	11	Ica	-14.845833	-74.943889	20460
110401	Palpa	1104	Palpa	11	Ica	-14.533889	-75.185000	7748
110402	Llipata	1104	Palpa	11	Ica	-14.563333	-75.207500	1555
110403	Río Grande	1104	Palpa	11	Ica	-14.520000	-75.201111	2658
110404	Santa Cruz	1104	Palpa	11	Ica	-14.483333	-75.245556	927
110405	Tibillo	1104	Palpa	11	Ica	-14.093889	-75.171667	344
110501	Pisco	1105	Pisco	11	Ica	-13.710000	-76.201667	67467
110502	Huancano	1105	Pisco	11	Ica	-13.600833	-75.618611	1379
110503	Humay	1105	Pisco	11	Ica	-13.722778	-75.886667	5408
110504	Independencia	1105	Pisco	11	Ica	-13.693889	-76.024722	12987
110505	Paracas	1105	Pisco	11	Ica	-13.838889	-76.251944	7147
110506	San Andrés	1105	Pisco	11	Ica	-13.731389	-76.223333	13767
110507	San Clemente	1105	Pisco	11	Ica	-13.680278	-76.156944	24814
110508	Túpac Amaru Inca	1105	Pisco	11	Ica	-13.713333	-76.148333	17775
120101	Huancayo	1201	Huancayo	12	Junín	-12.070833	-75.208889	119993
120104	Carhuacallanga	1201	Huancayo	12	Junín	-12.355000	-75.200556	506
120105	Chacapampa	1201	Huancayo	12	Junín	-12.345000	-75.247500	959
120106	Chicche	1201	Huancayo	12	Junín	-12.296111	-75.298611	741
120107	Chilca	1201	Huancayo	12	Junín	-12.086667	-75.208333	91851
120108	Chongos Alto	1201	Huancayo	12	Junín	-12.311667	-75.289167	1484
120111	Chupuro	1201	Huancayo	12	Junín	-12.155556	-75.245556	1946
120112	Colca	1201	Huancayo	12	Junín	-12.317500	-75.222222	1017
120113	Cullhuas	1201	Huancayo	12	Junín	-12.220556	-75.166944	1335
120114	El Tambo	1201	Huancayo	12	Junín	-12.050278	-75.221389	166359
120116	Huacrapuquio	1201	Huancayo	12	Junín	-12.171111	-75.220833	1366
120117	Hualhuas	1201	Huancayo	12	Junín	-11.971389	-75.250833	5251
120119	Huancán	1201	Huancayo	12	Junín	-12.106667	-75.216667	24830
120120	Huasicancha	1201	Huancayo	12	Junín	-12.332222	-75.281944	829
120121	Huayucachi	1201	Huancayo	12	Junín	-12.138611	-75.223611	9800
120122	Ingenio	1201	Huancayo	12	Junín	-11.890556	-75.266389	2376
120124	Pariahuanca	1201	Huancayo	12	Junín	-11.980278	-74.896667	5130
120125	Pilcomayo	1201	Huancayo	12	Junín	-12.049444	-75.250556	20055
120126	Pucará	1201	Huancayo	12	Junín	-12.172500	-75.145556	4748
120127	Quichuay	1201	Huancayo	12	Junín	-11.889722	-75.286111	1852
120128	Quilcas	1201	Huancayo	12	Junín	-11.938056	-75.259722	3904
120129	San Agustín	1201	Huancayo	12	Junín	-11.989722	-75.244167	15281
120130	San Jerónimo de Tunán	1201	Huancayo	12	Junín	-11.949167	-75.282222	11601
120132	Saño	1201	Huancayo	12	Junín	-11.958889	-75.258611	5512
120133	Sapallanga	1201	Huancayo	12	Junín	-12.141389	-75.158056	21096
120134	Sicaya	1201	Huancayo	12	Junín	-12.014722	-75.280000	16932
120135	Santo Domingo de Acobamba	1201	Huancayo	12	Junín	-11.768889	-74.795278	6222
120136	Viques	1201	Huancayo	12	Junín	-12.159722	-75.231944	2639
120201	Concepción	1202	Concepción	12	Junín	-11.918889	-75.312500	15428
120202	Aco	1202	Concepción	12	Junín	-11.958056	-75.368333	1642
120203	Andamarca	1202	Concepción	12	Junín	-11.728333	-74.801667	3502
120204	Chambará	1202	Concepción	12	Junín	-12.027222	-75.375278	2550
120205	Cochas	1202	Concepción	12	Junín	-11.660000	-75.102222	1923
120206	Comas	1202	Concepción	12	Junín	-11.717778	-75.081667	5377
120207	Heroinas Toledo	1202	Concepción	12	Junín	-11.835556	-75.290833	972
120208	Manzanares	1202	Concepción	12	Junín	-12.016111	-75.345833	1478
120209	Mariscal Castilla	1202	Concepción	12	Junín	-11.619167	-75.090000	1394
120210	Matahuasi	1202	Concepción	12	Junín	-11.893889	-75.344167	5537
120211	Mito	1202	Concepción	12	Junín	-11.937222	-75.339167	1382
120212	Nueve de Julio	1202	Concepción	12	Junín	-11.897778	-75.318056	2287
120213	Orcotuna	1202	Concepción	12	Junín	-11.967222	-75.307500	4738
120214	San José de Quero	1202	Concepción	12	Junín	-12.085556	-75.536389	5398
120215	Santa Rosa de Ocopa	1202	Concepción	12	Junín	-11.877222	-75.295000	1983
120301	Chanchamayo	1203	Chanchamayo	12	Junín	-11.056667	-75.327500	27790
120302	Perené	1203	Chanchamayo	12	Junín	-10.947500	-75.224722	52874
120303	Pichanaqui	1203	Chanchamayo	12	Junín	-10.926389	-74.872778	39054
120304	San Luis de Shuaro	1203	Chanchamayo	12	Junín	-10.888333	-75.287222	4157
120305	San Ramón	1203	Chanchamayo	12	Junín	-11.120556	-75.353056	25800
120306	Vitoc	1203	Chanchamayo	12	Junín	-11.210278	-75.334722	1814
120401	Jauja	1204	Jauja	12	Junín	-11.775556	-75.500556	17908
120402	Acolla	1204	Jauja	12	Junín	-11.731111	-75.546667	6077
120403	Apata	1204	Jauja	12	Junín	-11.855278	-75.354444	4284
120404	Ataura	1204	Jauja	12	Junín	-11.802778	-75.438889	1264
120405	Canchayllo	1204	Jauja	12	Junín	-11.802222	-75.718056	1601
120406	Curicaca	1204	Jauja	12	Junín	-11.785278	-75.675000	1410
120407	El Mantaro	1204	Jauja	12	Junín	-11.822222	-75.391944	2598
120408	Huamalí	1204	Jauja	12	Junín	-11.807222	-75.424167	1646
120409	Huaripampa	1204	Jauja	12	Junín	-11.807778	-75.471111	1000
120410	Huertas	1204	Jauja	12	Junín	-11.760000	-75.469722	2041
120411	Janjaillo	1204	Jauja	12	Junín	-11.764444	-75.610278	558
120412	Julcán	1204	Jauja	12	Junín	-11.759167	-75.435278	745
120413	Leonor Ordoñez	1204	Jauja	12	Junín	-11.859444	-75.417500	1553
120414	Llocllapampa	1204	Jauja	12	Junín	-11.817500	-75.623889	1143
120415	Marco	1204	Jauja	12	Junín	-11.740556	-75.561111	1451
120416	Masma	1204	Jauja	12	Junín	-11.785278	-75.426111	1732
120417	Masma Chicche	1204	Jauja	12	Junín	-11.786111	-75.381667	732
120418	Molinos	1204	Jauja	12	Junín	-11.737778	-75.446111	1573
120419	Monobamba	1204	Jauja	12	Junín	-11.360556	-75.326667	1662
120420	Muqui	1204	Jauja	12	Junín	-11.833333	-75.435000	1017
120421	Muquiyauyo	1204	Jauja	12	Junín	-11.813889	-75.453889	2335
120422	Paca	1204	Jauja	12	Junín	-11.709167	-75.518333	892
120423	Paccha	1204	Jauja	12	Junín	-11.853611	-75.506389	1450
120424	Pancán	1204	Jauja	12	Junín	-11.748889	-75.486111	1226
120425	Parco	1204	Jauja	12	Junín	-11.801111	-75.542778	1153
120426	Pomacancha	1204	Jauja	12	Junín	-11.739167	-75.623333	1427
120427	Ricrán	1204	Jauja	12	Junín	-11.539444	-75.527222	1296
120428	San Lorenzo	1204	Jauja	12	Junín	-11.846389	-75.381667	2538
120429	San Pedro de Chunán	1204	Jauja	12	Junín	-11.725556	-75.486389	702
120430	Sausa	1204	Jauja	12	Junín	-11.793611	-75.484722	3060
120431	Sincos	1204	Jauja	12	Junín	-11.891389	-75.386944	4056
120432	Tunán Marca	1204	Jauja	12	Junín	-11.729722	-75.570556	1038
120433	Yauli	1204	Jauja	12	Junín	-11.715000	-75.471944	1097
120434	Yauyos	1204	Jauja	12	Junín	-11.780833	-75.499722	8992
120501	Junín	1205	Junín	12	Junín	-11.161389	-75.998333	10976
120502	Carhuamayo	1205	Junín	12	Junín	-10.922778	-76.057778	6638
120503	Ondores	1205	Junín	12	Junín	-11.083611	-76.146667	1236
120504	Ulcumayo	1205	Junín	12	Junín	-10.967500	-75.878056	4283
120601	Satipo	1206	Satipo	12	Junín	-11.253889	-74.636111	37075
120602	Coviriali	1206	Satipo	12	Junín	-11.291389	-74.627500	5778
120603	Llaylla	1206	Satipo	12	Junín	-11.381111	-74.590278	6544
120604	Mazamari	1206	Satipo	12	Junín	-11.325000	-74.530278	35719
120605	Pampa Hermosa	1206	Satipo	12	Junín	-11.404167	-74.751667	3690
120606	Pangoa	1206	Satipo	12	Junín	-11.428333	-74.488889	54240
120607	Río Negro	1206	Satipo	12	Junín	-11.208889	-74.659444	30651
120608	Río Tambo	1206	Satipo	12	Junín	-11.147500	-74.306389	26036
120609	Vizcatan del Ene	1206	Satipo	12	Junín	-12.186111	-74.027222	4252
120701	Tarma	1207	Tarma	12	Junín	-11.420000	-75.688056	47775
120702	Acobamba	1207	Tarma	12	Junín	-11.353333	-75.659167	9500
120703	Huaricolca	1207	Tarma	12	Junín	-11.511944	-75.652778	1899
120704	Huasahuasi	1207	Tarma	12	Junín	-11.265000	-75.650278	9901
120705	La Unión	1207	Tarma	12	Junín	-11.377222	-75.751944	3514
120706	Palca	1207	Tarma	12	Junín	-11.346111	-75.568611	5543
120707	Palcamayo	1207	Tarma	12	Junín	-11.295833	-75.772778	3438
120708	San Pedro de Cajas	1207	Tarma	12	Junín	-11.249167	-75.862778	3547
120709	Tapo	1207	Tarma	12	Junín	-11.390278	-75.563889	4473
120801	La Oroya	1208	Yauli	12	Junín	-11.521944	-75.907778	14021
120802	Chacapalpa	1208	Yauli	12	Junín	-11.732778	-75.755556	687
120803	Huay-Huay	1208	Yauli	12	Junín	-11.722500	-75.905000	1947
120804	Marcapomacocha	1208	Yauli	12	Junín	-11.406667	-76.336111	835
120805	Morococha	1208	Yauli	12	Junín	-11.587222	-76.063333	5155
120806	Paccha	1208	Yauli	12	Junín	-11.473056	-75.960556	1633
120807	Santa Bárbara de Carhuacayán	1208	Yauli	12	Junín	-11.203889	-76.285556	1104
120808	Santa Rosa de Sacco	1208	Yauli	12	Junín	-11.549167	-75.940278	8977
120809	Suitucancha	1208	Yauli	12	Junín	-11.787500	-75.936389	690
120810	Yauli	1208	Yauli	12	Junín	-11.665833	-76.085833	5341
120901	Chupaca	1209	Chupaca	12	Junín	-12.057778	-75.289444	20341
120902	Ahuac	1209	Chupaca	12	Junín	-12.085833	-75.321111	6267
120903	Chongos Bajo	1209	Chupaca	12	Junín	-12.133889	-75.268056	4537
120904	Huáchac	1209	Chupaca	12	Junín	-12.020556	-75.341111	2948
120905	Huamancaca Chico	1209	Chupaca	12	Junín	-12.080833	-75.242222	8766
120906	San Juan de Yscos	1209	Chupaca	12	Junín	-12.098333	-75.292778	2228
120907	San Juan de Jarpa	1209	Chupaca	12	Junín	-12.126389	-75.435556	2658
120908	Tres de Diciembre	1209	Chupaca	12	Junín	-12.109722	-75.245833	2665
120909	Yanacancha	1209	Chupaca	12	Junín	-12.201111	-75.386667	2578
130101	Trujillo	1301	Trujillo	13	La Libertad	-8.100000	-79.030556	314939
130102	El Porvenir	1301	Trujillo	13	La Libertad	-8.088056	-78.997778	190461
130103	Florencia de Mora	1301	Trujillo	13	La Libertad	-8.082778	-79.023333	37262
130104	Huanchaco	1301	Trujillo	13	La Libertad	-8.080000	-79.121667	68409
130105	La Esperanza	1301	Trujillo	13	La Libertad	-8.056111	-79.051667	189206
130106	Laredo	1301	Trujillo	13	La Libertad	-8.089722	-78.960278	37206
130107	Moche	1301	Trujillo	13	La Libertad	-8.171389	-79.009167	37436
130108	Poroto	1301	Trujillo	13	La Libertad	-8.011389	-78.767778	3586
130109	Salaverry	1301	Trujillo	13	La Libertad	-8.224444	-78.976111	18944
130110	Simbal	1301	Trujillo	13	La Libertad	-7.976667	-78.813333	4061
130111	Víctor Larco Herrera	1301	Trujillo	13	La Libertad	-8.136389	-79.043333	68506
130201	Ascope	1302	Ascope	13	La Libertad	-7.713611	-79.107222	6462
130202	Chicama	1302	Ascope	13	La Libertad	-7.842500	-79.144167	15267
130203	Chocope	1302	Ascope	13	La Libertad	-7.791389	-79.223056	9321
130204	Magdalena de Cao	1302	Ascope	13	La Libertad	-7.876389	-79.295833	2463
130205	Paiján	1302	Ascope	13	La Libertad	-7.734722	-79.303333	25913
130206	Razuri	1302	Ascope	13	La Libertad	-7.702222	-79.437778	8664
130207	Santiago de Cao	1302	Ascope	13	La Libertad	-7.957778	-79.243611	19204
130208	Casa Grande	1302	Ascope	13	La Libertad	-7.745278	-79.188056	28492
130301	Bolívar	1303	Bolívar	13	La Libertad	-7.153889	-77.702222	4455
130302	Bambamarca	1303	Bolívar	13	La Libertad	-7.439722	-77.693056	2908
130303	Condormarca	1303	Bolívar	13	La Libertad	-7.546667	-77.599722	1914
130304	Longotea	1303	Bolívar	13	La Libertad	-7.043889	-77.872222	2098
130305	Uchumarca	1303	Bolívar	13	La Libertad	-7.047222	-77.805556	2246
130306	Ucuncha	1303	Bolívar	13	La Libertad	-7.165278	-77.859167	836
130401	Chepén	1304	Chepén	13	La Libertad	-7.227500	-79.429444	45733
130402	Pacanga	1304	Chepén	13	La Libertad	-7.171389	-79.485556	21056
130403	Pueblo Nuevo	1304	Chepén	13	La Libertad	-7.182500	-79.520000	11629
130501	Julcán	1305	Julcán	13	La Libertad	-8.042778	-78.486389	11505
130502	Calamarca	1305	Julcán	13	La Libertad	-8.170000	-78.412222	4866
130503	Carabamba	1305	Julcán	13	La Libertad	-8.112500	-78.607500	6221
130504	Huaso	1305	Julcán	13	La Libertad	-8.224722	-78.414167	5432
130601	Otuzco	1306	Otuzco	13	La Libertad	-7.902222	-78.565556	24169
130602	Agallpampa	1306	Otuzco	13	La Libertad	-7.981944	-78.546667	9252
130604	Charat	1306	Otuzco	13	La Libertad	-7.823889	-78.448056	2420
130605	Huaranchal	1306	Otuzco	13	La Libertad	-7.689722	-78.442500	3940
130606	La Cuesta	1306	Otuzco	13	La Libertad	-7.918889	-78.704722	614
130608	Mache	1306	Otuzco	13	La Libertad	-8.029167	-78.535000	2693
130610	Paranday	1306	Otuzco	13	La Libertad	-7.885000	-78.709444	523
130611	Salpo	1306	Otuzco	13	La Libertad	-8.003056	-78.604167	5831
130613	Sinsicap	1306	Otuzco	13	La Libertad	-7.851667	-78.754167	7032
130614	Usquil	1306	Otuzco	13	La Libertad	-7.815278	-78.416667	21388
130701	San Pedro de Lloc	1307	Pacasmayo	13	La Libertad	-7.418333	-79.514722	17637
130702	Guadalupe	1307	Pacasmayo	13	La Libertad	-7.243611	-79.470278	40217
130703	Jequetepeque	1307	Pacasmayo	13	La Libertad	-7.337500	-79.563056	4136
130704	Pacasmayo	1307	Pacasmayo	13	La Libertad	-7.401111	-79.572222	28959
130705	San José	1307	Pacasmayo	13	La Libertad	-7.350000	-79.455278	11948
130801	Tayabamba	1308	Pataz	13	La Libertad	-8.275000	-77.296111	12490
130802	Buldibuyo	1308	Pataz	13	La Libertad	-8.126944	-77.395278	3812
130803	Chillia	1308	Pataz	13	La Libertad	-8.124444	-77.515000	11678
130804	Huancaspata	1308	Pataz	13	La Libertad	-8.457500	-77.298333	5877
130805	Huaylillas	1308	Pataz	13	La Libertad	-8.187222	-77.343889	1158
130806	Huayo	1308	Pataz	13	La Libertad	-8.004444	-77.592222	3478
130807	Ongón	1308	Pataz	13	La Libertad	-8.207778	-76.982778	1250
130808	Parcoy	1308	Pataz	13	La Libertad	-8.033333	-77.479722	18730
130809	Pataz	1308	Pataz	13	La Libertad	-7.785000	-77.593889	8937
130810	Pias	1308	Pataz	13	La Libertad	-7.871944	-77.546667	1656
130811	Santiago de Challas	1308	Pataz	13	La Libertad	-8.438056	-77.320556	2210
130812	Taurija	1308	Pataz	13	La Libertad	-8.307778	-77.423611	2779
130813	Urpay	1308	Pataz	13	La Libertad	-8.347778	-77.389444	2048
130901	Huamachuco	1309	Sánchez Carrión	13	La Libertad	-7.811111	-78.046667	66902
130902	Chugay	1309	Sánchez Carrión	13	La Libertad	-7.781944	-77.868333	16769
130903	Cochorco	1309	Sánchez Carrión	13	La Libertad	-7.806389	-77.717500	8398
130904	Curgos	1309	Sánchez Carrión	13	La Libertad	-7.860000	-77.943889	7822
130905	Marcabal	1309	Sánchez Carrión	13	La Libertad	-7.705833	-78.033611	10431
130906	Sanagoran	1309	Sánchez Carrión	13	La Libertad	-7.786111	-78.141944	12922
130907	Sarín	1309	Sánchez Carrión	13	La Libertad	-7.911389	-77.906111	8916
130908	Sartimbamba	1309	Sánchez Carrión	13	La Libertad	-7.699167	-77.743611	12245
131001	Santiago de Chuco	1310	Santiago de Chuco	13	La Libertad	-8.145278	-78.173611	18311
131002	Angasmarca	1310	Santiago de Chuco	13	La Libertad	-8.132778	-78.055833	4810
131003	Cachicadan	1310	Santiago de Chuco	13	La Libertad	-8.094444	-78.148889	5319
131004	Mollebamba	1310	Santiago de Chuco	13	La Libertad	-8.170833	-77.973889	1734
131005	Mollepata	1310	Santiago de Chuco	13	La Libertad	-8.193333	-77.957222	2339
131006	Quiruvilca	1310	Santiago de Chuco	13	La Libertad	-8.001944	-78.310000	12291
131007	Santa Cruz de Chuca	1310	Santiago de Chuco	13	La Libertad	-8.120278	-78.142222	2852
131008	Sitabamba	1310	Santiago de Chuco	13	La Libertad	-8.022222	-77.730000	3240
131101	Cascas	1311	Gran Chimú	13	La Libertad	-7.479444	-78.819722	13374
131102	Lucma	1311	Gran Chimú	13	La Libertad	-7.640556	-78.552222	4725
131103	Marmot	1311	Gran Chimú	13	La Libertad	-7.698333	-78.626111	2407
131104	Sayapullo	1311	Gran Chimú	13	La Libertad	-7.595833	-78.465000	6386
131201	Virú	1312	Virú	13	La Libertad	-8.414444	-78.752778	52407
131202	Chao	1312	Virú	13	La Libertad	-8.540556	-78.678889	32842
131203	Guadalupito	1312	Virú	13	La Libertad	-8.951667	-78.624722	7075
140101	Chiclayo	1401	Chiclayo	14	Lambayeque	-6.766944	-79.850556	270496
140102	Chongoyape	1401	Chiclayo	14	Lambayeque	-6.643056	-79.385278	18364
140103	Etén	1401	Chiclayo	14	Lambayeque	-6.906944	-79.862500	11993
140104	Etén Puerto	1401	Chiclayo	14	Lambayeque	-6.925556	-79.866111	2342
140105	José Leonardo Ortiz	1401	Chiclayo	14	Lambayeque	-6.763056	-79.834444	156498
140106	La Victoria	1401	Chiclayo	14	Lambayeque	-6.794444	-79.844444	90912
140107	Lagunas	1401	Chiclayo	14	Lambayeque	-6.991111	-79.622778	9986
140108	Monsefú	1401	Chiclayo	14	Lambayeque	-6.878056	-79.872500	32225
140109	Nueva Arica	1401	Chiclayo	14	Lambayeque	-6.874167	-79.343611	2458
140110	Oyotún	1401	Chiclayo	14	Lambayeque	-6.854444	-79.306389	8201
140111	Picsi	1401	Chiclayo	14	Lambayeque	-6.718333	-79.770556	12704
140112	Pimentel	1401	Chiclayo	14	Lambayeque	-6.835278	-79.935833	44602
140113	Reque	1401	Chiclayo	14	Lambayeque	-6.865000	-79.819167	15744
140114	Santa Rosa	1401	Chiclayo	14	Lambayeque	-6.881667	-79.920833	12350
140115	Saña	1401	Chiclayo	14	Lambayeque	-6.918056	-79.583333	11617
140116	Cayaltí	1401	Chiclayo	14	Lambayeque	-6.891667	-79.562222	14809
140117	Patapo	1401	Chiclayo	14	Lambayeque	-6.735556	-79.634722	22624
140118	Pomalca	1401	Chiclayo	14	Lambayeque	-6.770000	-79.775278	25267
140119	Pucalá	1401	Chiclayo	14	Lambayeque	-6.781944	-79.612222	8701
140120	Tumán	1401	Chiclayo	14	Lambayeque	-6.751111	-79.701111	27782
140201	Ferreñafe	1402	Ferreñafe	14	Lambayeque	-6.638889	-79.788333	34229
140202	Cañaris	1402	Ferreñafe	14	Lambayeque	-6.046111	-79.265278	11366
140203	Incahuasi	1402	Ferreñafe	14	Lambayeque	-6.235278	-79.316944	13858
140204	Manuel Antonio Mesones Muro	1402	Ferreñafe	14	Lambayeque	-6.645000	-79.738889	3808
140205	Pitipo	1402	Ferreñafe	14	Lambayeque	-6.565833	-79.780833	19651
140206	Pueblo Nuevo	1402	Ferreñafe	14	Lambayeque	-6.640278	-79.796111	14503
140301	Lambayeque	1403	Lambayeque	14	Lambayeque	-6.706944	-79.895278	71425
140302	Chochope	1403	Lambayeque	14	Lambayeque	-6.157778	-79.647778	1407
140303	Illimo	1403	Lambayeque	14	Lambayeque	-6.473889	-79.854722	8856
140304	Jayanca	1403	Lambayeque	14	Lambayeque	-6.392778	-79.822778	17204
140305	Mochumi	1403	Lambayeque	14	Lambayeque	-6.547778	-79.865000	18401
140306	Mórrope	1403	Lambayeque	14	Lambayeque	-6.540278	-80.015556	48209
140307	Motupe	1403	Lambayeque	14	Lambayeque	-6.150833	-79.714167	29836
140308	Olmos	1403	Lambayeque	14	Lambayeque	-5.987778	-79.747500	46484
140309	Pacora	1403	Lambayeque	14	Lambayeque	-6.428611	-79.838889	8060
140310	Salas	1403	Lambayeque	14	Lambayeque	-6.274722	-79.607222	12595
140311	San José	1403	Lambayeque	14	Lambayeque	-6.769444	-79.968056	15846
140312	Túcume	1403	Lambayeque	14	Lambayeque	-6.510000	-79.859167	21847
150101	Lima	1501	Lima	15	Lima	-12.045278	-77.030833	268352
150102	Ancón	1501	Lima	15	Lima	-11.773889	-77.176389	62928
150103	Ate	1501	Lima	15	Lima	-12.026389	-76.921389	599196
150104	Barranco	1501	Lima	15	Lima	-12.149167	-77.021667	34378
150105	Breña	1501	Lima	15	Lima	-12.058889	-77.046111	85309
150106	Carabayllo	1501	Lima	15	Lima	-11.890278	-77.026944	333045
150107	Chaclacayo	1501	Lima	15	Lima	-11.975278	-76.768889	42912
150108	Chorrillos	1501	Lima	15	Lima	-12.176944	-77.016389	314241
150109	Cieneguilla	1501	Lima	15	Lima	-12.120278	-76.814167	34684
150110	Comas	1501	Lima	15	Lima	-11.957222	-77.049444	520450
150111	El Agustino	1501	Lima	15	Lima	-12.048333	-77.000556	198862
150112	Independencia	1501	Lima	15	Lima	-11.997222	-77.054722	211360
150113	Jesús María	1501	Lima	15	Lima	-12.075556	-77.043333	75359
150114	La Molina	1501	Lima	15	Lima	-12.078056	-76.916667	140679
150115	La Victoria	1501	Lima	15	Lima	-12.065000	-77.030833	173630
150116	Lince	1501	Lima	15	Lima	-12.084444	-77.030278	54711
150117	Los Olivos	1501	Lima	15	Lima	-11.991389	-77.070833	325884
150118	Lurigancho	1501	Lima	15	Lima	-11.935833	-76.697222	240814
150119	Lurín	1501	Lima	15	Lima	-12.274722	-76.870278	89195
150120	Magdalena del Mar	1501	Lima	15	Lima	-12.091667	-77.067222	60290
150121	Pueblo Libre	1501	Lima	15	Lima	-12.078056	-77.062500	83323
150122	Miraflores	1501	Lima	15	Lima	-12.121667	-77.029167	99337
150123	Pachacámac	1501	Lima	15	Lima	-12.187222	-76.866667	110071
150124	Pucusana	1501	Lima	15	Lima	-12.481667	-76.797500	14891
150125	Puente Piedra	1501	Lima	15	Lima	-11.866667	-77.076944	329675
150126	Punta Hermosa	1501	Lima	15	Lima	-12.333611	-76.824167	15874
150127	Punta Negra	1501	Lima	15	Lima	-12.365278	-76.795556	7074
150128	Rímac	1501	Lima	15	Lima	-12.042222	-77.026944	174785
150129	San Bartolo	1501	Lima	15	Lima	-12.389167	-76.780833	7482
150130	San Borja	1501	Lima	15	Lima	-12.107222	-76.998889	113247
150131	San Isidro	1501	Lima	15	Lima	-12.097778	-77.027222	60735
150132	San Juan de Lurigancho	1501	Lima	15	Lima	-12.029722	-77.010000	1038495
150133	San Juan de Miraflores	1501	Lima	15	Lima	-12.163611	-76.963611	355219
150134	San Luis	1501	Lima	15	Lima	-12.075556	-76.993611	52082
150135	San Martín de Porres	1501	Lima	15	Lima	-12.030000	-77.057500	654083
150136	San Miguel	1501	Lima	15	Lima	-12.092222	-77.079444	155384
150137	Santa Anita	1501	Lima	15	Lima	-12.043889	-76.971389	196214
150138	Santa María del Mar	1501	Lima	15	Lima	-12.401944	-76.773333	999
150139	Santa Rosa	1501	Lima	15	Lima	-11.787222	-77.156944	27863
150140	Santiago de Surco	1501	Lima	15	Lima	-12.145000	-77.005000	329152
150141	Surquillo	1501	Lima	15	Lima	-12.118611	-77.021667	91023
150142	Villa El Salvador	1501	Lima	15	Lima	-12.213333	-76.937222	393254
150143	Villa María del Triunfo	1501	Lima	15	Lima	-12.162500	-76.943611	398433
150144	Santa María de Huachipa	1501	Lima	15	Lima	0.000000	0.000000	
150201	Barranca	1502	Barranca	15	Lima	-10.753333	-77.765000	68324
150202	Paramonga	1502	Barranca	15	Lima	-10.674722	-77.818056	21453
150203	Pativilca	1502	Barranca	15	Lima	-10.696111	-77.780278	17431
150204	Supe	1502	Barranca	15	Lima	-10.796111	-77.716111	24318
150205	Supe Puerto	1502	Barranca	15	Lima	-10.801667	-77.744722	12855
150301	Cajatambo	1503	Cajatambo	15	Lima	-10.473056	-76.993056	2082
150302	Copa	1503	Cajatambo	15	Lima	-10.386389	-77.078889	858
150303	Gorgor	1503	Cajatambo	15	Lima	-10.621111	-77.041389	1672
150304	Huancapón	1503	Cajatambo	15	Lima	-10.549444	-77.112500	984
150305	Manas	1503	Cajatambo	15	Lima	-10.595556	-77.167222	963
150401	Canta	1504	Canta	15	Lima	-11.467222	-76.624444	2385
150402	Arahuay	1504	Canta	15	Lima	-11.621389	-76.670278	596
150403	Huamantanga	1504	Canta	15	Lima	-11.499167	-76.749444	686
150404	Huaros	1504	Canta	15	Lima	-11.406667	-76.575833	760
150405	Lachaqui	1504	Canta	15	Lima	-11.553056	-76.625556	856
150406	San Buenaventura	1504	Canta	15	Lima	-11.489167	-76.662222	555
150407	Santa Rosa de Quives	1504	Canta	15	Lima	-11.695278	-76.846111	5710
150501	San Vicente de Cañete	1505	Cañete	15	Lima	-13.077778	-76.387778	54775
150502	Asia	1505	Cañete	15	Lima	-12.779167	-76.556667	9784
150503	Calango	1505	Cañete	15	Lima	-12.526389	-76.543611	2269
150504	Cerro Azul	1505	Cañete	15	Lima	-13.025000	-76.478889	8328
150505	Chilca	1505	Cañete	15	Lima	-12.518056	-76.738056	21573
150506	Coayllo	1505	Cañete	15	Lima	-12.727222	-76.460278	1043
150507	Imperial	1505	Cañete	15	Lima	-13.060556	-76.352778	38925
150508	Lunahuana	1505	Cañete	15	Lima	-12.970556	-76.151111	4393
150509	Mala	1505	Cañete	15	Lima	-12.657500	-76.632500	32717
150510	Nuevo Imperial	1505	Cañete	15	Lima	-13.075556	-76.316667	26233
150511	Pacarán	1505	Cañete	15	Lima	-12.866111	-76.054167	1686
150512	Quilmana	1505	Cañete	15	Lima	-12.949444	-76.382778	16091
150513	San Antonio	1505	Cañete	15	Lima	-12.642222	-76.649444	4343
150514	San Luis	1505	Cañete	15	Lima	-13.051111	-76.431111	13436
150515	Santa Cruz de Flores	1505	Cañete	15	Lima	-12.619722	-76.639722	3103
150516	Zúñiga	1505	Cañete	15	Lima	-12.860278	-76.022500	1314
150601	Huaral	1506	Huaral	15	Lima	-11.495278	-77.206944	99915
150602	Atavillos Alto	1506	Huaral	15	Lima	-11.234167	-76.655833	687
150603	Atavillos Bajo	1506	Huaral	15	Lima	-11.351944	-76.825556	902
150604	Aucallama	1506	Huaral	15	Lima	-11.559444	-77.180000	19464
150605	Chancay	1506	Huaral	15	Lima	-11.563056	-77.270556	56920
150606	Ihuari	1506	Huaral	15	Lima	-11.188611	-76.951944	2037
150607	Lampián	1506	Huaral	15	Lima	-11.237778	-76.839167	336
150608	Pacaraos	1506	Huaral	15	Lima	-11.186111	-76.647778	1028
150609	San Miguel de Acos	1506	Huaral	15	Lima	-11.273889	-76.821944	648
150610	Santa Cruz de Andamarca	1506	Huaral	15	Lima	-11.194722	-76.634444	830
150611	Sumbilca	1506	Huaral	15	Lima	-11.406667	-76.819722	720
150612	Veintisiete de Noviembre	1506	Huaral	15	Lima	-11.192222	-76.779722	411
150701	Matucana	1507	Huarochirí	15	Lima	-11.845000	-76.386111	4058
150702	Antioquía	1507	Huarochirí	15	Lima	-12.080833	-76.510833	1225
150703	Callahuanca	1507	Huarochirí	15	Lima	-11.826389	-76.618889	798
150704	Carampoma	1507	Huarochirí	15	Lima	-11.656389	-76.516389	331
150705	Chicla	1507	Huarochirí	15	Lima	-11.706389	-76.268056	3826
150706	Cuenca	1507	Huarochirí	15	Lima	-12.132222	-76.435278	449
150707	Huachupampa	1507	Huarochirí	15	Lima	-11.721111	-76.588611	609
150708	Huanza	1507	Huarochirí	15	Lima	-11.656111	-76.503611	875
150709	Huarochirí	1507	Huarochirí	15	Lima	-12.136111	-76.231944	1302
150710	Lahuaytambo	1507	Huarochirí	15	Lima	-12.096389	-76.388889	616
150711	Langa	1507	Huarochirí	15	Lima	-12.125556	-76.421111	889
150712	Laraos	1507	Huarochirí	15	Lima	-11.664444	-76.539444	666
150713	Mariatana	1507	Huarochirí	15	Lima	-12.237222	-76.326111	1357
150714	Ricardo Palma	1507	Huarochirí	15	Lima	-11.923611	-76.665000	6542
150715	San Andrés de Tupicocha	1507	Huarochirí	15	Lima	-12.002222	-76.474722	1320
150716	San Antonio	1507	Huarochirí	15	Lima	-11.743611	-76.650000	912
150717	San Bartolomé	1507	Huarochirí	15	Lima	-11.911944	-76.529167	1139
150718	San Damián	1507	Huarochirí	15	Lima	-12.017778	-76.391944	1202
150719	San Juan de Iris	1507	Huarochirí	15	Lima	-11.683056	-76.525000	699
150720	San Juan de Tantaranche	1507	Huarochirí	15	Lima	-12.113611	-76.182500	374
150721	San Lorenzo de Quinti	1507	Huarochirí	15	Lima	-12.145278	-76.212500	1223
150722	San Mateo	1507	Huarochirí	15	Lima	-11.759167	-76.300556	4245
150723	San Mateo de Otao	1507	Huarochirí	15	Lima	-11.870278	-76.543889	1335
150724	San Pedro de Casta	1507	Huarochirí	15	Lima	-11.758889	-76.596389	928
150725	San Pedro de Huancayre	1507	Huarochirí	15	Lima	-12.131389	-76.215556	210
150726	Sangallaya	1507	Huarochirí	15	Lima	-12.160833	-76.228889	630
150727	Santa Cruz de Cocachacra	1507	Huarochirí	15	Lima	-11.911667	-76.539444	2486
150728	Santa Eulalia	1507	Huarochirí	15	Lima	-11.901667	-76.663889	12636
150729	Santiago de Anchucaya	1507	Huarochirí	15	Lima	-12.095556	-76.230556	320
150730	Santiago de Tuna	1507	Huarochirí	15	Lima	-11.983889	-76.525278	411
150731	Santo Domingo de Los Olleros	1507	Huarochirí	15	Lima	-12.218889	-76.514167	3125
150732	Surco	1507	Huarochirí	15	Lima	-11.882500	-76.436111	1407
150801	Huacho	1508	Huaura	15	Lima	-11.108056	-77.610278	63142
150802	Ámbar	1508	Huaura	15	Lima	-10.756111	-77.271944	2208
150803	Caleta de Carquín	1508	Huaura	15	Lima	-11.091667	-77.628333	8132
150804	Checras	1508	Huaura	15	Lima	-10.918056	-76.825556	929
150805	Hualmay	1508	Huaura	15	Lima	-11.096667	-77.613056	28765
150806	Huaura	1508	Huaura	15	Lima	-11.069722	-77.599167	34764
150807	Leoncio Prado	1508	Huaura	15	Lima	-11.061111	-76.930278	1867
150808	Paccho	1508	Huaura	15	Lima	-10.957500	-76.933333	1516
150809	Santa Leonor	1508	Huaura	15	Lima	-10.948611	-76.745000	775
150810	Santa María	1508	Huaura	15	Lima	-11.096667	-77.595000	36267
150811	Sayán	1508	Huaura	15	Lima	-11.135278	-77.193611	23408
150812	Végueta	1508	Huaura	15	Lima	-11.023333	-77.643889	25912
150901	Oyón	1509	Oyón	15	Lima	-10.668056	-76.773333	12150
150902	Andajes	1509	Oyón	15	Lima	-10.792778	-76.909167	546
150903	Caujul	1509	Oyón	15	Lima	-10.805833	-76.979167	576
150904	Cochamarca	1509	Oyón	15	Lima	-10.863333	-77.128889	1086
150905	Naván	1509	Oyón	15	Lima	-10.837778	-77.014444	855
150906	Pachangara	1509	Oyón	15	Lima	-10.811111	-76.875000	2526
151001	Yauyos	1510	Yauyos	15	Lima	-12.459722	-75.918333	1481
151002	Alis	1510	Yauyos	15	Lima	-12.281111	-75.786389	1534
151003	Ayauca	1510	Yauyos	15	Lima	-12.591111	-76.036944	1145
151004	Ayaviri	1510	Yauyos	15	Lima	-12.382500	-76.136944	565
151005	Azángaro	1510	Yauyos	15	Lima	-13.000000	-75.837222	440
151006	Cacra	1510	Yauyos	15	Lima	-12.812500	-75.783056	507
151007	Carania	1510	Yauyos	15	Lima	-12.345556	-75.869444	162
151008	Catahuasi	1510	Yauyos	15	Lima	-12.799444	-75.891389	1062
151009	Chocos	1510	Yauyos	15	Lima	-12.914444	-75.862778	801
151010	Cochas	1510	Yauyos	15	Lima	-12.294167	-76.157500	216
151011	Colonia	1510	Yauyos	15	Lima	-12.633889	-75.890278	1109
151012	Hongos	1510	Yauyos	15	Lima	-12.810833	-75.765278	331
151013	Huampara	1510	Yauyos	15	Lima	-12.360278	-76.167222	149
151014	Huancaya	1510	Yauyos	15	Lima	-12.203333	-75.799167	596
151015	Huangascar	1510	Yauyos	15	Lima	-12.899444	-75.831944	637
151016	Huantan	1510	Yauyos	15	Lima	-12.456389	-75.811667	941
151017	Huañec	1510	Yauyos	15	Lima	-12.293889	-76.138611	432
151018	Laraos	1510	Yauyos	15	Lima	-12.346667	-75.785833	546
151019	Lincha	1510	Yauyos	15	Lima	-12.799722	-75.666667	447
151020	Madean	1510	Yauyos	15	Lima	-12.944444	-75.777222	570
151021	Miraflores	1510	Yauyos	15	Lima	-12.274444	-75.850278	229
151022	Omas	1510	Yauyos	15	Lima	-12.514722	-76.289444	593
151023	Putinza	1510	Yauyos	15	Lima	-12.668056	-75.949444	498
151024	Quinches	1510	Yauyos	15	Lima	-12.307778	-76.143333	609
151025	Quinocay	1510	Yauyos	15	Lima	-12.362222	-76.226389	428
151026	San Joaquín	1510	Yauyos	15	Lima	-12.283889	-76.146944	166
151027	San Pedro de Pilas	1510	Yauyos	15	Lima	-12.454444	-76.226944	275
151028	Tanta	1510	Yauyos	15	Lima	-12.122222	-76.013333	507
151029	Tauripampa	1510	Yauyos	15	Lima	-12.617222	-76.161944	499
151030	Tomás	1510	Yauyos	15	Lima	-12.237778	-75.745000	520
151031	Tupe	1510	Yauyos	15	Lima	-12.741111	-75.809444	533
151032	Viñac	1510	Yauyos	15	Lima	-12.931111	-75.780000	1624
151033	Vitis	1510	Yauyos	15	Lima	-12.223889	-75.808056	311
160101	Iquitos	1601	Maynas	16	Loreto	-3.748056	-73.244167	146853
160102	Alto Nanay	1601	Maynas	16	Loreto	-3.888333	-73.697500	2855
160103	Fernando Lores	1601	Maynas	16	Loreto	-4.001667	-73.156944	13875
160104	Indiana	1601	Maynas	16	Loreto	-3.500278	-73.041111	10134
160105	Las Amazonas	1601	Maynas	16	Loreto	-3.423056	-72.764444	8032
160106	Mazán	1601	Maynas	16	Loreto	-3.488611	-73.081667	12181
160107	Napo	1601	Maynas	16	Loreto	-2.489167	-73.676111	15003
160108	Punchana	1601	Maynas	16	Loreto	-3.728611	-73.241944	75210
160109	Putumayo	1601	Maynas	16	Loreto	0.000000	0.000000	
160110	Torres Causana	1601	Maynas	16	Loreto	-0.970556	-75.174167	4230
160112	Belén	1601	Maynas	16	Loreto	-3.769167	-73.260000	64488
160113	San Juan Bautista	1601	Maynas	16	Loreto	-3.770278	-73.280278	127005
160114	Teniente Manuel Clavero	1601	Maynas	16	Loreto	0.000000	0.000000	
160201	Yurimaguas	1602	Alto Amazonas	16	Loreto	-5.884167	-76.128056	83554
160202	Balsapuerto	1602	Alto Amazonas	16	Loreto	-5.833333	-76.559722	13707
160205	Jeberos	1602	Alto Amazonas	16	Loreto	-5.290833	-76.283333	3900
160206	Lagunas	1602	Alto Amazonas	16	Loreto	-5.223889	-75.675000	12033
160210	Santa Cruz	1602	Alto Amazonas	16	Loreto	-5.513333	-75.858889	3967
160211	Teniente César Lopez Rojas	1602	Alto Amazonas	16	Loreto	-6.025556	-75.874167	5564
160301	Nauta	1603	Loreto	16	Loreto	-4.501389	-73.569444	29963
160302	Parinari	1603	Loreto	16	Loreto	-4.631667	-74.463056	6085
160303	Tigre	1603	Loreto	16	Loreto	-3.489722	-74.781667	6448
160304	Trompeteros	1603	Loreto	16	Loreto	-3.805000	-75.060556	8396
160305	Urarinas	1603	Loreto	16	Loreto	-4.587500	-74.767222	11545
160401	Ramón Castilla	1604	Mariscal Ramón Castilla	16	Loreto	-3.906111	-70.516944	19178
160402	Pebas	1604	Mariscal Ramón Castilla	16	Loreto	-3.320278	-71.861944	11079
160403	Yavari	1604	Mariscal Ramón Castilla	16	Loreto	-4.353611	-70.041667	8366
160404	San Pablo	1604	Mariscal Ramón Castilla	16	Loreto	-4.020278	-71.103056	10449
160501	Requena	1605	Requena	16	Loreto	-5.063889	-73.856667	25313
160502	Alto Tapiche	1605	Requena	16	Loreto	-6.025556	-74.094167	1515
160503	Capelo	1605	Requena	16	Loreto	-5.405278	-74.157778	2566
160504	Emilio San Martín	1605	Requena	16	Loreto	-5.793611	-74.283889	6089
160505	Maquia	1605	Requena	16	Loreto	-5.749722	-74.537778	7304
160506	Puinahua	1605	Requena	16	Loreto	-5.255556	-74.345556	4372
160507	Saquena	1605	Requena	16	Loreto	-4.725000	-73.533056	3365
160508	Soplin	1605	Requena	16	Loreto	-6.007778	-73.692500	569
160509	Tapiche	1605	Requena	16	Loreto	-5.693611	-74.137778	881
160510	Jenaro Herrera	1605	Requena	16	Loreto	-4.903611	-73.670556	4608
160511	Yaquerana	1605	Requena	16	Loreto	-5.148889	-72.875278	1929
160601	Contamana	1606	Ucayali	16	Loreto	-7.350556	-75.009722	23883
160602	Inahuaya	1606	Ucayali	16	Loreto	-7.116944	-75.262500	1738
160603	Padre Marquez	1606	Ucayali	16	Loreto	-7.946667	-74.840833	3697
160604	Pampa Hermosa	1606	Ucayali	16	Loreto	-7.196389	-75.294444	5388
160605	Sarayacu	1606	Ucayali	16	Loreto	-6.393056	-75.116944	13464
160606	Vargas Guerra	1606	Ucayali	16	Loreto	-6.911111	-75.158889	6467
160701	Barranca	1607	Datem del Marañon	16	Loreto	-4.831111	-76.555000	12742
160702	Cahuapanas	1607	Datem del Marañon	16	Loreto	-5.249167	-77.041389	6336
160703	Manseriche	1607	Datem del Marañon	16	Loreto	-4.563611	-77.417222	8421
160704	Morona	1607	Datem del Marañon	16	Loreto	-4.326389	-77.216111	4191
160705	Pastaza	1607	Datem del Marañon	16	Loreto	-4.651111	-76.587500	5078
160706	Andoas	1607	Datem del Marañon	16	Loreto	-3.475556	-76.433611	11714
160801	Putumayo	1608	Putumayo	16	Loreto	-2.446944	-72.668056	3666
160802	Rosa Panduro	1608	Putumayo	16	Loreto	-1.788611	-73.413056	520
160803	Teniente Manuel Clavero	1608	Putumayo	16	Loreto	-0.373333	-74.675833	2317
160804	Yaguas	1608	Putumayo	16	Loreto	-2.408056	-71.176667	1277
170101	Tambopata	1701	Tambopata	17	Madre de Dios	-12.593611	-69.176667	81925
170102	Inambari	1701	Tambopata	17	Madre de Dios	-13.101389	-70.371667	11570
170103	Las Piedras	1701	Tambopata	17	Madre de Dios	-12.279167	-69.150278	12644
170104	Laberinto	1701	Tambopata	17	Madre de Dios	-12.717222	-69.586667	5335
170201	Manu	1702	Manu	17	Madre de Dios	-12.837222	-71.365278	2356
170202	Fitzcarrald	1702	Manu	17	Madre de Dios	-12.265278	-70.910000	1402
170203	Madre de Dios	1702	Manu	17	Madre de Dios	-12.618611	-70.394167	6217
170204	Huepetuhe	1702	Manu	17	Madre de Dios	-12.993611	-70.527222	8574
170301	Iñapari	1703	Tahuamanu	17	Madre de Dios	-10.945000	-69.576667	2391
170302	Iberia	1703	Tahuamanu	17	Madre de Dios	-11.410833	-69.486944	5791
170303	Tahuamanu	1703	Tahuamanu	17	Madre de Dios	-11.454722	-69.321389	2865
180101	Moquegua	1801	Mariscal Nieto	18	Moquegua	-17.194167	-70.933333	65808
180102	Carumas	1801	Mariscal Nieto	18	Moquegua	-16.809167	-70.694722	2366
180103	Cuchumbaya	1801	Mariscal Nieto	18	Moquegua	-16.750833	-70.686111	761
180104	Samegua	1801	Mariscal Nieto	18	Moquegua	-17.182222	-70.900278	8480
180105	San Cristóbal	1801	Mariscal Nieto	18	Moquegua	-16.739167	-70.683333	1736
180106	Torata	1801	Mariscal Nieto	18	Moquegua	-17.076667	-70.844167	6198
180201	Omate	1802	General Sánchez Cerro	18	Moquegua	-16.673611	-70.970556	3158
180202	Chojata	1802	General Sánchez Cerro	18	Moquegua	-16.388333	-70.730278	708
180203	Coalaque	1802	General Sánchez Cerro	18	Moquegua	-16.648889	-71.021667	948
180204	Ichuña	1802	General Sánchez Cerro	18	Moquegua	-16.140556	-70.535556	2901
180205	La Capilla	1802	General Sánchez Cerro	18	Moquegua	-16.756667	-71.179167	626
180206	Lloque	1802	General Sánchez Cerro	18	Moquegua	-16.323889	-70.738611	570
180207	Matalaque	1802	General Sánchez Cerro	18	Moquegua	-16.481111	-70.826667	455
180208	Puquina	1802	General Sánchez Cerro	18	Moquegua	-16.625278	-71.183889	2376
180209	Quinistaquillas	1802	General Sánchez Cerro	18	Moquegua	-16.748889	-70.880278	518
180210	Ubinas	1802	General Sánchez Cerro	18	Moquegua	-16.386667	-70.855556	1741
180211	Yunga	1802	General Sánchez Cerro	18	Moquegua	-16.195000	-70.677778	864
180301	Ilo	1803	Ilo	18	Moquegua	-17.625000	-71.343333	66479
180302	El Algarrobal	1803	Ilo	18	Moquegua	-17.622778	-71.268333	3717
180303	Pacocha	1803	Ilo	18	Moquegua	-17.610833	-71.340278	4453
190101	Chaupimarca	1901	Pasco	19	Pasco	-10.682500	-76.256944	25627
190102	Huachón	1901	Pasco	19	Pasco	-10.636389	-75.951111	4333
190103	Huariaca	1901	Pasco	19	Pasco	-10.439167	-76.191667	6925
190104	Huayllay	1901	Pasco	19	Pasco	-11.001944	-76.364722	9577
190105	Ninacaca	1901	Pasco	19	Pasco	-10.855556	-76.113056	3877
190106	Pallanchacra	1901	Pasco	19	Pasco	-10.415278	-76.235556	1738
190107	Paucartambo	1901	Pasco	19	Pasco	-10.774444	-75.813333	11216
190108	San Francisco de Asis de Yarusyacán	1901	Pasco	19	Pasco	-10.490000	-76.196111	4459
190109	Simón Bolívar	1901	Pasco	19	Pasco	-10.689167	-76.316389	12663
190110	Ticlacayán	1901	Pasco	19	Pasco	-10.535000	-76.164167	3261
190111	Tinyahuarco	1901	Pasco	19	Pasco	-10.769722	-76.276944	6755
190112	Vicco	1901	Pasco	19	Pasco	-10.838333	-76.238333	3392
190113	Yanacancha	1901	Pasco	19	Pasco	-10.663333	-76.253056	29192
190201	Yanahuanca	1902	Daniel Alcides Carrión	19	Pasco	-10.491389	-76.516389	11333
190202	Chacayán	1902	Daniel Alcides Carrión	19	Pasco	-10.434444	-76.437222	2006
190203	Goyllarisquizga	1902	Daniel Alcides Carrión	19	Pasco	-10.473056	-76.408333	1535
190204	Páucar	1902	Daniel Alcides Carrión	19	Pasco	-10.371111	-76.443333	1776
190205	San Pedro de Pillao	1902	Daniel Alcides Carrión	19	Pasco	-10.438889	-76.495278	1348
190206	Santa Ana de Tusi	1902	Daniel Alcides Carrión	19	Pasco	-10.472500	-76.353611	21217
190207	Tapuc	1902	Daniel Alcides Carrión	19	Pasco	-10.454722	-76.462500	2426
190208	Vilcabamba	1902	Daniel Alcides Carrión	19	Pasco	-10.478611	-76.446944	1939
190301	Oxapampa	1903	Oxapampa	19	Pasco	-10.575000	-75.404722	15677
190302	Chontabamba	1903	Oxapampa	19	Pasco	-10.602222	-75.438889	5334
190303	Huancabamba	1903	Oxapampa	19	Pasco	-10.426111	-75.523889	6661
190304	Palcazu	1903	Oxapampa	19	Pasco	-10.184167	-75.148056	7130
190305	Pozuzo	1903	Oxapampa	19	Pasco	-10.071111	-75.550278	4511
190306	Puerto Bermúdez	1903	Oxapampa	19	Pasco	-10.299167	-74.937222	17249
190307	Villa Rica	1903	Oxapampa	19	Pasco	-10.739167	-75.275833	17274
190308	Constitución	1903	Oxapampa	19	Pasco	-9.856389	-75.016944	13634
200101	Piura	2001	Piura	20	Piura	-5.152500	-80.657778	158495
200104	Castilla	2001	Piura	20	Piura	-5.201389	-80.622778	160201
200105	Catacaos	2001	Piura	20	Piura	-5.267222	-80.672500	75870
200107	Cura Mori	2001	Piura	20	Piura	-5.323611	-80.665556	18671
200108	El Tallan	2001	Piura	20	Piura	-5.409167	-80.681111	5387
200109	La Arena	2001	Piura	20	Piura	-5.343056	-80.703611	38734
200110	La Unión	2001	Piura	20	Piura	-5.388333	-80.737222	41742
200111	Las Lomas	2001	Piura	20	Piura	-4.650000	-80.239167	26947
200114	Tambo Grande	2001	Piura	20	Piura	-4.928056	-80.337222	107495
200115	Veintiseis de Octubre	2001	Piura	20	Piura	-5.179167	-80.678056	165779
200201	Ayabaca	2002	Ayabaca	20	Piura	-4.640556	-79.715278	30852
200202	Frías	2002	Ayabaca	20	Piura	-4.931667	-79.947500	19896
200203	Jilili	2002	Ayabaca	20	Piura	-4.584722	-79.797222	2405
200204	Lagunas	2002	Ayabaca	20	Piura	-4.789167	-79.845000	5734
200205	Montero	2002	Ayabaca	20	Piura	-4.632222	-79.828889	6179
200206	Pacaipampa	2002	Ayabaca	20	Piura	-4.995556	-79.667778	21257
200207	Paimas	2002	Ayabaca	20	Piura	-4.627500	-79.945556	9621
200208	Sapillica	2002	Ayabaca	20	Piura	-4.779167	-79.982222	10510
200209	Sicchez	2002	Ayabaca	20	Piura	-4.570000	-79.763889	1654
200210	Suyo	2002	Ayabaca	20	Piura	-4.512778	-80.002500	11179
200301	Huancabamba	2003	Huancabamba	20	Piura	-5.238611	-79.450278	27599
200302	Canchaque	2003	Huancabamba	20	Piura	-5.375833	-79.605556	7317
200303	El Carmen de la Frontera	2003	Huancabamba	20	Piura	-5.148333	-79.428333	11186
200304	Huarmaca	2003	Huancabamba	20	Piura	-5.568056	-79.524444	35548
200305	Lalaquiz	2003	Huancabamba	20	Piura	-5.215833	-79.680000	3871
200306	San Miguel De El Faique	2003	Huancabamba	20	Piura	-5.401944	-79.606111	8678
200307	Sondor	2003	Huancabamba	20	Piura	-5.315556	-79.409722	7140
200308	Sondorillo	2003	Huancabamba	20	Piura	-5.339444	-79.428611	10162
200401	Chulucanas	2004	Morropón	20	Piura	-5.097222	-80.160278	82521
200402	Buenos Aires	2004	Morropón	20	Piura	-5.266944	-79.966944	9410
200403	Chalaco	2004	Morropón	20	Piura	-5.041111	-79.795556	7789
200404	La Matanza	2004	Morropón	20	Piura	-5.213611	-80.090556	13997
200405	Morropón	2004	Morropón	20	Piura	-5.186111	-79.969167	15239
200406	Salitral	2004	Morropón	20	Piura	-5.341944	-79.833611	8527
200407	San Juan de Bigote	2004	Morropón	20	Piura	-5.319444	-79.786111	6433
200408	Santa Catalina de Mossa	2004	Morropón	20	Piura	-5.102778	-79.885000	3650
200409	Santo Domingo	2004	Morropón	20	Piura	-5.029444	-79.875833	5960
200410	Yamango	2004	Morropón	20	Piura	-5.180833	-79.751111	8501
200501	Paita	2005	Paita	20	Piura	-5.093056	-81.099444	87979
200502	Amotape	2005	Paita	20	Piura	-4.881944	-81.015278	2413
200503	Arenal	2005	Paita	20	Piura	-4.883611	-81.026389	1136
200504	Colan	2005	Paita	20	Piura	-4.900556	-81.056389	14869
200505	La Huaca	2005	Paita	20	Piura	-4.910278	-80.961389	12950
200506	Tamarindo	2005	Paita	20	Piura	-4.878333	-80.975833	4923
200507	Vichayal	2005	Paita	20	Piura	-4.864167	-81.073056	5622
200601	Sullana	2006	Sullana	20	Piura	-4.890556	-80.687778	169335
200602	Bellavista	2006	Sullana	20	Piura	-4.890000	-80.680278	37530
200603	Ignacio Escudero	2006	Sullana	20	Piura	-4.846111	-80.873056	20423
200604	Lancones	2006	Sullana	20	Piura	-4.632778	-80.545556	12119
200605	Marcavelica	2006	Sullana	20	Piura	-4.881667	-80.703611	29569
200606	Miguel Checa	2006	Sullana	20	Piura	-4.900278	-80.814722	9036
200607	Querecotillo	2006	Sullana	20	Piura	-4.839167	-80.648333	26395
200608	Salitral	2006	Sullana	20	Piura	-4.856944	-80.680833	7047
200701	Pariñas	2007	Talara	20	Piura	-4.579444	-81.269444	98309
200702	El Alto	2007	Talara	20	Piura	-4.268611	-81.221389	8316
200703	La Brea	2007	Talara	20	Piura	-4.654722	-81.305833	12486
200704	Lobitos	2007	Talara	20	Piura	-4.456944	-81.285000	1312
200705	Los Órganos	2007	Talara	20	Piura	-4.179167	-81.129444	10699
200706	Máncora	2007	Talara	20	Piura	-4.106944	-81.053889	13028
200801	Sechura	2008	Sechura	20	Piura	-5.557222	-80.822222	44590
200802	Bellavista de la Unión	2008	Sechura	20	Piura	-5.440278	-80.755000	4798
200803	Bernal	2008	Sechura	20	Piura	-5.458889	-80.741944	6855
200804	Cristo Nos Valga	2008	Sechura	20	Piura	-5.493056	-80.741111	4300
200805	Vice	2008	Sechura	20	Piura	-5.422222	-80.776389	15630
200806	Rinconada Llicuar	2008	Sechura	20	Piura	-5.463611	-80.765278	3004
210101	Puno	2101	Puno	21	Puno	-15.840278	-70.028056	135288
210102	Acora	2101	Puno	21	Puno	-15.973611	-69.797778	22961
210103	Amantani	2101	Puno	21	Puno	-15.657222	-69.718333	3452
210104	Atuncolla	2101	Puno	21	Puno	-15.688333	-70.143889	4555
210105	Capachica	2101	Puno	21	Puno	-15.641667	-69.830833	7540
210106	Chucuito	2101	Puno	21	Puno	-15.894722	-69.889444	7019
210107	Coata	2101	Puno	21	Puno	-15.571389	-69.950556	6588
210108	Huata	2101	Puno	21	Puno	-15.615000	-69.971389	3155
210109	Mañazo	2101	Puno	21	Puno	-15.801111	-70.343333	5144
210110	Paucarcolla	2101	Puno	21	Puno	-15.745556	-70.056111	4224
210111	Pichacani	2101	Puno	21	Puno	-16.150000	-70.063333	5679
210112	Platería	2101	Puno	21	Puno	-15.948333	-69.833333	7121
210113	San Antonio	2101	Puno	21	Puno	-16.140556	-70.343889	2413
210114	Tiquillaca	2101	Puno	21	Puno	-15.796944	-70.186667	1594
210115	Vilque	2101	Puno	21	Puno	-15.766667	-70.258889	2761
210201	Azángaro	2102	Azángaro	21	Puno	-14.908056	-70.195556	30070
210202	Achaya	2102	Azángaro	21	Puno	-15.284722	-70.161111	2826
210203	Arapa	2102	Azángaro	21	Puno	-15.138889	-70.110000	7020
210204	Asillo	2102	Azángaro	21	Puno	-14.786389	-70.353611	14484
210205	Caminaca	2102	Azángaro	21	Puno	-15.324722	-70.072778	2931
210206	Chupa	2102	Azángaro	21	Puno	-15.105833	-69.987222	6475
210207	José Domingo Choquehuanca	2102	Azángaro	21	Puno	-15.033889	-70.338056	4462
210208	Muñani	2102	Azángaro	21	Puno	-14.770833	-69.955556	6445
210209	Potoni	2102	Azángaro	21	Puno	-14.390000	-70.105000	3939
210210	Samán	2102	Azángaro	21	Puno	-15.291944	-70.017222	9645
210211	San Antón	2102	Azángaro	21	Puno	-14.583889	-70.317222	7298
210212	San José	2102	Azángaro	21	Puno	-14.680278	-70.160000	4818
210213	San Juan de Salinas	2102	Azángaro	21	Puno	-14.991389	-70.106111	2841
210214	Santiago de Pupuja	2102	Azángaro	21	Puno	-15.052778	-70.278056	4407
210215	Tirapata	2102	Azángaro	21	Puno	-14.955000	-70.402778	2731
210301	Macusani	2103	Carabaya	21	Puno	-14.068611	-70.431111	12664
210302	Ajoyani	2103	Carabaya	21	Puno	-14.229444	-70.223611	2138
210303	Ayapata	2103	Carabaya	21	Puno	-13.776667	-70.322778	9299
210304	Coasa	2103	Carabaya	21	Puno	-13.989167	-70.015833	6433
210305	Corani	2103	Carabaya	21	Puno	-13.868611	-70.604444	4240
210306	Crucero	2103	Carabaya	21	Puno	-14.361667	-70.023611	9108
210307	Ituata	2103	Carabaya	21	Puno	-13.876389	-70.213889	7526
210308	Ollachea	2103	Carabaya	21	Puno	-13.793889	-70.472500	6090
210309	San Gaban	2103	Carabaya	21	Puno	-13.438333	-70.402778	6832
210310	Usicayos	2103	Carabaya	21	Puno	-14.125278	-69.967500	8992
210401	Juli	2104	Chucuito	21	Puno	-16.212778	-69.459444	19773
210402	Desaguadero	2104	Chucuito	21	Puno	-16.564444	-69.039444	13787
210403	Huacullani	2104	Chucuito	21	Puno	-16.630556	-69.321944	9237
210404	Kelluyo	2104	Chucuito	21	Puno	-16.726944	-69.250278	7346
210405	Pisacoma	2104	Chucuito	21	Puno	-16.908611	-69.371389	8223
210406	Pomata	2104	Chucuito	21	Puno	-16.273611	-69.292778	13707
210407	Zepita	2104	Chucuito	21	Puno	-16.496944	-69.103333	16929
210501	Ilave	2105	El Collao	21	Puno	-16.086944	-69.638056	46018
210502	Capazo	2105	El Collao	21	Puno	-17.183889	-69.744444	1130
210503	Pilcuyo	2105	El Collao	21	Puno	-16.110833	-69.554167	10672
210504	Santa Rosa	2105	El Collao	21	Puno	-16.742222	-69.716667	3529
210505	Conduriri	2105	El Collao	21	Puno	-16.621944	-69.708611	2529
210601	Huancané	2106	Huancané	21	Puno	-15.200833	-69.767778	18742
210602	Cojata	2106	Huancané	21	Puno	-15.015278	-69.365556	3764
210603	Huatasani	2106	Huancané	21	Puno	-15.059444	-69.801944	3083
210604	Inchupalla	2106	Huancané	21	Puno	-15.009722	-69.682778	2642
210605	Pusi	2106	Huancané	21	Puno	-15.441944	-69.929722	4937
210606	Rosaspata	2106	Huancané	21	Puno	-15.234722	-69.527500	4079
210607	Taraco	2106	Huancané	21	Puno	-15.297222	-69.978333	13193
210608	Vilque Chico	2106	Huancané	21	Puno	-15.213889	-69.689167	7211
210701	Lampa	2107	Lampa	21	Puno	-15.364722	-70.367778	11206
210702	Cabanilla	2107	Lampa	21	Puno	-15.620278	-70.345556	5352
210703	Calapuja	2107	Lampa	21	Puno	-15.310556	-70.221667	1585
210704	Nicasio	2107	Lampa	21	Puno	-15.235556	-70.261111	2360
210705	Ocuviri	2107	Lampa	21	Puno	-15.113889	-70.909167	2237
210706	Palca	2107	Lampa	21	Puno	-15.236944	-70.598056	1817
210707	Paratia	2107	Lampa	21	Puno	-15.454167	-70.599722	2732
210708	Pucará	2107	Lampa	21	Puno	-15.041667	-70.367778	5306
210709	Santa Lucía	2107	Lampa	21	Puno	-15.699444	-70.606389	7028
210710	Vilavila	2107	Lampa	21	Puno	-15.188333	-70.660000	1233
210801	Ayaviri	2108	Melgar	21	Puno	-14.881667	-70.589444	24452
210802	Antauta	2108	Melgar	21	Puno	-14.299722	-70.292222	5359
210803	Cupi	2108	Melgar	21	Puno	-14.905000	-70.866667	1986
210804	Llalli	2108	Melgar	21	Puno	-14.948056	-70.880556	2532
210805	Macari	2108	Melgar	21	Puno	-14.771667	-70.903333	6947
210806	Nuñoa	2108	Melgar	21	Puno	-14.476111	-70.636389	8450
210807	Orurillo	2108	Melgar	21	Puno	-14.727778	-70.512222	7651
210808	Santa Rosa	2108	Melgar	21	Puno	-14.607500	-70.787778	6197
210809	Umachiri	2108	Melgar	21	Puno	-14.853889	-70.753889	3564
210901	Moho	2109	Moho	21	Puno	-15.360278	-69.499722	11518
210902	Conima	2109	Moho	21	Puno	-15.457778	-69.437778	3151
210903	Huayrapata	2109	Moho	21	Puno	-15.321389	-69.341111	2613
210904	Tilali	2109	Moho	21	Puno	-15.515000	-69.348056	2471
211001	Putina	2110	San Antonio de Putina	21	Puno	-14.914167	-69.868889	14753
211002	Ananea	2110	San Antonio de Putina	21	Puno	-14.678611	-69.535000	12615
211003	Pedro Vilca Apaza	2110	San Antonio de Putina	21	Puno	-15.063611	-69.881667	1909
211004	Quilcapuncu	2110	San Antonio de Putina	21	Puno	-14.893611	-69.730278	5187
211005	Sina	2110	San Antonio de Putina	21	Puno	-14.496667	-69.280278	1649
211101	Juliaca	2111	San Román	21	Puno	-15.483889	-70.133333	228726
211102	Cabana	2111	San Román	21	Puno	-15.649167	-70.321944	4843
211103	Cabanillas	2111	San Román	21	Puno	-15.644444	-70.353889	4567
211104	Caracoto	2111	San Román	21	Puno	-15.567500	-70.102500	6818
211105	San Miguel	2111	San Román	21	Puno	-15.460278	-70.126944	62463
211201	Sandia	2112	Sandia	21	Puno	-14.322222	-69.466389	10266
211202	Cuyocuyo	2112	Sandia	21	Puno	-14.470278	-69.537222	5024
211203	Limbani	2112	Sandia	21	Puno	-14.149722	-69.690556	2970
211204	Patambuco	2112	Sandia	21	Puno	-14.361667	-69.619444	3863
211205	Phara	2112	Sandia	21	Puno	-14.151944	-69.665278	5091
211206	Quiaca	2112	Sandia	21	Puno	-14.422222	-69.345000	2131
211207	San Juan del Oro	2112	Sandia	21	Puno	-14.220833	-69.153611	3733
211208	Yanahuaya	2112	Sandia	21	Puno	-14.258611	-69.169444	1936
211209	Alto Inambari	2112	Sandia	21	Puno	-14.090000	-69.243333	6604
211210	San Pedro de Putina Punco	2112	Sandia	21	Puno	-14.112500	-69.047778	9124
211301	Yunguyo	2113	Yunguyo	21	Puno	-16.226667	-69.095556	24515
211302	Anapia	2113	Yunguyo	21	Puno	-16.313889	-68.852778	1782
211303	Copani	2113	Yunguyo	21	Puno	-16.400000	-69.040278	4655
211304	Cuturapi	2113	Yunguyo	21	Puno	-16.270556	-69.176944	1270
211305	Ollaraya	2113	Yunguyo	21	Puno	-16.219722	-68.991111	2711
211306	Tinicachi	2113	Yunguyo	21	Puno	-16.198611	-68.961667	949
211307	Unicachi	2113	Yunguyo	21	Puno	-16.223611	-68.981111	1057
220101	Moyobamba	2201	Moyobamba	22	San Martín	-6.034722	-76.974167	76325
220102	Calzada	2201	Moyobamba	22	San Martín	-6.030278	-77.066667	4609
220103	Habana	2201	Moyobamba	22	San Martín	-6.079722	-77.091389	1675
220104	Jepelacio	2201	Moyobamba	22	San Martín	-6.108056	-76.915278	15377
220105	Soritor	2201	Moyobamba	22	San Martín	-6.139444	-77.102500	21514
220106	Yantalo	2201	Moyobamba	22	San Martín	-5.974444	-77.020833	2865
220201	Bellavista	2202	Bellavista	22	San Martín	-7.052222	-76.589722	16894
220202	Alto Biavo	2202	Bellavista	22	San Martín	-7.255833	-76.476667	7639
220203	Bajo Biavo	2202	Bellavista	22	San Martín	-7.101667	-76.471944	13116
220204	Huallaga	2202	Bellavista	22	San Martín	-7.131111	-76.648611	2711
220205	San Pablo	2202	Bellavista	22	San Martín	-6.809722	-76.574722	8640
220206	San Rafael	2202	Bellavista	22	San Martín	-7.023056	-76.465833	6033
220301	San José de Sisa	2203	El Dorado	22	San Martín	-6.613889	-76.695278	14639
220302	Agua Blanca	2203	El Dorado	22	San Martín	-6.725278	-76.695278	2330
220303	San Martín	2203	El Dorado	22	San Martín	-6.514444	-76.740556	10447
220304	Santa Rosa	2203	El Dorado	22	San Martín	-6.746389	-76.623611	6332
220305	Shatoja	2203	El Dorado	22	San Martín	-6.528333	-76.720000	3004
220401	Saposoa	2204	Huallaga	22	San Martín	-6.936667	-76.772222	13422
220402	Alto Saposoa	2204	Huallaga	22	San Martín	-6.764722	-76.813611	4471
220403	El Eslabón	2204	Huallaga	22	San Martín	-7.021667	-76.723333	2106
220404	Piscoyacu	2204	Huallaga	22	San Martín	-6.981111	-76.769444	4268
220405	Sacanche	2204	Huallaga	22	San Martín	-7.070000	-76.713611	2450
220406	Tingo de Saposoa	2204	Huallaga	22	San Martín	-7.091944	-76.641389	789
220501	Lamas	2205	Lamas	22	San Martín	-6.423889	-76.523333	14497
220502	Alonso de Alvarado	2205	Lamas	22	San Martín	-6.355833	-76.775278	13462
220503	Barranquita	2205	Lamas	22	San Martín	-6.252222	-76.033333	6429
220504	Caynarachi	2205	Lamas	22	San Martín	-6.330833	-76.284167	9546
220505	Cuñumbuqui	2205	Lamas	22	San Martín	-6.510556	-76.481667	3301
220506	Pinto Recodo	2205	Lamas	22	San Martín	-6.379167	-76.604444	8086
220507	Rumisapa	2205	Lamas	22	San Martín	-6.448889	-76.471667	3456
220508	San Roque de Cumbaza	2205	Lamas	22	San Martín	-6.385556	-76.438611	1635
220509	Shanao	2205	Lamas	22	San Martín	-6.411667	-76.594167	1975
220510	Tabalosos	2205	Lamas	22	San Martín	-6.389444	-76.634167	13879
220511	Zapatero	2205	Lamas	22	San Martín	-6.529722	-76.494167	5255
220601	Juanjuí	2206	Mariscal Cáceres	22	San Martín	-7.176667	-76.723889	32444
220602	Campanilla	2206	Mariscal Cáceres	22	San Martín	-7.483056	-76.649722	12705
220603	Huicungo	2206	Mariscal Cáceres	22	San Martín	-7.316944	-76.777222	8385
220604	Pachiza	2206	Mariscal Cáceres	22	San Martín	-7.298056	-76.773333	5747
220605	Pajarillo	2206	Mariscal Cáceres	22	San Martín	-7.176667	-76.688611	5345
220701	Picota	2207	Picota	22	San Martín	-6.920000	-76.330278	10203
220702	Buenos Aires	2207	Picota	22	San Martín	-6.791667	-76.327778	2924
220703	Caspisapa	2207	Picota	22	San Martín	-6.956389	-76.418611	2126
220704	Pilluana	2207	Picota	22	San Martín	-6.776667	-76.291667	865
220705	Pucacaca	2207	Picota	22	San Martín	-6.848889	-76.341111	2971
220706	San Cristóbal	2207	Picota	22	San Martín	-6.991944	-76.417778	1192
220707	San Hilarion	2207	Picota	22	San Martín	-7.003889	-76.439444	3945
220708	Shamboyacu	2207	Picota	22	San Martín	-7.024167	-76.132778	8554
220709	Tingo de Ponasa	2207	Picota	22	San Martín	-6.936111	-76.253889	3876
220710	Tres Unidos	2207	Picota	22	San Martín	-6.805833	-76.232222	3889
220801	Rioja	2208	Rioja	22	San Martín	-6.062500	-77.168333	25521
220802	Awajun	2208	Rioja	22	San Martín	-5.816111	-77.382778	7479
220803	Elias Soplin Vargas	2208	Rioja	22	San Martín	-5.987222	-77.278056	17661
220804	Nueva Cajamarca	2208	Rioja	22	San Martín	-5.936111	-77.306944	43476
220805	Pardo Miguel	2208	Rioja	22	San Martín	-5.739444	-77.504444	16797
220806	Posic	2208	Rioja	22	San Martín	-6.013333	-77.161944	1919
220807	San Fernando	2208	Rioja	22	San Martín	-5.901944	-77.269444	3413
220808	Yorongos	2208	Rioja	22	San Martín	-6.138611	-77.144167	2446
220809	Yuracyacu	2208	Rioja	22	San Martín	-5.931111	-77.226389	3832
220901	Tarapoto	2209	San Martín	22	San Martín	-6.489444	-76.360278	76122
220902	Alberto Leveau	2209	San Martín	22	San Martín	-6.663056	-76.286667	841
220903	Cacatachi	2209	San Martín	22	San Martín	-6.461944	-76.451389	3604
220904	Chazuta	2209	San Martín	22	San Martín	-6.573611	-76.137778	9497
220905	Chipurana	2209	San Martín	22	San Martín	-6.354167	-75.741389	2249
220906	El Porvenir	2209	San Martín	22	San Martín	-6.211667	-75.800833	2399
220907	Huimbayoc	2209	San Martín	22	San Martín	-6.417778	-75.768056	4975
220908	Juan Guerra	2209	San Martín	22	San Martín	-6.584167	-76.330833	3907
220909	La Banda de Shilcayo	2209	San Martín	22	San Martín	-6.490000	-76.340556	43481
220910	Morales	2209	San Martín	22	San Martín	-6.479167	-76.383056	33067
220911	Papaplaya	2209	San Martín	22	San Martín	-6.245278	-75.790556	2073
220912	San Antonio	2209	San Martín	22	San Martín	-6.409444	-76.406667	1674
220913	Sauce	2209	San Martín	22	San Martín	-6.690556	-76.216667	7263
220914	Shapaja	2209	San Martín	22	San Martín	-6.579722	-76.261944	1943
221001	Tocache	2210	Tocache	22	San Martín	-8.188333	-76.509444	26166
221002	Nuevo Progreso	2210	Tocache	22	San Martín	-8.450556	-76.326389	11456
221003	Pólvora	2210	Tocache	22	San Martín	-7.907778	-76.667778	10308
221004	Shunte	2210	Tocache	22	San Martín	-8.351667	-76.729722	1315
221005	Uchiza	2210	Tocache	22	San Martín	-8.458333	-76.461667	20149
221006	Santa Lucía	2210	Tocache	22	San Martín	0.000000	0.000000	
230101	Tacna	2301	Tacna	23	Tacna	-18.001944	-70.251944	92972
230102	Alto de la Alianza	2301	Tacna	23	Tacna	-17.993056	-70.247778	34061
230103	Calana	2301	Tacna	23	Tacna	-17.943333	-70.188333	2979
230104	Ciudad Nueva	2301	Tacna	23	Tacna	-17.981944	-70.238056	31866
230105	Inclan	2301	Tacna	23	Tacna	-17.793889	-70.494722	2613
230106	Pachia	2301	Tacna	23	Tacna	-17.896389	-70.153889	2062
230107	Palca	2301	Tacna	23	Tacna	-17.778333	-69.959722	1980
230108	Pocollay	2301	Tacna	23	Tacna	-17.996667	-70.225833	18627
230109	Sama	2301	Tacna	23	Tacna	-17.862500	-70.560000	3227
230110	Coronel Gregorio Albarracin Lanchipa	2301	Tacna	23	Tacna	-18.043056	-70.251667	110417
230111	La Yarada los Palos	2301	Tacna	23	Tacna	-18.286111	-70.439167	5559
230201	Candarave	2302	Candarave	23	Tacna	-17.268056	-70.250278	2354
230202	Cairani	2302	Candarave	23	Tacna	-17.285278	-70.363611	988
230203	Camilaca	2302	Candarave	23	Tacna	-17.242500	-70.388056	1148
230204	Curibaya	2302	Candarave	23	Tacna	-17.381389	-70.334722	377
230205	Huanuara	2302	Candarave	23	Tacna	-17.313611	-70.322500	515
230206	Quilahuani	2302	Candarave	23	Tacna	-17.318333	-70.258611	720
230301	Locumba	2303	Jorge Basadre	23	Tacna	-17.613889	-70.762778	2256
230302	Ilabaya	2303	Jorge Basadre	23	Tacna	-17.418056	-70.513056	5695
230303	Ite	2303	Jorge Basadre	23	Tacna	-17.861667	-70.965833	2822
230401	Tarata	2304	Tarata	23	Tacna	-17.475000	-70.031944	3642
230402	Heroes Albarracin Chucatamani	2304	Tarata	23	Tacna	-17.480556	-70.123056	306
230403	Estique	2304	Tarata	23	Tacna	-17.541944	-70.018333	240
230404	Estique-Pampa	2304	Tarata	23	Tacna	-17.538611	-70.031389	162
230405	Sitajara	2304	Tarata	23	Tacna	-17.375278	-70.133889	350
230406	Susapaya	2304	Tarata	23	Tacna	-17.348056	-70.133611	518
230407	Tarucachi	2304	Tarata	23	Tacna	-17.525833	-70.031667	295
230408	Ticaco	2304	Tarata	23	Tacna	-17.447222	-70.046667	581
240101	Tumbes	2401	Tumbes	24	Tumbes	-3.571111	-80.459167	102306
240102	Corrales	2401	Tumbes	24	Tumbes	-3.601389	-80.480556	23337
240103	La Cruz	2401	Tumbes	24	Tumbes	-3.637222	-80.590000	9507
240104	Pampas de Hospital	2401	Tumbes	24	Tumbes	-3.693333	-80.439167	6728
240105	San Jacinto	2401	Tumbes	24	Tumbes	-3.640833	-80.445278	8512
240106	San Juan de La Virgen	2401	Tumbes	24	Tumbes	-3.627778	-80.433611	4572
240201	Zorritos	2402	Contralmirante Villar	24	Tumbes	-3.677500	-80.668056	12371
240202	Casitas	2402	Contralmirante Villar	24	Tumbes	-3.942222	-80.651111	2350
240203	Canoas de Punta Sal	2402	Contralmirante Villar	24	Tumbes	-3.950556	-80.940000	6336
240301	Zarumilla	2403	Zarumilla	24	Tumbes	-3.501111	-80.275556	21776
240302	Aguas Verdes	2403	Zarumilla	24	Tumbes	-3.481667	-80.245000	17366
240303	Matapalo	2403	Zarumilla	24	Tumbes	-3.682222	-80.199722	3428
240304	Papayal	2403	Zarumilla	24	Tumbes	-3.571389	-80.235000	6274
250101	Calleria	2501	Coronel Portillo	25	Ucayali	-8.368056	-74.543333	149999
250102	Campoverde	2501	Coronel Portillo	25	Ucayali	-8.471944	-74.805278	16059
250103	Iparia	2501	Coronel Portillo	25	Ucayali	-9.306111	-74.435556	10328
250104	Masisea	2501	Coronel Portillo	25	Ucayali	-8.604722	-74.306111	11147
250105	Yarinacocha	2501	Coronel Portillo	25	Ucayali	-8.355556	-74.575833	103941
250106	Nueva Requena	2501	Coronel Portillo	25	Ucayali	-8.320556	-74.851389	5169
250107	Manantay	2501	Coronel Portillo	25	Ucayali	-8.400278	-74.541389	87525
250201	Raymondi	2502	Atalaya	25	Ucayali	-10.729722	-73.755278	32430
250202	Sepahua	2502	Atalaya	25	Ucayali	-11.137222	-73.045556	6655
250203	Tahuania	2502	Atalaya	25	Ucayali	-10.030556	-73.956389	8264
250204	Yurua	2502	Atalaya	25	Ucayali	-9.531389	-72.760000	1975
250301	Padre Abad	2503	Padre Abad	25	Ucayali	-9.033611	-75.507500	29440
250302	Irazola	2503	Padre Abad	25	Ucayali	-8.828611	-75.213333	10214
250303	Curimaná	2503	Padre Abad	25	Ucayali	-8.433333	-75.147778	7722
250304	Neshuya	2503	Padre Abad	25	Ucayali	-8.640000	-74.964444	7594
250305	Alexander von Humboldt	2503	Padre Abad	25	Ucayali	-8.827500	-75.050833	5137
250306	Huipoca	2503	Padre Abad	25	Ucayali	0.000000	0.000000	
250307	Boqueron	2503	Padre Abad	25	Ucayali	0.000000	0.000000	
250401	Purús	2504	Purús	25	Ucayali	-9.772222	-70.709722	2860
